target,source,dataset,model,method,seed,ap,precision_at_5,recall_at_5
positional,real,adult,logreg,linshap,0,0.4524891774891775,0.4,0.4
positional,random,adult,logreg,linshap,0,0.525974025974026,0.4,0.4
positional,permuted,adult,logreg,linshap,0,0.3965367965367965,0.2,0.2
positional,constant,adult,logreg,linshap,0,0.35714285714285715,1.0,1.0
positional,oracle,adult,logreg,linshap,0,1.0,1.0,1.0
random,real,adult,logreg,linshap,0,0.3393073593073593,0.4,0.4
random,random,adult,logreg,linshap,0,0.36272727272727273,0.4,0.4
random,permuted,adult,logreg,linshap,0,0.37380952380952376,0.2,0.2
random,constant,adult,logreg,linshap,0,0.35714285714285715,0.6,0.6
random,oracle,adult,logreg,linshap,0,1.0,1.0,1.0
self_top5,real,adult,logreg,linshap,0,1.0,1.0,1.0
self_top5,random,adult,logreg,linshap,0,0.539047619047619,0.6,0.6
self_top5,permuted,adult,logreg,linshap,0,0.7642857142857142,0.6,0.6
self_top5,constant,adult,logreg,linshap,0,0.35714285714285715,0.4,0.4
self_top5,oracle,adult,logreg,linshap,0,1.0,1.0,1.0
loso_top5,real,adult,logreg,linshap,0,1.0,1.0,1.0
loso_top5,random,adult,logreg,linshap,0,0.539047619047619,0.6,0.6
loso_top5,permuted,adult,logreg,linshap,0,0.7642857142857142,0.6,0.6
loso_top5,constant,adult,logreg,linshap,0,0.35714285714285715,0.4,0.4
loso_top5,oracle,adult,logreg,linshap,0,1.0,1.0,1.0
positional,real,adult,logreg,linshap,1,0.4524891774891775,0.4,0.4
positional,random,adult,logreg,linshap,1,0.800909090909091,0.8,0.8
positional,permuted,adult,logreg,linshap,1,0.46571428571428575,0.4,0.4
positional,constant,adult,logreg,linshap,1,0.35714285714285715,1.0,1.0
positional,oracle,adult,logreg,linshap,1,1.0,1.0,1.0
random,real,adult,logreg,linshap,1,0.3393073593073593,0.4,0.4
random,random,adult,logreg,linshap,1,0.4922222222222221,0.6,0.6
random,permuted,adult,logreg,linshap,1,0.3607326007326007,0.2,0.2
random,constant,adult,logreg,linshap,1,0.35714285714285715,0.6,0.6
random,oracle,adult,logreg,linshap,1,1.0,1.0,1.0
self_top5,real,adult,logreg,linshap,1,1.0,1.0,1.0
self_top5,random,adult,logreg,linshap,1,0.44939393939393935,0.4,0.4
self_top5,permuted,adult,logreg,linshap,1,0.676060606060606,0.6,0.6
self_top5,constant,adult,logreg,linshap,1,0.35714285714285715,0.4,0.4
self_top5,oracle,adult,logreg,linshap,1,1.0,1.0,1.0
loso_top5,real,adult,logreg,linshap,1,1.0,1.0,1.0
loso_top5,random,adult,logreg,linshap,1,0.44939393939393935,0.4,0.4
loso_top5,permuted,adult,logreg,linshap,1,0.676060606060606,0.6,0.6
loso_top5,constant,adult,logreg,linshap,1,0.35714285714285715,0.4,0.4
loso_top5,oracle,adult,logreg,linshap,1,1.0,1.0,1.0
positional,real,adult,logreg,linshap,2,0.4524891774891775,0.4,0.4
positional,random,adult,logreg,linshap,2,0.3163003663003663,0.2,0.2
positional,permuted,adult,logreg,linshap,2,0.7644444444444445,0.6,0.6
positional,constant,adult,logreg,linshap,2,0.35714285714285715,1.0,1.0
positional,oracle,adult,logreg,linshap,2,1.0,1.0,1.0
random,real,adult,logreg,linshap,2,0.3393073593073593,0.4,0.4
random,random,adult,logreg,linshap,2,0.5111111111111111,0.4,0.4
random,permuted,adult,logreg,linshap,2,0.8083333333333333,0.6,0.6
random,constant,adult,logreg,linshap,2,0.35714285714285715,0.6,0.6
random,oracle,adult,logreg,linshap,2,1.0,1.0,1.0
self_top5,real,adult,logreg,linshap,2,1.0,1.0,1.0
self_top5,random,adult,logreg,linshap,2,0.46025641025641023,0.2,0.2
self_top5,permuted,adult,logreg,linshap,2,0.4555555555555555,0.4,0.4
self_top5,constant,adult,logreg,linshap,2,0.35714285714285715,0.4,0.4
self_top5,oracle,adult,logreg,linshap,2,1.0,1.0,1.0
loso_top5,real,adult,logreg,linshap,2,1.0,1.0,1.0
loso_top5,random,adult,logreg,linshap,2,0.46025641025641023,0.2,0.2
loso_top5,permuted,adult,logreg,linshap,2,0.4555555555555555,0.4,0.4
loso_top5,constant,adult,logreg,linshap,2,0.35714285714285715,0.4,0.4
loso_top5,oracle,adult,logreg,linshap,2,1.0,1.0,1.0
positional,real,adult,logreg,linshap,3,0.4524891774891775,0.4,0.4
positional,random,adult,logreg,linshap,3,0.6093939393939394,0.6,0.6
positional,permuted,adult,logreg,linshap,3,0.23933066933066932,0.0,0.0
positional,constant,adult,logreg,linshap,3,0.35714285714285715,1.0,1.0
positional,oracle,adult,logreg,linshap,3,1.0,1.0,1.0
random,real,adult,logreg,linshap,3,0.3393073593073593,0.4,0.4
random,random,adult,logreg,linshap,3,0.663131313131313,0.6,0.6
random,permuted,adult,logreg,linshap,3,0.3327272727272727,0.2,0.2
random,constant,adult,logreg,linshap,3,0.35714285714285715,0.6,0.6
random,oracle,adult,logreg,linshap,3,1.0,1.0,1.0
self_top5,real,adult,logreg,linshap,3,1.0,1.0,1.0
self_top5,random,adult,logreg,linshap,3,0.37415584415584413,0.4,0.4
self_top5,permuted,adult,logreg,linshap,3,0.3602564102564102,0.2,0.2
self_top5,constant,adult,logreg,linshap,3,0.35714285714285715,0.4,0.4
self_top5,oracle,adult,logreg,linshap,3,1.0,1.0,1.0
loso_top5,real,adult,logreg,linshap,3,1.0,1.0,1.0
loso_top5,random,adult,logreg,linshap,3,0.37415584415584413,0.4,0.4
loso_top5,permuted,adult,logreg,linshap,3,0.3602564102564102,0.2,0.2
loso_top5,constant,adult,logreg,linshap,3,0.35714285714285715,0.4,0.4
loso_top5,oracle,adult,logreg,linshap,3,1.0,1.0,1.0
positional,real,adult,logreg,linshap,4,0.4524891774891775,0.4,0.4
positional,random,adult,logreg,linshap,4,0.28195693195693194,0.2,0.2
positional,permuted,adult,logreg,linshap,4,0.432967032967033,0.4,0.4
positional,constant,adult,logreg,linshap,4,0.35714285714285715,1.0,1.0
positional,oracle,adult,logreg,linshap,4,1.0,1.0,1.0
random,real,adult,logreg,linshap,4,0.3393073593073593,0.4,0.4
random,random,adult,logreg,linshap,4,0.4529670329670329,0.6,0.6
random,permuted,adult,logreg,linshap,4,0.5714285714285714,0.4,0.4
random,constant,adult,logreg,linshap,4,0.35714285714285715,0.6,0.6
random,oracle,adult,logreg,linshap,4,1.0,1.0,1.0
self_top5,real,adult,logreg,linshap,4,1.0,1.0,1.0
self_top5,random,adult,logreg,linshap,4,0.4022222222222222,0.4,0.4
self_top5,permuted,adult,logreg,linshap,4,0.7933333333333332,0.8,0.8
self_top5,constant,adult,logreg,linshap,4,0.35714285714285715,0.4,0.4
self_top5,oracle,adult,logreg,linshap,4,1.0,1.0,1.0
loso_top5,real,adult,logreg,linshap,4,1.0,1.0,1.0
loso_top5,random,adult,logreg,linshap,4,0.4022222222222222,0.4,0.4
loso_top5,permuted,adult,logreg,linshap,4,0.7933333333333332,0.8,0.8
loso_top5,constant,adult,logreg,linshap,4,0.35714285714285715,0.4,0.4
loso_top5,oracle,adult,logreg,linshap,4,1.0,1.0,1.0
positional,real,adult,logreg,lime,0,0.532967032967033,0.4,0.4
positional,random,adult,logreg,lime,0,0.3275757575757575,0.2,0.2
positional,permuted,adult,logreg,lime,0,0.4380952380952381,0.4,0.4
positional,constant,adult,logreg,lime,0,0.35714285714285715,1.0,1.0
positional,oracle,adult,logreg,lime,0,1.0,1.0,1.0
random,real,adult,logreg,lime,0,0.6366666666666667,0.6,0.6
random,random,adult,logreg,lime,0,0.361060606060606,0.4,0.4
random,permuted,adult,logreg,lime,0,0.3933333333333333,0.4,0.4
random,constant,adult,logreg,lime,0,0.35714285714285715,0.6,0.6
random,oracle,adult,logreg,lime,0,1.0,1.0,1.0
self_top5,real,adult,logreg,lime,0,1.0,1.0,1.0
self_top5,random,adult,logreg,lime,0,0.800909090909091,0.8,0.8
self_top5,permuted,adult,logreg,lime,0,0.3485897435897436,0.2,0.2
self_top5,constant,adult,logreg,lime,0,0.35714285714285715,0.4,0.4
self_top5,oracle,adult,logreg,lime,0,1.0,1.0,1.0
loso_top5,real,adult,logreg,lime,0,1.0,1.0,1.0
loso_top5,random,adult,logreg,lime,0,0.800909090909091,0.8,0.8
loso_top5,permuted,adult,logreg,lime,0,0.3485897435897436,0.2,0.2
loso_top5,constant,adult,logreg,lime,0,0.35714285714285715,0.4,0.4
loso_top5,oracle,adult,logreg,lime,0,1.0,1.0,1.0
positional,real,adult,logreg,lime,1,0.5186813186813186,0.4,0.4
positional,random,adult,logreg,lime,1,0.39904761904761904,0.4,0.4
positional,permuted,adult,logreg,lime,1,0.5119408369408369,0.2,0.2
positional,constant,adult,logreg,lime,1,0.35714285714285715,1.0,1.0
positional,oracle,adult,logreg,lime,1,1.0,1.0,1.0
random,real,adult,logreg,lime,1,0.6176190476190475,0.6,0.6
random,random,adult,logreg,lime,1,0.35987012987012984,0.4,0.4
random,permuted,adult,logreg,lime,1,0.557936507936508,0.4,0.4
random,constant,adult,logreg,lime,1,0.35714285714285715,0.6,0.6
random,oracle,adult,logreg,lime,1,1.0,1.0,1.0
self_top5,real,adult,logreg,lime,1,1.0,1.0,1.0
self_top5,random,adult,logreg,lime,1,0.3653479853479853,0.4,0.4
self_top5,permuted,adult,logreg,lime,1,0.4552380952380953,0.2,0.2
self_top5,constant,adult,logreg,lime,1,0.35714285714285715,0.4,0.4
self_top5,oracle,adult,logreg,lime,1,1.0,1.0,1.0
loso_top5,real,adult,logreg,lime,1,1.0,1.0,1.0
loso_top5,random,adult,logreg,lime,1,0.3653479853479853,0.4,0.4
loso_top5,permuted,adult,logreg,lime,1,0.4552380952380953,0.2,0.2
loso_top5,constant,adult,logreg,lime,1,0.35714285714285715,0.4,0.4
loso_top5,oracle,adult,logreg,lime,1,1.0,1.0,1.0
positional,real,adult,logreg,lime,2,0.532967032967033,0.4,0.4
positional,random,adult,logreg,lime,2,0.37082251082251083,0.4,0.4
positional,permuted,adult,logreg,lime,2,0.6310606060606061,0.4,0.4
positional,constant,adult,logreg,lime,2,0.35714285714285715,1.0,1.0
positional,oracle,adult,logreg,lime,2,1.0,1.0,1.0
random,real,adult,logreg,lime,2,0.6533333333333333,0.6,0.6
random,random,adult,logreg,lime,2,0.2819336219336219,0.0,0.0
random,permuted,adult,logreg,lime,2,0.4272222222222223,0.4,0.4
random,constant,adult,logreg,lime,2,0.35714285714285715,0.6,0.6
random,oracle,adult,logreg,lime,2,1.0,1.0,1.0
self_top5,real,adult,logreg,lime,2,1.0,1.0,1.0
self_top5,random,adult,logreg,lime,2,0.4374114774114774,0.2,0.2
self_top5,permuted,adult,logreg,lime,2,0.43714285714285717,0.4,0.4
self_top5,constant,adult,logreg,lime,2,0.35714285714285715,0.4,0.4
self_top5,oracle,adult,logreg,lime,2,1.0,1.0,1.0
loso_top5,real,adult,logreg,lime,2,1.0,1.0,1.0
loso_top5,random,adult,logreg,lime,2,0.4374114774114774,0.2,0.2
loso_top5,permuted,adult,logreg,lime,2,0.43714285714285717,0.4,0.4
loso_top5,constant,adult,logreg,lime,2,0.35714285714285715,0.4,0.4
loso_top5,oracle,adult,logreg,lime,2,1.0,1.0,1.0
positional,real,adult,logreg,lime,3,0.532967032967033,0.4,0.4
positional,random,adult,logreg,lime,3,0.42272727272727273,0.4,0.4
positional,permuted,adult,logreg,lime,3,0.4066233766233766,0.4,0.4
positional,constant,adult,logreg,lime,3,0.35714285714285715,1.0,1.0
positional,oracle,adult,logreg,lime,3,1.0,1.0,1.0
random,real,adult,logreg,lime,3,0.6366666666666667,0.6,0.6
random,random,adult,logreg,lime,3,0.81,0.8,0.8
random,permuted,adult,logreg,lime,3,0.44904761904761903,0.4,0.4
random,constant,adult,logreg,lime,3,0.35714285714285715,0.6,0.6
random,oracle,adult,logreg,lime,3,1.0,1.0,1.0
self_top5,real,adult,logreg,lime,3,1.0,1.0,1.0
self_top5,random,adult,logreg,lime,3,0.911111111111111,0.8,0.8
self_top5,permuted,adult,logreg,lime,3,0.42930402930402933,0.2,0.2
self_top5,constant,adult,logreg,lime,3,0.35714285714285715,0.4,0.4
self_top5,oracle,adult,logreg,lime,3,1.0,1.0,1.0
loso_top5,real,adult,logreg,lime,3,1.0,1.0,1.0
loso_top5,random,adult,logreg,lime,3,0.911111111111111,0.8,0.8
loso_top5,permuted,adult,logreg,lime,3,0.42930402930402933,0.2,0.2
loso_top5,constant,adult,logreg,lime,3,0.35714285714285715,0.4,0.4
loso_top5,oracle,adult,logreg,lime,3,1.0,1.0,1.0
positional,real,adult,logreg,lime,4,0.49868131868131865,0.4,0.4
positional,random,adult,logreg,lime,4,0.3881313131313131,0.2,0.2
positional,permuted,adult,logreg,lime,4,0.8333333333333333,0.6,0.6
positional,constant,adult,logreg,lime,4,0.35714285714285715,1.0,1.0
positional,oracle,adult,logreg,lime,4,1.0,1.0,1.0
random,real,adult,logreg,lime,4,0.5776190476190477,0.4,0.4
random,random,adult,logreg,lime,4,0.6775757575757575,0.6,0.6
random,permuted,adult,logreg,lime,4,0.81,0.8,0.8
random,constant,adult,logreg,lime,4,0.35714285714285715,0.6,0.6
random,oracle,adult,logreg,lime,4,1.0,1.0,1.0
self_top5,real,adult,logreg,lime,4,1.0,1.0,1.0
self_top5,random,adult,logreg,lime,4,0.40476190476190477,0.4,0.4
self_top5,permuted,adult,logreg,lime,4,0.3326406926406926,0.2,0.2
self_top5,constant,adult,logreg,lime,4,0.35714285714285715,0.4,0.4
self_top5,oracle,adult,logreg,lime,4,1.0,1.0,1.0
loso_top5,real,adult,logreg,lime,4,0.9266666666666665,0.8,0.8
loso_top5,random,adult,logreg,lime,4,0.38476190476190475,0.4,0.4
loso_top5,permuted,adult,logreg,lime,4,0.39809523809523806,0.4,0.4
loso_top5,constant,adult,logreg,lime,4,0.35714285714285715,0.4,0.4
loso_top5,oracle,adult,logreg,lime,4,1.0,1.0,1.0
positional,real,adult,rf,treeshap,0,0.4093040293040293,0.4,0.4
positional,random,adult,rf,treeshap,0,0.5863003663003663,0.6,0.6
positional,permuted,adult,rf,treeshap,0,0.31796536796536795,0.2,0.2
positional,constant,adult,rf,treeshap,0,0.35714285714285715,1.0,1.0
positional,oracle,adult,rf,treeshap,0,1.0,1.0,1.0
random,real,adult,rf,treeshap,0,0.495970695970696,0.4,0.4
random,random,adult,rf,treeshap,0,0.36751248751248755,0.4,0.4
random,permuted,adult,rf,treeshap,0,0.4634920634920635,0.4,0.4
random,constant,adult,rf,treeshap,0,0.35714285714285715,0.6,0.6
random,oracle,adult,rf,treeshap,0,1.0,1.0,1.0
self_top5,real,adult,rf,treeshap,0,1.0,1.0,1.0
self_top5,random,adult,rf,treeshap,0,0.44860028860028855,0.2,0.2
self_top5,permuted,adult,rf,treeshap,0,0.46510989010989007,0.2,0.2
self_top5,constant,adult,rf,treeshap,0,0.35714285714285715,0.4,0.4
self_top5,oracle,adult,rf,treeshap,0,1.0,1.0,1.0
loso_top5,real,adult,rf,treeshap,0,1.0,1.0,1.0
loso_top5,random,adult,rf,treeshap,0,0.44860028860028855,0.2,0.2
loso_top5,permuted,adult,rf,treeshap,0,0.46510989010989007,0.2,0.2
loso_top5,constant,adult,rf,treeshap,0,0.35714285714285715,0.4,0.4
loso_top5,oracle,adult,rf,treeshap,0,1.0,1.0,1.0
positional,real,adult,rf,treeshap,1,0.42358974358974355,0.4,0.4
positional,random,adult,rf,treeshap,1,0.7435897435897436,0.6,0.6
positional,permuted,adult,rf,treeshap,1,0.5769230769230769,0.6,0.6
positional,constant,adult,rf,treeshap,1,0.35714285714285715,1.0,1.0
positional,oracle,adult,rf,treeshap,1,1.0,1.0,1.0
random,real,adult,rf,treeshap,1,0.49914529914529915,0.4,0.4
random,random,adult,rf,treeshap,1,0.5560606060606061,0.4,0.4
random,permuted,adult,rf,treeshap,1,0.5315262515262515,0.4,0.4
random,constant,adult,rf,treeshap,1,0.35714285714285715,0.6,0.6
random,oracle,adult,rf,treeshap,1,1.0,1.0,1.0
self_top5,real,adult,rf,treeshap,1,1.0,1.0,1.0
self_top5,random,adult,rf,treeshap,1,0.32813519813519815,0.4,0.4
self_top5,permuted,adult,rf,treeshap,1,0.3902564102564102,0.2,0.2
self_top5,constant,adult,rf,treeshap,1,0.35714285714285715,0.4,0.4
self_top5,oracle,adult,rf,treeshap,1,1.0,1.0,1.0
loso_top5,real,adult,rf,treeshap,1,1.0,1.0,1.0
loso_top5,random,adult,rf,treeshap,1,0.32813519813519815,0.4,0.4
loso_top5,permuted,adult,rf,treeshap,1,0.3902564102564102,0.2,0.2
loso_top5,constant,adult,rf,treeshap,1,0.35714285714285715,0.4,0.4
loso_top5,oracle,adult,rf,treeshap,1,1.0,1.0,1.0
positional,real,adult,rf,treeshap,2,0.42358974358974355,0.4,0.4
positional,random,adult,rf,treeshap,2,0.4619047619047619,0.2,0.2
positional,permuted,adult,rf,treeshap,2,0.3007326007326008,0.2,0.2
positional,constant,adult,rf,treeshap,2,0.35714285714285715,1.0,1.0
positional,oracle,adult,rf,treeshap,2,1.0,1.0,1.0
random,real,adult,rf,treeshap,2,0.5102564102564102,0.4,0.4
random,random,adult,rf,treeshap,2,0.29978354978354976,0.2,0.2
random,permuted,adult,rf,treeshap,2,0.3280952380952381,0.4,0.4
random,constant,adult,rf,treeshap,2,0.35714285714285715,0.6,0.6
random,oracle,adult,rf,treeshap,2,1.0,1.0,1.0
self_top5,real,adult,rf,treeshap,2,1.0,1.0,1.0
self_top5,random,adult,rf,treeshap,2,0.4841558441558442,0.4,0.4
self_top5,permuted,adult,rf,treeshap,2,0.3912698412698412,0.2,0.2
self_top5,constant,adult,rf,treeshap,2,0.35714285714285715,0.4,0.4
self_top5,oracle,adult,rf,treeshap,2,1.0,1.0,1.0
loso_top5,real,adult,rf,treeshap,2,1.0,1.0,1.0
loso_top5,random,adult,rf,treeshap,2,0.4841558441558442,0.4,0.4
loso_top5,permuted,adult,rf,treeshap,2,0.3912698412698412,0.2,0.2
loso_top5,constant,adult,rf,treeshap,2,0.35714285714285715,0.4,0.4
loso_top5,oracle,adult,rf,treeshap,2,1.0,1.0,1.0
positional,real,adult,rf,treeshap,3,0.3902564102564102,0.4,0.4
positional,random,adult,rf,treeshap,3,0.5632034632034633,0.4,0.4
positional,permuted,adult,rf,treeshap,3,0.4965367965367965,0.2,0.2
positional,constant,adult,rf,treeshap,3,0.35714285714285715,1.0,1.0
positional,oracle,adult,rf,treeshap,3,1.0,1.0,1.0
random,real,adult,rf,treeshap,3,0.49914529914529915,0.4,0.4
random,random,adult,rf,treeshap,3,0.5099567099567099,0.4,0.4
random,permuted,adult,rf,treeshap,3,0.31690476190476186,0.0,0.0
random,constant,adult,rf,treeshap,3,0.35714285714285715,0.6,0.6
random,oracle,adult,rf,treeshap,3,1.0,1.0,1.0
self_top5,real,adult,rf,treeshap,3,1.0,1.0,1.0
self_top5,random,adult,rf,treeshap,3,0.27751248751248747,0.2,0.2
self_top5,permuted,adult,rf,treeshap,3,0.4980952380952381,0.4,0.4
self_top5,constant,adult,rf,treeshap,3,0.35714285714285715,0.4,0.4
self_top5,oracle,adult,rf,treeshap,3,1.0,1.0,1.0
loso_top5,real,adult,rf,treeshap,3,1.0,1.0,1.0
loso_top5,random,adult,rf,treeshap,3,0.27751248751248747,0.2,0.2
loso_top5,permuted,adult,rf,treeshap,3,0.4980952380952381,0.4,0.4
loso_top5,constant,adult,rf,treeshap,3,0.35714285714285715,0.4,0.4
loso_top5,oracle,adult,rf,treeshap,3,1.0,1.0,1.0
positional,real,adult,rf,treeshap,4,0.42358974358974355,0.4,0.4
positional,random,adult,rf,treeshap,4,0.58995670995671,0.4,0.4
positional,permuted,adult,rf,treeshap,4,0.33246031746031746,0.2,0.2
positional,constant,adult,rf,treeshap,4,0.35714285714285715,1.0,1.0
positional,oracle,adult,rf,treeshap,4,1.0,1.0,1.0
random,real,adult,rf,treeshap,4,0.5102564102564102,0.4,0.4
random,random,adult,rf,treeshap,4,0.8333333333333333,0.6,0.6
random,permuted,adult,rf,treeshap,4,0.38357142857142856,0.2,0.2
random,constant,adult,rf,treeshap,4,0.35714285714285715,0.6,0.6
random,oracle,adult,rf,treeshap,4,1.0,1.0,1.0
self_top5,real,adult,rf,treeshap,4,1.0,1.0,1.0
self_top5,random,adult,rf,treeshap,4,0.38415584415584414,0.4,0.4
self_top5,permuted,adult,rf,treeshap,4,0.558095238095238,0.6,0.6
self_top5,constant,adult,rf,treeshap,4,0.35714285714285715,0.4,0.4
self_top5,oracle,adult,rf,treeshap,4,1.0,1.0,1.0
loso_top5,real,adult,rf,treeshap,4,1.0,1.0,1.0
loso_top5,random,adult,rf,treeshap,4,0.38415584415584414,0.4,0.4
loso_top5,permuted,adult,rf,treeshap,4,0.558095238095238,0.6,0.6
loso_top5,constant,adult,rf,treeshap,4,0.35714285714285715,0.4,0.4
loso_top5,oracle,adult,rf,treeshap,4,1.0,1.0,1.0
positional,real,adult,rf,lime,0,0.48357142857142854,0.2,0.2
positional,random,adult,rf,lime,0,0.43055555555555547,0.4,0.4
positional,permuted,adult,rf,lime,0,0.7560606060606061,0.6,0.6
positional,constant,adult,rf,lime,0,0.35714285714285715,1.0,1.0
positional,oracle,adult,rf,lime,0,1.0,1.0,1.0
random,real,adult,rf,lime,0,0.6944444444444444,0.6,0.6
random,random,adult,rf,lime,0,0.4374891774891775,0.4,0.4
random,permuted,adult,rf,lime,0,0.37748917748917743,0.2,0.2
random,constant,adult,rf,lime,0,0.35714285714285715,0.4,0.4
random,oracle,adult,rf,lime,0,1.0,1.0,1.0
self_top5,real,adult,rf,lime,0,1.0,1.0,1.0
self_top5,random,adult,rf,lime,0,0.47510822510822504,0.4,0.4
self_top5,permuted,adult,rf,lime,0,0.34527417027417023,0.0,0.0
self_top5,constant,adult,rf,lime,0,0.35714285714285715,0.2,0.2
self_top5,oracle,adult,rf,lime,0,1.0,1.0,1.0
loso_top5,real,adult,rf,lime,0,1.0,1.0,1.0
loso_top5,random,adult,rf,lime,0,0.47510822510822504,0.4,0.4
loso_top5,permuted,adult,rf,lime,0,0.34527417027417023,0.0,0.0
loso_top5,constant,adult,rf,lime,0,0.35714285714285715,0.2,0.2
loso_top5,oracle,adult,rf,lime,0,1.0,1.0,1.0
positional,real,adult,rf,lime,1,0.4930952380952381,0.2,0.2
positional,random,adult,rf,lime,1,0.3871428571428571,0.4,0.4
positional,permuted,adult,rf,lime,1,0.28266622266622266,0.0,0.0
positional,constant,adult,rf,lime,1,0.35714285714285715,1.0,1.0
positional,oracle,adult,rf,lime,1,1.0,1.0,1.0
random,real,adult,rf,lime,1,0.7944444444444445,0.6,0.6
random,random,adult,rf,lime,1,0.4851948051948052,0.4,0.4
random,permuted,adult,rf,lime,1,0.646031746031746,0.4,0.4
random,constant,adult,rf,lime,1,0.35714285714285715,0.4,0.4
random,oracle,adult,rf,lime,1,1.0,1.0,1.0
self_top5,real,adult,rf,lime,1,1.0,1.0,1.0
self_top5,random,adult,rf,lime,1,0.4027272727272727,0.4,0.4
self_top5,permuted,adult,rf,lime,1,0.7892857142857141,0.6,0.6
self_top5,constant,adult,rf,lime,1,0.35714285714285715,0.2,0.2
self_top5,oracle,adult,rf,lime,1,1.0,1.0,1.0
loso_top5,real,adult,rf,lime,1,1.0,1.0,1.0
loso_top5,random,adult,rf,lime,1,0.4027272727272727,0.4,0.4
loso_top5,permuted,adult,rf,lime,1,0.7892857142857141,0.6,0.6
loso_top5,constant,adult,rf,lime,1,0.35714285714285715,0.2,0.2
loso_top5,oracle,adult,rf,lime,1,1.0,1.0,1.0
positional,real,adult,rf,lime,2,0.48357142857142854,0.2,0.2
positional,random,adult,rf,lime,2,0.3063003663003663,0.2,0.2
positional,permuted,adult,rf,lime,2,0.5259090909090909,0.4,0.4
positional,constant,adult,rf,lime,2,0.35714285714285715,1.0,1.0
positional,oracle,adult,rf,lime,2,1.0,1.0,1.0
random,real,adult,rf,lime,2,0.7753968253968253,0.6,0.6
random,random,adult,rf,lime,2,0.4180952380952381,0.4,0.4
random,permuted,adult,rf,lime,2,0.3466666666666666,0.2,0.2
random,constant,adult,rf,lime,2,0.35714285714285715,0.4,0.4
random,oracle,adult,rf,lime,2,1.0,1.0,1.0
self_top5,real,adult,rf,lime,2,1.0,1.0,1.0
self_top5,random,adult,rf,lime,2,0.7075757575757575,0.6,0.6
self_top5,permuted,adult,rf,lime,2,0.32047619047619047,0.0,0.0
self_top5,constant,adult,rf,lime,2,0.35714285714285715,0.2,0.2
self_top5,oracle,adult,rf,lime,2,1.0,1.0,1.0
loso_top5,real,adult,rf,lime,2,1.0,1.0,1.0
loso_top5,random,adult,rf,lime,2,0.7075757575757575,0.6,0.6
loso_top5,permuted,adult,rf,lime,2,0.32047619047619047,0.0,0.0
loso_top5,constant,adult,rf,lime,2,0.35714285714285715,0.2,0.2
loso_top5,oracle,adult,rf,lime,2,1.0,1.0,1.0
positional,real,adult,rf,lime,3,0.47023809523809523,0.2,0.2
positional,random,adult,rf,lime,3,0.37963369963369964,0.4,0.4
positional,permuted,adult,rf,lime,3,0.37082251082251083,0.4,0.4
positional,constant,adult,rf,lime,3,0.35714285714285715,1.0,1.0
positional,oracle,adult,rf,lime,3,1.0,1.0,1.0
random,real,adult,rf,lime,3,0.7753968253968253,0.6,0.6
random,random,adult,rf,lime,3,0.3096320346320346,0.0,0.0
random,permuted,adult,rf,lime,3,0.44965034965034967,0.4,0.4
random,constant,adult,rf,lime,3,0.35714285714285715,0.4,0.4
random,oracle,adult,rf,lime,3,1.0,1.0,1.0
self_top5,real,adult,rf,lime,3,1.0,1.0,1.0
self_top5,random,adult,rf,lime,3,0.7392857142857143,0.4,0.4
self_top5,permuted,adult,rf,lime,3,0.5445421245421245,0.6,0.6
self_top5,constant,adult,rf,lime,3,0.35714285714285715,0.2,0.2
self_top5,oracle,adult,rf,lime,3,1.0,1.0,1.0
loso_top5,real,adult,rf,lime,3,1.0,1.0,1.0
loso_top5,random,adult,rf,lime,3,0.7392857142857143,0.4,0.4
loso_top5,permuted,adult,rf,lime,3,0.5445421245421245,0.6,0.6
loso_top5,constant,adult,rf,lime,3,0.35714285714285715,0.2,0.2
loso_top5,oracle,adult,rf,lime,3,1.0,1.0,1.0
positional,real,adult,rf,lime,4,0.4965367965367965,0.2,0.2
positional,random,adult,rf,lime,4,0.5208119658119659,0.4,0.4
positional,permuted,adult,rf,lime,4,0.37965034965034966,0.4,0.4
positional,constant,adult,rf,lime,4,0.35714285714285715,1.0,1.0
positional,oracle,adult,rf,lime,4,1.0,1.0,1.0
random,real,adult,rf,lime,4,0.8333333333333333,0.6,0.6
random,random,adult,rf,lime,4,0.5380952380952382,0.4,0.4
random,permuted,adult,rf,lime,4,0.6441558441558441,0.4,0.4
random,constant,adult,rf,lime,4,0.35714285714285715,0.4,0.4
random,oracle,adult,rf,lime,4,1.0,1.0,1.0
self_top5,real,adult,rf,lime,4,1.0,1.0,1.0
self_top5,random,adult,rf,lime,4,0.3538095238095238,0.2,0.2
self_top5,permuted,adult,rf,lime,4,0.5047619047619047,0.4,0.4
self_top5,constant,adult,rf,lime,4,0.35714285714285715,0.2,0.2
self_top5,oracle,adult,rf,lime,4,1.0,1.0,1.0
loso_top5,real,adult,rf,lime,4,1.0,1.0,1.0
loso_top5,random,adult,rf,lime,4,0.3538095238095238,0.2,0.2
loso_top5,permuted,adult,rf,lime,4,0.5047619047619047,0.4,0.4
loso_top5,constant,adult,rf,lime,4,0.35714285714285715,0.2,0.2
loso_top5,oracle,adult,rf,lime,4,1.0,1.0,1.0
positional,real,adult,hgb,treeshap,0,0.5944444444444444,0.6,0.6
positional,random,adult,hgb,treeshap,0,0.3347619047619047,0.2,0.2
positional,permuted,adult,hgb,treeshap,0,0.3543650793650793,0.2,0.2
positional,constant,adult,hgb,treeshap,0,0.35714285714285715,1.0,1.0
positional,oracle,adult,hgb,treeshap,0,1.0,1.0,1.0
random,real,adult,hgb,treeshap,0,0.5432900432900433,0.2,0.2
random,random,adult,hgb,treeshap,0,0.7202564102564102,0.8,0.8
random,permuted,adult,hgb,treeshap,0,0.7014285714285713,0.6,0.6
random,constant,adult,hgb,treeshap,0,0.35714285714285715,0.2,0.2
random,oracle,adult,hgb,treeshap,0,1.0,1.0,1.0
self_top5,real,adult,hgb,treeshap,0,1.0,1.0,1.0
self_top5,random,adult,hgb,treeshap,0,0.3496336996336996,0.2,0.2
self_top5,permuted,adult,hgb,treeshap,0,0.4634920634920635,0.2,0.2
self_top5,constant,adult,hgb,treeshap,0,0.35714285714285715,0.6,0.6
self_top5,oracle,adult,hgb,treeshap,0,1.0,1.0,1.0
loso_top5,real,adult,hgb,treeshap,0,0.9666666666666666,0.8,0.8
loso_top5,random,adult,hgb,treeshap,0,0.44963369963369965,0.2,0.2
loso_top5,permuted,adult,hgb,treeshap,0,0.421031746031746,0.2,0.2
loso_top5,constant,adult,hgb,treeshap,0,0.35714285714285715,0.6,0.6
loso_top5,oracle,adult,hgb,treeshap,0,1.0,1.0,1.0
positional,real,adult,hgb,treeshap,1,0.5944444444444444,0.6,0.6
positional,random,adult,hgb,treeshap,1,0.532967032967033,0.4,0.4
positional,permuted,adult,hgb,treeshap,1,0.6542424242424243,0.6,0.6
positional,constant,adult,hgb,treeshap,1,0.35714285714285715,1.0,1.0
positional,oracle,adult,hgb,treeshap,1,1.0,1.0,1.0
random,real,adult,hgb,treeshap,1,0.5657142857142857,0.4,0.4
random,random,adult,hgb,treeshap,1,0.3866233766233766,0.4,0.4
random,permuted,adult,hgb,treeshap,1,0.6803174603174603,0.6,0.6
random,constant,adult,hgb,treeshap,1,0.35714285714285715,0.2,0.2
random,oracle,adult,hgb,treeshap,1,1.0,1.0,1.0
self_top5,real,adult,hgb,treeshap,1,1.0,1.0,1.0
self_top5,random,adult,hgb,treeshap,1,0.4965367965367965,0.2,0.2
self_top5,permuted,adult,hgb,treeshap,1,0.5347619047619047,0.6,0.6
self_top5,constant,adult,hgb,treeshap,1,0.35714285714285715,0.6,0.6
self_top5,oracle,adult,hgb,treeshap,1,1.0,1.0,1.0
loso_top5,real,adult,hgb,treeshap,1,0.9666666666666666,0.8,0.8
loso_top5,random,adult,hgb,treeshap,1,0.6857142857142857,0.4,0.4
loso_top5,permuted,adult,hgb,treeshap,1,0.39309523809523805,0.4,0.4
loso_top5,constant,adult,hgb,treeshap,1,0.35714285714285715,0.6,0.6
loso_top5,oracle,adult,hgb,treeshap,1,1.0,1.0,1.0
positional,real,adult,hgb,treeshap,2,0.5833333333333333,0.6,0.6
positional,random,adult,hgb,treeshap,2,0.4762987012987013,0.2,0.2
positional,permuted,adult,hgb,treeshap,2,0.8253968253968254,0.6,0.6
positional,constant,adult,hgb,treeshap,2,0.35714285714285715,1.0,1.0
positional,oracle,adult,hgb,treeshap,2,1.0,1.0,1.0
random,real,adult,hgb,treeshap,2,0.5366233766233766,0.4,0.4
random,random,adult,hgb,treeshap,2,0.27813519813519816,0.2,0.2
random,permuted,adult,hgb,treeshap,2,0.4714285714285714,0.4,0.4
random,constant,adult,hgb,treeshap,2,0.35714285714285715,0.2,0.2
random,oracle,adult,hgb,treeshap,2,1.0,1.0,1.0
self_top5,real,adult,hgb,treeshap,2,1.0,1.0,1.0
self_top5,random,adult,hgb,treeshap,2,0.5171428571428571,0.4,0.4
self_top5,permuted,adult,hgb,treeshap,2,0.3793650793650793,0.2,0.2
self_top5,constant,adult,hgb,treeshap,2,0.35714285714285715,0.6,0.6
self_top5,oracle,adult,hgb,treeshap,2,1.0,1.0,1.0
loso_top5,real,adult,hgb,treeshap,2,0.9666666666666666,0.8,0.8
loso_top5,random,adult,hgb,treeshap,2,0.5704761904761904,0.4,0.4
loso_top5,permuted,adult,hgb,treeshap,2,0.3419047619047619,0.2,0.2
loso_top5,constant,adult,hgb,treeshap,2,0.35714285714285715,0.6,0.6
loso_top5,oracle,adult,hgb,treeshap,2,1.0,1.0,1.0
positional,real,adult,hgb,treeshap,3,0.5944444444444444,0.6,0.6
positional,random,adult,hgb,treeshap,3,0.3663170163170163,0.2,0.2
positional,permuted,adult,hgb,treeshap,3,0.4666666666666667,0.4,0.4
positional,constant,adult,hgb,treeshap,3,0.35714285714285715,1.0,1.0
positional,oracle,adult,hgb,treeshap,3,1.0,1.0,1.0
random,real,adult,hgb,treeshap,3,0.5412698412698412,0.2,0.2
random,random,adult,hgb,treeshap,3,0.2831168831168831,0.0,0.0
random,permuted,adult,hgb,treeshap,3,0.3005050505050505,0.2,0.2
random,constant,adult,hgb,treeshap,3,0.35714285714285715,0.2,0.2
random,oracle,adult,hgb,treeshap,3,1.0,1.0,1.0
self_top5,real,adult,hgb,treeshap,3,1.0,1.0,1.0
self_top5,random,adult,hgb,treeshap,3,0.6353174603174603,0.4,0.4
self_top5,permuted,adult,hgb,treeshap,3,0.6944444444444444,0.6,0.6
self_top5,constant,adult,hgb,treeshap,3,0.35714285714285715,0.6,0.6
self_top5,oracle,adult,hgb,treeshap,3,1.0,1.0,1.0
loso_top5,real,adult,hgb,treeshap,3,1.0,1.0,1.0
loso_top5,random,adult,hgb,treeshap,3,0.6353174603174603,0.4,0.4
loso_top5,permuted,adult,hgb,treeshap,3,0.6944444444444444,0.6,0.6
loso_top5,constant,adult,hgb,treeshap,3,0.35714285714285715,0.6,0.6
loso_top5,oracle,adult,hgb,treeshap,3,1.0,1.0,1.0
positional,real,adult,hgb,treeshap,4,0.5722222222222222,0.6,0.6
positional,random,adult,hgb,treeshap,4,0.5909090909090908,0.4,0.4
positional,permuted,adult,hgb,treeshap,4,0.43692307692307686,0.4,0.4
positional,constant,adult,hgb,treeshap,4,0.35714285714285715,1.0,1.0
positional,oracle,adult,hgb,treeshap,4,1.0,1.0,1.0
random,real,adult,hgb,treeshap,4,0.5321789321789321,0.2,0.2
random,random,adult,hgb,treeshap,4,0.3335897435897436,0.4,0.4
random,permuted,adult,hgb,treeshap,4,0.4321789321789321,0.4,0.4
random,constant,adult,hgb,treeshap,4,0.35714285714285715,0.2,0.2
random,oracle,adult,hgb,treeshap,4,1.0,1.0,1.0
self_top5,real,adult,hgb,treeshap,4,1.0,1.0,1.0
self_top5,random,adult,hgb,treeshap,4,0.5514285714285714,0.4,0.4
self_top5,permuted,adult,hgb,treeshap,4,0.7133333333333334,0.6,0.6
self_top5,constant,adult,hgb,treeshap,4,0.35714285714285715,0.6,0.6
self_top5,oracle,adult,hgb,treeshap,4,1.0,1.0,1.0
loso_top5,real,adult,hgb,treeshap,4,0.9666666666666666,0.8,0.8
loso_top5,random,adult,hgb,treeshap,4,0.5800000000000001,0.4,0.4
loso_top5,permuted,adult,hgb,treeshap,4,0.416060606060606,0.4,0.4
loso_top5,constant,adult,hgb,treeshap,4,0.35714285714285715,0.6,0.6
loso_top5,oracle,adult,hgb,treeshap,4,1.0,1.0,1.0
positional,real,adult,hgb,lime,0,0.5315262515262515,0.4,0.4
positional,random,adult,hgb,lime,0,0.3271428571428572,0.2,0.2
positional,permuted,adult,hgb,lime,0,0.36480186480186483,0.4,0.4
positional,constant,adult,hgb,lime,0,0.35714285714285715,1.0,1.0
positional,oracle,adult,hgb,lime,0,1.0,1.0,1.0
random,real,adult,hgb,lime,0,0.6247619047619046,0.6,0.6
random,random,adult,hgb,lime,0,0.4208119658119659,0.4,0.4
random,permuted,adult,hgb,lime,0,0.4374891774891775,0.4,0.4
random,constant,adult,hgb,lime,0,0.35714285714285715,0.4,0.4
random,oracle,adult,hgb,lime,0,1.0,1.0,1.0
self_top5,real,adult,hgb,lime,0,1.0,1.0,1.0
self_top5,random,adult,hgb,lime,0,0.32963369963369965,0.4,0.4
self_top5,permuted,adult,hgb,lime,0,0.32748917748917744,0.2,0.2
self_top5,constant,adult,hgb,lime,0,0.35714285714285715,0.4,0.4
self_top5,oracle,adult,hgb,lime,0,1.0,1.0,1.0
loso_top5,real,adult,hgb,lime,0,0.9666666666666666,0.8,0.8
loso_top5,random,adult,hgb,lime,0,0.39963369963369966,0.4,0.4
loso_top5,permuted,adult,hgb,lime,0,0.3608225108225108,0.2,0.2
loso_top5,constant,adult,hgb,lime,0,0.35714285714285715,0.2,0.2
loso_top5,oracle,adult,hgb,lime,0,1.0,1.0,1.0
positional,real,adult,hgb,lime,1,0.4965367965367965,0.2,0.2
positional,random,adult,hgb,lime,1,0.3257326007326007,0.2,0.2
positional,permuted,adult,hgb,lime,1,0.6496503496503496,0.4,0.4
positional,constant,adult,hgb,lime,1,0.35714285714285715,1.0,1.0
positional,oracle,adult,hgb,lime,1,1.0,1.0,1.0
random,real,adult,hgb,lime,1,0.6635897435897435,0.6,0.6
random,random,adult,hgb,lime,1,0.6383333333333334,0.4,0.4
random,permuted,adult,hgb,lime,1,0.3821789321789321,0.2,0.2
random,constant,adult,hgb,lime,1,0.35714285714285715,0.4,0.4
random,oracle,adult,hgb,lime,1,1.0,1.0,1.0
self_top5,real,adult,hgb,lime,1,1.0,1.0,1.0
self_top5,random,adult,hgb,lime,1,0.7560606060606061,0.6,0.6
self_top5,permuted,adult,hgb,lime,1,0.37860750360750356,0.2,0.2
self_top5,constant,adult,hgb,lime,1,0.35714285714285715,0.2,0.2
self_top5,oracle,adult,hgb,lime,1,1.0,1.0,1.0
loso_top5,real,adult,hgb,lime,1,1.0,1.0,1.0
loso_top5,random,adult,hgb,lime,1,0.7560606060606061,0.6,0.6
loso_top5,permuted,adult,hgb,lime,1,0.37860750360750356,0.2,0.2
loso_top5,constant,adult,hgb,lime,1,0.35714285714285715,0.2,0.2
loso_top5,oracle,adult,hgb,lime,1,1.0,1.0,1.0
positional,real,adult,hgb,lime,2,0.4991558441558442,0.4,0.4
positional,random,adult,hgb,lime,2,0.7277777777777779,0.6,0.6
positional,permuted,adult,hgb,lime,2,0.4714285714285714,0.4,0.4
positional,constant,adult,hgb,lime,2,0.35714285714285715,1.0,1.0
positional,oracle,adult,hgb,lime,2,1.0,1.0,1.0
random,real,adult,hgb,lime,2,0.6302564102564103,0.6,0.6
random,random,adult,hgb,lime,2,0.7912087912087913,0.6,0.6
random,permuted,adult,hgb,lime,2,0.48031746031746025,0.6,0.6
random,constant,adult,hgb,lime,2,0.35714285714285715,0.4,0.4
random,oracle,adult,hgb,lime,2,1.0,1.0,1.0
self_top5,real,adult,hgb,lime,2,1.0,1.0,1.0
self_top5,random,adult,hgb,lime,2,0.650952380952381,0.6,0.6
self_top5,permuted,adult,hgb,lime,2,0.331956931956932,0.2,0.2
self_top5,constant,adult,hgb,lime,2,0.35714285714285715,0.4,0.4
self_top5,oracle,adult,hgb,lime,2,1.0,1.0,1.0
loso_top5,real,adult,hgb,lime,2,0.9666666666666666,0.8,0.8
loso_top5,random,adult,hgb,lime,2,0.7176190476190476,0.6,0.6
loso_top5,permuted,adult,hgb,lime,2,0.41631701631701634,0.4,0.4
loso_top5,constant,adult,hgb,lime,2,0.35714285714285715,0.2,0.2
loso_top5,oracle,adult,hgb,lime,2,1.0,1.0,1.0
positional,real,adult,hgb,lime,3,0.4847619047619047,0.2,0.2
positional,random,adult,hgb,lime,3,0.4575757575757575,0.4,0.4
positional,permuted,adult,hgb,lime,3,0.5353174603174604,0.4,0.4
positional,constant,adult,hgb,lime,3,0.35714285714285715,1.0,1.0
positional,oracle,adult,hgb,lime,3,1.0,1.0,1.0
random,real,adult,hgb,lime,3,0.6635897435897435,0.6,0.6
random,random,adult,hgb,lime,3,0.8261904761904761,0.6,0.6
random,permuted,adult,hgb,lime,3,0.6442424242424243,0.6,0.6
random,constant,adult,hgb,lime,3,0.35714285714285715,0.4,0.4
random,oracle,adult,hgb,lime,3,1.0,1.0,1.0
self_top5,real,adult,hgb,lime,3,1.0,1.0,1.0
self_top5,random,adult,hgb,lime,3,0.5186813186813186,0.4,0.4
self_top5,permuted,adult,hgb,lime,3,0.6866666666666665,0.6,0.6
self_top5,constant,adult,hgb,lime,3,0.35714285714285715,0.2,0.2
self_top5,oracle,adult,hgb,lime,3,1.0,1.0,1.0
loso_top5,real,adult,hgb,lime,3,1.0,1.0,1.0
loso_top5,random,adult,hgb,lime,3,0.5186813186813186,0.4,0.4
loso_top5,permuted,adult,hgb,lime,3,0.6866666666666665,0.6,0.6
loso_top5,constant,adult,hgb,lime,3,0.35714285714285715,0.2,0.2
loso_top5,oracle,adult,hgb,lime,3,1.0,1.0,1.0
positional,real,adult,hgb,lime,4,0.5038095238095237,0.2,0.2
positional,random,adult,hgb,lime,4,0.5797979797979798,0.4,0.4
positional,permuted,adult,hgb,lime,4,0.37976190476190474,0.4,0.4
positional,constant,adult,hgb,lime,4,0.35714285714285715,1.0,1.0
positional,oracle,adult,hgb,lime,4,1.0,1.0,1.0
random,real,adult,hgb,lime,4,0.6745421245421246,0.6,0.6
random,random,adult,hgb,lime,4,0.30924630924630925,0.2,0.2
random,permuted,adult,hgb,lime,4,0.48525641025641025,0.2,0.2
random,constant,adult,hgb,lime,4,0.35714285714285715,0.4,0.4
random,oracle,adult,hgb,lime,4,1.0,1.0,1.0
self_top5,real,adult,hgb,lime,4,1.0,1.0,1.0
self_top5,random,adult,hgb,lime,4,0.46869796869796865,0.4,0.4
self_top5,permuted,adult,hgb,lime,4,0.5246031746031745,0.2,0.2
self_top5,constant,adult,hgb,lime,4,0.35714285714285715,0.2,0.2
self_top5,oracle,adult,hgb,lime,4,1.0,1.0,1.0
loso_top5,real,adult,hgb,lime,4,0.9028571428571428,0.8,0.8
loso_top5,random,adult,hgb,lime,4,0.49884559884559876,0.4,0.4
loso_top5,permuted,adult,hgb,lime,4,0.5043650793650793,0.2,0.2
loso_top5,constant,adult,hgb,lime,4,0.35714285714285715,0.4,0.4
loso_top5,oracle,adult,hgb,lime,4,1.0,1.0,1.0
positional,real,adult,mlp,ig,0,0.45201465201465196,0.4,0.4
positional,random,adult,mlp,ig,0,0.31999999999999995,0.2,0.2
positional,permuted,adult,mlp,ig,0,0.2763003663003663,0.0,0.0
positional,constant,adult,mlp,ig,0,0.35714285714285715,1.0,1.0
positional,oracle,adult,mlp,ig,0,1.0,1.0,1.0
random,real,adult,mlp,ig,0,0.4388888888888889,0.4,0.4
random,random,adult,mlp,ig,0,0.6935897435897436,0.6,0.6
random,permuted,adult,mlp,ig,0,0.42329004329004327,0.4,0.4
random,constant,adult,mlp,ig,0,0.35714285714285715,0.2,0.2
random,oracle,adult,mlp,ig,0,1.0,1.0,1.0
self_top5,real,adult,mlp,ig,0,1.0,1.0,1.0
self_top5,random,adult,mlp,ig,0,0.3232034632034632,0.2,0.2
self_top5,permuted,adult,mlp,ig,0,0.6602564102564104,0.6,0.6
self_top5,constant,adult,mlp,ig,0,0.35714285714285715,0.4,0.4
self_top5,oracle,adult,mlp,ig,0,1.0,1.0,1.0
loso_top5,real,adult,mlp,ig,0,1.0,1.0,1.0
loso_top5,random,adult,mlp,ig,0,0.3232034632034632,0.2,0.2
loso_top5,permuted,adult,mlp,ig,0,0.6602564102564104,0.6,0.6
loso_top5,constant,adult,mlp,ig,0,0.35714285714285715,0.4,0.4
loso_top5,oracle,adult,mlp,ig,0,1.0,1.0,1.0
positional,real,adult,mlp,ig,1,0.45201465201465196,0.4,0.4
positional,random,adult,mlp,ig,1,0.6880952380952381,0.6,0.6
positional,permuted,adult,mlp,ig,1,0.3307326007326007,0.2,0.2
positional,constant,adult,mlp,ig,1,0.35714285714285715,1.0,1.0
positional,oracle,adult,mlp,ig,1,1.0,1.0,1.0
random,real,adult,mlp,ig,1,0.45979797979797976,0.4,0.4
random,random,adult,mlp,ig,1,0.277988677988678,0.0,0.0
random,permuted,adult,mlp,ig,1,0.7392857142857143,0.4,0.4
random,constant,adult,mlp,ig,1,0.35714285714285715,0.2,0.2
random,oracle,adult,mlp,ig,1,1.0,1.0,1.0
self_top5,real,adult,mlp,ig,1,1.0,1.0,1.0
self_top5,random,adult,mlp,ig,1,0.3871428571428571,0.4,0.4
self_top5,permuted,adult,mlp,ig,1,0.2833333333333333,0.0,0.0
self_top5,constant,adult,mlp,ig,1,0.35714285714285715,0.4,0.4
self_top5,oracle,adult,mlp,ig,1,1.0,1.0,1.0
loso_top5,real,adult,mlp,ig,1,1.0,1.0,1.0
loso_top5,random,adult,mlp,ig,1,0.3871428571428571,0.4,0.4
loso_top5,permuted,adult,mlp,ig,1,0.2833333333333333,0.0,0.0
loso_top5,constant,adult,mlp,ig,1,0.35714285714285715,0.4,0.4
loso_top5,oracle,adult,mlp,ig,1,1.0,1.0,1.0
positional,real,adult,mlp,ig,2,0.4663003663003663,0.4,0.4
positional,random,adult,mlp,ig,2,0.37963369963369964,0.4,0.4
positional,permuted,adult,mlp,ig,2,0.3048018648018648,0.2,0.2
positional,constant,adult,mlp,ig,2,0.35714285714285715,1.0,1.0
positional,oracle,adult,mlp,ig,2,1.0,1.0,1.0
random,real,adult,mlp,ig,2,0.42460317460317454,0.4,0.4
random,random,adult,mlp,ig,2,0.5051948051948052,0.4,0.4
random,permuted,adult,mlp,ig,2,0.495970695970696,0.4,0.4
random,constant,adult,mlp,ig,2,0.35714285714285715,0.2,0.2
random,oracle,adult,mlp,ig,2,1.0,1.0,1.0
self_top5,real,adult,mlp,ig,2,1.0,1.0,1.0
self_top5,random,adult,mlp,ig,2,0.6880952380952381,0.6,0.6
self_top5,permuted,adult,mlp,ig,2,0.42358974358974355,0.4,0.4
self_top5,constant,adult,mlp,ig,2,0.35714285714285715,0.4,0.4
self_top5,oracle,adult,mlp,ig,2,1.0,1.0,1.0
loso_top5,real,adult,mlp,ig,2,1.0,1.0,1.0
loso_top5,random,adult,mlp,ig,2,0.6880952380952381,0.6,0.6
loso_top5,permuted,adult,mlp,ig,2,0.42358974358974355,0.4,0.4
loso_top5,constant,adult,mlp,ig,2,0.35714285714285715,0.4,0.4
loso_top5,oracle,adult,mlp,ig,2,1.0,1.0,1.0
positional,real,adult,mlp,ig,3,0.3853479853479853,0.4,0.4
positional,random,adult,mlp,ig,3,0.4375757575757575,0.4,0.4
positional,permuted,adult,mlp,ig,3,0.4501098901098901,0.2,0.2
positional,constant,adult,mlp,ig,3,0.35714285714285715,1.0,1.0
positional,oracle,adult,mlp,ig,3,1.0,1.0,1.0
random,real,adult,mlp,ig,3,0.41888888888888887,0.4,0.4
random,random,adult,mlp,ig,3,0.4353174603174603,0.4,0.4
random,permuted,adult,mlp,ig,3,0.4241558441558442,0.4,0.4
random,constant,adult,mlp,ig,3,0.35714285714285715,0.2,0.2
random,oracle,adult,mlp,ig,3,1.0,1.0,1.0
self_top5,real,adult,mlp,ig,3,1.0,1.0,1.0
self_top5,random,adult,mlp,ig,3,0.3955122655122655,0.4,0.4
self_top5,permuted,adult,mlp,ig,3,0.26565656565656565,0.0,0.0
self_top5,constant,adult,mlp,ig,3,0.35714285714285715,0.4,0.4
self_top5,oracle,adult,mlp,ig,3,1.0,1.0,1.0
loso_top5,real,adult,mlp,ig,3,1.0,1.0,1.0
loso_top5,random,adult,mlp,ig,3,0.3955122655122655,0.4,0.4
loso_top5,permuted,adult,mlp,ig,3,0.26565656565656565,0.0,0.0
loso_top5,constant,adult,mlp,ig,3,0.35714285714285715,0.4,0.4
loso_top5,oracle,adult,mlp,ig,3,1.0,1.0,1.0
positional,real,adult,mlp,ig,4,0.4663003663003663,0.4,0.4
positional,random,adult,mlp,ig,4,0.33246031746031746,0.2,0.2
positional,permuted,adult,mlp,ig,4,0.4434920634920635,0.4,0.4
positional,constant,adult,mlp,ig,4,0.35714285714285715,1.0,1.0
positional,oracle,adult,mlp,ig,4,1.0,1.0,1.0
random,real,adult,mlp,ig,4,0.4084415584415584,0.4,0.4
random,random,adult,mlp,ig,4,0.5759706959706961,0.4,0.4
random,permuted,adult,mlp,ig,4,0.3486002886002886,0.2,0.2
random,constant,adult,mlp,ig,4,0.35714285714285715,0.2,0.2
random,oracle,adult,mlp,ig,4,1.0,1.0,1.0
self_top5,real,adult,mlp,ig,4,1.0,1.0,1.0
self_top5,random,adult,mlp,ig,4,0.4632034632034632,0.4,0.4
self_top5,permuted,adult,mlp,ig,4,0.5027272727272727,0.4,0.4
self_top5,constant,adult,mlp,ig,4,0.35714285714285715,0.4,0.4
self_top5,oracle,adult,mlp,ig,4,1.0,1.0,1.0
loso_top5,real,adult,mlp,ig,4,1.0,1.0,1.0
loso_top5,random,adult,mlp,ig,4,0.4632034632034632,0.4,0.4
loso_top5,permuted,adult,mlp,ig,4,0.5027272727272727,0.4,0.4
loso_top5,constant,adult,mlp,ig,4,0.35714285714285715,0.4,0.4
loso_top5,oracle,adult,mlp,ig,4,1.0,1.0,1.0
positional,real,adult,mlp,lime,0,0.46129870129870126,0.2,0.2
positional,random,adult,mlp,lime,0,0.2947619047619048,0.2,0.2
positional,permuted,adult,mlp,lime,0,0.3271717171717171,0.2,0.2
positional,constant,adult,mlp,lime,0,0.35714285714285715,1.0,1.0
positional,oracle,adult,mlp,lime,0,1.0,1.0,1.0
random,real,adult,mlp,lime,0,0.3638888888888889,0.2,0.2
random,random,adult,mlp,lime,0,0.6709090909090909,0.4,0.4
random,permuted,adult,mlp,lime,0,0.5302564102564102,0.6,0.6
random,constant,adult,mlp,lime,0,0.35714285714285715,0.0,0.0
random,oracle,adult,mlp,lime,0,1.0,1.0,1.0
self_top5,real,adult,mlp,lime,0,1.0,1.0,1.0
self_top5,random,adult,mlp,lime,0,0.5186813186813186,0.4,0.4
self_top5,permuted,adult,mlp,lime,0,0.5126984126984127,0.2,0.2
self_top5,constant,adult,mlp,lime,0,0.35714285714285715,0.2,0.2
self_top5,oracle,adult,mlp,lime,0,1.0,1.0,1.0
loso_top5,real,adult,mlp,lime,0,1.0,1.0,1.0
loso_top5,random,adult,mlp,lime,0,0.5186813186813186,0.4,0.4
loso_top5,permuted,adult,mlp,lime,0,0.5126984126984127,0.2,0.2
loso_top5,constant,adult,mlp,lime,0,0.35714285714285715,0.2,0.2
loso_top5,oracle,adult,mlp,lime,0,1.0,1.0,1.0
positional,real,adult,mlp,lime,1,0.4552380952380953,0.2,0.2
positional,random,adult,mlp,lime,1,0.5374891774891775,0.4,0.4
positional,permuted,adult,mlp,lime,1,0.3133333333333333,0.0,0.0
positional,constant,adult,mlp,lime,1,0.35714285714285715,1.0,1.0
positional,oracle,adult,mlp,lime,1,1.0,1.0,1.0
random,real,adult,mlp,lime,1,0.3614646464646465,0.2,0.2
random,random,adult,mlp,lime,1,0.4272222222222223,0.4,0.4
random,permuted,adult,mlp,lime,1,0.6696503496503496,0.6,0.6
random,constant,adult,mlp,lime,1,0.35714285714285715,0.0,0.0
random,oracle,adult,mlp,lime,1,1.0,1.0,1.0
self_top5,real,adult,mlp,lime,1,1.0,1.0,1.0
self_top5,random,adult,mlp,lime,1,0.6302564102564103,0.6,0.6
self_top5,permuted,adult,mlp,lime,1,0.512063492063492,0.6,0.6
self_top5,constant,adult,mlp,lime,1,0.35714285714285715,0.2,0.2
self_top5,oracle,adult,mlp,lime,1,1.0,1.0,1.0
loso_top5,real,adult,mlp,lime,1,1.0,1.0,1.0
loso_top5,random,adult,mlp,lime,1,0.6302564102564103,0.6,0.6
loso_top5,permuted,adult,mlp,lime,1,0.512063492063492,0.6,0.6
loso_top5,constant,adult,mlp,lime,1,0.35714285714285715,0.2,0.2
loso_top5,oracle,adult,mlp,lime,1,1.0,1.0,1.0
positional,real,adult,mlp,lime,2,0.4797619047619048,0.2,0.2
positional,random,adult,mlp,lime,2,0.3163003663003663,0.2,0.2
positional,permuted,adult,mlp,lime,2,0.7,0.6,0.6
positional,constant,adult,mlp,lime,2,0.35714285714285715,1.0,1.0
positional,oracle,adult,mlp,lime,2,1.0,1.0,1.0
random,real,adult,mlp,lime,2,0.3447186147186147,0.2,0.2
random,random,adult,mlp,lime,2,0.3161471861471861,0.0,0.0
random,permuted,adult,mlp,lime,2,0.2886002886002886,0.2,0.2
random,constant,adult,mlp,lime,2,0.35714285714285715,0.0,0.0
random,oracle,adult,mlp,lime,2,1.0,1.0,1.0
self_top5,real,adult,mlp,lime,2,1.0,1.0,1.0
self_top5,random,adult,mlp,lime,2,0.7214285714285713,0.6,0.6
self_top5,permuted,adult,mlp,lime,2,0.3646214896214896,0.2,0.2
self_top5,constant,adult,mlp,lime,2,0.35714285714285715,0.2,0.2
self_top5,oracle,adult,mlp,lime,2,1.0,1.0,1.0
loso_top5,real,adult,mlp,lime,2,1.0,1.0,1.0
loso_top5,random,adult,mlp,lime,2,0.7214285714285713,0.6,0.6
loso_top5,permuted,adult,mlp,lime,2,0.3646214896214896,0.2,0.2
loso_top5,constant,adult,mlp,lime,2,0.35714285714285715,0.2,0.2
loso_top5,oracle,adult,mlp,lime,2,1.0,1.0,1.0
positional,real,adult,mlp,lime,3,0.4708225108225108,0.2,0.2
positional,random,adult,mlp,lime,3,0.7388888888888889,0.6,0.6
positional,permuted,adult,mlp,lime,3,0.6108225108225108,0.4,0.4
positional,constant,adult,mlp,lime,3,0.35714285714285715,1.0,1.0
positional,oracle,adult,mlp,lime,3,1.0,1.0,1.0
random,real,adult,mlp,lime,3,0.3443650793650793,0.2,0.2
random,random,adult,mlp,lime,3,0.32820346320346316,0.2,0.2
random,permuted,adult,mlp,lime,3,0.4276190476190476,0.4,0.4
random,constant,adult,mlp,lime,3,0.35714285714285715,0.0,0.0
random,oracle,adult,mlp,lime,3,1.0,1.0,1.0
self_top5,real,adult,mlp,lime,3,1.0,1.0,1.0
self_top5,random,adult,mlp,lime,3,0.2941791541791542,0.2,0.2
self_top5,permuted,adult,mlp,lime,3,0.30480186480186483,0.2,0.2
self_top5,constant,adult,mlp,lime,3,0.35714285714285715,0.2,0.2
self_top5,oracle,adult,mlp,lime,3,1.0,1.0,1.0
loso_top5,real,adult,mlp,lime,3,1.0,1.0,1.0
loso_top5,random,adult,mlp,lime,3,0.2941791541791542,0.2,0.2
loso_top5,permuted,adult,mlp,lime,3,0.30480186480186483,0.2,0.2
loso_top5,constant,adult,mlp,lime,3,0.35714285714285715,0.2,0.2
loso_top5,oracle,adult,mlp,lime,3,1.0,1.0,1.0
positional,real,adult,mlp,lime,4,0.44253968253968257,0.2,0.2
positional,random,adult,mlp,lime,4,0.4974891774891774,0.6,0.6
positional,permuted,adult,mlp,lime,4,0.7333333333333334,0.6,0.6
positional,constant,adult,mlp,lime,4,0.35714285714285715,1.0,1.0
positional,oracle,adult,mlp,lime,4,1.0,1.0,1.0
random,real,adult,mlp,lime,4,0.38329004329004324,0.2,0.2
random,random,adult,mlp,lime,4,0.6253968253968254,0.4,0.4
random,permuted,adult,mlp,lime,4,0.35748917748917747,0.4,0.4
random,constant,adult,mlp,lime,4,0.35714285714285715,0.0,0.0
random,oracle,adult,mlp,lime,4,1.0,1.0,1.0
self_top5,real,adult,mlp,lime,4,1.0,1.0,1.0
self_top5,random,adult,mlp,lime,4,0.34025641025641024,0.2,0.2
self_top5,permuted,adult,mlp,lime,4,0.4501098901098901,0.2,0.2
self_top5,constant,adult,mlp,lime,4,0.35714285714285715,0.2,0.2
self_top5,oracle,adult,mlp,lime,4,1.0,1.0,1.0
loso_top5,real,adult,mlp,lime,4,1.0,1.0,1.0
loso_top5,random,adult,mlp,lime,4,0.34025641025641024,0.2,0.2
loso_top5,permuted,adult,mlp,lime,4,0.4501098901098901,0.2,0.2
loso_top5,constant,adult,mlp,lime,4,0.35714285714285715,0.2,0.2
loso_top5,oracle,adult,mlp,lime,4,1.0,1.0,1.0
positional,real,adult,mlp,kshap,0,0.4863003663003662,0.6,0.6
positional,random,adult,mlp,kshap,0,0.45415584415584415,0.2,0.2
positional,permuted,adult,mlp,kshap,0,0.37082251082251083,0.4,0.4
positional,constant,adult,mlp,kshap,0,0.35714285714285715,1.0,1.0
positional,oracle,adult,mlp,kshap,0,1.0,1.0,1.0
random,real,adult,mlp,kshap,0,0.5560606060606061,0.4,0.4
random,random,adult,mlp,kshap,0,0.8211111111111111,0.8,0.8
random,permuted,adult,mlp,kshap,0,0.4893939393939394,0.2,0.2
random,constant,adult,mlp,kshap,0,0.35714285714285715,0.2,0.2
random,oracle,adult,mlp,kshap,0,1.0,1.0,1.0
self_top5,real,adult,mlp,kshap,0,1.0,1.0,1.0
self_top5,random,adult,mlp,kshap,0,0.48,0.2,0.2
self_top5,permuted,adult,mlp,kshap,0,0.3207614607614607,0.2,0.2
self_top5,constant,adult,mlp,kshap,0,0.35714285714285715,0.6,0.6
self_top5,oracle,adult,mlp,kshap,0,1.0,1.0,1.0
loso_top5,real,adult,mlp,kshap,0,0.9666666666666666,0.8,0.8
loso_top5,random,adult,mlp,kshap,0,0.48714285714285716,0.2,0.2
loso_top5,permuted,adult,mlp,kshap,0,0.35409479409479405,0.2,0.2
loso_top5,constant,adult,mlp,kshap,0,0.35714285714285715,0.4,0.4
loso_top5,oracle,adult,mlp,kshap,0,1.0,1.0,1.0
positional,real,adult,mlp,kshap,1,0.41296703296703297,0.4,0.4
positional,random,adult,mlp,kshap,1,0.25486291486291485,0.0,0.0
positional,permuted,adult,mlp,kshap,1,0.5342857142857143,0.6,0.6
positional,constant,adult,mlp,kshap,1,0.35714285714285715,1.0,1.0
positional,oracle,adult,mlp,kshap,1,1.0,1.0,1.0
random,real,adult,mlp,kshap,1,0.4960606060606061,0.4,0.4
random,random,adult,mlp,kshap,1,0.3653479853479853,0.4,0.4
random,permuted,adult,mlp,kshap,1,0.36630036630036633,0.2,0.2
random,constant,adult,mlp,kshap,1,0.35714285714285715,0.2,0.2
random,oracle,adult,mlp,kshap,1,1.0,1.0,1.0
self_top5,real,adult,mlp,kshap,1,1.0,1.0,1.0
self_top5,random,adult,mlp,kshap,1,0.4596336996336996,0.2,0.2
self_top5,permuted,adult,mlp,kshap,1,0.7222222222222221,0.6,0.6
self_top5,constant,adult,mlp,kshap,1,0.35714285714285715,0.4,0.4
self_top5,oracle,adult,mlp,kshap,1,1.0,1.0,1.0
loso_top5,real,adult,mlp,kshap,1,1.0,1.0,1.0
loso_top5,random,adult,mlp,kshap,1,0.4596336996336996,0.2,0.2
loso_top5,permuted,adult,mlp,kshap,1,0.7222222222222221,0.6,0.6
loso_top5,constant,adult,mlp,kshap,1,0.35714285714285715,0.4,0.4
loso_top5,oracle,adult,mlp,kshap,1,1.0,1.0,1.0
positional,real,adult,mlp,kshap,2,0.4714285714285714,0.4,0.4
positional,random,adult,mlp,kshap,2,0.6533333333333333,0.6,0.6
positional,permuted,adult,mlp,kshap,2,0.4974891774891774,0.6,0.6
positional,constant,adult,mlp,kshap,2,0.35714285714285715,1.0,1.0
positional,oracle,adult,mlp,kshap,2,1.0,1.0,1.0
random,real,adult,mlp,kshap,2,0.5429836829836829,0.4,0.4
random,random,adult,mlp,kshap,2,0.47510822510822504,0.4,0.4
random,permuted,adult,mlp,kshap,2,0.45677655677655676,0.2,0.2
random,constant,adult,mlp,kshap,2,0.35714285714285715,0.2,0.2
random,oracle,adult,mlp,kshap,2,1.0,1.0,1.0
self_top5,real,adult,mlp,kshap,2,1.0,1.0,1.0
self_top5,random,adult,mlp,kshap,2,0.5047619047619047,0.4,0.4
self_top5,permuted,adult,mlp,kshap,2,0.401984126984127,0.4,0.4
self_top5,constant,adult,mlp,kshap,2,0.35714285714285715,0.4,0.4
self_top5,oracle,adult,mlp,kshap,2,1.0,1.0,1.0
loso_top5,real,adult,mlp,kshap,2,1.0,1.0,1.0
loso_top5,random,adult,mlp,kshap,2,0.5047619047619047,0.4,0.4
loso_top5,permuted,adult,mlp,kshap,2,0.401984126984127,0.4,0.4
loso_top5,constant,adult,mlp,kshap,2,0.35714285714285715,0.4,0.4
loso_top5,oracle,adult,mlp,kshap,2,1.0,1.0,1.0
positional,real,adult,mlp,kshap,3,0.37963369963369964,0.4,0.4
positional,random,adult,mlp,kshap,3,0.34465534465534464,0.2,0.2
positional,permuted,adult,mlp,kshap,3,0.4514285714285714,0.4,0.4
positional,constant,adult,mlp,kshap,3,0.35714285714285715,1.0,1.0
positional,oracle,adult,mlp,kshap,3,1.0,1.0,1.0
random,real,adult,mlp,kshap,3,0.4827272727272727,0.2,0.2
random,random,adult,mlp,kshap,3,0.4809523809523809,0.4,0.4
random,permuted,adult,mlp,kshap,3,0.46869796869796865,0.4,0.4
random,constant,adult,mlp,kshap,3,0.35714285714285715,0.2,0.2
random,oracle,adult,mlp,kshap,3,1.0,1.0,1.0
self_top5,real,adult,mlp,kshap,3,1.0,1.0,1.0
self_top5,random,adult,mlp,kshap,3,0.6435897435897435,0.4,0.4
self_top5,permuted,adult,mlp,kshap,3,0.3174891774891775,0.2,0.2
self_top5,constant,adult,mlp,kshap,3,0.35714285714285715,0.4,0.4
self_top5,oracle,adult,mlp,kshap,3,1.0,1.0,1.0
loso_top5,real,adult,mlp,kshap,3,0.9666666666666666,0.8,0.8
loso_top5,random,adult,mlp,kshap,3,0.49597069597069593,0.2,0.2
loso_top5,permuted,adult,mlp,kshap,3,0.45979797979797976,0.4,0.4
loso_top5,constant,adult,mlp,kshap,3,0.35714285714285715,0.4,0.4
loso_top5,oracle,adult,mlp,kshap,3,1.0,1.0,1.0
positional,real,adult,mlp,kshap,4,0.44358974358974357,0.4,0.4
positional,random,adult,mlp,kshap,4,0.6935897435897436,0.6,0.6
positional,permuted,adult,mlp,kshap,4,0.6246503496503497,0.4,0.4
positional,constant,adult,mlp,kshap,4,0.35714285714285715,1.0,1.0
positional,oracle,adult,mlp,kshap,4,1.0,1.0,1.0
random,real,adult,mlp,kshap,4,0.5041558441558442,0.4,0.4
random,random,adult,mlp,kshap,4,0.405,0.2,0.2
random,permuted,adult,mlp,kshap,4,0.405,0.4,0.4
random,constant,adult,mlp,kshap,4,0.35714285714285715,0.2,0.2
random,oracle,adult,mlp,kshap,4,1.0,1.0,1.0
self_top5,real,adult,mlp,kshap,4,1.0,1.0,1.0
self_top5,random,adult,mlp,kshap,4,0.7442424242424241,0.6,0.6
self_top5,permuted,adult,mlp,kshap,4,0.2615384615384615,0.0,0.0
self_top5,constant,adult,mlp,kshap,4,0.35714285714285715,0.4,0.4
self_top5,oracle,adult,mlp,kshap,4,1.0,1.0,1.0
loso_top5,real,adult,mlp,kshap,4,1.0,1.0,1.0
loso_top5,random,adult,mlp,kshap,4,0.7442424242424241,0.6,0.6
loso_top5,permuted,adult,mlp,kshap,4,0.2615384615384615,0.0,0.0
loso_top5,constant,adult,mlp,kshap,4,0.35714285714285715,0.4,0.4
loso_top5,oracle,adult,mlp,kshap,4,1.0,1.0,1.0
positional,real,credit_g,logreg,linshap,0,0.2604761904761905,0.0,0.0
positional,random,credit_g,logreg,linshap,0,0.3041558441558441,0.2,0.2
positional,permuted,credit_g,logreg,linshap,0,0.27249999999999996,0.2,0.2
positional,constant,credit_g,logreg,linshap,0,0.25,1.0,1.0
positional,oracle,credit_g,logreg,linshap,0,1.0,1.0,1.0
random,real,credit_g,logreg,linshap,0,0.39083333333333325,0.4,0.4
random,random,credit_g,logreg,linshap,0,0.2609025236889014,0.2,0.2
random,permuted,credit_g,logreg,linshap,0,0.48154761904761906,0.2,0.2
random,constant,credit_g,logreg,linshap,0,0.25,0.2,0.2
random,oracle,credit_g,logreg,linshap,0,1.0,1.0,1.0
self_top5,real,credit_g,logreg,linshap,0,1.0,1.0,1.0
self_top5,random,credit_g,logreg,linshap,0,0.24310776942355888,0.0,0.0
self_top5,permuted,credit_g,logreg,linshap,0,0.4827731092436975,0.4,0.4
self_top5,constant,credit_g,logreg,linshap,0,0.25,0.0,0.0
self_top5,oracle,credit_g,logreg,linshap,0,1.0,1.0,1.0
loso_top5,real,credit_g,logreg,linshap,0,1.0,1.0,1.0
loso_top5,random,credit_g,logreg,linshap,0,0.24310776942355888,0.0,0.0
loso_top5,permuted,credit_g,logreg,linshap,0,0.4827731092436975,0.4,0.4
loso_top5,constant,credit_g,logreg,linshap,0,0.25,0.0,0.0
loso_top5,oracle,credit_g,logreg,linshap,0,1.0,1.0,1.0
positional,real,credit_g,logreg,linshap,1,0.2604761904761905,0.0,0.0
positional,random,credit_g,logreg,linshap,1,0.507177033492823,0.4,0.4
positional,permuted,credit_g,logreg,linshap,1,0.4375,0.4,0.4
positional,constant,credit_g,logreg,linshap,1,0.25,1.0,1.0
positional,oracle,credit_g,logreg,linshap,1,1.0,1.0,1.0
random,real,credit_g,logreg,linshap,1,0.39083333333333325,0.4,0.4
random,random,credit_g,logreg,linshap,1,0.27551892551892554,0.2,0.2
random,permuted,credit_g,logreg,linshap,1,0.24660130718954246,0.0,0.0
random,constant,credit_g,logreg,linshap,1,0.25,0.2,0.2
random,oracle,credit_g,logreg,linshap,1,1.0,1.0,1.0
self_top5,real,credit_g,logreg,linshap,1,1.0,1.0,1.0
self_top5,random,credit_g,logreg,linshap,1,0.2654535660418013,0.2,0.2
self_top5,permuted,credit_g,logreg,linshap,1,0.5126315789473684,0.4,0.4
self_top5,constant,credit_g,logreg,linshap,1,0.25,0.0,0.0
self_top5,oracle,credit_g,logreg,linshap,1,1.0,1.0,1.0
loso_top5,real,credit_g,logreg,linshap,1,1.0,1.0,1.0
loso_top5,random,credit_g,logreg,linshap,1,0.2654535660418013,0.2,0.2
loso_top5,permuted,credit_g,logreg,linshap,1,0.5126315789473684,0.4,0.4
loso_top5,constant,credit_g,logreg,linshap,1,0.25,0.0,0.0
loso_top5,oracle,credit_g,logreg,linshap,1,1.0,1.0,1.0
positional,real,credit_g,logreg,linshap,2,0.2604761904761905,0.0,0.0
positional,random,credit_g,logreg,linshap,2,0.42153846153846153,0.4,0.4
positional,permuted,credit_g,logreg,linshap,2,0.3771904024767802,0.2,0.2
positional,constant,credit_g,logreg,linshap,2,0.25,1.0,1.0
positional,oracle,credit_g,logreg,linshap,2,1.0,1.0,1.0
random,real,credit_g,logreg,linshap,2,0.39083333333333325,0.4,0.4
random,random,credit_g,logreg,linshap,2,0.2441269841269841,0.0,0.0
random,permuted,credit_g,logreg,linshap,2,0.5264425770308123,0.6,0.6
random,constant,credit_g,logreg,linshap,2,0.25,0.2,0.2
random,oracle,credit_g,logreg,linshap,2,1.0,1.0,1.0
self_top5,real,credit_g,logreg,linshap,2,1.0,1.0,1.0
self_top5,random,credit_g,logreg,linshap,2,0.3075017088174983,0.2,0.2
self_top5,permuted,credit_g,logreg,linshap,2,0.43333333333333335,0.4,0.4
self_top5,constant,credit_g,logreg,linshap,2,0.25,0.0,0.0
self_top5,oracle,credit_g,logreg,linshap,2,1.0,1.0,1.0
loso_top5,real,credit_g,logreg,linshap,2,1.0,1.0,1.0
loso_top5,random,credit_g,logreg,linshap,2,0.3075017088174983,0.2,0.2
loso_top5,permuted,credit_g,logreg,linshap,2,0.43333333333333335,0.4,0.4
loso_top5,constant,credit_g,logreg,linshap,2,0.25,0.0,0.0
loso_top5,oracle,credit_g,logreg,linshap,2,1.0,1.0,1.0
positional,real,credit_g,logreg,linshap,3,0.2604761904761905,0.0,0.0
positional,random,credit_g,logreg,linshap,3,0.27210526315789474,0.4,0.4
positional,permuted,credit_g,logreg,linshap,3,0.23545209176788123,0.2,0.2
positional,constant,credit_g,logreg,linshap,3,0.25,1.0,1.0
positional,oracle,credit_g,logreg,linshap,3,1.0,1.0,1.0
random,real,credit_g,logreg,linshap,3,0.39083333333333325,0.4,0.4
random,random,credit_g,logreg,linshap,3,0.30174603174603176,0.2,0.2
random,permuted,credit_g,logreg,linshap,3,0.32157411216234744,0.4,0.4
random,constant,credit_g,logreg,linshap,3,0.25,0.2,0.2
random,oracle,credit_g,logreg,linshap,3,1.0,1.0,1.0
self_top5,real,credit_g,logreg,linshap,3,1.0,1.0,1.0
self_top5,random,credit_g,logreg,linshap,3,0.35297619047619044,0.2,0.2
self_top5,permuted,credit_g,logreg,linshap,3,0.7477124183006536,0.6,0.6
self_top5,constant,credit_g,logreg,linshap,3,0.25,0.0,0.0
self_top5,oracle,credit_g,logreg,linshap,3,1.0,1.0,1.0
loso_top5,real,credit_g,logreg,linshap,3,1.0,1.0,1.0
loso_top5,random,credit_g,logreg,linshap,3,0.35297619047619044,0.2,0.2
loso_top5,permuted,credit_g,logreg,linshap,3,0.7477124183006536,0.6,0.6
loso_top5,constant,credit_g,logreg,linshap,3,0.25,0.0,0.0
loso_top5,oracle,credit_g,logreg,linshap,3,1.0,1.0,1.0
positional,real,credit_g,logreg,linshap,4,0.2604761904761905,0.0,0.0
positional,random,credit_g,logreg,linshap,4,0.3858442486306264,0.2,0.2
positional,permuted,credit_g,logreg,linshap,4,0.31333333333333335,0.2,0.2
positional,constant,credit_g,logreg,linshap,4,0.25,1.0,1.0
positional,oracle,credit_g,logreg,linshap,4,1.0,1.0,1.0
random,real,credit_g,logreg,linshap,4,0.39083333333333325,0.4,0.4
random,random,credit_g,logreg,linshap,4,0.3888888888888889,0.2,0.2
random,permuted,credit_g,logreg,linshap,4,0.4386904761904762,0.4,0.4
random,constant,credit_g,logreg,linshap,4,0.25,0.2,0.2
random,oracle,credit_g,logreg,linshap,4,1.0,1.0,1.0
self_top5,real,credit_g,logreg,linshap,4,1.0,1.0,1.0
self_top5,random,credit_g,logreg,linshap,4,0.27936507936507937,0.2,0.2
self_top5,permuted,credit_g,logreg,linshap,4,0.24885225885225887,0.2,0.2
self_top5,constant,credit_g,logreg,linshap,4,0.25,0.0,0.0
self_top5,oracle,credit_g,logreg,linshap,4,1.0,1.0,1.0
loso_top5,real,credit_g,logreg,linshap,4,1.0,1.0,1.0
loso_top5,random,credit_g,logreg,linshap,4,0.27936507936507937,0.2,0.2
loso_top5,permuted,credit_g,logreg,linshap,4,0.24885225885225887,0.2,0.2
loso_top5,constant,credit_g,logreg,linshap,4,0.25,0.0,0.0
loso_top5,oracle,credit_g,logreg,linshap,4,1.0,1.0,1.0
positional,real,credit_g,logreg,lime,0,0.19159244264507425,0.0,0.0
positional,random,credit_g,logreg,lime,0,0.5133333333333334,0.4,0.4
positional,permuted,credit_g,logreg,lime,0,0.5172222222222222,0.4,0.4
positional,constant,credit_g,logreg,lime,0,0.25,1.0,1.0
positional,oracle,credit_g,logreg,lime,0,1.0,1.0,1.0
random,real,credit_g,logreg,lime,0,0.2753588516746412,0.2,0.2
random,random,credit_g,logreg,lime,0,0.41333333333333333,0.4,0.4
random,permuted,credit_g,logreg,lime,0,0.4817932067932068,0.2,0.2
random,constant,credit_g,logreg,lime,0,0.25,0.4,0.4
random,oracle,credit_g,logreg,lime,0,1.0,1.0,1.0
self_top5,real,credit_g,logreg,lime,0,1.0,1.0,1.0
self_top5,random,credit_g,logreg,lime,0,0.31917151475975003,0.2,0.2
self_top5,permuted,credit_g,logreg,lime,0,0.4469172932330827,0.4,0.4
self_top5,constant,credit_g,logreg,lime,0,0.25,0.0,0.0
self_top5,oracle,credit_g,logreg,lime,0,1.0,1.0,1.0
loso_top5,real,credit_g,logreg,lime,0,1.0,1.0,1.0
loso_top5,random,credit_g,logreg,lime,0,0.31917151475975003,0.2,0.2
loso_top5,permuted,credit_g,logreg,lime,0,0.4469172932330827,0.4,0.4
loso_top5,constant,credit_g,logreg,lime,0,0.25,0.0,0.0
loso_top5,oracle,credit_g,logreg,lime,0,1.0,1.0,1.0
positional,real,credit_g,logreg,lime,1,0.1946227456753773,0.0,0.0
positional,random,credit_g,logreg,lime,1,0.38501400560224086,0.4,0.4
positional,permuted,credit_g,logreg,lime,1,0.269281045751634,0.2,0.2
positional,constant,credit_g,logreg,lime,1,0.25,1.0,1.0
positional,oracle,credit_g,logreg,lime,1,1.0,1.0,1.0
random,real,credit_g,logreg,lime,1,0.27929824561403505,0.2,0.2
random,random,credit_g,logreg,lime,1,0.29171888053467,0.2,0.2
random,permuted,credit_g,logreg,lime,1,0.27706876456876456,0.2,0.2
random,constant,credit_g,logreg,lime,1,0.25,0.4,0.4
random,oracle,credit_g,logreg,lime,1,1.0,1.0,1.0
self_top5,real,credit_g,logreg,lime,1,1.0,1.0,1.0
self_top5,random,credit_g,logreg,lime,1,0.5357142857142858,0.4,0.4
self_top5,permuted,credit_g,logreg,lime,1,0.3050125313283208,0.2,0.2
self_top5,constant,credit_g,logreg,lime,1,0.25,0.0,0.0
self_top5,oracle,credit_g,logreg,lime,1,1.0,1.0,1.0
loso_top5,real,credit_g,logreg,lime,1,1.0,1.0,1.0
loso_top5,random,credit_g,logreg,lime,1,0.5357142857142858,0.4,0.4
loso_top5,permuted,credit_g,logreg,lime,1,0.3050125313283208,0.2,0.2
loso_top5,constant,credit_g,logreg,lime,1,0.25,0.0,0.0
loso_top5,oracle,credit_g,logreg,lime,1,1.0,1.0,1.0
positional,real,credit_g,logreg,lime,2,0.1946227456753773,0.0,0.0
positional,random,credit_g,logreg,lime,2,0.2638095238095238,0.2,0.2
positional,permuted,credit_g,logreg,lime,2,0.19850182497241323,0.0,0.0
positional,constant,credit_g,logreg,lime,2,0.25,1.0,1.0
positional,oracle,credit_g,logreg,lime,2,1.0,1.0,1.0
random,real,credit_g,logreg,lime,2,0.27929824561403505,0.2,0.2
random,random,credit_g,logreg,lime,2,0.23998344276982048,0.2,0.2
random,permuted,credit_g,logreg,lime,2,0.22968253968253965,0.2,0.2
random,constant,credit_g,logreg,lime,2,0.25,0.4,0.4
random,oracle,credit_g,logreg,lime,2,1.0,1.0,1.0
self_top5,real,credit_g,logreg,lime,2,1.0,1.0,1.0
self_top5,random,credit_g,logreg,lime,2,0.20759189640768588,0.0,0.0
self_top5,permuted,credit_g,logreg,lime,2,0.3425,0.2,0.2
self_top5,constant,credit_g,logreg,lime,2,0.25,0.0,0.0
self_top5,oracle,credit_g,logreg,lime,2,1.0,1.0,1.0
loso_top5,real,credit_g,logreg,lime,2,1.0,1.0,1.0
loso_top5,random,credit_g,logreg,lime,2,0.20759189640768588,0.0,0.0
loso_top5,permuted,credit_g,logreg,lime,2,0.3425,0.2,0.2
loso_top5,constant,credit_g,logreg,lime,2,0.25,0.0,0.0
loso_top5,oracle,credit_g,logreg,lime,2,1.0,1.0,1.0
positional,real,credit_g,logreg,lime,3,0.19846889952153113,0.0,0.0
positional,random,credit_g,logreg,lime,3,0.2888888888888889,0.4,0.4
positional,permuted,credit_g,logreg,lime,3,0.34333333333333327,0.2,0.2
positional,constant,credit_g,logreg,lime,3,0.25,1.0,1.0
positional,oracle,credit_g,logreg,lime,3,1.0,1.0,1.0
random,real,credit_g,logreg,lime,3,0.2641700404858299,0.2,0.2
random,random,credit_g,logreg,lime,3,0.2588522588522589,0.2,0.2
random,permuted,credit_g,logreg,lime,3,0.26222222222222225,0.2,0.2
random,constant,credit_g,logreg,lime,3,0.25,0.4,0.4
random,oracle,credit_g,logreg,lime,3,1.0,1.0,1.0
self_top5,real,credit_g,logreg,lime,3,1.0,1.0,1.0
self_top5,random,credit_g,logreg,lime,3,0.3631302521008403,0.2,0.2
self_top5,permuted,credit_g,logreg,lime,3,0.5567857142857143,0.4,0.4
self_top5,constant,credit_g,logreg,lime,3,0.25,0.0,0.0
self_top5,oracle,credit_g,logreg,lime,3,1.0,1.0,1.0
loso_top5,real,credit_g,logreg,lime,3,1.0,1.0,1.0
loso_top5,random,credit_g,logreg,lime,3,0.3631302521008403,0.2,0.2
loso_top5,permuted,credit_g,logreg,lime,3,0.5567857142857143,0.4,0.4
loso_top5,constant,credit_g,logreg,lime,3,0.25,0.0,0.0
loso_top5,oracle,credit_g,logreg,lime,3,1.0,1.0,1.0
positional,real,credit_g,logreg,lime,4,0.18977426082689242,0.0,0.0
positional,random,credit_g,logreg,lime,4,0.3032967032967033,0.2,0.2
positional,permuted,credit_g,logreg,lime,4,0.30333333333333334,0.2,0.2
positional,constant,credit_g,logreg,lime,4,0.25,1.0,1.0
positional,oracle,credit_g,logreg,lime,4,1.0,1.0,1.0
random,real,credit_g,logreg,lime,4,0.28202551834130785,0.2,0.2
random,random,credit_g,logreg,lime,4,0.22164404223227752,0.0,0.0
random,permuted,credit_g,logreg,lime,4,0.2977411477411478,0.2,0.2
random,constant,credit_g,logreg,lime,4,0.25,0.4,0.4
random,oracle,credit_g,logreg,lime,4,1.0,1.0,1.0
self_top5,real,credit_g,logreg,lime,4,1.0,1.0,1.0
self_top5,random,credit_g,logreg,lime,4,0.41726508785332317,0.4,0.4
self_top5,permuted,credit_g,logreg,lime,4,0.7254901960784312,0.6,0.6
self_top5,constant,credit_g,logreg,lime,4,0.25,0.0,0.0
self_top5,oracle,credit_g,logreg,lime,4,1.0,1.0,1.0
loso_top5,real,credit_g,logreg,lime,4,1.0,1.0,1.0
loso_top5,random,credit_g,logreg,lime,4,0.41726508785332317,0.4,0.4
loso_top5,permuted,credit_g,logreg,lime,4,0.7254901960784312,0.6,0.6
loso_top5,constant,credit_g,logreg,lime,4,0.25,0.0,0.0
loso_top5,oracle,credit_g,logreg,lime,4,1.0,1.0,1.0
positional,real,credit_g,rf,treeshap,0,0.4158333333333333,0.4,0.4
positional,random,credit_g,rf,treeshap,0,0.3871428571428571,0.4,0.4
positional,permuted,credit_g,rf,treeshap,0,0.36796536796536794,0.2,0.2
positional,constant,credit_g,rf,treeshap,0,0.25,1.0,1.0
positional,oracle,credit_g,rf,treeshap,0,1.0,1.0,1.0
random,real,credit_g,rf,treeshap,0,0.25933066933066934,0.2,0.2
random,random,credit_g,rf,treeshap,0,0.3549494949494949,0.2,0.2
random,permuted,credit_g,rf,treeshap,0,0.4635897435897436,0.6,0.6
random,constant,credit_g,rf,treeshap,0,0.25,0.0,0.0
random,oracle,credit_g,rf,treeshap,0,1.0,1.0,1.0
self_top5,real,credit_g,rf,treeshap,0,1.0,1.0,1.0
self_top5,random,credit_g,rf,treeshap,0,0.24714285714285714,0.2,0.2
self_top5,permuted,credit_g,rf,treeshap,0,0.3148064353946707,0.2,0.2
self_top5,constant,credit_g,rf,treeshap,0,0.25,0.4,0.4
self_top5,oracle,credit_g,rf,treeshap,0,1.0,1.0,1.0
loso_top5,real,credit_g,rf,treeshap,0,0.9428571428571428,0.8,0.8
loso_top5,random,credit_g,rf,treeshap,0,0.3514285714285714,0.4,0.4
loso_top5,permuted,credit_g,rf,treeshap,0,0.2915032679738562,0.2,0.2
loso_top5,constant,credit_g,rf,treeshap,0,0.25,0.4,0.4
loso_top5,oracle,credit_g,rf,treeshap,0,1.0,1.0,1.0
positional,real,credit_g,rf,treeshap,1,0.40607627666451196,0.4,0.4
positional,random,credit_g,rf,treeshap,1,0.2959663865546219,0.0,0.0
positional,permuted,credit_g,rf,treeshap,1,0.2517460317460318,0.2,0.2
positional,constant,credit_g,rf,treeshap,1,0.25,1.0,1.0
positional,oracle,credit_g,rf,treeshap,1,1.0,1.0,1.0
random,real,credit_g,rf,treeshap,1,0.23603174603174604,0.0,0.0
random,random,credit_g,rf,treeshap,1,0.47,0.6,0.6
random,permuted,credit_g,rf,treeshap,1,0.48238095238095235,0.4,0.4
random,constant,credit_g,rf,treeshap,1,0.25,0.0,0.0
random,oracle,credit_g,rf,treeshap,1,1.0,1.0,1.0
self_top5,real,credit_g,rf,treeshap,1,1.0,1.0,1.0
self_top5,random,credit_g,rf,treeshap,1,0.20754944402003225,0.0,0.0
self_top5,permuted,credit_g,rf,treeshap,1,0.5060606060606061,0.4,0.4
self_top5,constant,credit_g,rf,treeshap,1,0.25,0.4,0.4
self_top5,oracle,credit_g,rf,treeshap,1,1.0,1.0,1.0
loso_top5,real,credit_g,rf,treeshap,1,1.0,1.0,1.0
loso_top5,random,credit_g,rf,treeshap,1,0.20754944402003225,0.0,0.0
loso_top5,permuted,credit_g,rf,treeshap,1,0.5060606060606061,0.4,0.4
loso_top5,constant,credit_g,rf,treeshap,1,0.25,0.4,0.4
loso_top5,oracle,credit_g,rf,treeshap,1,1.0,1.0,1.0
positional,real,credit_g,rf,treeshap,2,0.39120448179271705,0.4,0.4
positional,random,credit_g,rf,treeshap,2,0.29000000000000004,0.2,0.2
positional,permuted,credit_g,rf,treeshap,2,0.32,0.2,0.2
positional,constant,credit_g,rf,treeshap,2,0.25,1.0,1.0
positional,oracle,credit_g,rf,treeshap,2,1.0,1.0,1.0
random,real,credit_g,rf,treeshap,2,0.22632700632700634,0.0,0.0
random,random,credit_g,rf,treeshap,2,0.3338095238095238,0.4,0.4
random,permuted,credit_g,rf,treeshap,2,0.309168375484165,0.2,0.2
random,constant,credit_g,rf,treeshap,2,0.25,0.0,0.0
random,oracle,credit_g,rf,treeshap,2,1.0,1.0,1.0
self_top5,real,credit_g,rf,treeshap,2,1.0,1.0,1.0
self_top5,random,credit_g,rf,treeshap,2,0.4753619909502263,0.4,0.4
self_top5,permuted,credit_g,rf,treeshap,2,0.24705882352941172,0.2,0.2
self_top5,constant,credit_g,rf,treeshap,2,0.25,0.4,0.4
self_top5,oracle,credit_g,rf,treeshap,2,1.0,1.0,1.0
loso_top5,real,credit_g,rf,treeshap,2,0.9428571428571428,0.8,0.8
loso_top5,random,credit_g,rf,treeshap,2,0.4503619909502263,0.4,0.4
loso_top5,permuted,credit_g,rf,treeshap,2,0.292156862745098,0.2,0.2
loso_top5,constant,credit_g,rf,treeshap,2,0.25,0.4,0.4
loso_top5,oracle,credit_g,rf,treeshap,2,1.0,1.0,1.0
positional,real,credit_g,rf,treeshap,3,0.33678571428571424,0.2,0.2
positional,random,credit_g,rf,treeshap,3,0.29042735042735046,0.2,0.2
positional,permuted,credit_g,rf,treeshap,3,0.3388888888888889,0.4,0.4
positional,constant,credit_g,rf,treeshap,3,0.25,1.0,1.0
positional,oracle,credit_g,rf,treeshap,3,1.0,1.0,1.0
random,real,credit_g,rf,treeshap,3,0.2367909867909868,0.0,0.0
random,random,credit_g,rf,treeshap,3,0.297177033492823,0.2,0.2
random,permuted,credit_g,rf,treeshap,3,0.6333333333333333,0.4,0.4
random,constant,credit_g,rf,treeshap,3,0.25,0.0,0.0
random,oracle,credit_g,rf,treeshap,3,1.0,1.0,1.0
self_top5,real,credit_g,rf,treeshap,3,1.0,1.0,1.0
self_top5,random,credit_g,rf,treeshap,3,0.2703921568627451,0.2,0.2
self_top5,permuted,credit_g,rf,treeshap,3,0.3815262515262515,0.4,0.4
self_top5,constant,credit_g,rf,treeshap,3,0.25,0.2,0.2
self_top5,oracle,credit_g,rf,treeshap,3,1.0,1.0,1.0
loso_top5,real,credit_g,rf,treeshap,3,0.8761904761904762,0.6,0.6
loso_top5,random,credit_g,rf,treeshap,3,0.20451914098972923,0.0,0.0
loso_top5,permuted,credit_g,rf,treeshap,3,0.322156862745098,0.4,0.4
loso_top5,constant,credit_g,rf,treeshap,3,0.25,0.4,0.4
loso_top5,oracle,credit_g,rf,treeshap,3,1.0,1.0,1.0
positional,real,credit_g,rf,treeshap,4,0.37274294333117863,0.4,0.4
positional,random,credit_g,rf,treeshap,4,0.5958333333333332,0.6,0.6
positional,permuted,credit_g,rf,treeshap,4,0.4635897435897435,0.6,0.6
positional,constant,credit_g,rf,treeshap,4,0.25,1.0,1.0
positional,oracle,credit_g,rf,treeshap,4,1.0,1.0,1.0
random,real,credit_g,rf,treeshap,4,0.23553030303030303,0.0,0.0
random,random,credit_g,rf,treeshap,4,0.23489843489843493,0.0,0.0
random,permuted,credit_g,rf,treeshap,4,0.31875901875901874,0.2,0.2
random,constant,credit_g,rf,treeshap,4,0.25,0.0,0.0
random,oracle,credit_g,rf,treeshap,4,1.0,1.0,1.0
self_top5,real,credit_g,rf,treeshap,4,1.0,1.0,1.0
self_top5,random,credit_g,rf,treeshap,4,0.6033333333333333,0.6,0.6
self_top5,permuted,credit_g,rf,treeshap,4,0.5526315789473684,0.4,0.4
self_top5,constant,credit_g,rf,treeshap,4,0.25,0.4,0.4
self_top5,oracle,credit_g,rf,treeshap,4,1.0,1.0,1.0
loso_top5,real,credit_g,rf,treeshap,4,1.0,1.0,1.0
loso_top5,random,credit_g,rf,treeshap,4,0.6033333333333333,0.6,0.6
loso_top5,permuted,credit_g,rf,treeshap,4,0.5526315789473684,0.4,0.4
loso_top5,constant,credit_g,rf,treeshap,4,0.25,0.4,0.4
loso_top5,oracle,credit_g,rf,treeshap,4,1.0,1.0,1.0
positional,real,credit_g,rf,lime,0,0.24705882352941172,0.2,0.2
positional,random,credit_g,rf,lime,0,0.3220255183413078,0.4,0.4
positional,permuted,credit_g,rf,lime,0,0.5302564102564102,0.6,0.6
positional,constant,credit_g,rf,lime,0,0.25,1.0,1.0
positional,oracle,credit_g,rf,lime,0,1.0,1.0,1.0
random,real,credit_g,rf,lime,0,0.2896336996336996,0.2,0.2
random,random,credit_g,rf,lime,0,0.4805555555555555,0.4,0.4
random,permuted,credit_g,rf,lime,0,0.412120232708468,0.2,0.2
random,constant,credit_g,rf,lime,0,0.25,0.2,0.2
random,oracle,credit_g,rf,lime,0,1.0,1.0,1.0
self_top5,real,credit_g,rf,lime,0,1.0,1.0,1.0
self_top5,random,credit_g,rf,lime,0,0.40535714285714286,0.4,0.4
self_top5,permuted,credit_g,rf,lime,0,0.30423585702223466,0.2,0.2
self_top5,constant,credit_g,rf,lime,0,0.25,0.2,0.2
self_top5,oracle,credit_g,rf,lime,0,1.0,1.0,1.0
loso_top5,real,credit_g,rf,lime,0,1.0,1.0,1.0
loso_top5,random,credit_g,rf,lime,0,0.40535714285714286,0.4,0.4
loso_top5,permuted,credit_g,rf,lime,0,0.30423585702223466,0.2,0.2
loso_top5,constant,credit_g,rf,lime,0,0.25,0.2,0.2
loso_top5,oracle,credit_g,rf,lime,0,1.0,1.0,1.0
positional,real,credit_g,rf,lime,1,0.2459282822440717,0.2,0.2
positional,random,credit_g,rf,lime,1,0.31263305322128854,0.4,0.4
positional,permuted,credit_g,rf,lime,1,0.22215538847117794,0.0,0.0
positional,constant,credit_g,rf,lime,1,0.25,1.0,1.0
positional,oracle,credit_g,rf,lime,1,1.0,1.0,1.0
random,real,credit_g,rf,lime,1,0.2694218200100553,0.2,0.2
random,random,credit_g,rf,lime,1,0.19605403884041656,0.0,0.0
random,permuted,credit_g,rf,lime,1,0.30737179487179483,0.2,0.2
random,constant,credit_g,rf,lime,1,0.25,0.2,0.2
random,oracle,credit_g,rf,lime,1,1.0,1.0,1.0
self_top5,real,credit_g,rf,lime,1,1.0,1.0,1.0
self_top5,random,credit_g,rf,lime,1,0.508888888888889,0.4,0.4
self_top5,permuted,credit_g,rf,lime,1,0.54,0.4,0.4
self_top5,constant,credit_g,rf,lime,1,0.25,0.2,0.2
self_top5,oracle,credit_g,rf,lime,1,1.0,1.0,1.0
loso_top5,real,credit_g,rf,lime,1,0.925,0.8,0.8
loso_top5,random,credit_g,rf,lime,1,0.5746031746031746,0.4,0.4
loso_top5,permuted,credit_g,rf,lime,1,0.3733333333333333,0.4,0.4
loso_top5,constant,credit_g,rf,lime,1,0.25,0.2,0.2
loso_top5,oracle,credit_g,rf,lime,1,1.0,1.0,1.0
positional,real,credit_g,rf,lime,2,0.2572438672438673,0.2,0.2
positional,random,credit_g,rf,lime,2,0.2654901960784314,0.2,0.2
positional,permuted,credit_g,rf,lime,2,0.399047619047619,0.4,0.4
positional,constant,credit_g,rf,lime,2,0.25,1.0,1.0
positional,oracle,credit_g,rf,lime,2,1.0,1.0,1.0
random,real,credit_g,rf,lime,2,0.2832679738562091,0.2,0.2
random,random,credit_g,rf,lime,2,0.452014652014652,0.2,0.2
random,permuted,credit_g,rf,lime,2,0.4323701410388717,0.4,0.4
random,constant,credit_g,rf,lime,2,0.25,0.2,0.2
random,oracle,credit_g,rf,lime,2,1.0,1.0,1.0
self_top5,real,credit_g,rf,lime,2,1.0,1.0,1.0
self_top5,random,credit_g,rf,lime,2,0.3854715219421102,0.2,0.2
self_top5,permuted,credit_g,rf,lime,2,0.24333333333333332,0.2,0.2
self_top5,constant,credit_g,rf,lime,2,0.25,0.2,0.2
self_top5,oracle,credit_g,rf,lime,2,1.0,1.0,1.0
loso_top5,real,credit_g,rf,lime,2,0.9666666666666666,0.8,0.8
loso_top5,random,credit_g,rf,lime,2,0.5626143790849674,0.4,0.4
loso_top5,permuted,credit_g,rf,lime,2,0.23619047619047617,0.2,0.2
loso_top5,constant,credit_g,rf,lime,2,0.25,0.2,0.2
loso_top5,oracle,credit_g,rf,lime,2,1.0,1.0,1.0
positional,real,credit_g,rf,lime,3,0.23191919191919194,0.2,0.2
positional,random,credit_g,rf,lime,3,0.5857142857142856,0.4,0.4
positional,permuted,credit_g,rf,lime,3,0.2819191919191919,0.2,0.2
positional,constant,credit_g,rf,lime,3,0.25,1.0,1.0
positional,oracle,credit_g,rf,lime,3,1.0,1.0,1.0
random,real,credit_g,rf,lime,3,0.2688235294117647,0.2,0.2
random,random,credit_g,rf,lime,3,0.3170286576168929,0.4,0.4
random,permuted,credit_g,rf,lime,3,0.4636936592818946,0.2,0.2
random,constant,credit_g,rf,lime,3,0.25,0.2,0.2
random,oracle,credit_g,rf,lime,3,1.0,1.0,1.0
self_top5,real,credit_g,rf,lime,3,1.0,1.0,1.0
self_top5,random,credit_g,rf,lime,3,0.26137871416509184,0.2,0.2
self_top5,permuted,credit_g,rf,lime,3,0.2554348919054802,0.2,0.2
self_top5,constant,credit_g,rf,lime,3,0.25,0.2,0.2
self_top5,oracle,credit_g,rf,lime,3,1.0,1.0,1.0
loso_top5,real,credit_g,rf,lime,3,0.9266666666666665,0.8,0.8
loso_top5,random,credit_g,rf,lime,3,0.25874713521772347,0.2,0.2
loso_top5,permuted,credit_g,rf,lime,3,0.23903680770553837,0.2,0.2
loso_top5,constant,credit_g,rf,lime,3,0.25,0.2,0.2
loso_top5,oracle,credit_g,rf,lime,3,1.0,1.0,1.0
positional,real,credit_g,rf,lime,4,0.24663003663003663,0.2,0.2
positional,random,credit_g,rf,lime,4,0.576060606060606,0.6,0.6
positional,permuted,credit_g,rf,lime,4,0.23413484692122463,0.2,0.2
positional,constant,credit_g,rf,lime,4,0.25,1.0,1.0
positional,oracle,credit_g,rf,lime,4,1.0,1.0,1.0
random,real,credit_g,rf,lime,4,0.26882700632700635,0.2,0.2
random,random,credit_g,rf,lime,4,0.22638888888888886,0.2,0.2
random,permuted,credit_g,rf,lime,4,0.49399711399711405,0.4,0.4
random,constant,credit_g,rf,lime,4,0.25,0.2,0.2
random,oracle,credit_g,rf,lime,4,1.0,1.0,1.0
self_top5,real,credit_g,rf,lime,4,1.0,1.0,1.0
self_top5,random,credit_g,rf,lime,4,0.36388888888888893,0.4,0.4
self_top5,permuted,credit_g,rf,lime,4,0.4634920634920635,0.4,0.4
self_top5,constant,credit_g,rf,lime,4,0.25,0.2,0.2
self_top5,oracle,credit_g,rf,lime,4,1.0,1.0,1.0
loso_top5,real,credit_g,rf,lime,4,0.885,0.8,0.8
loso_top5,random,credit_g,rf,lime,4,0.36769841269841275,0.4,0.4
loso_top5,permuted,credit_g,rf,lime,4,0.333531746031746,0.2,0.2
loso_top5,constant,credit_g,rf,lime,4,0.25,0.2,0.2
loso_top5,oracle,credit_g,rf,lime,4,1.0,1.0,1.0
positional,real,credit_g,hgb,treeshap,0,0.522156862745098,0.6,0.6
positional,random,credit_g,hgb,treeshap,0,0.9428571428571428,0.8,0.8
positional,permuted,credit_g,hgb,treeshap,0,0.19917758196395968,0.0,0.0
positional,constant,credit_g,hgb,treeshap,0,0.25,1.0,1.0
positional,oracle,credit_g,hgb,treeshap,0,1.0,1.0,1.0
random,real,credit_g,hgb,treeshap,0,0.36917004048583,0.4,0.4
random,random,credit_g,hgb,treeshap,0,0.1826374760430488,0.0,0.0
random,permuted,credit_g,hgb,treeshap,0,0.5033333333333333,0.6,0.6
random,constant,credit_g,hgb,treeshap,0,0.25,0.2,0.2
random,oracle,credit_g,hgb,treeshap,0,1.0,1.0,1.0
self_top5,real,credit_g,hgb,treeshap,0,1.0,1.0,1.0
self_top5,random,credit_g,hgb,treeshap,0,0.5444064707222602,0.4,0.4
self_top5,permuted,credit_g,hgb,treeshap,0,0.2737426900584795,0.2,0.2
self_top5,constant,credit_g,hgb,treeshap,0,0.25,0.6,0.6
self_top5,oracle,credit_g,hgb,treeshap,0,1.0,1.0,1.0
loso_top5,real,credit_g,hgb,treeshap,0,0.9028571428571428,0.8,0.8
loso_top5,random,credit_g,hgb,treeshap,0,0.32416837548416494,0.2,0.2
loso_top5,permuted,credit_g,hgb,treeshap,0,0.53,0.4,0.4
loso_top5,constant,credit_g,hgb,treeshap,0,0.25,0.4,0.4
loso_top5,oracle,credit_g,hgb,treeshap,0,1.0,1.0,1.0
positional,real,credit_g,hgb,treeshap,1,0.5055555555555555,0.4,0.4
positional,random,credit_g,hgb,treeshap,1,0.2908367071524966,0.2,0.2
positional,permuted,credit_g,hgb,treeshap,1,0.6880952380952381,0.6,0.6
positional,constant,credit_g,hgb,treeshap,1,0.25,1.0,1.0
positional,oracle,credit_g,hgb,treeshap,1,1.0,1.0,1.0
random,real,credit_g,hgb,treeshap,1,0.348109243697479,0.2,0.2
random,random,credit_g,hgb,treeshap,1,0.7166666666666666,0.6,0.6
random,permuted,credit_g,hgb,treeshap,1,0.33549019607843134,0.2,0.2
random,constant,credit_g,hgb,treeshap,1,0.25,0.2,0.2
random,oracle,credit_g,hgb,treeshap,1,1.0,1.0,1.0
self_top5,real,credit_g,hgb,treeshap,1,1.0,1.0,1.0
self_top5,random,credit_g,hgb,treeshap,1,0.33393175451998974,0.2,0.2
self_top5,permuted,credit_g,hgb,treeshap,1,0.67,0.6,0.6
self_top5,constant,credit_g,hgb,treeshap,1,0.25,0.4,0.4
self_top5,oracle,credit_g,hgb,treeshap,1,1.0,1.0,1.0
loso_top5,real,credit_g,hgb,treeshap,1,0.8761904761904762,0.6,0.6
loso_top5,random,credit_g,hgb,treeshap,1,0.4203619909502262,0.4,0.4
loso_top5,permuted,credit_g,hgb,treeshap,1,0.8083333333333333,0.6,0.6
loso_top5,constant,credit_g,hgb,treeshap,1,0.25,0.6,0.6
loso_top5,oracle,credit_g,hgb,treeshap,1,1.0,1.0,1.0
positional,real,credit_g,hgb,treeshap,2,0.5071428571428571,0.6,0.6
positional,random,credit_g,hgb,treeshap,2,0.2437121212121212,0.0,0.0
positional,permuted,credit_g,hgb,treeshap,2,0.2800356506238859,0.2,0.2
positional,constant,credit_g,hgb,treeshap,2,0.25,1.0,1.0
positional,oracle,credit_g,hgb,treeshap,2,1.0,1.0,1.0
random,real,credit_g,hgb,treeshap,2,0.3026315789473684,0.2,0.2
random,random,credit_g,hgb,treeshap,2,0.42438672438672437,0.2,0.2
random,permuted,credit_g,hgb,treeshap,2,0.4116394716394717,0.2,0.2
random,constant,credit_g,hgb,treeshap,2,0.25,0.2,0.2
random,oracle,credit_g,hgb,treeshap,2,1.0,1.0,1.0
self_top5,real,credit_g,hgb,treeshap,2,1.0,1.0,1.0
self_top5,random,credit_g,hgb,treeshap,2,0.3993939393939394,0.4,0.4
self_top5,permuted,credit_g,hgb,treeshap,2,0.19406269684907454,0.0,0.0
self_top5,constant,credit_g,hgb,treeshap,2,0.25,0.6,0.6
self_top5,oracle,credit_g,hgb,treeshap,2,1.0,1.0,1.0
loso_top5,real,credit_g,hgb,treeshap,2,0.8761904761904762,0.6,0.6
loso_top5,random,credit_g,hgb,treeshap,2,0.5578787878787879,0.4,0.4
loso_top5,permuted,credit_g,hgb,treeshap,2,0.19355403884041655,0.0,0.0
loso_top5,constant,credit_g,hgb,treeshap,2,0.25,0.4,0.4
loso_top5,oracle,credit_g,hgb,treeshap,2,1.0,1.0,1.0
positional,real,credit_g,hgb,treeshap,3,0.4704761904761904,0.4,0.4
positional,random,credit_g,hgb,treeshap,3,0.23536199095022625,0.0,0.0
positional,permuted,credit_g,hgb,treeshap,3,0.4074786324786325,0.2,0.2
positional,constant,credit_g,hgb,treeshap,3,0.25,1.0,1.0
positional,oracle,credit_g,hgb,treeshap,3,1.0,1.0,1.0
random,real,credit_g,hgb,treeshap,3,0.3472222222222222,0.2,0.2
random,random,credit_g,hgb,treeshap,3,0.27835497835497836,0.2,0.2
random,permuted,credit_g,hgb,treeshap,3,0.6172650878533232,0.4,0.4
random,constant,credit_g,hgb,treeshap,3,0.25,0.2,0.2
random,oracle,credit_g,hgb,treeshap,3,1.0,1.0,1.0
self_top5,real,credit_g,hgb,treeshap,3,1.0,1.0,1.0
self_top5,random,credit_g,hgb,treeshap,3,0.6174999999999999,0.4,0.4
self_top5,permuted,credit_g,hgb,treeshap,3,0.2899331662489557,0.2,0.2
self_top5,constant,credit_g,hgb,treeshap,3,0.25,0.4,0.4
self_top5,oracle,credit_g,hgb,treeshap,3,1.0,1.0,1.0
loso_top5,real,credit_g,hgb,treeshap,3,0.8761904761904762,0.6,0.6
loso_top5,random,credit_g,hgb,treeshap,3,0.32153846153846155,0.2,0.2
loso_top5,permuted,credit_g,hgb,treeshap,3,0.6526315789473685,0.4,0.4
loso_top5,constant,credit_g,hgb,treeshap,3,0.25,0.6,0.6
loso_top5,oracle,credit_g,hgb,treeshap,3,1.0,1.0,1.0
positional,real,credit_g,hgb,treeshap,4,0.40535714285714286,0.4,0.4
positional,random,credit_g,hgb,treeshap,4,0.5002506265664161,0.4,0.4
positional,permuted,credit_g,hgb,treeshap,4,0.20136363636363636,0.0,0.0
positional,constant,credit_g,hgb,treeshap,4,0.25,1.0,1.0
positional,oracle,credit_g,hgb,treeshap,4,1.0,1.0,1.0
random,real,credit_g,hgb,treeshap,4,0.33040935672514615,0.4,0.4
random,random,credit_g,hgb,treeshap,4,0.4158333333333333,0.6,0.6
random,permuted,credit_g,hgb,treeshap,4,0.5909090909090908,0.6,0.6
random,constant,credit_g,hgb,treeshap,4,0.25,0.2,0.2
random,oracle,credit_g,hgb,treeshap,4,1.0,1.0,1.0
self_top5,real,credit_g,hgb,treeshap,4,1.0,1.0,1.0
self_top5,random,credit_g,hgb,treeshap,4,0.30436507936507934,0.2,0.2
self_top5,permuted,credit_g,hgb,treeshap,4,0.21647801544860368,0.2,0.2
self_top5,constant,credit_g,hgb,treeshap,4,0.25,0.4,0.4
self_top5,oracle,credit_g,hgb,treeshap,4,1.0,1.0,1.0
loso_top5,real,credit_g,hgb,treeshap,4,0.8261904761904761,0.6,0.6
loso_top5,random,credit_g,hgb,treeshap,4,0.32416837548416494,0.2,0.2
loso_top5,permuted,credit_g,hgb,treeshap,4,0.19707070707070706,0.0,0.0
loso_top5,constant,credit_g,hgb,treeshap,4,0.25,0.6,0.6
loso_top5,oracle,credit_g,hgb,treeshap,4,1.0,1.0,1.0
positional,real,credit_g,hgb,lime,0,0.2524151287309182,0.0,0.0
positional,random,credit_g,hgb,lime,0,0.4296904024767802,0.4,0.4
positional,permuted,credit_g,hgb,lime,0,0.5059649122807017,0.4,0.4
positional,constant,credit_g,hgb,lime,0,0.25,1.0,1.0
positional,oracle,credit_g,hgb,lime,0,1.0,1.0,1.0
random,real,credit_g,hgb,lime,0,0.30663003663003663,0.2,0.2
random,random,credit_g,hgb,lime,0,0.25876433508012453,0.2,0.2
random,permuted,credit_g,hgb,lime,0,0.4912044817927171,0.4,0.4
random,constant,credit_g,hgb,lime,0,0.25,0.2,0.2
random,oracle,credit_g,hgb,lime,0,1.0,1.0,1.0
self_top5,real,credit_g,hgb,lime,0,1.0,1.0,1.0
self_top5,random,credit_g,hgb,lime,0,0.26428571428571423,0.0,0.0
self_top5,permuted,credit_g,hgb,lime,0,0.33876068376068375,0.4,0.4
self_top5,constant,credit_g,hgb,lime,0,0.25,0.0,0.0
self_top5,oracle,credit_g,hgb,lime,0,1.0,1.0,1.0
loso_top5,real,credit_g,hgb,lime,0,0.9666666666666666,0.8,0.8
loso_top5,random,credit_g,hgb,lime,0,0.24377289377289377,0.0,0.0
loso_top5,permuted,credit_g,hgb,lime,0,0.3661111111111111,0.4,0.4
loso_top5,constant,credit_g,hgb,lime,0,0.25,0.0,0.0
loso_top5,oracle,credit_g,hgb,lime,0,1.0,1.0,1.0
positional,real,credit_g,hgb,lime,1,0.2592982456140351,0.2,0.2
positional,random,credit_g,hgb,lime,1,0.26996336996336995,0.2,0.2
positional,permuted,credit_g,hgb,lime,1,0.3759477124183006,0.4,0.4
positional,constant,credit_g,hgb,lime,1,0.25,1.0,1.0
positional,oracle,credit_g,hgb,lime,1,1.0,1.0,1.0
random,real,credit_g,hgb,lime,1,0.34944444444444445,0.4,0.4
random,random,credit_g,hgb,lime,1,0.3822078849942627,0.2,0.2
random,permuted,credit_g,hgb,lime,1,0.3204901960784314,0.2,0.2
random,constant,credit_g,hgb,lime,1,0.25,0.2,0.2
random,oracle,credit_g,hgb,lime,1,1.0,1.0,1.0
self_top5,real,credit_g,hgb,lime,1,1.0,1.0,1.0
self_top5,random,credit_g,hgb,lime,1,0.5208119658119659,0.4,0.4
self_top5,permuted,credit_g,hgb,lime,1,0.21675579322638144,0.0,0.0
self_top5,constant,credit_g,hgb,lime,1,0.25,0.2,0.2
self_top5,oracle,credit_g,hgb,lime,1,1.0,1.0,1.0
loso_top5,real,credit_g,hgb,lime,1,0.911111111111111,0.8,0.8
loso_top5,random,credit_g,hgb,lime,1,0.4938888888888889,0.4,0.4
loso_top5,permuted,credit_g,hgb,lime,1,0.43787878787878787,0.2,0.2
loso_top5,constant,credit_g,hgb,lime,1,0.25,0.0,0.0
loso_top5,oracle,credit_g,hgb,lime,1,1.0,1.0,1.0
positional,real,credit_g,hgb,lime,2,0.25975723622782443,0.0,0.0
positional,random,credit_g,hgb,lime,2,0.29420168067226893,0.2,0.2
positional,permuted,credit_g,hgb,lime,2,0.3826143790849673,0.2,0.2
positional,constant,credit_g,hgb,lime,2,0.25,1.0,1.0
positional,oracle,credit_g,hgb,lime,2,1.0,1.0,1.0
random,real,credit_g,hgb,lime,2,0.30877192982456136,0.2,0.2
random,random,credit_g,hgb,lime,2,0.3466666666666667,0.4,0.4
random,permuted,credit_g,hgb,lime,2,0.5542424242424242,0.6,0.6
random,constant,credit_g,hgb,lime,2,0.25,0.2,0.2
random,oracle,credit_g,hgb,lime,2,1.0,1.0,1.0
self_top5,real,credit_g,hgb,lime,2,1.0,1.0,1.0
self_top5,random,credit_g,hgb,lime,2,0.26403846153846156,0.2,0.2
self_top5,permuted,credit_g,hgb,lime,2,0.29345238095238096,0.2,0.2
self_top5,constant,credit_g,hgb,lime,2,0.25,0.0,0.0
self_top5,oracle,credit_g,hgb,lime,2,1.0,1.0,1.0
loso_top5,real,credit_g,hgb,lime,2,1.0,1.0,1.0
loso_top5,random,credit_g,hgb,lime,2,0.26403846153846156,0.2,0.2
loso_top5,permuted,credit_g,hgb,lime,2,0.29345238095238096,0.2,0.2
loso_top5,constant,credit_g,hgb,lime,2,0.25,0.0,0.0
loso_top5,oracle,credit_g,hgb,lime,2,1.0,1.0,1.0
positional,real,credit_g,hgb,lime,3,0.24218559218559219,0.0,0.0
positional,random,credit_g,hgb,lime,3,0.20987933634992456,0.0,0.0
positional,permuted,credit_g,hgb,lime,3,0.3226315789473684,0.2,0.2
positional,constant,credit_g,hgb,lime,3,0.25,1.0,1.0
positional,oracle,credit_g,hgb,lime,3,1.0,1.0,1.0
random,real,credit_g,hgb,lime,3,0.29969040247678014,0.2,0.2
random,random,credit_g,hgb,lime,3,0.21564745196324142,0.0,0.0
random,permuted,credit_g,hgb,lime,3,0.8188235294117647,0.8,0.8
random,constant,credit_g,hgb,lime,3,0.25,0.2,0.2
random,oracle,credit_g,hgb,lime,3,1.0,1.0,1.0
self_top5,real,credit_g,hgb,lime,3,1.0,1.0,1.0
self_top5,random,credit_g,hgb,lime,3,0.39555555555555555,0.6,0.6
self_top5,permuted,credit_g,hgb,lime,3,0.376961926961927,0.2,0.2
self_top5,constant,credit_g,hgb,lime,3,0.25,0.0,0.0
self_top5,oracle,credit_g,hgb,lime,3,1.0,1.0,1.0
loso_top5,real,credit_g,hgb,lime,3,1.0,1.0,1.0
loso_top5,random,credit_g,hgb,lime,3,0.39555555555555555,0.6,0.6
loso_top5,permuted,credit_g,hgb,lime,3,0.376961926961927,0.2,0.2
loso_top5,constant,credit_g,hgb,lime,3,0.25,0.0,0.0
loso_top5,oracle,credit_g,hgb,lime,3,1.0,1.0,1.0
positional,real,credit_g,hgb,lime,4,0.2023015873015873,0.0,0.0
positional,random,credit_g,hgb,lime,4,0.24913003663003663,0.0,0.0
positional,permuted,credit_g,hgb,lime,4,0.32416666666666666,0.2,0.2
positional,constant,credit_g,hgb,lime,4,0.25,1.0,1.0
positional,oracle,credit_g,hgb,lime,4,1.0,1.0,1.0
random,real,credit_g,hgb,lime,4,0.2808367071524966,0.2,0.2
random,random,credit_g,hgb,lime,4,0.19043859649122807,0.0,0.0
random,permuted,credit_g,hgb,lime,4,0.46042568542568546,0.2,0.2
random,constant,credit_g,hgb,lime,4,0.25,0.2,0.2
random,oracle,credit_g,hgb,lime,4,1.0,1.0,1.0
self_top5,real,credit_g,hgb,lime,4,1.0,1.0,1.0
self_top5,random,credit_g,hgb,lime,4,0.3232034632034632,0.2,0.2
self_top5,permuted,credit_g,hgb,lime,4,0.39597069597069595,0.4,0.4
self_top5,constant,credit_g,hgb,lime,4,0.25,0.0,0.0
self_top5,oracle,credit_g,hgb,lime,4,1.0,1.0,1.0
loso_top5,real,credit_g,hgb,lime,4,0.9666666666666666,0.8,0.8
loso_top5,random,credit_g,hgb,lime,4,0.3132034632034632,0.2,0.2
loso_top5,permuted,credit_g,hgb,lime,4,0.2901098901098901,0.2,0.2
loso_top5,constant,credit_g,hgb,lime,4,0.25,0.0,0.0
loso_top5,oracle,credit_g,hgb,lime,4,1.0,1.0,1.0
positional,real,credit_g,mlp,ig,0,0.4464285714285714,0.4,0.4
positional,random,credit_g,mlp,ig,0,0.23309056956115778,0.0,0.0
positional,permuted,credit_g,mlp,ig,0,0.5988888888888889,0.8,0.8
positional,constant,credit_g,mlp,ig,0,0.25,1.0,1.0
positional,oracle,credit_g,mlp,ig,0,1.0,1.0,1.0
random,real,credit_g,mlp,ig,0,0.5366233766233766,0.4,0.4
random,random,credit_g,mlp,ig,0,0.40939393939393937,0.6,0.6
random,permuted,credit_g,mlp,ig,0,0.4249074454956808,0.2,0.2
random,constant,credit_g,mlp,ig,0,0.25,0.0,0.0
random,oracle,credit_g,mlp,ig,0,1.0,1.0,1.0
self_top5,real,credit_g,mlp,ig,0,1.0,1.0,1.0
self_top5,random,credit_g,mlp,ig,0,0.4642857142857143,0.4,0.4
self_top5,permuted,credit_g,mlp,ig,0,0.35382352941176465,0.4,0.4
self_top5,constant,credit_g,mlp,ig,0,0.25,0.4,0.4
self_top5,oracle,credit_g,mlp,ig,0,1.0,1.0,1.0
loso_top5,real,credit_g,mlp,ig,0,0.8766666666666667,0.8,0.8
loso_top5,random,credit_g,mlp,ig,0,0.4047619047619047,0.4,0.4
loso_top5,permuted,credit_g,mlp,ig,0,0.2788235294117647,0.2,0.2
loso_top5,constant,credit_g,mlp,ig,0,0.25,0.2,0.2
loso_top5,oracle,credit_g,mlp,ig,0,1.0,1.0,1.0
positional,real,credit_g,mlp,ig,1,0.2887682252388135,0.2,0.2
positional,random,credit_g,mlp,ig,1,0.46944444444444444,0.4,0.4
positional,permuted,credit_g,mlp,ig,1,0.33238095238095233,0.4,0.4
positional,constant,credit_g,mlp,ig,1,0.25,1.0,1.0
positional,oracle,credit_g,mlp,ig,1,1.0,1.0,1.0
random,real,credit_g,mlp,ig,1,0.6555555555555554,0.6,0.6
random,random,credit_g,mlp,ig,1,0.29518716577540105,0.2,0.2
random,permuted,credit_g,mlp,ig,1,0.32003565062388595,0.2,0.2
random,constant,credit_g,mlp,ig,1,0.25,0.0,0.0
random,oracle,credit_g,mlp,ig,1,1.0,1.0,1.0
self_top5,real,credit_g,mlp,ig,1,1.0,1.0,1.0
self_top5,random,credit_g,mlp,ig,1,0.45606060606060606,0.4,0.4
self_top5,permuted,credit_g,mlp,ig,1,0.21462546741184513,0.0,0.0
self_top5,constant,credit_g,mlp,ig,1,0.25,0.2,0.2
self_top5,oracle,credit_g,mlp,ig,1,1.0,1.0,1.0
loso_top5,real,credit_g,mlp,ig,1,0.9266666666666665,0.8,0.8
loso_top5,random,credit_g,mlp,ig,1,0.42535885167464116,0.4,0.4
loso_top5,permuted,credit_g,mlp,ig,1,0.20774901053538825,0.0,0.0
loso_top5,constant,credit_g,mlp,ig,1,0.25,0.2,0.2
loso_top5,oracle,credit_g,mlp,ig,1,1.0,1.0,1.0
positional,real,credit_g,mlp,ig,2,0.2967023172905526,0.2,0.2
positional,random,credit_g,mlp,ig,2,0.6087301587301587,0.6,0.6
positional,permuted,credit_g,mlp,ig,2,0.5203619909502262,0.4,0.4
positional,constant,credit_g,mlp,ig,2,0.25,1.0,1.0
positional,oracle,credit_g,mlp,ig,2,1.0,1.0,1.0
random,real,credit_g,mlp,ig,2,0.6253968253968254,0.4,0.4
random,random,credit_g,mlp,ig,2,0.17718253968253966,0.0,0.0
random,permuted,credit_g,mlp,ig,2,0.2626984126984127,0.2,0.2
random,constant,credit_g,mlp,ig,2,0.25,0.0,0.0
random,oracle,credit_g,mlp,ig,2,1.0,1.0,1.0
self_top5,real,credit_g,mlp,ig,2,1.0,1.0,1.0
self_top5,random,credit_g,mlp,ig,2,0.2604020979020979,0.2,0.2
self_top5,permuted,credit_g,mlp,ig,2,0.26904761904761904,0.0,0.0
self_top5,constant,credit_g,mlp,ig,2,0.25,0.2,0.2
self_top5,oracle,credit_g,mlp,ig,2,1.0,1.0,1.0
loso_top5,real,credit_g,mlp,ig,2,1.0,1.0,1.0
loso_top5,random,credit_g,mlp,ig,2,0.2604020979020979,0.2,0.2
loso_top5,permuted,credit_g,mlp,ig,2,0.26904761904761904,0.0,0.0
loso_top5,constant,credit_g,mlp,ig,2,0.25,0.2,0.2
loso_top5,oracle,credit_g,mlp,ig,2,1.0,1.0,1.0
positional,real,credit_g,mlp,ig,3,0.30219696969696974,0.2,0.2
positional,random,credit_g,mlp,ig,3,0.45215686274509803,0.2,0.2
positional,permuted,credit_g,mlp,ig,3,0.268482905982906,0.2,0.2
positional,constant,credit_g,mlp,ig,3,0.25,1.0,1.0
positional,oracle,credit_g,mlp,ig,3,1.0,1.0,1.0
random,real,credit_g,mlp,ig,3,0.6333333333333333,0.4,0.4
random,random,credit_g,mlp,ig,3,0.31917004048583,0.4,0.4
random,permuted,credit_g,mlp,ig,3,0.4143198906356801,0.2,0.2
random,constant,credit_g,mlp,ig,3,0.25,0.0,0.0
random,oracle,credit_g,mlp,ig,3,1.0,1.0,1.0
self_top5,real,credit_g,mlp,ig,3,1.0,1.0,1.0
self_top5,random,credit_g,mlp,ig,3,0.39309523809523805,0.4,0.4
self_top5,permuted,credit_g,mlp,ig,3,0.27477443609022556,0.2,0.2
self_top5,constant,credit_g,mlp,ig,3,0.25,0.2,0.2
self_top5,oracle,credit_g,mlp,ig,3,1.0,1.0,1.0
loso_top5,real,credit_g,mlp,ig,3,0.8188235294117647,0.8,0.8
loso_top5,random,credit_g,mlp,ig,3,0.37166666666666665,0.4,0.4
loso_top5,permuted,credit_g,mlp,ig,3,0.26810776942355885,0.0,0.0
loso_top5,constant,credit_g,mlp,ig,3,0.25,0.2,0.2
loso_top5,oracle,credit_g,mlp,ig,3,1.0,1.0,1.0
positional,real,credit_g,mlp,ig,4,0.325,0.2,0.2
positional,random,credit_g,mlp,ig,4,0.4492997198879552,0.2,0.2
positional,permuted,credit_g,mlp,ig,4,0.23815993947572894,0.0,0.0
positional,constant,credit_g,mlp,ig,4,0.25,1.0,1.0
positional,oracle,credit_g,mlp,ig,4,1.0,1.0,1.0
random,real,credit_g,mlp,ig,4,0.5785839160839161,0.4,0.4
random,random,credit_g,mlp,ig,4,0.2652136752136752,0.2,0.2
random,permuted,credit_g,mlp,ig,4,0.8599999999999999,0.8,0.8
random,constant,credit_g,mlp,ig,4,0.25,0.0,0.0
random,oracle,credit_g,mlp,ig,4,1.0,1.0,1.0
self_top5,real,credit_g,mlp,ig,4,1.0,1.0,1.0
self_top5,random,credit_g,mlp,ig,4,0.21009189640768589,0.0,0.0
self_top5,permuted,credit_g,mlp,ig,4,0.32357142857142857,0.2,0.2
self_top5,constant,credit_g,mlp,ig,4,0.25,0.2,0.2
self_top5,oracle,credit_g,mlp,ig,4,1.0,1.0,1.0
loso_top5,real,credit_g,mlp,ig,4,0.7869230769230768,0.8,0.8
loso_top5,random,credit_g,mlp,ig,4,0.17432748538011697,0.0,0.0
loso_top5,permuted,credit_g,mlp,ig,4,0.43238095238095237,0.4,0.4
loso_top5,constant,credit_g,mlp,ig,4,0.25,0.2,0.2
loso_top5,oracle,credit_g,mlp,ig,4,1.0,1.0,1.0
positional,real,credit_g,mlp,lime,0,0.2201010101010101,0.0,0.0
positional,random,credit_g,mlp,lime,0,0.22629680261259205,0.2,0.2
positional,permuted,credit_g,mlp,lime,0,0.4571428571428571,0.4,0.4
positional,constant,credit_g,mlp,lime,0,0.25,1.0,1.0
positional,oracle,credit_g,mlp,lime,0,1.0,1.0,1.0
random,real,credit_g,mlp,lime,0,0.5079365079365079,0.4,0.4
random,random,credit_g,mlp,lime,0,0.41841269841269846,0.2,0.2
random,permuted,credit_g,mlp,lime,0,0.33393175451998974,0.2,0.2
random,constant,credit_g,mlp,lime,0,0.25,0.4,0.4
random,oracle,credit_g,mlp,lime,0,1.0,1.0,1.0
self_top5,real,credit_g,mlp,lime,0,1.0,1.0,1.0
self_top5,random,credit_g,mlp,lime,0,0.4137254901960784,0.2,0.2
self_top5,permuted,credit_g,mlp,lime,0,0.312156862745098,0.2,0.2
self_top5,constant,credit_g,mlp,lime,0,0.25,0.0,0.0
self_top5,oracle,credit_g,mlp,lime,0,1.0,1.0,1.0
loso_top5,real,credit_g,mlp,lime,0,0.9666666666666666,0.8,0.8
loso_top5,random,credit_g,mlp,lime,0,0.6166666666666667,0.4,0.4
loso_top5,permuted,credit_g,mlp,lime,0,0.23993464052287583,0.0,0.0
loso_top5,constant,credit_g,mlp,lime,0,0.25,0.0,0.0
loso_top5,oracle,credit_g,mlp,lime,0,1.0,1.0,1.0
positional,real,credit_g,mlp,lime,1,0.22251748251748255,0.2,0.2
positional,random,credit_g,mlp,lime,1,0.4912044817927171,0.2,0.2
positional,permuted,credit_g,mlp,lime,1,0.268989898989899,0.2,0.2
positional,constant,credit_g,mlp,lime,1,0.25,1.0,1.0
positional,oracle,credit_g,mlp,lime,1,1.0,1.0,1.0
random,real,credit_g,mlp,lime,1,0.40737179487179487,0.4,0.4
random,random,credit_g,mlp,lime,1,0.43813519813519813,0.2,0.2
random,permuted,credit_g,mlp,lime,1,0.20666666666666667,0.0,0.0
random,constant,credit_g,mlp,lime,1,0.25,0.4,0.4
random,oracle,credit_g,mlp,lime,1,1.0,1.0,1.0
self_top5,real,credit_g,mlp,lime,1,1.0,1.0,1.0
self_top5,random,credit_g,mlp,lime,1,0.25636169386169383,0.0,0.0
self_top5,permuted,credit_g,mlp,lime,1,0.2184126984126984,0.0,0.0
self_top5,constant,credit_g,mlp,lime,1,0.25,0.2,0.2
self_top5,oracle,credit_g,mlp,lime,1,1.0,1.0,1.0
loso_top5,real,credit_g,mlp,lime,1,0.9666666666666666,0.8,0.8
loso_top5,random,credit_g,mlp,lime,1,0.2730283605283605,0.2,0.2
loso_top5,permuted,credit_g,mlp,lime,1,0.3293650793650794,0.2,0.2
loso_top5,constant,credit_g,mlp,lime,1,0.25,0.0,0.0
loso_top5,oracle,credit_g,mlp,lime,1,1.0,1.0,1.0
positional,real,credit_g,mlp,lime,2,0.20425579322638146,0.0,0.0
positional,random,credit_g,mlp,lime,2,0.5700000000000001,0.4,0.4
positional,permuted,credit_g,mlp,lime,2,0.5079670329670329,0.4,0.4
positional,constant,credit_g,mlp,lime,2,0.25,1.0,1.0
positional,oracle,credit_g,mlp,lime,2,1.0,1.0,1.0
random,real,credit_g,mlp,lime,2,0.4278711484593837,0.4,0.4
random,random,credit_g,mlp,lime,2,0.44583333333333336,0.4,0.4
random,permuted,credit_g,mlp,lime,2,0.42930402930402933,0.4,0.4
random,constant,credit_g,mlp,lime,2,0.25,0.4,0.4
random,oracle,credit_g,mlp,lime,2,1.0,1.0,1.0
self_top5,real,credit_g,mlp,lime,2,1.0,1.0,1.0
self_top5,random,credit_g,mlp,lime,2,0.18609117490696436,0.0,0.0
self_top5,permuted,credit_g,mlp,lime,2,0.4161064425770308,0.4,0.4
self_top5,constant,credit_g,mlp,lime,2,0.25,0.0,0.0
self_top5,oracle,credit_g,mlp,lime,2,1.0,1.0,1.0
loso_top5,real,credit_g,mlp,lime,2,1.0,1.0,1.0
loso_top5,random,credit_g,mlp,lime,2,0.18609117490696436,0.0,0.0
loso_top5,permuted,credit_g,mlp,lime,2,0.4161064425770308,0.4,0.4
loso_top5,constant,credit_g,mlp,lime,2,0.25,0.0,0.0
loso_top5,oracle,credit_g,mlp,lime,2,1.0,1.0,1.0
positional,real,credit_g,mlp,lime,3,0.21385706914344682,0.2,0.2
positional,random,credit_g,mlp,lime,3,0.3855555555555556,0.2,0.2
positional,permuted,credit_g,mlp,lime,3,0.2733333333333333,0.2,0.2
positional,constant,credit_g,mlp,lime,3,0.25,1.0,1.0
positional,oracle,credit_g,mlp,lime,3,1.0,1.0,1.0
random,real,credit_g,mlp,lime,3,0.2950125313283208,0.2,0.2
random,random,credit_g,mlp,lime,3,0.5102272727272728,0.4,0.4
random,permuted,credit_g,mlp,lime,3,0.33940960999784525,0.2,0.2
random,constant,credit_g,mlp,lime,3,0.25,0.4,0.4
random,oracle,credit_g,mlp,lime,3,1.0,1.0,1.0
self_top5,real,credit_g,mlp,lime,3,1.0,1.0,1.0
self_top5,random,credit_g,mlp,lime,3,0.3101731601731602,0.2,0.2
self_top5,permuted,credit_g,mlp,lime,3,0.3796904024767802,0.2,0.2
self_top5,constant,credit_g,mlp,lime,3,0.25,0.2,0.2
self_top5,oracle,credit_g,mlp,lime,3,1.0,1.0,1.0
loso_top5,real,credit_g,mlp,lime,3,0.9028571428571428,0.8,0.8
loso_top5,random,credit_g,mlp,lime,3,0.39264069264069257,0.4,0.4
loso_top5,permuted,credit_g,mlp,lime,3,0.41683325961963735,0.2,0.2
loso_top5,constant,credit_g,mlp,lime,3,0.25,0.0,0.0
loso_top5,oracle,credit_g,mlp,lime,3,1.0,1.0,1.0
positional,real,credit_g,mlp,lime,4,0.18743589743589745,0.0,0.0
positional,random,credit_g,mlp,lime,4,0.4921855921855922,0.4,0.4
positional,permuted,credit_g,mlp,lime,4,0.2770760233918128,0.2,0.2
positional,constant,credit_g,mlp,lime,4,0.25,1.0,1.0
positional,oracle,credit_g,mlp,lime,4,1.0,1.0,1.0
random,real,credit_g,mlp,lime,4,0.4722222222222222,0.4,0.4
random,random,credit_g,mlp,lime,4,0.33741147741147737,0.2,0.2
random,permuted,credit_g,mlp,lime,4,0.44358974358974357,0.4,0.4
random,constant,credit_g,mlp,lime,4,0.25,0.4,0.4
random,oracle,credit_g,mlp,lime,4,1.0,1.0,1.0
self_top5,real,credit_g,mlp,lime,4,1.0,1.0,1.0
self_top5,random,credit_g,mlp,lime,4,0.36477443609022553,0.2,0.2
self_top5,permuted,credit_g,mlp,lime,4,0.6615384615384615,0.6,0.6
self_top5,constant,credit_g,mlp,lime,4,0.25,0.0,0.0
self_top5,oracle,credit_g,mlp,lime,4,1.0,1.0,1.0
loso_top5,real,credit_g,mlp,lime,4,0.885,0.8,0.8
loso_top5,random,credit_g,mlp,lime,4,0.31977443609022554,0.2,0.2
loso_top5,permuted,credit_g,mlp,lime,4,0.5461538461538462,0.4,0.4
loso_top5,constant,credit_g,mlp,lime,4,0.25,0.0,0.0
loso_top5,oracle,credit_g,mlp,lime,4,1.0,1.0,1.0
positional,real,credit_g,mlp,kshap,0,0.4677124183006536,0.6,0.6
positional,random,credit_g,mlp,kshap,0,0.23172562731386262,0.0,0.0
positional,permuted,credit_g,mlp,kshap,0,0.35037878787878785,0.2,0.2
positional,constant,credit_g,mlp,kshap,0,0.25,1.0,1.0
positional,oracle,credit_g,mlp,kshap,0,1.0,1.0,1.0
random,real,credit_g,mlp,kshap,0,0.2996428571428571,0.0,0.0
random,random,credit_g,mlp,kshap,0,0.2899331662489557,0.2,0.2
random,permuted,credit_g,mlp,kshap,0,0.21037449392712548,0.2,0.2
random,constant,credit_g,mlp,kshap,0,0.25,0.2,0.2
random,oracle,credit_g,mlp,kshap,0,1.0,1.0,1.0
self_top5,real,credit_g,mlp,kshap,0,1.0,1.0,1.0
self_top5,random,credit_g,mlp,kshap,0,0.24225787284610814,0.0,0.0
self_top5,permuted,credit_g,mlp,kshap,0,0.22858585858585861,0.0,0.0
self_top5,constant,credit_g,mlp,kshap,0,0.25,0.6,0.6
self_top5,oracle,credit_g,mlp,kshap,0,1.0,1.0,1.0
loso_top5,real,credit_g,mlp,kshap,0,0.7075757575757575,0.6,0.6
loso_top5,random,credit_g,mlp,kshap,0,0.2737426900584795,0.2,0.2
loso_top5,permuted,credit_g,mlp,kshap,0,0.17307189542483659,0.0,0.0
loso_top5,constant,credit_g,mlp,kshap,0,0.25,0.2,0.2
loso_top5,oracle,credit_g,mlp,kshap,0,1.0,1.0,1.0
positional,real,credit_g,mlp,kshap,1,0.31027777777777776,0.2,0.2
positional,random,credit_g,mlp,kshap,1,0.22462274567537727,0.2,0.2
positional,permuted,credit_g,mlp,kshap,1,0.19029304029304028,0.0,0.0
positional,constant,credit_g,mlp,kshap,1,0.25,1.0,1.0
positional,oracle,credit_g,mlp,kshap,1,1.0,1.0,1.0
random,real,credit_g,mlp,kshap,1,0.27936507936507937,0.2,0.2
random,random,credit_g,mlp,kshap,1,0.2401098901098901,0.0,0.0
random,permuted,credit_g,mlp,kshap,1,0.47833333333333333,0.4,0.4
random,constant,credit_g,mlp,kshap,1,0.25,0.2,0.2
random,oracle,credit_g,mlp,kshap,1,1.0,1.0,1.0
self_top5,real,credit_g,mlp,kshap,1,1.0,1.0,1.0
self_top5,random,credit_g,mlp,kshap,1,0.6526143790849673,0.6,0.6
self_top5,permuted,credit_g,mlp,kshap,1,0.5203619909502262,0.4,0.4
self_top5,constant,credit_g,mlp,kshap,1,0.25,0.2,0.2
self_top5,oracle,credit_g,mlp,kshap,1,1.0,1.0,1.0
loso_top5,real,credit_g,mlp,kshap,1,0.8266666666666667,0.8,0.8
loso_top5,random,credit_g,mlp,kshap,1,0.3323701410388717,0.4,0.4
loso_top5,permuted,credit_g,mlp,kshap,1,0.4148064353946707,0.2,0.2
loso_top5,constant,credit_g,mlp,kshap,1,0.25,0.4,0.4
loso_top5,oracle,credit_g,mlp,kshap,1,1.0,1.0,1.0
positional,real,credit_g,mlp,kshap,2,0.3604256854256854,0.2,0.2
positional,random,credit_g,mlp,kshap,2,0.3050140056022409,0.2,0.2
positional,permuted,credit_g,mlp,kshap,2,0.27263157894736845,0.2,0.2
positional,constant,credit_g,mlp,kshap,2,0.25,1.0,1.0
positional,oracle,credit_g,mlp,kshap,2,1.0,1.0,1.0
random,real,credit_g,mlp,kshap,2,0.30824077882901413,0.2,0.2
random,random,credit_g,mlp,kshap,2,0.6880952380952381,0.6,0.6
random,permuted,credit_g,mlp,kshap,2,0.5448717948717949,0.4,0.4
random,constant,credit_g,mlp,kshap,2,0.25,0.2,0.2
random,oracle,credit_g,mlp,kshap,2,1.0,1.0,1.0
self_top5,real,credit_g,mlp,kshap,2,1.0,1.0,1.0
self_top5,random,credit_g,mlp,kshap,2,0.45536032594856124,0.2,0.2
self_top5,permuted,credit_g,mlp,kshap,2,0.49155080213903746,0.4,0.4
self_top5,constant,credit_g,mlp,kshap,2,0.25,0.2,0.2
self_top5,oracle,credit_g,mlp,kshap,2,1.0,1.0,1.0
loso_top5,real,credit_g,mlp,kshap,2,0.75,0.6,0.6
loso_top5,random,credit_g,mlp,kshap,2,0.23573126220185042,0.0,0.0
loso_top5,permuted,credit_g,mlp,kshap,2,0.25343434343434346,0.2,0.2
loso_top5,constant,credit_g,mlp,kshap,2,0.25,0.4,0.4
loso_top5,oracle,credit_g,mlp,kshap,2,1.0,1.0,1.0
positional,real,credit_g,mlp,kshap,3,0.3763170163170163,0.2,0.2
positional,random,credit_g,mlp,kshap,3,0.39532051282051284,0.2,0.2
positional,permuted,credit_g,mlp,kshap,3,0.5053588516746412,0.4,0.4
positional,constant,credit_g,mlp,kshap,3,0.25,1.0,1.0
positional,oracle,credit_g,mlp,kshap,3,1.0,1.0,1.0
random,real,credit_g,mlp,kshap,3,0.3437698412698413,0.2,0.2
random,random,credit_g,mlp,kshap,3,0.4084415584415584,0.4,0.4
random,permuted,credit_g,mlp,kshap,3,0.41333333333333333,0.2,0.2
random,constant,credit_g,mlp,kshap,3,0.25,0.2,0.2
random,oracle,credit_g,mlp,kshap,3,1.0,1.0,1.0
self_top5,real,credit_g,mlp,kshap,3,1.0,1.0,1.0
self_top5,random,credit_g,mlp,kshap,3,0.6422222222222222,0.6,0.6
self_top5,permuted,credit_g,mlp,kshap,3,0.37,0.4,0.4
self_top5,constant,credit_g,mlp,kshap,3,0.25,0.2,0.2
self_top5,oracle,credit_g,mlp,kshap,3,1.0,1.0,1.0
loso_top5,real,credit_g,mlp,kshap,3,0.7642857142857142,0.6,0.6
loso_top5,random,credit_g,mlp,kshap,3,0.5226373626373626,0.4,0.4
loso_top5,permuted,credit_g,mlp,kshap,3,0.38555555555555554,0.4,0.4
loso_top5,constant,credit_g,mlp,kshap,3,0.25,0.4,0.4
loso_top5,oracle,credit_g,mlp,kshap,3,1.0,1.0,1.0
positional,real,credit_g,mlp,kshap,4,0.41333333333333333,0.4,0.4
positional,random,credit_g,mlp,kshap,4,0.38607627666451194,0.4,0.4
positional,permuted,credit_g,mlp,kshap,4,0.2527207055070832,0.2,0.2
positional,constant,credit_g,mlp,kshap,4,0.25,1.0,1.0
positional,oracle,credit_g,mlp,kshap,4,1.0,1.0,1.0
random,real,credit_g,mlp,kshap,4,0.2441269841269841,0.0,0.0
random,random,credit_g,mlp,kshap,4,0.35320512820512817,0.4,0.4
random,permuted,credit_g,mlp,kshap,4,0.47583333333333333,0.4,0.4
random,constant,credit_g,mlp,kshap,4,0.25,0.2,0.2
random,oracle,credit_g,mlp,kshap,4,1.0,1.0,1.0
self_top5,real,credit_g,mlp,kshap,4,1.0,1.0,1.0
self_top5,random,credit_g,mlp,kshap,4,0.38126984126984126,0.2,0.2
self_top5,permuted,credit_g,mlp,kshap,4,0.4458442486306263,0.4,0.4
self_top5,constant,credit_g,mlp,kshap,4,0.25,0.4,0.4
self_top5,oracle,credit_g,mlp,kshap,4,1.0,1.0,1.0
loso_top5,real,credit_g,mlp,kshap,4,0.7416666666666667,0.6,0.6
loso_top5,random,credit_g,mlp,kshap,4,0.24924812030075189,0.0,0.0
loso_top5,permuted,credit_g,mlp,kshap,4,0.606076276664512,0.4,0.4
loso_top5,constant,credit_g,mlp,kshap,4,0.25,0.2,0.2
loso_top5,oracle,credit_g,mlp,kshap,4,1.0,1.0,1.0
positional,real,bank_marketing,logreg,linshap,0,0.47264069264069264,0.4,0.4
positional,random,bank_marketing,logreg,linshap,0,0.32106060606060605,0.2,0.2
positional,permuted,bank_marketing,logreg,linshap,0,0.26371212121212123,0.2,0.2
positional,constant,bank_marketing,logreg,linshap,0,0.3125,1.0,1.0
positional,oracle,bank_marketing,logreg,linshap,0,1.0,1.0,1.0
random,real,bank_marketing,logreg,linshap,0,0.4325,0.2,0.2
random,random,bank_marketing,logreg,linshap,0,0.2102056277056277,0.0,0.0
random,permuted,bank_marketing,logreg,linshap,0,0.26198717948717953,0.2,0.2
random,constant,bank_marketing,logreg,linshap,0,0.3125,0.4,0.4
random,oracle,bank_marketing,logreg,linshap,0,1.0,1.0,1.0
self_top5,real,bank_marketing,logreg,linshap,0,1.0,1.0,1.0
self_top5,random,bank_marketing,logreg,linshap,0,0.33298368298368297,0.2,0.2
self_top5,permuted,bank_marketing,logreg,linshap,0,0.48714285714285716,0.2,0.2
self_top5,constant,bank_marketing,logreg,linshap,0,0.3125,0.4,0.4
self_top5,oracle,bank_marketing,logreg,linshap,0,1.0,1.0,1.0
loso_top5,real,bank_marketing,logreg,linshap,0,1.0,1.0,1.0
loso_top5,random,bank_marketing,logreg,linshap,0,0.33298368298368297,0.2,0.2
loso_top5,permuted,bank_marketing,logreg,linshap,0,0.48714285714285716,0.2,0.2
loso_top5,constant,bank_marketing,logreg,linshap,0,0.3125,0.4,0.4
loso_top5,oracle,bank_marketing,logreg,linshap,0,1.0,1.0,1.0
positional,real,bank_marketing,logreg,linshap,1,0.47264069264069264,0.4,0.4
positional,random,bank_marketing,logreg,linshap,1,0.3353479853479853,0.2,0.2
positional,permuted,bank_marketing,logreg,linshap,1,0.31987179487179485,0.2,0.2
positional,constant,bank_marketing,logreg,linshap,1,0.3125,1.0,1.0
positional,oracle,bank_marketing,logreg,linshap,1,1.0,1.0,1.0
random,real,bank_marketing,logreg,linshap,1,0.4325,0.2,0.2
random,random,bank_marketing,logreg,linshap,1,0.26085497835497834,0.0,0.0
random,permuted,bank_marketing,logreg,linshap,1,0.30547619047619046,0.2,0.2
random,constant,bank_marketing,logreg,linshap,1,0.3125,0.4,0.4
random,oracle,bank_marketing,logreg,linshap,1,1.0,1.0,1.0
self_top5,real,bank_marketing,logreg,linshap,1,1.0,1.0,1.0
self_top5,random,bank_marketing,logreg,linshap,1,0.46263736263736266,0.4,0.4
self_top5,permuted,bank_marketing,logreg,linshap,1,0.42153846153846153,0.4,0.4
self_top5,constant,bank_marketing,logreg,linshap,1,0.3125,0.4,0.4
self_top5,oracle,bank_marketing,logreg,linshap,1,1.0,1.0,1.0
loso_top5,real,bank_marketing,logreg,linshap,1,1.0,1.0,1.0
loso_top5,random,bank_marketing,logreg,linshap,1,0.46263736263736266,0.4,0.4
loso_top5,permuted,bank_marketing,logreg,linshap,1,0.42153846153846153,0.4,0.4
loso_top5,constant,bank_marketing,logreg,linshap,1,0.3125,0.4,0.4
loso_top5,oracle,bank_marketing,logreg,linshap,1,1.0,1.0,1.0
positional,real,bank_marketing,logreg,linshap,2,0.47264069264069264,0.4,0.4
positional,random,bank_marketing,logreg,linshap,2,0.4666666666666667,0.4,0.4
positional,permuted,bank_marketing,logreg,linshap,2,0.3203787878787879,0.2,0.2
positional,constant,bank_marketing,logreg,linshap,2,0.3125,1.0,1.0
positional,oracle,bank_marketing,logreg,linshap,2,1.0,1.0,1.0
random,real,bank_marketing,logreg,linshap,2,0.4325,0.2,0.2
random,random,bank_marketing,logreg,linshap,2,0.3501984126984127,0.2,0.2
random,permuted,bank_marketing,logreg,linshap,2,0.30034798534798535,0.2,0.2
random,constant,bank_marketing,logreg,linshap,2,0.3125,0.4,0.4
random,oracle,bank_marketing,logreg,linshap,2,1.0,1.0,1.0
self_top5,real,bank_marketing,logreg,linshap,2,1.0,1.0,1.0
self_top5,random,bank_marketing,logreg,linshap,2,0.2941791541791542,0.2,0.2
self_top5,permuted,bank_marketing,logreg,linshap,2,0.45976190476190476,0.4,0.4
self_top5,constant,bank_marketing,logreg,linshap,2,0.3125,0.4,0.4
self_top5,oracle,bank_marketing,logreg,linshap,2,1.0,1.0,1.0
loso_top5,real,bank_marketing,logreg,linshap,2,1.0,1.0,1.0
loso_top5,random,bank_marketing,logreg,linshap,2,0.2941791541791542,0.2,0.2
loso_top5,permuted,bank_marketing,logreg,linshap,2,0.45976190476190476,0.4,0.4
loso_top5,constant,bank_marketing,logreg,linshap,2,0.3125,0.4,0.4
loso_top5,oracle,bank_marketing,logreg,linshap,2,1.0,1.0,1.0
positional,real,bank_marketing,logreg,linshap,3,0.47264069264069264,0.4,0.4
positional,random,bank_marketing,logreg,linshap,3,0.4102411477411478,0.2,0.2
positional,permuted,bank_marketing,logreg,linshap,3,0.2519871794871795,0.2,0.2
positional,constant,bank_marketing,logreg,linshap,3,0.3125,1.0,1.0
positional,oracle,bank_marketing,logreg,linshap,3,1.0,1.0,1.0
random,real,bank_marketing,logreg,linshap,3,0.4325,0.2,0.2
random,random,bank_marketing,logreg,linshap,3,0.47619047619047616,0.2,0.2
random,permuted,bank_marketing,logreg,linshap,3,0.4958333333333333,0.6,0.6
random,constant,bank_marketing,logreg,linshap,3,0.3125,0.4,0.4
random,oracle,bank_marketing,logreg,linshap,3,1.0,1.0,1.0
self_top5,real,bank_marketing,logreg,linshap,3,1.0,1.0,1.0
self_top5,random,bank_marketing,logreg,linshap,3,0.2620851370851371,0.0,0.0
self_top5,permuted,bank_marketing,logreg,linshap,3,0.5272222222222223,0.4,0.4
self_top5,constant,bank_marketing,logreg,linshap,3,0.3125,0.4,0.4
self_top5,oracle,bank_marketing,logreg,linshap,3,1.0,1.0,1.0
loso_top5,real,bank_marketing,logreg,linshap,3,1.0,1.0,1.0
loso_top5,random,bank_marketing,logreg,linshap,3,0.2620851370851371,0.0,0.0
loso_top5,permuted,bank_marketing,logreg,linshap,3,0.5272222222222223,0.4,0.4
loso_top5,constant,bank_marketing,logreg,linshap,3,0.3125,0.4,0.4
loso_top5,oracle,bank_marketing,logreg,linshap,3,1.0,1.0,1.0
positional,real,bank_marketing,logreg,linshap,4,0.47264069264069264,0.4,0.4
positional,random,bank_marketing,logreg,linshap,4,0.5073717948717948,0.6,0.6
positional,permuted,bank_marketing,logreg,linshap,4,0.33630952380952384,0.2,0.2
positional,constant,bank_marketing,logreg,linshap,4,0.3125,1.0,1.0
positional,oracle,bank_marketing,logreg,linshap,4,1.0,1.0,1.0
random,real,bank_marketing,logreg,linshap,4,0.4325,0.2,0.2
random,random,bank_marketing,logreg,linshap,4,0.4714285714285714,0.6,0.6
random,permuted,bank_marketing,logreg,linshap,4,0.47025641025641024,0.2,0.2
random,constant,bank_marketing,logreg,linshap,4,0.3125,0.4,0.4
random,oracle,bank_marketing,logreg,linshap,4,1.0,1.0,1.0
self_top5,real,bank_marketing,logreg,linshap,4,1.0,1.0,1.0
self_top5,random,bank_marketing,logreg,linshap,4,0.38179320679320683,0.2,0.2
self_top5,permuted,bank_marketing,logreg,linshap,4,0.3638095238095238,0.2,0.2
self_top5,constant,bank_marketing,logreg,linshap,4,0.3125,0.4,0.4
self_top5,oracle,bank_marketing,logreg,linshap,4,1.0,1.0,1.0
loso_top5,real,bank_marketing,logreg,linshap,4,1.0,1.0,1.0
loso_top5,random,bank_marketing,logreg,linshap,4,0.38179320679320683,0.2,0.2
loso_top5,permuted,bank_marketing,logreg,linshap,4,0.3638095238095238,0.2,0.2
loso_top5,constant,bank_marketing,logreg,linshap,4,0.3125,0.4,0.4
loso_top5,oracle,bank_marketing,logreg,linshap,4,1.0,1.0,1.0
positional,real,bank_marketing,logreg,lime,0,0.26882700632700635,0.2,0.2
positional,random,bank_marketing,logreg,lime,0,0.3083549783549784,0.4,0.4
positional,permuted,bank_marketing,logreg,lime,0,0.24835081585081586,0.2,0.2
positional,constant,bank_marketing,logreg,lime,0,0.3125,1.0,1.0
positional,oracle,bank_marketing,logreg,lime,0,1.0,1.0,1.0
random,real,bank_marketing,logreg,lime,0,0.30297619047619045,0.2,0.2
random,random,bank_marketing,logreg,lime,0,0.41964285714285715,0.4,0.4
random,permuted,bank_marketing,logreg,lime,0,0.35965034965034964,0.2,0.2
random,constant,bank_marketing,logreg,lime,0,0.3125,0.4,0.4
random,oracle,bank_marketing,logreg,lime,0,1.0,1.0,1.0
self_top5,real,bank_marketing,logreg,lime,0,1.0,1.0,1.0
self_top5,random,bank_marketing,logreg,lime,0,0.3474786324786325,0.2,0.2
self_top5,permuted,bank_marketing,logreg,lime,0,0.6095238095238096,0.4,0.4
self_top5,constant,bank_marketing,logreg,lime,0,0.3125,0.2,0.2
self_top5,oracle,bank_marketing,logreg,lime,0,1.0,1.0,1.0
loso_top5,real,bank_marketing,logreg,lime,0,1.0,1.0,1.0
loso_top5,random,bank_marketing,logreg,lime,0,0.3474786324786325,0.2,0.2
loso_top5,permuted,bank_marketing,logreg,lime,0,0.6095238095238096,0.4,0.4
loso_top5,constant,bank_marketing,logreg,lime,0,0.3125,0.2,0.2
loso_top5,oracle,bank_marketing,logreg,lime,0,1.0,1.0,1.0
positional,real,bank_marketing,logreg,lime,1,0.2848717948717949,0.2,0.2
positional,random,bank_marketing,logreg,lime,1,0.2586111111111111,0.0,0.0
positional,permuted,bank_marketing,logreg,lime,1,0.32976190476190476,0.2,0.2
positional,constant,bank_marketing,logreg,lime,1,0.3125,1.0,1.0
positional,oracle,bank_marketing,logreg,lime,1,1.0,1.0,1.0
random,real,bank_marketing,logreg,lime,1,0.3269230769230769,0.2,0.2
random,random,bank_marketing,logreg,lime,1,0.35749999999999993,0.2,0.2
random,permuted,bank_marketing,logreg,lime,1,0.35714285714285715,0.4,0.4
random,constant,bank_marketing,logreg,lime,1,0.3125,0.4,0.4
random,oracle,bank_marketing,logreg,lime,1,1.0,1.0,1.0
self_top5,real,bank_marketing,logreg,lime,1,1.0,1.0,1.0
self_top5,random,bank_marketing,logreg,lime,1,0.5926406926406926,0.4,0.4
self_top5,permuted,bank_marketing,logreg,lime,1,0.3317748917748918,0.2,0.2
self_top5,constant,bank_marketing,logreg,lime,1,0.3125,0.2,0.2
self_top5,oracle,bank_marketing,logreg,lime,1,1.0,1.0,1.0
loso_top5,real,bank_marketing,logreg,lime,1,1.0,1.0,1.0
loso_top5,random,bank_marketing,logreg,lime,1,0.5926406926406926,0.4,0.4
loso_top5,permuted,bank_marketing,logreg,lime,1,0.3317748917748918,0.2,0.2
loso_top5,constant,bank_marketing,logreg,lime,1,0.3125,0.2,0.2
loso_top5,oracle,bank_marketing,logreg,lime,1,1.0,1.0,1.0
positional,real,bank_marketing,logreg,lime,2,0.30996336996337,0.2,0.2
positional,random,bank_marketing,logreg,lime,2,0.3879365079365079,0.4,0.4
positional,permuted,bank_marketing,logreg,lime,2,0.38476190476190475,0.4,0.4
positional,constant,bank_marketing,logreg,lime,2,0.3125,1.0,1.0
positional,oracle,bank_marketing,logreg,lime,2,1.0,1.0,1.0
random,real,bank_marketing,logreg,lime,2,0.3071428571428571,0.2,0.2
random,random,bank_marketing,logreg,lime,2,0.26825396825396824,0.2,0.2
random,permuted,bank_marketing,logreg,lime,2,0.5442424242424242,0.6,0.6
random,constant,bank_marketing,logreg,lime,2,0.3125,0.4,0.4
random,oracle,bank_marketing,logreg,lime,2,1.0,1.0,1.0
self_top5,real,bank_marketing,logreg,lime,2,1.0,1.0,1.0
self_top5,random,bank_marketing,logreg,lime,2,0.519047619047619,0.4,0.4
self_top5,permuted,bank_marketing,logreg,lime,2,0.2515997890997891,0.0,0.0
self_top5,constant,bank_marketing,logreg,lime,2,0.3125,0.2,0.2
self_top5,oracle,bank_marketing,logreg,lime,2,1.0,1.0,1.0
loso_top5,real,bank_marketing,logreg,lime,2,1.0,1.0,1.0
loso_top5,random,bank_marketing,logreg,lime,2,0.519047619047619,0.4,0.4
loso_top5,permuted,bank_marketing,logreg,lime,2,0.2515997890997891,0.0,0.0
loso_top5,constant,bank_marketing,logreg,lime,2,0.3125,0.2,0.2
loso_top5,oracle,bank_marketing,logreg,lime,2,1.0,1.0,1.0
positional,real,bank_marketing,logreg,lime,3,0.27663003663003666,0.2,0.2
positional,random,bank_marketing,logreg,lime,3,0.3748717948717949,0.4,0.4
positional,permuted,bank_marketing,logreg,lime,3,0.3112987012987013,0.2,0.2
positional,constant,bank_marketing,logreg,lime,3,0.3125,1.0,1.0
positional,oracle,bank_marketing,logreg,lime,3,1.0,1.0,1.0
random,real,bank_marketing,logreg,lime,3,0.31153846153846154,0.2,0.2
random,random,bank_marketing,logreg,lime,3,0.7666666666666666,0.6,0.6
random,permuted,bank_marketing,logreg,lime,3,0.30752164502164503,0.2,0.2
random,constant,bank_marketing,logreg,lime,3,0.3125,0.4,0.4
random,oracle,bank_marketing,logreg,lime,3,1.0,1.0,1.0
self_top5,real,bank_marketing,logreg,lime,3,1.0,1.0,1.0
self_top5,random,bank_marketing,logreg,lime,3,0.4914285714285714,0.6,0.6
self_top5,permuted,bank_marketing,logreg,lime,3,0.5652564102564102,0.4,0.4
self_top5,constant,bank_marketing,logreg,lime,3,0.3125,0.2,0.2
self_top5,oracle,bank_marketing,logreg,lime,3,1.0,1.0,1.0
loso_top5,real,bank_marketing,logreg,lime,3,1.0,1.0,1.0
loso_top5,random,bank_marketing,logreg,lime,3,0.4914285714285714,0.6,0.6
loso_top5,permuted,bank_marketing,logreg,lime,3,0.5652564102564102,0.4,0.4
loso_top5,constant,bank_marketing,logreg,lime,3,0.3125,0.2,0.2
loso_top5,oracle,bank_marketing,logreg,lime,3,1.0,1.0,1.0
positional,real,bank_marketing,logreg,lime,4,0.3063270063270064,0.2,0.2
positional,random,bank_marketing,logreg,lime,4,0.5657142857142856,0.4,0.4
positional,permuted,bank_marketing,logreg,lime,4,0.37166666666666665,0.2,0.2
positional,constant,bank_marketing,logreg,lime,4,0.3125,1.0,1.0
positional,oracle,bank_marketing,logreg,lime,4,1.0,1.0,1.0
random,real,bank_marketing,logreg,lime,4,0.31547619047619047,0.2,0.2
random,random,bank_marketing,logreg,lime,4,0.6269230769230769,0.6,0.6
random,permuted,bank_marketing,logreg,lime,4,0.4638888888888889,0.4,0.4
random,constant,bank_marketing,logreg,lime,4,0.3125,0.4,0.4
random,oracle,bank_marketing,logreg,lime,4,1.0,1.0,1.0
self_top5,real,bank_marketing,logreg,lime,4,1.0,1.0,1.0
self_top5,random,bank_marketing,logreg,lime,4,0.2675124875124875,0.2,0.2
self_top5,permuted,bank_marketing,logreg,lime,4,0.49177489177489175,0.2,0.2
self_top5,constant,bank_marketing,logreg,lime,4,0.3125,0.2,0.2
self_top5,oracle,bank_marketing,logreg,lime,4,1.0,1.0,1.0
loso_top5,real,bank_marketing,logreg,lime,4,1.0,1.0,1.0
loso_top5,random,bank_marketing,logreg,lime,4,0.2675124875124875,0.2,0.2
loso_top5,permuted,bank_marketing,logreg,lime,4,0.49177489177489175,0.2,0.2
loso_top5,constant,bank_marketing,logreg,lime,4,0.3125,0.2,0.2
loso_top5,oracle,bank_marketing,logreg,lime,4,1.0,1.0,1.0
positional,real,bank_marketing,rf,treeshap,0,0.4798701298701299,0.2,0.2
positional,random,bank_marketing,rf,treeshap,0,0.2986002886002886,0.2,0.2
positional,permuted,bank_marketing,rf,treeshap,0,0.30916666666666665,0.2,0.2
positional,constant,bank_marketing,rf,treeshap,0,0.3125,1.0,1.0
positional,oracle,bank_marketing,rf,treeshap,0,1.0,1.0,1.0
random,real,bank_marketing,rf,treeshap,0,0.36257575757575755,0.2,0.2
random,random,bank_marketing,rf,treeshap,0,0.34844155844155844,0.2,0.2
random,permuted,bank_marketing,rf,treeshap,0,0.6352272727272728,0.4,0.4
random,constant,bank_marketing,rf,treeshap,0,0.3125,0.2,0.2
random,oracle,bank_marketing,rf,treeshap,0,1.0,1.0,1.0
self_top5,real,bank_marketing,rf,treeshap,0,1.0,1.0,1.0
self_top5,random,bank_marketing,rf,treeshap,0,0.23726190476190476,0.0,0.0
self_top5,permuted,bank_marketing,rf,treeshap,0,0.24433066933066933,0.0,0.0
self_top5,constant,bank_marketing,rf,treeshap,0,0.3125,0.2,0.2
self_top5,oracle,bank_marketing,rf,treeshap,0,1.0,1.0,1.0
loso_top5,real,bank_marketing,rf,treeshap,0,1.0,1.0,1.0
loso_top5,random,bank_marketing,rf,treeshap,0,0.23726190476190476,0.0,0.0
loso_top5,permuted,bank_marketing,rf,treeshap,0,0.24433066933066933,0.0,0.0
loso_top5,constant,bank_marketing,rf,treeshap,0,0.3125,0.2,0.2
loso_top5,oracle,bank_marketing,rf,treeshap,0,1.0,1.0,1.0
positional,real,bank_marketing,rf,treeshap,1,0.4913170163170163,0.2,0.2
positional,random,bank_marketing,rf,treeshap,1,0.49547619047619046,0.2,0.2
positional,permuted,bank_marketing,rf,treeshap,1,0.2640873015873016,0.2,0.2
positional,constant,bank_marketing,rf,treeshap,1,0.3125,1.0,1.0
positional,oracle,bank_marketing,rf,treeshap,1,1.0,1.0,1.0
random,real,bank_marketing,rf,treeshap,1,0.371031746031746,0.2,0.2
random,random,bank_marketing,rf,treeshap,1,0.2432967032967033,0.2,0.2
random,permuted,bank_marketing,rf,treeshap,1,0.27146853146853145,0.0,0.0
random,constant,bank_marketing,rf,treeshap,1,0.3125,0.2,0.2
random,oracle,bank_marketing,rf,treeshap,1,1.0,1.0,1.0
self_top5,real,bank_marketing,rf,treeshap,1,1.0,1.0,1.0
self_top5,random,bank_marketing,rf,treeshap,1,0.4523809523809524,0.4,0.4
self_top5,permuted,bank_marketing,rf,treeshap,1,0.4139194139194139,0.4,0.4
self_top5,constant,bank_marketing,rf,treeshap,1,0.3125,0.2,0.2
self_top5,oracle,bank_marketing,rf,treeshap,1,1.0,1.0,1.0
loso_top5,real,bank_marketing,rf,treeshap,1,1.0,1.0,1.0
loso_top5,random,bank_marketing,rf,treeshap,1,0.4523809523809524,0.4,0.4
loso_top5,permuted,bank_marketing,rf,treeshap,1,0.4139194139194139,0.4,0.4
loso_top5,constant,bank_marketing,rf,treeshap,1,0.3125,0.2,0.2
loso_top5,oracle,bank_marketing,rf,treeshap,1,1.0,1.0,1.0
positional,real,bank_marketing,rf,treeshap,2,0.4893939393939394,0.2,0.2
positional,random,bank_marketing,rf,treeshap,2,0.62,0.6,0.6
positional,permuted,bank_marketing,rf,treeshap,2,0.31821428571428567,0.2,0.2
positional,constant,bank_marketing,rf,treeshap,2,0.3125,1.0,1.0
positional,oracle,bank_marketing,rf,treeshap,2,1.0,1.0,1.0
random,real,bank_marketing,rf,treeshap,2,0.371031746031746,0.2,0.2
random,random,bank_marketing,rf,treeshap,2,0.4325,0.2,0.2
random,permuted,bank_marketing,rf,treeshap,2,0.5108225108225108,0.4,0.4
random,constant,bank_marketing,rf,treeshap,2,0.3125,0.2,0.2
random,oracle,bank_marketing,rf,treeshap,2,1.0,1.0,1.0
self_top5,real,bank_marketing,rf,treeshap,2,1.0,1.0,1.0
self_top5,random,bank_marketing,rf,treeshap,2,0.5393939393939393,0.6,0.6
self_top5,permuted,bank_marketing,rf,treeshap,2,0.30677655677655674,0.2,0.2
self_top5,constant,bank_marketing,rf,treeshap,2,0.3125,0.2,0.2
self_top5,oracle,bank_marketing,rf,treeshap,2,1.0,1.0,1.0
loso_top5,real,bank_marketing,rf,treeshap,2,1.0,1.0,1.0
loso_top5,random,bank_marketing,rf,treeshap,2,0.5393939393939393,0.6,0.6
loso_top5,permuted,bank_marketing,rf,treeshap,2,0.30677655677655674,0.2,0.2
loso_top5,constant,bank_marketing,rf,treeshap,2,0.3125,0.2,0.2
loso_top5,oracle,bank_marketing,rf,treeshap,2,1.0,1.0,1.0
positional,real,bank_marketing,rf,treeshap,3,0.46050505050505053,0.2,0.2
positional,random,bank_marketing,rf,treeshap,3,0.48357142857142854,0.2,0.2
positional,permuted,bank_marketing,rf,treeshap,3,0.5412698412698412,0.2,0.2
positional,constant,bank_marketing,rf,treeshap,3,0.3125,1.0,1.0
positional,oracle,bank_marketing,rf,treeshap,3,1.0,1.0,1.0
random,real,bank_marketing,rf,treeshap,3,0.39329004329004325,0.2,0.2
random,random,bank_marketing,rf,treeshap,3,0.28787878787878785,0.2,0.2
random,permuted,bank_marketing,rf,treeshap,3,0.5,0.4,0.4
random,constant,bank_marketing,rf,treeshap,3,0.3125,0.2,0.2
random,oracle,bank_marketing,rf,treeshap,3,1.0,1.0,1.0
self_top5,real,bank_marketing,rf,treeshap,3,1.0,1.0,1.0
self_top5,random,bank_marketing,rf,treeshap,3,0.3144078144078144,0.2,0.2
self_top5,permuted,bank_marketing,rf,treeshap,3,0.3439194139194139,0.4,0.4
self_top5,constant,bank_marketing,rf,treeshap,3,0.3125,0.2,0.2
self_top5,oracle,bank_marketing,rf,treeshap,3,1.0,1.0,1.0
loso_top5,real,bank_marketing,rf,treeshap,3,1.0,1.0,1.0
loso_top5,random,bank_marketing,rf,treeshap,3,0.3144078144078144,0.2,0.2
loso_top5,permuted,bank_marketing,rf,treeshap,3,0.3439194139194139,0.4,0.4
loso_top5,constant,bank_marketing,rf,treeshap,3,0.3125,0.2,0.2
loso_top5,oracle,bank_marketing,rf,treeshap,3,1.0,1.0,1.0
positional,real,bank_marketing,rf,treeshap,4,0.46050505050505053,0.2,0.2
positional,random,bank_marketing,rf,treeshap,4,0.5041666666666667,0.4,0.4
positional,permuted,bank_marketing,rf,treeshap,4,0.3930952380952381,0.2,0.2
positional,constant,bank_marketing,rf,treeshap,4,0.3125,1.0,1.0
positional,oracle,bank_marketing,rf,treeshap,4,1.0,1.0,1.0
random,real,bank_marketing,rf,treeshap,4,0.40238095238095234,0.2,0.2
random,random,bank_marketing,rf,treeshap,4,0.21803113553113554,0.0,0.0
random,permuted,bank_marketing,rf,treeshap,4,0.3037518037518037,0.2,0.2
random,constant,bank_marketing,rf,treeshap,4,0.3125,0.2,0.2
random,oracle,bank_marketing,rf,treeshap,4,1.0,1.0,1.0
self_top5,real,bank_marketing,rf,treeshap,4,1.0,1.0,1.0
self_top5,random,bank_marketing,rf,treeshap,4,0.3835897435897436,0.4,0.4
self_top5,permuted,bank_marketing,rf,treeshap,4,0.4815384615384615,0.6,0.6
self_top5,constant,bank_marketing,rf,treeshap,4,0.3125,0.2,0.2
self_top5,oracle,bank_marketing,rf,treeshap,4,1.0,1.0,1.0
loso_top5,real,bank_marketing,rf,treeshap,4,1.0,1.0,1.0
loso_top5,random,bank_marketing,rf,treeshap,4,0.3835897435897436,0.4,0.4
loso_top5,permuted,bank_marketing,rf,treeshap,4,0.4815384615384615,0.6,0.6
loso_top5,constant,bank_marketing,rf,treeshap,4,0.3125,0.2,0.2
loso_top5,oracle,bank_marketing,rf,treeshap,4,1.0,1.0,1.0
positional,real,bank_marketing,rf,lime,0,0.285997335997336,0.2,0.2
positional,random,bank_marketing,rf,lime,0,0.45583333333333337,0.4,0.4
positional,permuted,bank_marketing,rf,lime,0,0.41055555555555556,0.4,0.4
positional,constant,bank_marketing,rf,lime,0,0.3125,1.0,1.0
positional,oracle,bank_marketing,rf,lime,0,1.0,1.0,1.0
random,real,bank_marketing,rf,lime,0,0.30737179487179483,0.2,0.2
random,random,bank_marketing,rf,lime,0,0.3158333333333333,0.2,0.2
random,permuted,bank_marketing,rf,lime,0,0.37090909090909085,0.2,0.2
random,constant,bank_marketing,rf,lime,0,0.3125,0.6,0.6
random,oracle,bank_marketing,rf,lime,0,1.0,1.0,1.0
self_top5,real,bank_marketing,rf,lime,0,1.0,1.0,1.0
self_top5,random,bank_marketing,rf,lime,0,0.4542748917748918,0.4,0.4
self_top5,permuted,bank_marketing,rf,lime,0,0.557936507936508,0.4,0.4
self_top5,constant,bank_marketing,rf,lime,0,0.3125,0.2,0.2
self_top5,oracle,bank_marketing,rf,lime,0,1.0,1.0,1.0
loso_top5,real,bank_marketing,rf,lime,0,0.9666666666666667,0.8,0.8
loso_top5,random,bank_marketing,rf,lime,0,0.5101190476190476,0.4,0.4
loso_top5,permuted,bank_marketing,rf,lime,0,0.4798701298701299,0.2,0.2
loso_top5,constant,bank_marketing,rf,lime,0,0.3125,0.2,0.2
loso_top5,oracle,bank_marketing,rf,lime,0,1.0,1.0,1.0
positional,real,bank_marketing,rf,lime,1,0.27694444444444444,0.2,0.2
positional,random,bank_marketing,rf,lime,1,0.26825396825396824,0.2,0.2
positional,permuted,bank_marketing,rf,lime,1,0.2658333333333333,0.2,0.2
positional,constant,bank_marketing,rf,lime,1,0.3125,1.0,1.0
positional,oracle,bank_marketing,rf,lime,1,1.0,1.0,1.0
random,real,bank_marketing,rf,lime,1,0.3248717948717949,0.4,0.4
random,random,bank_marketing,rf,lime,1,0.3227994227994228,0.2,0.2
random,permuted,bank_marketing,rf,lime,1,0.3708333333333333,0.2,0.2
random,constant,bank_marketing,rf,lime,1,0.3125,0.6,0.6
random,oracle,bank_marketing,rf,lime,1,1.0,1.0,1.0
self_top5,real,bank_marketing,rf,lime,1,1.0,1.0,1.0
self_top5,random,bank_marketing,rf,lime,1,0.42146464646464643,0.4,0.4
self_top5,permuted,bank_marketing,rf,lime,1,0.35964285714285715,0.4,0.4
self_top5,constant,bank_marketing,rf,lime,1,0.3125,0.2,0.2
self_top5,oracle,bank_marketing,rf,lime,1,1.0,1.0,1.0
loso_top5,real,bank_marketing,rf,lime,1,0.9666666666666667,0.8,0.8
loso_top5,random,bank_marketing,rf,lime,1,0.4634920634920635,0.4,0.4
loso_top5,permuted,bank_marketing,rf,lime,1,0.3263095238095238,0.4,0.4
loso_top5,constant,bank_marketing,rf,lime,1,0.3125,0.2,0.2
loso_top5,oracle,bank_marketing,rf,lime,1,1.0,1.0,1.0
positional,real,bank_marketing,rf,lime,2,0.2726731601731602,0.2,0.2
positional,random,bank_marketing,rf,lime,2,0.5166666666666666,0.4,0.4
positional,permuted,bank_marketing,rf,lime,2,0.2920238095238095,0.2,0.2
positional,constant,bank_marketing,rf,lime,2,0.3125,1.0,1.0
positional,oracle,bank_marketing,rf,lime,2,1.0,1.0,1.0
random,real,bank_marketing,rf,lime,2,0.3163003663003663,0.2,0.2
random,random,bank_marketing,rf,lime,2,0.33525641025641023,0.2,0.2
random,permuted,bank_marketing,rf,lime,2,0.2891666666666667,0.2,0.2
random,constant,bank_marketing,rf,lime,2,0.3125,0.6,0.6
random,oracle,bank_marketing,rf,lime,2,1.0,1.0,1.0
self_top5,real,bank_marketing,rf,lime,2,1.0,1.0,1.0
self_top5,random,bank_marketing,rf,lime,2,0.4338095238095238,0.2,0.2
self_top5,permuted,bank_marketing,rf,lime,2,0.5323809523809524,0.4,0.4
self_top5,constant,bank_marketing,rf,lime,2,0.3125,0.2,0.2
self_top5,oracle,bank_marketing,rf,lime,2,1.0,1.0,1.0
loso_top5,real,bank_marketing,rf,lime,2,1.0,1.0,1.0
loso_top5,random,bank_marketing,rf,lime,2,0.4338095238095238,0.2,0.2
loso_top5,permuted,bank_marketing,rf,lime,2,0.5323809523809524,0.4,0.4
loso_top5,constant,bank_marketing,rf,lime,2,0.3125,0.2,0.2
loso_top5,oracle,bank_marketing,rf,lime,2,1.0,1.0,1.0
positional,real,bank_marketing,rf,lime,3,0.2726731601731602,0.2,0.2
positional,random,bank_marketing,rf,lime,3,0.4969230769230769,0.6,0.6
positional,permuted,bank_marketing,rf,lime,3,0.3485897435897436,0.4,0.4
positional,constant,bank_marketing,rf,lime,3,0.3125,1.0,1.0
positional,oracle,bank_marketing,rf,lime,3,1.0,1.0,1.0
random,real,bank_marketing,rf,lime,3,0.3116883116883117,0.2,0.2
random,random,bank_marketing,rf,lime,3,0.4519230769230769,0.4,0.4
random,permuted,bank_marketing,rf,lime,3,0.298034188034188,0.2,0.2
random,constant,bank_marketing,rf,lime,3,0.3125,0.6,0.6
random,oracle,bank_marketing,rf,lime,3,1.0,1.0,1.0
self_top5,real,bank_marketing,rf,lime,3,1.0,1.0,1.0
self_top5,random,bank_marketing,rf,lime,3,0.35237012987012983,0.2,0.2
self_top5,permuted,bank_marketing,rf,lime,3,0.2102056277056277,0.0,0.0
self_top5,constant,bank_marketing,rf,lime,3,0.3125,0.2,0.2
self_top5,oracle,bank_marketing,rf,lime,3,1.0,1.0,1.0
loso_top5,real,bank_marketing,rf,lime,3,1.0,1.0,1.0
loso_top5,random,bank_marketing,rf,lime,3,0.35237012987012983,0.2,0.2
loso_top5,permuted,bank_marketing,rf,lime,3,0.2102056277056277,0.0,0.0
loso_top5,constant,bank_marketing,rf,lime,3,0.3125,0.2,0.2
loso_top5,oracle,bank_marketing,rf,lime,3,1.0,1.0,1.0
positional,real,bank_marketing,rf,lime,4,0.2726731601731602,0.2,0.2
positional,random,bank_marketing,rf,lime,4,0.4930952380952381,0.2,0.2
positional,permuted,bank_marketing,rf,lime,4,0.321031746031746,0.0,0.0
positional,constant,bank_marketing,rf,lime,4,0.3125,1.0,1.0
positional,oracle,bank_marketing,rf,lime,4,1.0,1.0,1.0
random,real,bank_marketing,rf,lime,4,0.3125,0.4,0.4
random,random,bank_marketing,rf,lime,4,0.4141883116883117,0.2,0.2
random,permuted,bank_marketing,rf,lime,4,0.2444047619047619,0.0,0.0
random,constant,bank_marketing,rf,lime,4,0.3125,0.6,0.6
random,oracle,bank_marketing,rf,lime,4,1.0,1.0,1.0
self_top5,real,bank_marketing,rf,lime,4,1.0,1.0,1.0
self_top5,random,bank_marketing,rf,lime,4,0.36138528138528137,0.2,0.2
self_top5,permuted,bank_marketing,rf,lime,4,0.5185897435897435,0.4,0.4
self_top5,constant,bank_marketing,rf,lime,4,0.3125,0.2,0.2
self_top5,oracle,bank_marketing,rf,lime,4,1.0,1.0,1.0
loso_top5,real,bank_marketing,rf,lime,4,0.9666666666666667,0.8,0.8
loso_top5,random,bank_marketing,rf,lime,4,0.3371428571428571,0.2,0.2
loso_top5,permuted,bank_marketing,rf,lime,4,0.5969230769230769,0.6,0.6
loso_top5,constant,bank_marketing,rf,lime,4,0.3125,0.2,0.2
loso_top5,oracle,bank_marketing,rf,lime,4,1.0,1.0,1.0
positional,real,bank_marketing,hgb,treeshap,0,0.6000000000000001,0.4,0.4
positional,random,bank_marketing,hgb,treeshap,0,0.5722222222222222,0.6,0.6
positional,permuted,bank_marketing,hgb,treeshap,0,0.3185839160839161,0.2,0.2
positional,constant,bank_marketing,hgb,treeshap,0,0.3125,1.0,1.0
positional,oracle,bank_marketing,hgb,treeshap,0,1.0,1.0,1.0
random,real,bank_marketing,hgb,treeshap,0,0.6102564102564102,0.6,0.6
random,random,bank_marketing,hgb,treeshap,0,0.7291666666666666,0.6,0.6
random,permuted,bank_marketing,hgb,treeshap,0,0.4157967032967033,0.2,0.2
random,constant,bank_marketing,hgb,treeshap,0,0.3125,0.4,0.4
random,oracle,bank_marketing,hgb,treeshap,0,1.0,1.0,1.0
self_top5,real,bank_marketing,hgb,treeshap,0,1.0,1.0,1.0
self_top5,random,bank_marketing,hgb,treeshap,0,0.3281565656565657,0.2,0.2
self_top5,permuted,bank_marketing,hgb,treeshap,0,0.4975,0.4,0.4
self_top5,constant,bank_marketing,hgb,treeshap,0,0.3125,0.4,0.4
self_top5,oracle,bank_marketing,hgb,treeshap,0,1.0,1.0,1.0
loso_top5,real,bank_marketing,hgb,treeshap,0,1.0,1.0,1.0
loso_top5,random,bank_marketing,hgb,treeshap,0,0.3281565656565657,0.2,0.2
loso_top5,permuted,bank_marketing,hgb,treeshap,0,0.4975,0.4,0.4
loso_top5,constant,bank_marketing,hgb,treeshap,0,0.3125,0.4,0.4
loso_top5,oracle,bank_marketing,hgb,treeshap,0,1.0,1.0,1.0
positional,real,bank_marketing,hgb,treeshap,1,0.6111111111111112,0.4,0.4
positional,random,bank_marketing,hgb,treeshap,1,0.5408119658119659,0.4,0.4
positional,permuted,bank_marketing,hgb,treeshap,1,0.3227272727272727,0.2,0.2
positional,constant,bank_marketing,hgb,treeshap,1,0.3125,1.0,1.0
positional,oracle,bank_marketing,hgb,treeshap,1,1.0,1.0,1.0
random,real,bank_marketing,hgb,treeshap,1,0.6331313131313131,0.6,0.6
random,random,bank_marketing,hgb,treeshap,1,0.5314685314685315,0.4,0.4
random,permuted,bank_marketing,hgb,treeshap,1,0.2729761904761905,0.0,0.0
random,constant,bank_marketing,hgb,treeshap,1,0.3125,0.4,0.4
random,oracle,bank_marketing,hgb,treeshap,1,1.0,1.0,1.0
self_top5,real,bank_marketing,hgb,treeshap,1,1.0,1.0,1.0
self_top5,random,bank_marketing,hgb,treeshap,1,0.6331313131313131,0.6,0.6
self_top5,permuted,bank_marketing,hgb,treeshap,1,0.34249999999999997,0.2,0.2
self_top5,constant,bank_marketing,hgb,treeshap,1,0.3125,0.4,0.4
self_top5,oracle,bank_marketing,hgb,treeshap,1,1.0,1.0,1.0
loso_top5,real,bank_marketing,hgb,treeshap,1,1.0,1.0,1.0
loso_top5,random,bank_marketing,hgb,treeshap,1,0.6331313131313131,0.6,0.6
loso_top5,permuted,bank_marketing,hgb,treeshap,1,0.34249999999999997,0.2,0.2
loso_top5,constant,bank_marketing,hgb,treeshap,1,0.3125,0.4,0.4
loso_top5,oracle,bank_marketing,hgb,treeshap,1,1.0,1.0,1.0
positional,real,bank_marketing,hgb,treeshap,2,0.5768253968253969,0.4,0.4
positional,random,bank_marketing,hgb,treeshap,2,0.5726190476190476,0.4,0.4
positional,permuted,bank_marketing,hgb,treeshap,2,0.3208458208458208,0.2,0.2
positional,constant,bank_marketing,hgb,treeshap,2,0.3125,1.0,1.0
positional,oracle,bank_marketing,hgb,treeshap,2,1.0,1.0,1.0
random,real,bank_marketing,hgb,treeshap,2,0.6742424242424243,0.6,0.6
random,random,bank_marketing,hgb,treeshap,2,0.86,0.8,0.8
random,permuted,bank_marketing,hgb,treeshap,2,0.8769230769230769,0.8,0.8
random,constant,bank_marketing,hgb,treeshap,2,0.3125,0.4,0.4
random,oracle,bank_marketing,hgb,treeshap,2,1.0,1.0,1.0
self_top5,real,bank_marketing,hgb,treeshap,2,1.0,1.0,1.0
self_top5,random,bank_marketing,hgb,treeshap,2,0.6042424242424242,0.4,0.4
self_top5,permuted,bank_marketing,hgb,treeshap,2,0.7393939393939394,0.6,0.6
self_top5,constant,bank_marketing,hgb,treeshap,2,0.3125,0.4,0.4
self_top5,oracle,bank_marketing,hgb,treeshap,2,1.0,1.0,1.0
loso_top5,real,bank_marketing,hgb,treeshap,2,1.0,1.0,1.0
loso_top5,random,bank_marketing,hgb,treeshap,2,0.6042424242424242,0.4,0.4
loso_top5,permuted,bank_marketing,hgb,treeshap,2,0.7393939393939394,0.6,0.6
loso_top5,constant,bank_marketing,hgb,treeshap,2,0.3125,0.4,0.4
loso_top5,oracle,bank_marketing,hgb,treeshap,2,1.0,1.0,1.0
positional,real,bank_marketing,hgb,treeshap,3,0.5746031746031746,0.4,0.4
positional,random,bank_marketing,hgb,treeshap,3,0.31198717948717947,0.2,0.2
positional,permuted,bank_marketing,hgb,treeshap,3,0.41939393939393943,0.4,0.4
positional,constant,bank_marketing,hgb,treeshap,3,0.3125,1.0,1.0
positional,oracle,bank_marketing,hgb,treeshap,3,1.0,1.0,1.0
random,real,bank_marketing,hgb,treeshap,3,0.6644444444444444,0.6,0.6
random,random,bank_marketing,hgb,treeshap,3,0.4435897435897436,0.4,0.4
random,permuted,bank_marketing,hgb,treeshap,3,0.4139194139194139,0.4,0.4
random,constant,bank_marketing,hgb,treeshap,3,0.3125,0.4,0.4
random,oracle,bank_marketing,hgb,treeshap,3,1.0,1.0,1.0
self_top5,real,bank_marketing,hgb,treeshap,3,1.0,1.0,1.0
self_top5,random,bank_marketing,hgb,treeshap,3,0.343560606060606,0.2,0.2
self_top5,permuted,bank_marketing,hgb,treeshap,3,0.2604395604395604,0.0,0.0
self_top5,constant,bank_marketing,hgb,treeshap,3,0.3125,0.4,0.4
self_top5,oracle,bank_marketing,hgb,treeshap,3,1.0,1.0,1.0
loso_top5,real,bank_marketing,hgb,treeshap,3,1.0,1.0,1.0
loso_top5,random,bank_marketing,hgb,treeshap,3,0.343560606060606,0.2,0.2
loso_top5,permuted,bank_marketing,hgb,treeshap,3,0.2604395604395604,0.0,0.0
loso_top5,constant,bank_marketing,hgb,treeshap,3,0.3125,0.4,0.4
loso_top5,oracle,bank_marketing,hgb,treeshap,3,1.0,1.0,1.0
positional,real,bank_marketing,hgb,treeshap,4,0.5768253968253969,0.4,0.4
positional,random,bank_marketing,hgb,treeshap,4,0.33638528138528134,0.0,0.0
positional,permuted,bank_marketing,hgb,treeshap,4,0.6000000000000001,0.4,0.4
positional,constant,bank_marketing,hgb,treeshap,4,0.3125,1.0,1.0
positional,oracle,bank_marketing,hgb,treeshap,4,1.0,1.0,1.0
random,real,bank_marketing,hgb,treeshap,4,0.6666666666666667,0.6,0.6
random,random,bank_marketing,hgb,treeshap,4,0.4064285714285715,0.4,0.4
random,permuted,bank_marketing,hgb,treeshap,4,0.7742424242424242,0.6,0.6
random,constant,bank_marketing,hgb,treeshap,4,0.3125,0.4,0.4
random,oracle,bank_marketing,hgb,treeshap,4,1.0,1.0,1.0
self_top5,real,bank_marketing,hgb,treeshap,4,1.0,1.0,1.0
self_top5,random,bank_marketing,hgb,treeshap,4,0.2886002886002886,0.2,0.2
self_top5,permuted,bank_marketing,hgb,treeshap,4,0.5827505827505828,0.4,0.4
self_top5,constant,bank_marketing,hgb,treeshap,4,0.3125,0.4,0.4
self_top5,oracle,bank_marketing,hgb,treeshap,4,1.0,1.0,1.0
loso_top5,real,bank_marketing,hgb,treeshap,4,1.0,1.0,1.0
loso_top5,random,bank_marketing,hgb,treeshap,4,0.2886002886002886,0.2,0.2
loso_top5,permuted,bank_marketing,hgb,treeshap,4,0.5827505827505828,0.4,0.4
loso_top5,constant,bank_marketing,hgb,treeshap,4,0.3125,0.4,0.4
loso_top5,oracle,bank_marketing,hgb,treeshap,4,1.0,1.0,1.0
positional,real,bank_marketing,hgb,lime,0,0.285021645021645,0.2,0.2
positional,random,bank_marketing,hgb,lime,0,0.27428571428571424,0.0,0.0
positional,permuted,bank_marketing,hgb,lime,0,0.2825,0.2,0.2
positional,constant,bank_marketing,hgb,lime,0,0.3125,1.0,1.0
positional,oracle,bank_marketing,hgb,lime,0,1.0,1.0,1.0
random,real,bank_marketing,hgb,lime,0,0.33246031746031746,0.2,0.2
random,random,bank_marketing,hgb,lime,0,0.5183333333333333,0.4,0.4
random,permuted,bank_marketing,hgb,lime,0,0.3593040293040293,0.4,0.4
random,constant,bank_marketing,hgb,lime,0,0.3125,0.2,0.2
random,oracle,bank_marketing,hgb,lime,0,1.0,1.0,1.0
self_top5,real,bank_marketing,hgb,lime,0,1.0,1.0,1.0
self_top5,random,bank_marketing,hgb,lime,0,0.3241883116883117,0.2,0.2
self_top5,permuted,bank_marketing,hgb,lime,0,0.25636169386169383,0.0,0.0
self_top5,constant,bank_marketing,hgb,lime,0,0.3125,0.2,0.2
self_top5,oracle,bank_marketing,hgb,lime,0,1.0,1.0,1.0
loso_top5,real,bank_marketing,hgb,lime,0,1.0,1.0,1.0
loso_top5,random,bank_marketing,hgb,lime,0,0.3241883116883117,0.2,0.2
loso_top5,permuted,bank_marketing,hgb,lime,0,0.25636169386169383,0.0,0.0
loso_top5,constant,bank_marketing,hgb,lime,0,0.3125,0.2,0.2
loso_top5,oracle,bank_marketing,hgb,lime,0,1.0,1.0,1.0
positional,real,bank_marketing,hgb,lime,1,0.28123543123543127,0.2,0.2
positional,random,bank_marketing,hgb,lime,1,0.3013095238095238,0.2,0.2
positional,permuted,bank_marketing,hgb,lime,1,0.6163170163170163,0.4,0.4
positional,constant,bank_marketing,hgb,lime,1,0.3125,1.0,1.0
positional,oracle,bank_marketing,hgb,lime,1,1.0,1.0,1.0
random,real,bank_marketing,hgb,lime,1,0.34795482295482294,0.2,0.2
random,random,bank_marketing,hgb,lime,1,0.3396717171717172,0.2,0.2
random,permuted,bank_marketing,hgb,lime,1,0.3733333333333333,0.4,0.4
random,constant,bank_marketing,hgb,lime,1,0.3125,0.2,0.2
random,oracle,bank_marketing,hgb,lime,1,1.0,1.0,1.0
self_top5,real,bank_marketing,hgb,lime,1,1.0,1.0,1.0
self_top5,random,bank_marketing,hgb,lime,1,0.4435897435897436,0.4,0.4
self_top5,permuted,bank_marketing,hgb,lime,1,0.2663003663003663,0.0,0.0
self_top5,constant,bank_marketing,hgb,lime,1,0.3125,0.2,0.2
self_top5,oracle,bank_marketing,hgb,lime,1,1.0,1.0,1.0
loso_top5,real,bank_marketing,hgb,lime,1,1.0,1.0,1.0
loso_top5,random,bank_marketing,hgb,lime,1,0.4435897435897436,0.4,0.4
loso_top5,permuted,bank_marketing,hgb,lime,1,0.2663003663003663,0.0,0.0
loso_top5,constant,bank_marketing,hgb,lime,1,0.3125,0.2,0.2
loso_top5,oracle,bank_marketing,hgb,lime,1,1.0,1.0,1.0
positional,real,bank_marketing,hgb,lime,2,0.27683982683982683,0.2,0.2
positional,random,bank_marketing,hgb,lime,2,0.41939393939393943,0.4,0.4
positional,permuted,bank_marketing,hgb,lime,2,0.27706876456876456,0.2,0.2
positional,constant,bank_marketing,hgb,lime,2,0.3125,1.0,1.0
positional,oracle,bank_marketing,hgb,lime,2,1.0,1.0,1.0
random,real,bank_marketing,hgb,lime,2,0.3376984126984127,0.2,0.2
random,random,bank_marketing,hgb,lime,2,0.24532051282051284,0.2,0.2
random,permuted,bank_marketing,hgb,lime,2,0.4552380952380952,0.2,0.2
random,constant,bank_marketing,hgb,lime,2,0.3125,0.2,0.2
random,oracle,bank_marketing,hgb,lime,2,1.0,1.0,1.0
self_top5,real,bank_marketing,hgb,lime,2,1.0,1.0,1.0
self_top5,random,bank_marketing,hgb,lime,2,0.6302564102564103,0.6,0.6
self_top5,permuted,bank_marketing,hgb,lime,2,0.35835497835497837,0.4,0.4
self_top5,constant,bank_marketing,hgb,lime,2,0.3125,0.2,0.2
self_top5,oracle,bank_marketing,hgb,lime,2,1.0,1.0,1.0
loso_top5,real,bank_marketing,hgb,lime,2,1.0,1.0,1.0
loso_top5,random,bank_marketing,hgb,lime,2,0.6302564102564103,0.6,0.6
loso_top5,permuted,bank_marketing,hgb,lime,2,0.35835497835497837,0.4,0.4
loso_top5,constant,bank_marketing,hgb,lime,2,0.3125,0.2,0.2
loso_top5,oracle,bank_marketing,hgb,lime,2,1.0,1.0,1.0
positional,real,bank_marketing,hgb,lime,3,0.27683982683982683,0.2,0.2
positional,random,bank_marketing,hgb,lime,3,0.3541558441558441,0.2,0.2
positional,permuted,bank_marketing,hgb,lime,3,0.4960606060606061,0.4,0.4
positional,constant,bank_marketing,hgb,lime,3,0.3125,1.0,1.0
positional,oracle,bank_marketing,hgb,lime,3,1.0,1.0,1.0
random,real,bank_marketing,hgb,lime,3,0.33904761904761904,0.2,0.2
random,random,bank_marketing,hgb,lime,3,0.8261904761904763,0.6,0.6
random,permuted,bank_marketing,hgb,lime,3,0.49678571428571433,0.6,0.6
random,constant,bank_marketing,hgb,lime,3,0.3125,0.2,0.2
random,oracle,bank_marketing,hgb,lime,3,1.0,1.0,1.0
self_top5,real,bank_marketing,hgb,lime,3,1.0,1.0,1.0
self_top5,random,bank_marketing,hgb,lime,3,0.35037878787878785,0.4,0.4
self_top5,permuted,bank_marketing,hgb,lime,3,0.25916666666666666,0.0,0.0
self_top5,constant,bank_marketing,hgb,lime,3,0.3125,0.2,0.2
self_top5,oracle,bank_marketing,hgb,lime,3,1.0,1.0,1.0
loso_top5,real,bank_marketing,hgb,lime,3,1.0,1.0,1.0
loso_top5,random,bank_marketing,hgb,lime,3,0.35037878787878785,0.4,0.4
loso_top5,permuted,bank_marketing,hgb,lime,3,0.25916666666666666,0.0,0.0
loso_top5,constant,bank_marketing,hgb,lime,3,0.3125,0.2,0.2
loso_top5,oracle,bank_marketing,hgb,lime,3,1.0,1.0,1.0
positional,real,bank_marketing,hgb,lime,4,0.2586904761904762,0.2,0.2
positional,random,bank_marketing,hgb,lime,4,0.22362554112554114,0.0,0.0
positional,permuted,bank_marketing,hgb,lime,4,0.31987012987012986,0.2,0.2
positional,constant,bank_marketing,hgb,lime,4,0.3125,1.0,1.0
positional,oracle,bank_marketing,hgb,lime,4,1.0,1.0,1.0
random,real,bank_marketing,hgb,lime,4,0.32416666666666666,0.2,0.2
random,random,bank_marketing,hgb,lime,4,0.31666666666666665,0.2,0.2
random,permuted,bank_marketing,hgb,lime,4,0.21532051282051284,0.0,0.0
random,constant,bank_marketing,hgb,lime,4,0.3125,0.2,0.2
random,oracle,bank_marketing,hgb,lime,4,1.0,1.0,1.0
self_top5,real,bank_marketing,hgb,lime,4,1.0,1.0,1.0
self_top5,random,bank_marketing,hgb,lime,4,0.3893040293040293,0.4,0.4
self_top5,permuted,bank_marketing,hgb,lime,4,0.47835497835497837,0.4,0.4
self_top5,constant,bank_marketing,hgb,lime,4,0.3125,0.2,0.2
self_top5,oracle,bank_marketing,hgb,lime,4,1.0,1.0,1.0
loso_top5,real,bank_marketing,hgb,lime,4,1.0,1.0,1.0
loso_top5,random,bank_marketing,hgb,lime,4,0.3893040293040293,0.4,0.4
loso_top5,permuted,bank_marketing,hgb,lime,4,0.47835497835497837,0.4,0.4
loso_top5,constant,bank_marketing,hgb,lime,4,0.3125,0.2,0.2
loso_top5,oracle,bank_marketing,hgb,lime,4,1.0,1.0,1.0
positional,real,bank_marketing,mlp,ig,0,0.45820512820512826,0.4,0.4
positional,random,bank_marketing,mlp,ig,0,0.3884415584415584,0.4,0.4
positional,permuted,bank_marketing,mlp,ig,0,0.4158333333333333,0.6,0.6
positional,constant,bank_marketing,mlp,ig,0,0.3125,1.0,1.0
positional,oracle,bank_marketing,mlp,ig,0,1.0,1.0,1.0
random,real,bank_marketing,mlp,ig,0,0.6676190476190477,0.6,0.6
random,random,bank_marketing,mlp,ig,0,0.6592857142857143,0.6,0.6
random,permuted,bank_marketing,mlp,ig,0,0.24869047619047618,0.2,0.2
random,constant,bank_marketing,mlp,ig,0,0.3125,0.4,0.4
random,oracle,bank_marketing,mlp,ig,0,1.0,1.0,1.0
self_top5,real,bank_marketing,mlp,ig,0,1.0,1.0,1.0
self_top5,random,bank_marketing,mlp,ig,0,0.3146428571428571,0.2,0.2
self_top5,permuted,bank_marketing,mlp,ig,0,0.39583333333333337,0.4,0.4
self_top5,constant,bank_marketing,mlp,ig,0,0.3125,0.4,0.4
self_top5,oracle,bank_marketing,mlp,ig,0,1.0,1.0,1.0
loso_top5,real,bank_marketing,mlp,ig,0,1.0,1.0,1.0
loso_top5,random,bank_marketing,mlp,ig,0,0.3146428571428571,0.2,0.2
loso_top5,permuted,bank_marketing,mlp,ig,0,0.39583333333333337,0.4,0.4
loso_top5,constant,bank_marketing,mlp,ig,0,0.3125,0.4,0.4
loso_top5,oracle,bank_marketing,mlp,ig,0,1.0,1.0,1.0
positional,real,bank_marketing,mlp,ig,1,0.5105555555555555,0.4,0.4
positional,random,bank_marketing,mlp,ig,1,0.34025641025641024,0.2,0.2
positional,permuted,bank_marketing,mlp,ig,1,0.3597619047619047,0.2,0.2
positional,constant,bank_marketing,mlp,ig,1,0.3125,1.0,1.0
positional,oracle,bank_marketing,mlp,ig,1,1.0,1.0,1.0
random,real,bank_marketing,mlp,ig,1,0.6047619047619047,0.6,0.6
random,random,bank_marketing,mlp,ig,1,0.5009523809523809,0.6,0.6
random,permuted,bank_marketing,mlp,ig,1,0.3548717948717949,0.2,0.2
random,constant,bank_marketing,mlp,ig,1,0.3125,0.4,0.4
random,oracle,bank_marketing,mlp,ig,1,1.0,1.0,1.0
self_top5,real,bank_marketing,mlp,ig,1,1.0,1.0,1.0
self_top5,random,bank_marketing,mlp,ig,1,0.7166666666666666,0.6,0.6
self_top5,permuted,bank_marketing,mlp,ig,1,0.3493040293040293,0.2,0.2
self_top5,constant,bank_marketing,mlp,ig,1,0.3125,0.4,0.4
self_top5,oracle,bank_marketing,mlp,ig,1,1.0,1.0,1.0
loso_top5,real,bank_marketing,mlp,ig,1,1.0,1.0,1.0
loso_top5,random,bank_marketing,mlp,ig,1,0.7166666666666666,0.6,0.6
loso_top5,permuted,bank_marketing,mlp,ig,1,0.3493040293040293,0.2,0.2
loso_top5,constant,bank_marketing,mlp,ig,1,0.3125,0.4,0.4
loso_top5,oracle,bank_marketing,mlp,ig,1,1.0,1.0,1.0
positional,real,bank_marketing,mlp,ig,2,0.47333333333333333,0.4,0.4
positional,random,bank_marketing,mlp,ig,2,0.3853479853479853,0.4,0.4
positional,permuted,bank_marketing,mlp,ig,2,0.525974025974026,0.4,0.4
positional,constant,bank_marketing,mlp,ig,2,0.3125,1.0,1.0
positional,oracle,bank_marketing,mlp,ig,2,1.0,1.0,1.0
random,real,bank_marketing,mlp,ig,2,0.602983682983683,0.6,0.6
random,random,bank_marketing,mlp,ig,2,0.512967032967033,0.4,0.4
random,permuted,bank_marketing,mlp,ig,2,0.5291666666666667,0.4,0.4
random,constant,bank_marketing,mlp,ig,2,0.3125,0.4,0.4
random,oracle,bank_marketing,mlp,ig,2,1.0,1.0,1.0
self_top5,real,bank_marketing,mlp,ig,2,1.0,1.0,1.0
self_top5,random,bank_marketing,mlp,ig,2,0.41440781440781443,0.2,0.2
self_top5,permuted,bank_marketing,mlp,ig,2,0.5472222222222222,0.4,0.4
self_top5,constant,bank_marketing,mlp,ig,2,0.3125,0.4,0.4
self_top5,oracle,bank_marketing,mlp,ig,2,1.0,1.0,1.0
loso_top5,real,bank_marketing,mlp,ig,2,1.0,1.0,1.0
loso_top5,random,bank_marketing,mlp,ig,2,0.41440781440781443,0.2,0.2
loso_top5,permuted,bank_marketing,mlp,ig,2,0.5472222222222222,0.4,0.4
loso_top5,constant,bank_marketing,mlp,ig,2,0.3125,0.4,0.4
loso_top5,oracle,bank_marketing,mlp,ig,2,1.0,1.0,1.0
positional,real,bank_marketing,mlp,ig,3,0.47880952380952385,0.4,0.4
positional,random,bank_marketing,mlp,ig,3,0.26848290598290603,0.2,0.2
positional,permuted,bank_marketing,mlp,ig,3,0.3382034632034632,0.2,0.2
positional,constant,bank_marketing,mlp,ig,3,0.3125,1.0,1.0
positional,oracle,bank_marketing,mlp,ig,3,1.0,1.0,1.0
random,real,bank_marketing,mlp,ig,3,0.6331313131313131,0.6,0.6
random,random,bank_marketing,mlp,ig,3,0.389459706959707,0.2,0.2
random,permuted,bank_marketing,mlp,ig,3,0.2907051282051282,0.2,0.2
random,constant,bank_marketing,mlp,ig,3,0.3125,0.4,0.4
random,oracle,bank_marketing,mlp,ig,3,1.0,1.0,1.0
self_top5,real,bank_marketing,mlp,ig,3,1.0,1.0,1.0
self_top5,random,bank_marketing,mlp,ig,3,0.31913003663003664,0.2,0.2
self_top5,permuted,bank_marketing,mlp,ig,3,0.4602564102564103,0.2,0.2
self_top5,constant,bank_marketing,mlp,ig,3,0.3125,0.4,0.4
self_top5,oracle,bank_marketing,mlp,ig,3,1.0,1.0,1.0
loso_top5,real,bank_marketing,mlp,ig,3,1.0,1.0,1.0
loso_top5,random,bank_marketing,mlp,ig,3,0.31913003663003664,0.2,0.2
loso_top5,permuted,bank_marketing,mlp,ig,3,0.4602564102564103,0.2,0.2
loso_top5,constant,bank_marketing,mlp,ig,3,0.3125,0.4,0.4
loso_top5,oracle,bank_marketing,mlp,ig,3,1.0,1.0,1.0
positional,real,bank_marketing,mlp,ig,4,0.4980952380952381,0.4,0.4
positional,random,bank_marketing,mlp,ig,4,0.3619047619047619,0.2,0.2
positional,permuted,bank_marketing,mlp,ig,4,0.44916666666666666,0.2,0.2
positional,constant,bank_marketing,mlp,ig,4,0.3125,1.0,1.0
positional,oracle,bank_marketing,mlp,ig,4,1.0,1.0,1.0
random,real,bank_marketing,mlp,ig,4,0.6251948051948052,0.6,0.6
random,random,bank_marketing,mlp,ig,4,0.5722222222222222,0.6,0.6
random,permuted,bank_marketing,mlp,ig,4,0.618095238095238,0.4,0.4
random,constant,bank_marketing,mlp,ig,4,0.3125,0.4,0.4
random,oracle,bank_marketing,mlp,ig,4,1.0,1.0,1.0
self_top5,real,bank_marketing,mlp,ig,4,1.0,1.0,1.0
self_top5,random,bank_marketing,mlp,ig,4,0.40424242424242424,0.2,0.2
self_top5,permuted,bank_marketing,mlp,ig,4,0.44963369963369965,0.2,0.2
self_top5,constant,bank_marketing,mlp,ig,4,0.3125,0.4,0.4
self_top5,oracle,bank_marketing,mlp,ig,4,1.0,1.0,1.0
loso_top5,real,bank_marketing,mlp,ig,4,1.0,1.0,1.0
loso_top5,random,bank_marketing,mlp,ig,4,0.40424242424242424,0.2,0.2
loso_top5,permuted,bank_marketing,mlp,ig,4,0.44963369963369965,0.2,0.2
loso_top5,constant,bank_marketing,mlp,ig,4,0.3125,0.4,0.4
loso_top5,oracle,bank_marketing,mlp,ig,4,1.0,1.0,1.0
positional,real,bank_marketing,mlp,lime,0,0.389459706959707,0.2,0.2
positional,random,bank_marketing,mlp,lime,0,0.35376984126984123,0.2,0.2
positional,permuted,bank_marketing,mlp,lime,0,0.46630952380952384,0.4,0.4
positional,constant,bank_marketing,mlp,lime,0,0.3125,1.0,1.0
positional,oracle,bank_marketing,mlp,lime,0,1.0,1.0,1.0
random,real,bank_marketing,mlp,lime,0,0.26017316017316017,0.2,0.2
random,random,bank_marketing,mlp,lime,0,0.4209090909090909,0.4,0.4
random,permuted,bank_marketing,mlp,lime,0,0.4793650793650794,0.4,0.4
random,constant,bank_marketing,mlp,lime,0,0.3125,0.4,0.4
random,oracle,bank_marketing,mlp,lime,0,1.0,1.0,1.0
self_top5,real,bank_marketing,mlp,lime,0,1.0,1.0,1.0
self_top5,random,bank_marketing,mlp,lime,0,0.28246336996336996,0.2,0.2
self_top5,permuted,bank_marketing,mlp,lime,0,0.7209090909090909,0.6,0.6
self_top5,constant,bank_marketing,mlp,lime,0,0.3125,0.2,0.2
self_top5,oracle,bank_marketing,mlp,lime,0,1.0,1.0,1.0
loso_top5,real,bank_marketing,mlp,lime,0,1.0,1.0,1.0
loso_top5,random,bank_marketing,mlp,lime,0,0.28246336996336996,0.2,0.2
loso_top5,permuted,bank_marketing,mlp,lime,0,0.7209090909090909,0.6,0.6
loso_top5,constant,bank_marketing,mlp,lime,0,0.3125,0.2,0.2
loso_top5,oracle,bank_marketing,mlp,lime,0,1.0,1.0,1.0
positional,real,bank_marketing,mlp,lime,1,0.389459706959707,0.2,0.2
positional,random,bank_marketing,mlp,lime,1,0.2896717171717172,0.2,0.2
positional,permuted,bank_marketing,mlp,lime,1,0.24335497835497835,0.0,0.0
positional,constant,bank_marketing,mlp,lime,1,0.3125,1.0,1.0
positional,oracle,bank_marketing,mlp,lime,1,1.0,1.0,1.0
random,real,bank_marketing,mlp,lime,1,0.28989343989343985,0.2,0.2
random,random,bank_marketing,mlp,lime,1,0.4529761904761905,0.2,0.2
random,permuted,bank_marketing,mlp,lime,1,0.39722222222222225,0.4,0.4
random,constant,bank_marketing,mlp,lime,1,0.3125,0.4,0.4
random,oracle,bank_marketing,mlp,lime,1,1.0,1.0,1.0
self_top5,real,bank_marketing,mlp,lime,1,1.0,1.0,1.0
self_top5,random,bank_marketing,mlp,lime,1,0.45976190476190476,0.4,0.4
self_top5,permuted,bank_marketing,mlp,lime,1,0.5496503496503498,0.4,0.4
self_top5,constant,bank_marketing,mlp,lime,1,0.3125,0.2,0.2
self_top5,oracle,bank_marketing,mlp,lime,1,1.0,1.0,1.0
loso_top5,real,bank_marketing,mlp,lime,1,1.0,1.0,1.0
loso_top5,random,bank_marketing,mlp,lime,1,0.45976190476190476,0.4,0.4
loso_top5,permuted,bank_marketing,mlp,lime,1,0.5496503496503498,0.4,0.4
loso_top5,constant,bank_marketing,mlp,lime,1,0.3125,0.2,0.2
loso_top5,oracle,bank_marketing,mlp,lime,1,1.0,1.0,1.0
positional,real,bank_marketing,mlp,lime,2,0.39202380952380955,0.2,0.2
positional,random,bank_marketing,mlp,lime,2,0.375,0.4,0.4
positional,permuted,bank_marketing,mlp,lime,2,0.29502164502164496,0.2,0.2
positional,constant,bank_marketing,mlp,lime,2,0.3125,1.0,1.0
positional,oracle,bank_marketing,mlp,lime,2,1.0,1.0,1.0
random,real,bank_marketing,mlp,lime,2,0.3338095238095238,0.2,0.2
random,random,bank_marketing,mlp,lime,2,0.26313519813519815,0.0,0.0
random,permuted,bank_marketing,mlp,lime,2,0.62,0.6,0.6
random,constant,bank_marketing,mlp,lime,2,0.3125,0.4,0.4
random,oracle,bank_marketing,mlp,lime,2,1.0,1.0,1.0
self_top5,real,bank_marketing,mlp,lime,2,1.0,1.0,1.0
self_top5,random,bank_marketing,mlp,lime,2,0.30677655677655674,0.2,0.2
self_top5,permuted,bank_marketing,mlp,lime,2,0.27300505050505053,0.0,0.0
self_top5,constant,bank_marketing,mlp,lime,2,0.3125,0.2,0.2
self_top5,oracle,bank_marketing,mlp,lime,2,1.0,1.0,1.0
loso_top5,real,bank_marketing,mlp,lime,2,1.0,1.0,1.0
loso_top5,random,bank_marketing,mlp,lime,2,0.30677655677655674,0.2,0.2
loso_top5,permuted,bank_marketing,mlp,lime,2,0.27300505050505053,0.0,0.0
loso_top5,constant,bank_marketing,mlp,lime,2,0.3125,0.2,0.2
loso_top5,oracle,bank_marketing,mlp,lime,2,1.0,1.0,1.0
positional,real,bank_marketing,mlp,lime,3,0.25612637362637364,0.2,0.2
positional,random,bank_marketing,mlp,lime,3,0.5333333333333333,0.4,0.4
positional,permuted,bank_marketing,mlp,lime,3,0.6282051282051282,0.4,0.4
positional,constant,bank_marketing,mlp,lime,3,0.3125,1.0,1.0
positional,oracle,bank_marketing,mlp,lime,3,1.0,1.0,1.0
random,real,bank_marketing,mlp,lime,3,0.2804761904761905,0.2,0.2
random,random,bank_marketing,mlp,lime,3,0.48416666666666663,0.2,0.2
random,permuted,bank_marketing,mlp,lime,3,0.3021603396603397,0.2,0.2
random,constant,bank_marketing,mlp,lime,3,0.3125,0.4,0.4
random,oracle,bank_marketing,mlp,lime,3,1.0,1.0,1.0
self_top5,real,bank_marketing,mlp,lime,3,1.0,1.0,1.0
self_top5,random,bank_marketing,mlp,lime,3,0.44358974358974357,0.6,0.6
self_top5,permuted,bank_marketing,mlp,lime,3,0.5064285714285715,0.4,0.4
self_top5,constant,bank_marketing,mlp,lime,3,0.3125,0.2,0.2
self_top5,oracle,bank_marketing,mlp,lime,3,1.0,1.0,1.0
loso_top5,real,bank_marketing,mlp,lime,3,1.0,1.0,1.0
loso_top5,random,bank_marketing,mlp,lime,3,0.44358974358974357,0.6,0.6
loso_top5,permuted,bank_marketing,mlp,lime,3,0.5064285714285715,0.4,0.4
loso_top5,constant,bank_marketing,mlp,lime,3,0.3125,0.2,0.2
loso_top5,oracle,bank_marketing,mlp,lime,3,1.0,1.0,1.0
positional,real,bank_marketing,mlp,lime,4,0.26198717948717953,0.2,0.2
positional,random,bank_marketing,mlp,lime,4,0.4079365079365079,0.2,0.2
positional,permuted,bank_marketing,mlp,lime,4,0.41055555555555556,0.4,0.4
positional,constant,bank_marketing,mlp,lime,4,0.3125,1.0,1.0
positional,oracle,bank_marketing,mlp,lime,4,1.0,1.0,1.0
random,real,bank_marketing,mlp,lime,4,0.2737121212121212,0.2,0.2
random,random,bank_marketing,mlp,lime,4,0.2567279942279942,0.0,0.0
random,permuted,bank_marketing,mlp,lime,4,0.6130952380952381,0.4,0.4
random,constant,bank_marketing,mlp,lime,4,0.3125,0.4,0.4
random,oracle,bank_marketing,mlp,lime,4,1.0,1.0,1.0
self_top5,real,bank_marketing,mlp,lime,4,1.0,1.0,1.0
self_top5,random,bank_marketing,mlp,lime,4,0.35583333333333333,0.4,0.4
self_top5,permuted,bank_marketing,mlp,lime,4,0.2364105339105339,0.0,0.0
self_top5,constant,bank_marketing,mlp,lime,4,0.3125,0.2,0.2
self_top5,oracle,bank_marketing,mlp,lime,4,1.0,1.0,1.0
loso_top5,real,bank_marketing,mlp,lime,4,1.0,1.0,1.0
loso_top5,random,bank_marketing,mlp,lime,4,0.35583333333333333,0.4,0.4
loso_top5,permuted,bank_marketing,mlp,lime,4,0.2364105339105339,0.0,0.0
loso_top5,constant,bank_marketing,mlp,lime,4,0.3125,0.2,0.2
loso_top5,oracle,bank_marketing,mlp,lime,4,1.0,1.0,1.0
positional,real,bank_marketing,mlp,kshap,0,0.445021645021645,0.2,0.2
positional,random,bank_marketing,mlp,kshap,0,0.3519230769230769,0.2,0.2
positional,permuted,bank_marketing,mlp,kshap,0,0.42820512820512824,0.4,0.4
positional,constant,bank_marketing,mlp,kshap,0,0.3125,1.0,1.0
positional,oracle,bank_marketing,mlp,kshap,0,1.0,1.0,1.0
random,real,bank_marketing,mlp,kshap,0,0.25835497835497834,0.2,0.2
random,random,bank_marketing,mlp,kshap,0,0.3985897435897436,0.4,0.4
random,permuted,bank_marketing,mlp,kshap,0,0.33298368298368297,0.2,0.2
random,constant,bank_marketing,mlp,kshap,0,0.3125,0.6,0.6
random,oracle,bank_marketing,mlp,kshap,0,1.0,1.0,1.0
self_top5,real,bank_marketing,mlp,kshap,0,1.0,1.0,1.0
self_top5,random,bank_marketing,mlp,kshap,0,0.2615873015873016,0.0,0.0
self_top5,permuted,bank_marketing,mlp,kshap,0,0.7742424242424242,0.6,0.6
self_top5,constant,bank_marketing,mlp,kshap,0,0.3125,0.2,0.2
self_top5,oracle,bank_marketing,mlp,kshap,0,1.0,1.0,1.0
loso_top5,real,bank_marketing,mlp,kshap,0,1.0,1.0,1.0
loso_top5,random,bank_marketing,mlp,kshap,0,0.2615873015873016,0.0,0.0
loso_top5,permuted,bank_marketing,mlp,kshap,0,0.7742424242424242,0.6,0.6
loso_top5,constant,bank_marketing,mlp,kshap,0,0.3125,0.2,0.2
loso_top5,oracle,bank_marketing,mlp,kshap,0,1.0,1.0,1.0
positional,real,bank_marketing,mlp,kshap,1,0.4608225108225108,0.2,0.2
positional,random,bank_marketing,mlp,kshap,1,0.32058608058608057,0.2,0.2
positional,permuted,bank_marketing,mlp,kshap,1,0.2741883116883117,0.2,0.2
positional,constant,bank_marketing,mlp,kshap,1,0.3125,1.0,1.0
positional,oracle,bank_marketing,mlp,kshap,1,1.0,1.0,1.0
random,real,bank_marketing,mlp,kshap,1,0.2886002886002886,0.2,0.2
random,random,bank_marketing,mlp,kshap,1,0.27153846153846156,0.0,0.0
random,permuted,bank_marketing,mlp,kshap,1,0.22413003663003664,0.0,0.0
random,constant,bank_marketing,mlp,kshap,1,0.3125,0.6,0.6
random,oracle,bank_marketing,mlp,kshap,1,1.0,1.0,1.0
self_top5,real,bank_marketing,mlp,kshap,1,1.0,1.0,1.0
self_top5,random,bank_marketing,mlp,kshap,1,0.3658225108225108,0.4,0.4
self_top5,permuted,bank_marketing,mlp,kshap,1,0.3278787878787879,0.2,0.2
self_top5,constant,bank_marketing,mlp,kshap,1,0.3125,0.2,0.2
self_top5,oracle,bank_marketing,mlp,kshap,1,1.0,1.0,1.0
loso_top5,real,bank_marketing,mlp,kshap,1,1.0,1.0,1.0
loso_top5,random,bank_marketing,mlp,kshap,1,0.3658225108225108,0.4,0.4
loso_top5,permuted,bank_marketing,mlp,kshap,1,0.3278787878787879,0.2,0.2
loso_top5,constant,bank_marketing,mlp,kshap,1,0.3125,0.2,0.2
loso_top5,oracle,bank_marketing,mlp,kshap,1,1.0,1.0,1.0
positional,real,bank_marketing,mlp,kshap,2,0.4401098901098901,0.2,0.2
positional,random,bank_marketing,mlp,kshap,2,0.513095238095238,0.4,0.4
positional,permuted,bank_marketing,mlp,kshap,2,0.39583333333333337,0.4,0.4
positional,constant,bank_marketing,mlp,kshap,2,0.3125,1.0,1.0
positional,oracle,bank_marketing,mlp,kshap,2,1.0,1.0,1.0
random,real,bank_marketing,mlp,kshap,2,0.27296703296703295,0.2,0.2
random,random,bank_marketing,mlp,kshap,2,0.43916666666666665,0.2,0.2
random,permuted,bank_marketing,mlp,kshap,2,0.5977777777777777,0.6,0.6
random,constant,bank_marketing,mlp,kshap,2,0.3125,0.6,0.6
random,oracle,bank_marketing,mlp,kshap,2,1.0,1.0,1.0
self_top5,real,bank_marketing,mlp,kshap,2,1.0,1.0,1.0
self_top5,random,bank_marketing,mlp,kshap,2,0.24216033966033967,0.2,0.2
self_top5,permuted,bank_marketing,mlp,kshap,2,0.5371031746031747,0.4,0.4
self_top5,constant,bank_marketing,mlp,kshap,2,0.3125,0.2,0.2
self_top5,oracle,bank_marketing,mlp,kshap,2,1.0,1.0,1.0
loso_top5,real,bank_marketing,mlp,kshap,2,1.0,1.0,1.0
loso_top5,random,bank_marketing,mlp,kshap,2,0.24216033966033967,0.2,0.2
loso_top5,permuted,bank_marketing,mlp,kshap,2,0.5371031746031747,0.4,0.4
loso_top5,constant,bank_marketing,mlp,kshap,2,0.3125,0.2,0.2
loso_top5,oracle,bank_marketing,mlp,kshap,2,1.0,1.0,1.0
positional,real,bank_marketing,mlp,kshap,3,0.4497835497835498,0.2,0.2
positional,random,bank_marketing,mlp,kshap,3,0.46904761904761905,0.4,0.4
positional,permuted,bank_marketing,mlp,kshap,3,0.37037878787878786,0.4,0.4
positional,constant,bank_marketing,mlp,kshap,3,0.3125,1.0,1.0
positional,oracle,bank_marketing,mlp,kshap,3,1.0,1.0,1.0
random,real,bank_marketing,mlp,kshap,3,0.27264069264069263,0.2,0.2
random,random,bank_marketing,mlp,kshap,3,0.37722222222222224,0.4,0.4
random,permuted,bank_marketing,mlp,kshap,3,0.32522727272727275,0.4,0.4
random,constant,bank_marketing,mlp,kshap,3,0.3125,0.6,0.6
random,oracle,bank_marketing,mlp,kshap,3,1.0,1.0,1.0
self_top5,real,bank_marketing,mlp,kshap,3,1.0,1.0,1.0
self_top5,random,bank_marketing,mlp,kshap,3,0.27572677322677325,0.2,0.2
self_top5,permuted,bank_marketing,mlp,kshap,3,0.43820512820512825,0.2,0.2
self_top5,constant,bank_marketing,mlp,kshap,3,0.3125,0.2,0.2
self_top5,oracle,bank_marketing,mlp,kshap,3,1.0,1.0,1.0
loso_top5,real,bank_marketing,mlp,kshap,3,1.0,1.0,1.0
loso_top5,random,bank_marketing,mlp,kshap,3,0.27572677322677325,0.2,0.2
loso_top5,permuted,bank_marketing,mlp,kshap,3,0.43820512820512825,0.2,0.2
loso_top5,constant,bank_marketing,mlp,kshap,3,0.3125,0.2,0.2
loso_top5,oracle,bank_marketing,mlp,kshap,3,1.0,1.0,1.0
positional,real,bank_marketing,mlp,kshap,4,0.49246031746031743,0.2,0.2
positional,random,bank_marketing,mlp,kshap,4,0.42103174603174603,0.2,0.2
positional,permuted,bank_marketing,mlp,kshap,4,0.6099567099567099,0.4,0.4
positional,constant,bank_marketing,mlp,kshap,4,0.3125,1.0,1.0
positional,oracle,bank_marketing,mlp,kshap,4,1.0,1.0,1.0
random,real,bank_marketing,mlp,kshap,4,0.30142857142857143,0.0,0.0
random,random,bank_marketing,mlp,kshap,4,0.3458333333333333,0.2,0.2
random,permuted,bank_marketing,mlp,kshap,4,0.4857142857142857,0.4,0.4
random,constant,bank_marketing,mlp,kshap,4,0.3125,0.6,0.6
random,oracle,bank_marketing,mlp,kshap,4,1.0,1.0,1.0
self_top5,real,bank_marketing,mlp,kshap,4,1.0,1.0,1.0
self_top5,random,bank_marketing,mlp,kshap,4,0.22632700632700634,0.0,0.0
self_top5,permuted,bank_marketing,mlp,kshap,4,0.5235897435897435,0.4,0.4
self_top5,constant,bank_marketing,mlp,kshap,4,0.3125,0.2,0.2
self_top5,oracle,bank_marketing,mlp,kshap,4,1.0,1.0,1.0
loso_top5,real,bank_marketing,mlp,kshap,4,0.9666666666666667,0.8,0.8
loso_top5,random,bank_marketing,mlp,kshap,4,0.2232967032967033,0.0,0.0
loso_top5,permuted,bank_marketing,mlp,kshap,4,0.4326495726495727,0.2,0.2
loso_top5,constant,bank_marketing,mlp,kshap,4,0.3125,0.2,0.2
loso_top5,oracle,bank_marketing,mlp,kshap,4,1.0,1.0,1.0
positional,real,ccdefault,logreg,linshap,0,0.3048841354723708,0.2,0.2
positional,random,ccdefault,logreg,linshap,0,0.28020050125313284,0.2,0.2
positional,permuted,ccdefault,logreg,linshap,0,0.20402427637721754,0.2,0.2
positional,constant,ccdefault,logreg,linshap,0,0.21739130434782608,1.0,1.0
positional,oracle,ccdefault,logreg,linshap,0,1.0,1.0,1.0
random,real,ccdefault,logreg,linshap,0,0.39296544035674474,0.2,0.2
random,random,ccdefault,logreg,linshap,0,0.22802371541501976,0.2,0.2
random,permuted,ccdefault,logreg,linshap,0,0.21599574338704777,0.2,0.2
random,constant,ccdefault,logreg,linshap,0,0.21739130434782608,0.0,0.0
random,oracle,ccdefault,logreg,linshap,0,1.0,1.0,1.0
self_top5,real,ccdefault,logreg,linshap,0,1.0,1.0,1.0
self_top5,random,ccdefault,logreg,linshap,0,0.1571212121212121,0.0,0.0
self_top5,permuted,ccdefault,logreg,linshap,0,0.1977829188355504,0.0,0.0
self_top5,constant,ccdefault,logreg,linshap,0,0.21739130434782608,0.2,0.2
self_top5,oracle,ccdefault,logreg,linshap,0,1.0,1.0,1.0
loso_top5,real,ccdefault,logreg,linshap,0,1.0,1.0,1.0
loso_top5,random,ccdefault,logreg,linshap,0,0.1571212121212121,0.0,0.0
loso_top5,permuted,ccdefault,logreg,linshap,0,0.1977829188355504,0.0,0.0
loso_top5,constant,ccdefault,logreg,linshap,0,0.21739130434782608,0.2,0.2
loso_top5,oracle,ccdefault,logreg,linshap,0,1.0,1.0,1.0
positional,real,ccdefault,logreg,linshap,1,0.3048841354723708,0.2,0.2
positional,random,ccdefault,logreg,linshap,1,0.27956349206349207,0.2,0.2
positional,permuted,ccdefault,logreg,linshap,1,0.2809035409035409,0.2,0.2
positional,constant,ccdefault,logreg,linshap,1,0.21739130434782608,1.0,1.0
positional,oracle,ccdefault,logreg,linshap,1,1.0,1.0,1.0
random,real,ccdefault,logreg,linshap,1,0.39296544035674474,0.2,0.2
random,random,ccdefault,logreg,linshap,1,0.4378354978354978,0.2,0.2
random,permuted,ccdefault,logreg,linshap,1,0.25681159420289856,0.2,0.2
random,constant,ccdefault,logreg,linshap,1,0.21739130434782608,0.0,0.0
random,oracle,ccdefault,logreg,linshap,1,1.0,1.0,1.0
self_top5,real,ccdefault,logreg,linshap,1,1.0,1.0,1.0
self_top5,random,ccdefault,logreg,linshap,1,0.2870588235294118,0.2,0.2
self_top5,permuted,ccdefault,logreg,linshap,1,0.2793073593073593,0.2,0.2
self_top5,constant,ccdefault,logreg,linshap,1,0.21739130434782608,0.2,0.2
self_top5,oracle,ccdefault,logreg,linshap,1,1.0,1.0,1.0
loso_top5,real,ccdefault,logreg,linshap,1,1.0,1.0,1.0
loso_top5,random,ccdefault,logreg,linshap,1,0.2870588235294118,0.2,0.2
loso_top5,permuted,ccdefault,logreg,linshap,1,0.2793073593073593,0.2,0.2
loso_top5,constant,ccdefault,logreg,linshap,1,0.21739130434782608,0.2,0.2
loso_top5,oracle,ccdefault,logreg,linshap,1,1.0,1.0,1.0
positional,real,ccdefault,logreg,linshap,2,0.3048841354723708,0.2,0.2
positional,random,ccdefault,logreg,linshap,2,0.37809523809523815,0.4,0.4
positional,permuted,ccdefault,logreg,linshap,2,0.18097080937638213,0.0,0.0
positional,constant,ccdefault,logreg,linshap,2,0.21739130434782608,1.0,1.0
positional,oracle,ccdefault,logreg,linshap,2,1.0,1.0,1.0
random,real,ccdefault,logreg,linshap,2,0.39296544035674474,0.2,0.2
random,random,ccdefault,logreg,linshap,2,0.36666666666666664,0.2,0.2
random,permuted,ccdefault,logreg,linshap,2,0.32599574338704773,0.4,0.4
random,constant,ccdefault,logreg,linshap,2,0.21739130434782608,0.0,0.0
random,oracle,ccdefault,logreg,linshap,2,1.0,1.0,1.0
self_top5,real,ccdefault,logreg,linshap,2,1.0,1.0,1.0
self_top5,random,ccdefault,logreg,linshap,2,0.5105555555555557,0.4,0.4
self_top5,permuted,ccdefault,logreg,linshap,2,0.3697578636197562,0.2,0.2
self_top5,constant,ccdefault,logreg,linshap,2,0.21739130434782608,0.2,0.2
self_top5,oracle,ccdefault,logreg,linshap,2,1.0,1.0,1.0
loso_top5,real,ccdefault,logreg,linshap,2,1.0,1.0,1.0
loso_top5,random,ccdefault,logreg,linshap,2,0.5105555555555557,0.4,0.4
loso_top5,permuted,ccdefault,logreg,linshap,2,0.3697578636197562,0.2,0.2
loso_top5,constant,ccdefault,logreg,linshap,2,0.21739130434782608,0.2,0.2
loso_top5,oracle,ccdefault,logreg,linshap,2,1.0,1.0,1.0
positional,real,ccdefault,logreg,linshap,3,0.3048841354723708,0.2,0.2
positional,random,ccdefault,logreg,linshap,3,0.2072362278244631,0.0,0.0
positional,permuted,ccdefault,logreg,linshap,3,0.4083116883116883,0.4,0.4
positional,constant,ccdefault,logreg,linshap,3,0.21739130434782608,1.0,1.0
positional,oracle,ccdefault,logreg,linshap,3,1.0,1.0,1.0
random,real,ccdefault,logreg,linshap,3,0.39296544035674474,0.2,0.2
random,random,ccdefault,logreg,linshap,3,0.2410540184453228,0.2,0.2
random,permuted,ccdefault,logreg,linshap,3,0.39222222222222225,0.4,0.4
random,constant,ccdefault,logreg,linshap,3,0.21739130434782608,0.0,0.0
random,oracle,ccdefault,logreg,linshap,3,1.0,1.0,1.0
self_top5,real,ccdefault,logreg,linshap,3,1.0,1.0,1.0
self_top5,random,ccdefault,logreg,linshap,3,0.1860606784519828,0.0,0.0
self_top5,permuted,ccdefault,logreg,linshap,3,0.16586466165413535,0.0,0.0
self_top5,constant,ccdefault,logreg,linshap,3,0.21739130434782608,0.2,0.2
self_top5,oracle,ccdefault,logreg,linshap,3,1.0,1.0,1.0
loso_top5,real,ccdefault,logreg,linshap,3,1.0,1.0,1.0
loso_top5,random,ccdefault,logreg,linshap,3,0.1860606784519828,0.0,0.0
loso_top5,permuted,ccdefault,logreg,linshap,3,0.16586466165413535,0.0,0.0
loso_top5,constant,ccdefault,logreg,linshap,3,0.21739130434782608,0.2,0.2
loso_top5,oracle,ccdefault,logreg,linshap,3,1.0,1.0,1.0
positional,real,ccdefault,logreg,linshap,4,0.3048841354723708,0.2,0.2
positional,random,ccdefault,logreg,linshap,4,0.21365079365079365,0.0,0.0
positional,permuted,ccdefault,logreg,linshap,4,0.2612987012987013,0.0,0.0
positional,constant,ccdefault,logreg,linshap,4,0.21739130434782608,1.0,1.0
positional,oracle,ccdefault,logreg,linshap,4,1.0,1.0,1.0
random,real,ccdefault,logreg,linshap,4,0.39296544035674474,0.2,0.2
random,random,ccdefault,logreg,linshap,4,0.187853926259499,0.2,0.2
random,permuted,ccdefault,logreg,linshap,4,0.5454545454545454,0.4,0.4
random,constant,ccdefault,logreg,linshap,4,0.21739130434782608,0.0,0.0
random,oracle,ccdefault,logreg,linshap,4,1.0,1.0,1.0
self_top5,real,ccdefault,logreg,linshap,4,1.0,1.0,1.0
self_top5,random,ccdefault,logreg,linshap,4,0.1939450899977216,0.0,0.0
self_top5,permuted,ccdefault,logreg,linshap,4,0.40454545454545454,0.2,0.2
self_top5,constant,ccdefault,logreg,linshap,4,0.21739130434782608,0.2,0.2
self_top5,oracle,ccdefault,logreg,linshap,4,1.0,1.0,1.0
loso_top5,real,ccdefault,logreg,linshap,4,1.0,1.0,1.0
loso_top5,random,ccdefault,logreg,linshap,4,0.1939450899977216,0.0,0.0
loso_top5,permuted,ccdefault,logreg,linshap,4,0.40454545454545454,0.2,0.2
loso_top5,constant,ccdefault,logreg,linshap,4,0.21739130434782608,0.2,0.2
loso_top5,oracle,ccdefault,logreg,linshap,4,1.0,1.0,1.0
positional,real,ccdefault,logreg,lime,0,0.2551665725578769,0.2,0.2
positional,random,ccdefault,logreg,lime,0,0.26263157894736844,0.2,0.2
positional,permuted,ccdefault,logreg,lime,0,0.18069094304388422,0.0,0.0
positional,constant,ccdefault,logreg,lime,0,0.21739130434782608,1.0,1.0
positional,oracle,ccdefault,logreg,lime,0,1.0,1.0,1.0
random,real,ccdefault,logreg,lime,0,0.20037051184110008,0.0,0.0
random,random,ccdefault,logreg,lime,0,0.19178571428571428,0.0,0.0
random,permuted,ccdefault,logreg,lime,0,0.22347826086956524,0.2,0.2
random,constant,ccdefault,logreg,lime,0,0.21739130434782608,0.4,0.4
random,oracle,ccdefault,logreg,lime,0,1.0,1.0,1.0
self_top5,real,ccdefault,logreg,lime,0,1.0,1.0,1.0
self_top5,random,ccdefault,logreg,lime,0,0.2808855472013367,0.2,0.2
self_top5,permuted,ccdefault,logreg,lime,0,0.4164502164502164,0.2,0.2
self_top5,constant,ccdefault,logreg,lime,0,0.21739130434782608,0.2,0.2
self_top5,oracle,ccdefault,logreg,lime,0,1.0,1.0,1.0
loso_top5,real,ccdefault,logreg,lime,0,1.0,1.0,1.0
loso_top5,random,ccdefault,logreg,lime,0,0.2808855472013367,0.2,0.2
loso_top5,permuted,ccdefault,logreg,lime,0,0.4164502164502164,0.2,0.2
loso_top5,constant,ccdefault,logreg,lime,0,0.21739130434782608,0.2,0.2
loso_top5,oracle,ccdefault,logreg,lime,0,1.0,1.0,1.0
positional,real,ccdefault,logreg,lime,1,0.26724386724386723,0.2,0.2
positional,random,ccdefault,logreg,lime,1,0.19093022411100213,0.0,0.0
positional,permuted,ccdefault,logreg,lime,1,0.24444444444444444,0.2,0.2
positional,constant,ccdefault,logreg,lime,1,0.21739130434782608,1.0,1.0
positional,oracle,ccdefault,logreg,lime,1,1.0,1.0,1.0
random,real,ccdefault,logreg,lime,1,0.21371420976684136,0.0,0.0
random,random,ccdefault,logreg,lime,1,0.1551665725578769,0.0,0.0
random,permuted,ccdefault,logreg,lime,1,0.3116883116883117,0.2,0.2
random,constant,ccdefault,logreg,lime,1,0.21739130434782608,0.4,0.4
random,oracle,ccdefault,logreg,lime,1,1.0,1.0,1.0
self_top5,real,ccdefault,logreg,lime,1,1.0,1.0,1.0
self_top5,random,ccdefault,logreg,lime,1,0.4768253968253968,0.4,0.4
self_top5,permuted,ccdefault,logreg,lime,1,0.19932907672038108,0.0,0.0
self_top5,constant,ccdefault,logreg,lime,1,0.21739130434782608,0.2,0.2
self_top5,oracle,ccdefault,logreg,lime,1,1.0,1.0,1.0
loso_top5,real,ccdefault,logreg,lime,1,1.0,1.0,1.0
loso_top5,random,ccdefault,logreg,lime,1,0.4768253968253968,0.4,0.4
loso_top5,permuted,ccdefault,logreg,lime,1,0.19932907672038108,0.0,0.0
loso_top5,constant,ccdefault,logreg,lime,1,0.21739130434782608,0.2,0.2
loso_top5,oracle,ccdefault,logreg,lime,1,1.0,1.0,1.0
positional,real,ccdefault,logreg,lime,2,0.28830613830613827,0.2,0.2
positional,random,ccdefault,logreg,lime,2,0.3390659340659341,0.2,0.2
positional,permuted,ccdefault,logreg,lime,2,0.22699938949938947,0.2,0.2
positional,constant,ccdefault,logreg,lime,2,0.21739130434782608,1.0,1.0
positional,oracle,ccdefault,logreg,lime,2,1.0,1.0,1.0
random,real,ccdefault,logreg,lime,2,0.20507070351463946,0.0,0.0
random,random,ccdefault,logreg,lime,2,0.2714285714285714,0.2,0.2
random,permuted,ccdefault,logreg,lime,2,0.39660894660894663,0.2,0.2
random,constant,ccdefault,logreg,lime,2,0.21739130434782608,0.4,0.4
random,oracle,ccdefault,logreg,lime,2,1.0,1.0,1.0
self_top5,real,ccdefault,logreg,lime,2,1.0,1.0,1.0
self_top5,random,ccdefault,logreg,lime,2,0.19988348962773517,0.2,0.2
self_top5,permuted,ccdefault,logreg,lime,2,0.379047619047619,0.4,0.4
self_top5,constant,ccdefault,logreg,lime,2,0.21739130434782608,0.2,0.2
self_top5,oracle,ccdefault,logreg,lime,2,1.0,1.0,1.0
loso_top5,real,ccdefault,logreg,lime,2,1.0,1.0,1.0
loso_top5,random,ccdefault,logreg,lime,2,0.19988348962773517,0.2,0.2
loso_top5,permuted,ccdefault,logreg,lime,2,0.379047619047619,0.4,0.4
loso_top5,constant,ccdefault,logreg,lime,2,0.21739130434782608,0.2,0.2
loso_top5,oracle,ccdefault,logreg,lime,2,1.0,1.0,1.0
positional,real,ccdefault,logreg,lime,3,0.23875124875124878,0.2,0.2
positional,random,ccdefault,logreg,lime,3,0.32728778467908903,0.2,0.2
positional,permuted,ccdefault,logreg,lime,3,0.17187229437229437,0.0,0.0
positional,constant,ccdefault,logreg,lime,3,0.21739130434782608,1.0,1.0
positional,oracle,ccdefault,logreg,lime,3,1.0,1.0,1.0
random,real,ccdefault,logreg,lime,3,0.2104715219421102,0.0,0.0
random,random,ccdefault,logreg,lime,3,0.5764411027568923,0.4,0.4
random,permuted,ccdefault,logreg,lime,3,0.4703787878787879,0.4,0.4
random,constant,ccdefault,logreg,lime,3,0.21739130434782608,0.4,0.4
random,oracle,ccdefault,logreg,lime,3,1.0,1.0,1.0
self_top5,real,ccdefault,logreg,lime,3,1.0,1.0,1.0
self_top5,random,ccdefault,logreg,lime,3,0.21812111801242237,0.2,0.2
self_top5,permuted,ccdefault,logreg,lime,3,0.27418300653594774,0.2,0.2
self_top5,constant,ccdefault,logreg,lime,3,0.21739130434782608,0.2,0.2
self_top5,oracle,ccdefault,logreg,lime,3,1.0,1.0,1.0
loso_top5,real,ccdefault,logreg,lime,3,1.0,1.0,1.0
loso_top5,random,ccdefault,logreg,lime,3,0.21812111801242237,0.2,0.2
loso_top5,permuted,ccdefault,logreg,lime,3,0.27418300653594774,0.2,0.2
loso_top5,constant,ccdefault,logreg,lime,3,0.21739130434782608,0.2,0.2
loso_top5,oracle,ccdefault,logreg,lime,3,1.0,1.0,1.0
positional,real,ccdefault,logreg,lime,4,0.22497835497835494,0.0,0.0
positional,random,ccdefault,logreg,lime,4,0.2680952380952381,0.2,0.2
positional,permuted,ccdefault,logreg,lime,4,0.36376068376068377,0.4,0.4
positional,constant,ccdefault,logreg,lime,4,0.21739130434782608,1.0,1.0
positional,oracle,ccdefault,logreg,lime,4,1.0,1.0,1.0
random,real,ccdefault,logreg,lime,4,0.20697945845004667,0.0,0.0
random,random,ccdefault,logreg,lime,4,0.40596491228070175,0.2,0.2
random,permuted,ccdefault,logreg,lime,4,0.2097222222222222,0.0,0.0
random,constant,ccdefault,logreg,lime,4,0.21739130434782608,0.4,0.4
random,oracle,ccdefault,logreg,lime,4,1.0,1.0,1.0
self_top5,real,ccdefault,logreg,lime,4,1.0,1.0,1.0
self_top5,random,ccdefault,logreg,lime,4,0.20877237851662406,0.2,0.2
self_top5,permuted,ccdefault,logreg,lime,4,0.31606060606060604,0.2,0.2
self_top5,constant,ccdefault,logreg,lime,4,0.21739130434782608,0.0,0.0
self_top5,oracle,ccdefault,logreg,lime,4,1.0,1.0,1.0
loso_top5,real,ccdefault,logreg,lime,4,0.9666666666666666,0.8,0.8
loso_top5,random,ccdefault,logreg,lime,4,0.23347826086956522,0.2,0.2
loso_top5,permuted,ccdefault,logreg,lime,4,0.3977272727272727,0.4,0.4
loso_top5,constant,ccdefault,logreg,lime,4,0.21739130434782608,0.2,0.2
loso_top5,oracle,ccdefault,logreg,lime,4,1.0,1.0,1.0
positional,real,ccdefault,rf,treeshap,0,0.19730221469351905,0.2,0.2
positional,random,ccdefault,rf,treeshap,0,0.27083670715249664,0.2,0.2
positional,permuted,ccdefault,rf,treeshap,0,0.4484782608695652,0.4,0.4
positional,constant,ccdefault,rf,treeshap,0,0.21739130434782608,1.0,1.0
positional,oracle,ccdefault,rf,treeshap,0,1.0,1.0,1.0
random,real,ccdefault,rf,treeshap,0,0.35619193608324046,0.2,0.2
random,random,ccdefault,rf,treeshap,0,0.3186507936507937,0.2,0.2
random,permuted,ccdefault,rf,treeshap,0,0.39354978354978354,0.2,0.2
random,constant,ccdefault,rf,treeshap,0,0.21739130434782608,0.4,0.4
random,oracle,ccdefault,rf,treeshap,0,1.0,1.0,1.0
self_top5,real,ccdefault,rf,treeshap,0,1.0,1.0,1.0
self_top5,random,ccdefault,rf,treeshap,0,0.28882624621755054,0.2,0.2
self_top5,permuted,ccdefault,rf,treeshap,0,0.20945970695970695,0.0,0.0
self_top5,constant,ccdefault,rf,treeshap,0,0.21739130434782608,0.2,0.2
self_top5,oracle,ccdefault,rf,treeshap,0,1.0,1.0,1.0
loso_top5,real,ccdefault,rf,treeshap,0,1.0,1.0,1.0
loso_top5,random,ccdefault,rf,treeshap,0,0.28882624621755054,0.2,0.2
loso_top5,permuted,ccdefault,rf,treeshap,0,0.20945970695970695,0.0,0.0
loso_top5,constant,ccdefault,rf,treeshap,0,0.21739130434782608,0.2,0.2
loso_top5,oracle,ccdefault,rf,treeshap,0,1.0,1.0,1.0
positional,real,ccdefault,rf,treeshap,1,0.19613262405024418,0.2,0.2
positional,random,ccdefault,rf,treeshap,1,0.4254545454545454,0.2,0.2
positional,permuted,ccdefault,rf,treeshap,1,0.4255555555555556,0.2,0.2
positional,constant,ccdefault,rf,treeshap,1,0.21739130434782608,1.0,1.0
positional,oracle,ccdefault,rf,treeshap,1,1.0,1.0,1.0
random,real,ccdefault,rf,treeshap,1,0.3516468724437496,0.2,0.2
random,random,ccdefault,rf,treeshap,1,0.22493761140819962,0.0,0.0
random,permuted,ccdefault,rf,treeshap,1,0.3523576097105509,0.2,0.2
random,constant,ccdefault,rf,treeshap,1,0.21739130434782608,0.4,0.4
random,oracle,ccdefault,rf,treeshap,1,1.0,1.0,1.0
self_top5,real,ccdefault,rf,treeshap,1,1.0,1.0,1.0
self_top5,random,ccdefault,rf,treeshap,1,0.26825396825396824,0.2,0.2
self_top5,permuted,ccdefault,rf,treeshap,1,0.22871635610766045,0.2,0.2
self_top5,constant,ccdefault,rf,treeshap,1,0.21739130434782608,0.2,0.2
self_top5,oracle,ccdefault,rf,treeshap,1,1.0,1.0,1.0
loso_top5,real,ccdefault,rf,treeshap,1,1.0,1.0,1.0
loso_top5,random,ccdefault,rf,treeshap,1,0.26825396825396824,0.2,0.2
loso_top5,permuted,ccdefault,rf,treeshap,1,0.22871635610766045,0.2,0.2
loso_top5,constant,ccdefault,rf,treeshap,1,0.21739130434782608,0.2,0.2
loso_top5,oracle,ccdefault,rf,treeshap,1,1.0,1.0,1.0
positional,real,ccdefault,rf,treeshap,2,0.1794659573835775,0.2,0.2
positional,random,ccdefault,rf,treeshap,2,0.43272727272727274,0.4,0.4
positional,permuted,ccdefault,rf,treeshap,2,0.3465085638998683,0.4,0.4
positional,constant,ccdefault,rf,treeshap,2,0.21739130434782608,1.0,1.0
positional,oracle,ccdefault,rf,treeshap,2,1.0,1.0,1.0
random,real,ccdefault,rf,treeshap,2,0.36177400021793615,0.2,0.2
random,random,ccdefault,rf,treeshap,2,0.2831386005299049,0.2,0.2
random,permuted,ccdefault,rf,treeshap,2,0.149754177934956,0.0,0.0
random,constant,ccdefault,rf,treeshap,2,0.21739130434782608,0.4,0.4
random,oracle,ccdefault,rf,treeshap,2,1.0,1.0,1.0
self_top5,real,ccdefault,rf,treeshap,2,1.0,1.0,1.0
self_top5,random,ccdefault,rf,treeshap,2,0.25126984126984125,0.0,0.0
self_top5,permuted,ccdefault,rf,treeshap,2,0.17095238095238097,0.0,0.0
self_top5,constant,ccdefault,rf,treeshap,2,0.21739130434782608,0.2,0.2
self_top5,oracle,ccdefault,rf,treeshap,2,1.0,1.0,1.0
loso_top5,real,ccdefault,rf,treeshap,2,1.0,1.0,1.0
loso_top5,random,ccdefault,rf,treeshap,2,0.25126984126984125,0.0,0.0
loso_top5,permuted,ccdefault,rf,treeshap,2,0.17095238095238097,0.0,0.0
loso_top5,constant,ccdefault,rf,treeshap,2,0.21739130434782608,0.2,0.2
loso_top5,oracle,ccdefault,rf,treeshap,2,1.0,1.0,1.0
positional,real,ccdefault,rf,treeshap,3,0.20007999247129682,0.2,0.2
positional,random,ccdefault,rf,treeshap,3,0.3516666666666667,0.4,0.4
positional,permuted,ccdefault,rf,treeshap,3,0.17817523056653492,0.0,0.0
positional,constant,ccdefault,rf,treeshap,3,0.21739130434782608,1.0,1.0
positional,oracle,ccdefault,rf,treeshap,3,1.0,1.0,1.0
random,real,ccdefault,rf,treeshap,3,0.36681159420289855,0.2,0.2
random,random,ccdefault,rf,treeshap,3,0.40793650793650793,0.4,0.4
random,permuted,ccdefault,rf,treeshap,3,0.19467532467532467,0.0,0.0
random,constant,ccdefault,rf,treeshap,3,0.21739130434782608,0.4,0.4
random,oracle,ccdefault,rf,treeshap,3,1.0,1.0,1.0
self_top5,real,ccdefault,rf,treeshap,3,1.0,1.0,1.0
self_top5,random,ccdefault,rf,treeshap,3,0.4037426900584795,0.2,0.2
self_top5,permuted,ccdefault,rf,treeshap,3,0.41194083694083694,0.2,0.2
self_top5,constant,ccdefault,rf,treeshap,3,0.21739130434782608,0.2,0.2
self_top5,oracle,ccdefault,rf,treeshap,3,1.0,1.0,1.0
loso_top5,real,ccdefault,rf,treeshap,3,1.0,1.0,1.0
loso_top5,random,ccdefault,rf,treeshap,3,0.4037426900584795,0.2,0.2
loso_top5,permuted,ccdefault,rf,treeshap,3,0.41194083694083694,0.2,0.2
loso_top5,constant,ccdefault,rf,treeshap,3,0.21739130434782608,0.2,0.2
loso_top5,oracle,ccdefault,rf,treeshap,3,1.0,1.0,1.0
positional,real,ccdefault,rf,treeshap,4,0.1794659573835775,0.2,0.2
positional,random,ccdefault,rf,treeshap,4,0.7644444444444445,0.6,0.6
positional,permuted,ccdefault,rf,treeshap,4,0.4153174603174603,0.4,0.4
positional,constant,ccdefault,rf,treeshap,4,0.21739130434782608,1.0,1.0
positional,oracle,ccdefault,rf,treeshap,4,1.0,1.0,1.0
random,real,ccdefault,rf,treeshap,4,0.35421097500785215,0.2,0.2
random,random,ccdefault,rf,treeshap,4,0.4292233256939139,0.4,0.4
random,permuted,ccdefault,rf,treeshap,4,0.22821733821733822,0.2,0.2
random,constant,ccdefault,rf,treeshap,4,0.21739130434782608,0.4,0.4
random,oracle,ccdefault,rf,treeshap,4,1.0,1.0,1.0
self_top5,real,ccdefault,rf,treeshap,4,1.0,1.0,1.0
self_top5,random,ccdefault,rf,treeshap,4,0.24589796168743536,0.2,0.2
self_top5,permuted,ccdefault,rf,treeshap,4,0.22587656432050024,0.2,0.2
self_top5,constant,ccdefault,rf,treeshap,4,0.21739130434782608,0.2,0.2
self_top5,oracle,ccdefault,rf,treeshap,4,1.0,1.0,1.0
loso_top5,real,ccdefault,rf,treeshap,4,1.0,1.0,1.0
loso_top5,random,ccdefault,rf,treeshap,4,0.24589796168743536,0.2,0.2
loso_top5,permuted,ccdefault,rf,treeshap,4,0.22587656432050024,0.2,0.2
loso_top5,constant,ccdefault,rf,treeshap,4,0.21739130434782608,0.2,0.2
loso_top5,oracle,ccdefault,rf,treeshap,4,1.0,1.0,1.0
positional,real,ccdefault,rf,lime,0,0.2003097334905115,0.2,0.2
positional,random,ccdefault,rf,lime,0,0.16358662000269214,0.0,0.0
positional,permuted,ccdefault,rf,lime,0,0.3088235294117647,0.2,0.2
positional,constant,ccdefault,rf,lime,0,0.21739130434782608,1.0,1.0
positional,oracle,ccdefault,rf,lime,0,1.0,1.0,1.0
random,real,ccdefault,rf,lime,0,0.45153846153846156,0.4,0.4
random,random,ccdefault,rf,lime,0,0.4266089466089466,0.4,0.4
random,permuted,ccdefault,rf,lime,0,0.3298412698412698,0.2,0.2
random,constant,ccdefault,rf,lime,0,0.21739130434782608,0.0,0.0
random,oracle,ccdefault,rf,lime,0,1.0,1.0,1.0
self_top5,real,ccdefault,rf,lime,0,1.0,1.0,1.0
self_top5,random,ccdefault,rf,lime,0,0.18824016563146997,0.0,0.0
self_top5,permuted,ccdefault,rf,lime,0,0.26926406926406926,0.2,0.2
self_top5,constant,ccdefault,rf,lime,0,0.21739130434782608,0.2,0.2
self_top5,oracle,ccdefault,rf,lime,0,1.0,1.0,1.0
loso_top5,real,ccdefault,rf,lime,0,1.0,1.0,1.0
loso_top5,random,ccdefault,rf,lime,0,0.18824016563146997,0.0,0.0
loso_top5,permuted,ccdefault,rf,lime,0,0.26926406926406926,0.2,0.2
loso_top5,constant,ccdefault,rf,lime,0,0.21739130434782608,0.2,0.2
loso_top5,oracle,ccdefault,rf,lime,0,1.0,1.0,1.0
positional,real,ccdefault,rf,lime,1,0.21315244633322433,0.2,0.2
positional,random,ccdefault,rf,lime,1,0.5454545454545454,0.4,0.4
positional,permuted,ccdefault,rf,lime,1,0.2734477124183007,0.2,0.2
positional,constant,ccdefault,rf,lime,1,0.21739130434782608,1.0,1.0
positional,oracle,ccdefault,rf,lime,1,1.0,1.0,1.0
random,real,ccdefault,rf,lime,1,0.49333333333333335,0.4,0.4
random,random,ccdefault,rf,lime,1,0.16754430834118544,0.0,0.0
random,permuted,ccdefault,rf,lime,1,0.2503668261562998,0.2,0.2
random,constant,ccdefault,rf,lime,1,0.21739130434782608,0.0,0.0
random,oracle,ccdefault,rf,lime,1,1.0,1.0,1.0
self_top5,real,ccdefault,rf,lime,1,1.0,1.0,1.0
self_top5,random,ccdefault,rf,lime,1,0.18573271413828688,0.0,0.0
self_top5,permuted,ccdefault,rf,lime,1,0.550250626566416,0.6,0.6
self_top5,constant,ccdefault,rf,lime,1,0.21739130434782608,0.2,0.2
self_top5,oracle,ccdefault,rf,lime,1,1.0,1.0,1.0
loso_top5,real,ccdefault,rf,lime,1,1.0,1.0,1.0
loso_top5,random,ccdefault,rf,lime,1,0.18573271413828688,0.0,0.0
loso_top5,permuted,ccdefault,rf,lime,1,0.550250626566416,0.6,0.6
loso_top5,constant,ccdefault,rf,lime,1,0.21739130434782608,0.2,0.2
loso_top5,oracle,ccdefault,rf,lime,1,1.0,1.0,1.0
positional,real,ccdefault,rf,lime,2,0.22327517963707222,0.2,0.2
positional,random,ccdefault,rf,lime,2,0.6253588516746411,0.4,0.4
positional,permuted,ccdefault,rf,lime,2,0.32555555555555554,0.4,0.4
positional,constant,ccdefault,rf,lime,2,0.21739130434782608,1.0,1.0
positional,oracle,ccdefault,rf,lime,2,1.0,1.0,1.0
random,real,ccdefault,rf,lime,2,0.4823809523809524,0.4,0.4
random,random,ccdefault,rf,lime,2,0.2515384615384616,0.2,0.2
random,permuted,ccdefault,rf,lime,2,0.2150279684719044,0.0,0.0
random,constant,ccdefault,rf,lime,2,0.21739130434782608,0.0,0.0
random,oracle,ccdefault,rf,lime,2,1.0,1.0,1.0
self_top5,real,ccdefault,rf,lime,2,1.0,1.0,1.0
self_top5,random,ccdefault,rf,lime,2,0.2083080808080808,0.2,0.2
self_top5,permuted,ccdefault,rf,lime,2,0.5272222222222223,0.4,0.4
self_top5,constant,ccdefault,rf,lime,2,0.21739130434782608,0.2,0.2
self_top5,oracle,ccdefault,rf,lime,2,1.0,1.0,1.0
loso_top5,real,ccdefault,rf,lime,2,1.0,1.0,1.0
loso_top5,random,ccdefault,rf,lime,2,0.2083080808080808,0.2,0.2
loso_top5,permuted,ccdefault,rf,lime,2,0.5272222222222223,0.4,0.4
loso_top5,constant,ccdefault,rf,lime,2,0.21739130434782608,0.2,0.2
loso_top5,oracle,ccdefault,rf,lime,2,1.0,1.0,1.0
positional,real,ccdefault,rf,lime,3,0.1987307861220905,0.2,0.2
positional,random,ccdefault,rf,lime,3,0.23494172494172494,0.2,0.2
positional,permuted,ccdefault,rf,lime,3,0.18296544035674472,0.0,0.0
positional,constant,ccdefault,rf,lime,3,0.21739130434782608,1.0,1.0
positional,oracle,ccdefault,rf,lime,3,1.0,1.0,1.0
random,real,ccdefault,rf,lime,3,0.4707051282051283,0.4,0.4
random,random,ccdefault,rf,lime,3,0.301984126984127,0.0,0.0
random,permuted,ccdefault,rf,lime,3,0.293266499582289,0.2,0.2
random,constant,ccdefault,rf,lime,3,0.21739130434782608,0.0,0.0
random,oracle,ccdefault,rf,lime,3,1.0,1.0,1.0
self_top5,real,ccdefault,rf,lime,3,1.0,1.0,1.0
self_top5,random,ccdefault,rf,lime,3,0.30297619047619045,0.2,0.2
self_top5,permuted,ccdefault,rf,lime,3,0.2628047391205286,0.2,0.2
self_top5,constant,ccdefault,rf,lime,3,0.21739130434782608,0.2,0.2
self_top5,oracle,ccdefault,rf,lime,3,1.0,1.0,1.0
loso_top5,real,ccdefault,rf,lime,3,1.0,1.0,1.0
loso_top5,random,ccdefault,rf,lime,3,0.30297619047619045,0.2,0.2
loso_top5,permuted,ccdefault,rf,lime,3,0.2628047391205286,0.2,0.2
loso_top5,constant,ccdefault,rf,lime,3,0.21739130434782608,0.2,0.2
loso_top5,oracle,ccdefault,rf,lime,3,1.0,1.0,1.0
positional,real,ccdefault,rf,lime,4,0.1931752305665349,0.2,0.2
positional,random,ccdefault,rf,lime,4,0.5597222222222222,0.4,0.4
positional,permuted,ccdefault,rf,lime,4,0.23545454545454542,0.2,0.2
positional,constant,ccdefault,rf,lime,4,0.21739130434782608,1.0,1.0
positional,oracle,ccdefault,rf,lime,4,1.0,1.0,1.0
random,real,ccdefault,rf,lime,4,0.4991558441558442,0.4,0.4
random,random,ccdefault,rf,lime,4,0.3571428571428571,0.4,0.4
random,permuted,ccdefault,rf,lime,4,0.4358241758241758,0.2,0.2
random,constant,ccdefault,rf,lime,4,0.21739130434782608,0.0,0.0
random,oracle,ccdefault,rf,lime,4,1.0,1.0,1.0
self_top5,real,ccdefault,rf,lime,4,1.0,1.0,1.0
self_top5,random,ccdefault,rf,lime,4,0.5529670329670329,0.6,0.6
self_top5,permuted,ccdefault,rf,lime,4,0.6033333333333333,0.4,0.4
self_top5,constant,ccdefault,rf,lime,4,0.21739130434782608,0.2,0.2
self_top5,oracle,ccdefault,rf,lime,4,1.0,1.0,1.0
loso_top5,real,ccdefault,rf,lime,4,1.0,1.0,1.0
loso_top5,random,ccdefault,rf,lime,4,0.5529670329670329,0.6,0.6
loso_top5,permuted,ccdefault,rf,lime,4,0.6033333333333333,0.4,0.4
loso_top5,constant,ccdefault,rf,lime,4,0.21739130434782608,0.2,0.2
loso_top5,oracle,ccdefault,rf,lime,4,1.0,1.0,1.0
positional,real,ccdefault,hgb,treeshap,0,0.24590524564949118,0.2,0.2
positional,random,ccdefault,hgb,treeshap,0,0.1900598086124402,0.0,0.0
positional,permuted,ccdefault,hgb,treeshap,0,0.18930414270971546,0.0,0.0
positional,constant,ccdefault,hgb,treeshap,0,0.21739130434782608,1.0,1.0
positional,oracle,ccdefault,hgb,treeshap,0,1.0,1.0,1.0
random,real,ccdefault,hgb,treeshap,0,0.3719471603910963,0.2,0.2
random,random,ccdefault,hgb,treeshap,0,0.4371031746031746,0.4,0.4
random,permuted,ccdefault,hgb,treeshap,0,0.23747474747474745,0.2,0.2
random,constant,ccdefault,hgb,treeshap,0,0.21739130434782608,0.2,0.2
random,oracle,ccdefault,hgb,treeshap,0,1.0,1.0,1.0
self_top5,real,ccdefault,hgb,treeshap,0,1.0,1.0,1.0
self_top5,random,ccdefault,hgb,treeshap,0,0.4133500557413601,0.4,0.4
self_top5,permuted,ccdefault,hgb,treeshap,0,0.16665893983971788,0.0,0.0
self_top5,constant,ccdefault,hgb,treeshap,0,0.21739130434782608,0.2,0.2
self_top5,oracle,ccdefault,hgb,treeshap,0,1.0,1.0,1.0
loso_top5,real,ccdefault,hgb,treeshap,0,0.9666666666666666,0.8,0.8
loso_top5,random,ccdefault,hgb,treeshap,0,0.5800167224080268,0.4,0.4
loso_top5,permuted,ccdefault,hgb,treeshap,0,0.2005756816283132,0.0,0.0
loso_top5,constant,ccdefault,hgb,treeshap,0,0.21739130434782608,0.2,0.2
loso_top5,oracle,ccdefault,hgb,treeshap,0,1.0,1.0,1.0
positional,real,ccdefault,hgb,treeshap,1,0.2543115942028985,0.2,0.2
positional,random,ccdefault,hgb,treeshap,1,0.4934782608695652,0.4,0.4
positional,permuted,ccdefault,hgb,treeshap,1,0.17475355054302422,0.0,0.0
positional,constant,ccdefault,hgb,treeshap,1,0.21739130434782608,1.0,1.0
positional,oracle,ccdefault,hgb,treeshap,1,1.0,1.0,1.0
random,real,ccdefault,hgb,treeshap,1,0.39558352402746,0.2,0.2
random,random,ccdefault,hgb,treeshap,1,0.22339422725611985,0.2,0.2
random,permuted,ccdefault,hgb,treeshap,1,0.24545454545454545,0.0,0.0
random,constant,ccdefault,hgb,treeshap,1,0.21739130434782608,0.2,0.2
random,oracle,ccdefault,hgb,treeshap,1,1.0,1.0,1.0
self_top5,real,ccdefault,hgb,treeshap,1,1.0,1.0,1.0
self_top5,random,ccdefault,hgb,treeshap,1,0.3327272727272727,0.2,0.2
self_top5,permuted,ccdefault,hgb,treeshap,1,0.22611895351025785,0.2,0.2
self_top5,constant,ccdefault,hgb,treeshap,1,0.21739130434782608,0.2,0.2
self_top5,oracle,ccdefault,hgb,treeshap,1,1.0,1.0,1.0
loso_top5,real,ccdefault,hgb,treeshap,1,0.9028571428571428,0.8,0.8
loso_top5,random,ccdefault,hgb,treeshap,1,0.3215384615384615,0.2,0.2
loso_top5,permuted,ccdefault,hgb,treeshap,1,0.18293713532843967,0.0,0.0
loso_top5,constant,ccdefault,hgb,treeshap,1,0.21739130434782608,0.2,0.2
loso_top5,oracle,ccdefault,hgb,treeshap,1,1.0,1.0,1.0
positional,real,ccdefault,hgb,treeshap,2,0.25877237851662405,0.2,0.2
positional,random,ccdefault,hgb,treeshap,2,0.30547619047619046,0.2,0.2
positional,permuted,ccdefault,hgb,treeshap,2,0.30043956043956044,0.2,0.2
positional,constant,ccdefault,hgb,treeshap,2,0.21739130434782608,1.0,1.0
positional,oracle,ccdefault,hgb,treeshap,2,1.0,1.0,1.0
random,real,ccdefault,hgb,treeshap,2,0.3673418972332016,0.2,0.2
random,random,ccdefault,hgb,treeshap,2,0.4525974025974026,0.4,0.4
random,permuted,ccdefault,hgb,treeshap,2,0.22443064182194616,0.2,0.2
random,constant,ccdefault,hgb,treeshap,2,0.21739130434782608,0.2,0.2
random,oracle,ccdefault,hgb,treeshap,2,1.0,1.0,1.0
self_top5,real,ccdefault,hgb,treeshap,2,1.0,1.0,1.0
self_top5,random,ccdefault,hgb,treeshap,2,0.2517094017094017,0.2,0.2
self_top5,permuted,ccdefault,hgb,treeshap,2,0.27195693195693194,0.2,0.2
self_top5,constant,ccdefault,hgb,treeshap,2,0.21739130434782608,0.2,0.2
self_top5,oracle,ccdefault,hgb,treeshap,2,1.0,1.0,1.0
loso_top5,real,ccdefault,hgb,treeshap,2,1.0,1.0,1.0
loso_top5,random,ccdefault,hgb,treeshap,2,0.2517094017094017,0.2,0.2
loso_top5,permuted,ccdefault,hgb,treeshap,2,0.27195693195693194,0.2,0.2
loso_top5,constant,ccdefault,hgb,treeshap,2,0.21739130434782608,0.2,0.2
loso_top5,oracle,ccdefault,hgb,treeshap,2,1.0,1.0,1.0
positional,real,ccdefault,hgb,treeshap,3,0.25620553359683795,0.2,0.2
positional,random,ccdefault,hgb,treeshap,3,0.27803599908863064,0.2,0.2
positional,permuted,ccdefault,hgb,treeshap,3,0.1650799924712968,0.0,0.0
positional,constant,ccdefault,hgb,treeshap,3,0.21739130434782608,1.0,1.0
positional,oracle,ccdefault,hgb,treeshap,3,1.0,1.0,1.0
random,real,ccdefault,hgb,treeshap,3,0.3784406668846028,0.2,0.2
random,random,ccdefault,hgb,treeshap,3,0.47063492063492063,0.4,0.4
random,permuted,ccdefault,hgb,treeshap,3,0.5809649122807017,0.4,0.4
random,constant,ccdefault,hgb,treeshap,3,0.21739130434782608,0.2,0.2
random,oracle,ccdefault,hgb,treeshap,3,1.0,1.0,1.0
self_top5,real,ccdefault,hgb,treeshap,3,1.0,1.0,1.0
self_top5,random,ccdefault,hgb,treeshap,3,0.24523809523809523,0.0,0.0
self_top5,permuted,ccdefault,hgb,treeshap,3,0.35952380952380947,0.2,0.2
self_top5,constant,ccdefault,hgb,treeshap,3,0.21739130434782608,0.2,0.2
self_top5,oracle,ccdefault,hgb,treeshap,3,1.0,1.0,1.0
loso_top5,real,ccdefault,hgb,treeshap,3,1.0,1.0,1.0
loso_top5,random,ccdefault,hgb,treeshap,3,0.24523809523809523,0.0,0.0
loso_top5,permuted,ccdefault,hgb,treeshap,3,0.35952380952380947,0.2,0.2
loso_top5,constant,ccdefault,hgb,treeshap,3,0.21739130434782608,0.2,0.2
loso_top5,oracle,ccdefault,hgb,treeshap,3,1.0,1.0,1.0
positional,real,ccdefault,hgb,treeshap,4,0.2651360148802604,0.2,0.2
positional,random,ccdefault,hgb,treeshap,4,0.24818713450292396,0.2,0.2
positional,permuted,ccdefault,hgb,treeshap,4,0.2636019536019536,0.2,0.2
positional,constant,ccdefault,hgb,treeshap,4,0.21739130434782608,1.0,1.0
positional,oracle,ccdefault,hgb,treeshap,4,1.0,1.0,1.0
random,real,ccdefault,hgb,treeshap,4,0.39637029637029636,0.2,0.2
random,random,ccdefault,hgb,treeshap,4,0.36505720823798626,0.2,0.2
random,permuted,ccdefault,hgb,treeshap,4,0.44996336996337,0.4,0.4
random,constant,ccdefault,hgb,treeshap,4,0.21739130434782608,0.2,0.2
random,oracle,ccdefault,hgb,treeshap,4,1.0,1.0,1.0
self_top5,real,ccdefault,hgb,treeshap,4,1.0,1.0,1.0
self_top5,random,ccdefault,hgb,treeshap,4,0.2496321070234114,0.2,0.2
self_top5,permuted,ccdefault,hgb,treeshap,4,0.5318115942028986,0.4,0.4
self_top5,constant,ccdefault,hgb,treeshap,4,0.21739130434782608,0.2,0.2
self_top5,oracle,ccdefault,hgb,treeshap,4,1.0,1.0,1.0
loso_top5,real,ccdefault,hgb,treeshap,4,1.0,1.0,1.0
loso_top5,random,ccdefault,hgb,treeshap,4,0.2496321070234114,0.2,0.2
loso_top5,permuted,ccdefault,hgb,treeshap,4,0.5318115942028986,0.4,0.4
loso_top5,constant,ccdefault,hgb,treeshap,4,0.21739130434782608,0.2,0.2
loso_top5,oracle,ccdefault,hgb,treeshap,4,1.0,1.0,1.0
positional,real,ccdefault,hgb,lime,0,0.2722788720231175,0.2,0.2
positional,random,ccdefault,hgb,lime,0,0.42682539682539683,0.4,0.4
positional,permuted,ccdefault,hgb,lime,0,0.3010540184453228,0.4,0.4
positional,constant,ccdefault,hgb,lime,0,0.21739130434782608,1.0,1.0
positional,oracle,ccdefault,hgb,lime,0,1.0,1.0,1.0
random,real,ccdefault,hgb,lime,0,0.5111528822055138,0.4,0.4
random,random,ccdefault,hgb,lime,0,0.33514492753623193,0.2,0.2
random,permuted,ccdefault,hgb,lime,0,0.27594771241830063,0.2,0.2
random,constant,ccdefault,hgb,lime,0,0.21739130434782608,0.2,0.2
random,oracle,ccdefault,hgb,lime,0,1.0,1.0,1.0
self_top5,real,ccdefault,hgb,lime,0,1.0,1.0,1.0
self_top5,random,ccdefault,hgb,lime,0,0.38347826086956516,0.4,0.4
self_top5,permuted,ccdefault,hgb,lime,0,0.17878787878787877,0.0,0.0
self_top5,constant,ccdefault,hgb,lime,0,0.21739130434782608,0.2,0.2
self_top5,oracle,ccdefault,hgb,lime,0,1.0,1.0,1.0
loso_top5,real,ccdefault,hgb,lime,0,0.8766666666666667,0.8,0.8
loso_top5,random,ccdefault,hgb,lime,0,0.4115384615384615,0.4,0.4
loso_top5,permuted,ccdefault,hgb,lime,0,0.1621212121212121,0.0,0.0
loso_top5,constant,ccdefault,hgb,lime,0,0.21739130434782608,0.2,0.2
loso_top5,oracle,ccdefault,hgb,lime,0,1.0,1.0,1.0
positional,real,ccdefault,hgb,lime,1,0.2759957433870478,0.2,0.2
positional,random,ccdefault,hgb,lime,1,0.5621568627450981,0.4,0.4
positional,permuted,ccdefault,hgb,lime,1,0.2421212121212121,0.2,0.2
positional,constant,ccdefault,hgb,lime,1,0.21739130434782608,1.0,1.0
positional,oracle,ccdefault,hgb,lime,1,1.0,1.0,1.0
random,real,ccdefault,hgb,lime,1,0.38882352941176473,0.2,0.2
random,random,ccdefault,hgb,lime,1,0.17847041847041847,0.0,0.0
random,permuted,ccdefault,hgb,lime,1,0.2763095238095238,0.2,0.2
random,constant,ccdefault,hgb,lime,1,0.21739130434782608,0.2,0.2
random,oracle,ccdefault,hgb,lime,1,1.0,1.0,1.0
self_top5,real,ccdefault,hgb,lime,1,1.0,1.0,1.0
self_top5,random,ccdefault,hgb,lime,1,0.26002331002331003,0.2,0.2
self_top5,permuted,ccdefault,hgb,lime,1,0.18278240357928066,0.0,0.0
self_top5,constant,ccdefault,hgb,lime,1,0.21739130434782608,0.2,0.2
self_top5,oracle,ccdefault,hgb,lime,1,1.0,1.0,1.0
loso_top5,real,ccdefault,hgb,lime,1,0.9666666666666666,0.8,0.8
loso_top5,random,ccdefault,hgb,lime,1,0.21835664335664337,0.0,0.0
loso_top5,permuted,ccdefault,hgb,lime,1,0.22588087866725634,0.0,0.0
loso_top5,constant,ccdefault,hgb,lime,1,0.21739130434782608,0.2,0.2
loso_top5,oracle,ccdefault,hgb,lime,1,1.0,1.0,1.0
positional,real,ccdefault,hgb,lime,2,0.29333333333333333,0.2,0.2
positional,random,ccdefault,hgb,lime,2,0.5570588235294118,0.4,0.4
positional,permuted,ccdefault,hgb,lime,2,0.24666666666666667,0.2,0.2
positional,constant,ccdefault,hgb,lime,2,0.21739130434782608,1.0,1.0
positional,oracle,ccdefault,hgb,lime,2,1.0,1.0,1.0
random,real,ccdefault,hgb,lime,2,0.36411318150448585,0.2,0.2
random,random,ccdefault,hgb,lime,2,0.1934782608695652,0.2,0.2
random,permuted,ccdefault,hgb,lime,2,0.32429971988795514,0.2,0.2
random,constant,ccdefault,hgb,lime,2,0.21739130434782608,0.2,0.2
random,oracle,ccdefault,hgb,lime,2,1.0,1.0,1.0
self_top5,real,ccdefault,hgb,lime,2,1.0,1.0,1.0
self_top5,random,ccdefault,hgb,lime,2,0.43939393939393934,0.4,0.4
self_top5,permuted,ccdefault,hgb,lime,2,0.19578765919323196,0.2,0.2
self_top5,constant,ccdefault,hgb,lime,2,0.21739130434782608,0.2,0.2
self_top5,oracle,ccdefault,hgb,lime,2,1.0,1.0,1.0
loso_top5,real,ccdefault,hgb,lime,2,0.8769230769230769,0.8,0.8
loso_top5,random,ccdefault,hgb,lime,2,0.40095238095238095,0.4,0.4
loso_top5,permuted,ccdefault,hgb,lime,2,0.27083171730230554,0.4,0.4
loso_top5,constant,ccdefault,hgb,lime,2,0.21739130434782608,0.2,0.2
loso_top5,oracle,ccdefault,hgb,lime,2,1.0,1.0,1.0
positional,real,ccdefault,hgb,lime,3,0.2230194214633574,0.2,0.2
positional,random,ccdefault,hgb,lime,3,0.22019290650869597,0.0,0.0
positional,permuted,ccdefault,hgb,lime,3,0.4065085638998682,0.2,0.2
positional,constant,ccdefault,hgb,lime,3,0.21739130434782608,1.0,1.0
positional,oracle,ccdefault,hgb,lime,3,1.0,1.0,1.0
random,real,ccdefault,hgb,lime,3,0.3870588235294118,0.2,0.2
random,random,ccdefault,hgb,lime,3,0.22005602240896358,0.2,0.2
random,permuted,ccdefault,hgb,lime,3,0.3980237154150198,0.4,0.4
random,constant,ccdefault,hgb,lime,3,0.21739130434782608,0.2,0.2
random,oracle,ccdefault,hgb,lime,3,1.0,1.0,1.0
self_top5,real,ccdefault,hgb,lime,3,1.0,1.0,1.0
self_top5,random,ccdefault,hgb,lime,3,0.18370015948963317,0.0,0.0
self_top5,permuted,ccdefault,hgb,lime,3,0.30929824561403507,0.2,0.2
self_top5,constant,ccdefault,hgb,lime,3,0.21739130434782608,0.2,0.2
self_top5,oracle,ccdefault,hgb,lime,3,1.0,1.0,1.0
loso_top5,real,ccdefault,hgb,lime,3,1.0,1.0,1.0
loso_top5,random,ccdefault,hgb,lime,3,0.18370015948963317,0.0,0.0
loso_top5,permuted,ccdefault,hgb,lime,3,0.30929824561403507,0.2,0.2
loso_top5,constant,ccdefault,hgb,lime,3,0.21739130434782608,0.2,0.2
loso_top5,oracle,ccdefault,hgb,lime,3,1.0,1.0,1.0
positional,real,ccdefault,hgb,lime,4,0.2898418972332016,0.2,0.2
positional,random,ccdefault,hgb,lime,4,0.3542264752791069,0.4,0.4
positional,permuted,ccdefault,hgb,lime,4,0.3110317460317461,0.2,0.2
positional,constant,ccdefault,hgb,lime,4,0.21739130434782608,1.0,1.0
positional,oracle,ccdefault,hgb,lime,4,1.0,1.0,1.0
random,real,ccdefault,hgb,lime,4,0.40174603174603174,0.2,0.2
random,random,ccdefault,hgb,lime,4,0.47722222222222227,0.4,0.4
random,permuted,ccdefault,hgb,lime,4,0.5444444444444445,0.4,0.4
random,constant,ccdefault,hgb,lime,4,0.21739130434782608,0.2,0.2
random,oracle,ccdefault,hgb,lime,4,1.0,1.0,1.0
self_top5,real,ccdefault,hgb,lime,4,1.0,1.0,1.0
self_top5,random,ccdefault,hgb,lime,4,0.3704761904761905,0.4,0.4
self_top5,permuted,ccdefault,hgb,lime,4,0.35368239603533724,0.2,0.2
self_top5,constant,ccdefault,hgb,lime,4,0.21739130434782608,0.2,0.2
self_top5,oracle,ccdefault,hgb,lime,4,1.0,1.0,1.0
loso_top5,real,ccdefault,hgb,lime,4,1.0,1.0,1.0
loso_top5,random,ccdefault,hgb,lime,4,0.3704761904761905,0.4,0.4
loso_top5,permuted,ccdefault,hgb,lime,4,0.35368239603533724,0.2,0.2
loso_top5,constant,ccdefault,hgb,lime,4,0.21739130434782608,0.2,0.2
loso_top5,oracle,ccdefault,hgb,lime,4,1.0,1.0,1.0
positional,real,ccdefault,mlp,ig,0,0.5885281385281385,0.6,0.6
positional,random,ccdefault,mlp,ig,0,0.2896969696969697,0.2,0.2
positional,permuted,ccdefault,mlp,ig,0,0.20935127674258108,0.2,0.2
positional,constant,ccdefault,mlp,ig,0,0.21739130434782608,1.0,1.0
positional,oracle,ccdefault,mlp,ig,0,1.0,1.0,1.0
random,real,ccdefault,mlp,ig,0,0.48939393939393944,0.4,0.4
random,random,ccdefault,mlp,ig,0,0.19104150751209575,0.0,0.0
random,permuted,ccdefault,mlp,ig,0,0.2606909430438842,0.2,0.2
random,constant,ccdefault,mlp,ig,0,0.21739130434782608,0.4,0.4
random,oracle,ccdefault,mlp,ig,0,1.0,1.0,1.0
self_top5,real,ccdefault,mlp,ig,0,1.0,1.0,1.0
self_top5,random,ccdefault,mlp,ig,0,0.20080808080808082,0.0,0.0
self_top5,permuted,ccdefault,mlp,ig,0,0.32324016563146996,0.4,0.4
self_top5,constant,ccdefault,mlp,ig,0,0.21739130434782608,0.6,0.6
self_top5,oracle,ccdefault,mlp,ig,0,1.0,1.0,1.0
loso_top5,real,ccdefault,mlp,ig,0,0.9428571428571428,0.8,0.8
loso_top5,random,ccdefault,mlp,ig,0,0.3112121212121212,0.2,0.2
loso_top5,permuted,ccdefault,mlp,ig,0,0.31490683229813665,0.4,0.4
loso_top5,constant,ccdefault,mlp,ig,0,0.21739130434782608,0.8,0.8
loso_top5,oracle,ccdefault,mlp,ig,0,1.0,1.0,1.0
positional,real,ccdefault,mlp,ig,1,0.5214285714285714,0.6,0.6
positional,random,ccdefault,mlp,ig,1,0.26976190476190476,0.2,0.2
positional,permuted,ccdefault,mlp,ig,1,0.18791316526610644,0.2,0.2
positional,constant,ccdefault,mlp,ig,1,0.21739130434782608,1.0,1.0
positional,oracle,ccdefault,mlp,ig,1,1.0,1.0,1.0
random,real,ccdefault,mlp,ig,1,0.4397744360902256,0.4,0.4
random,random,ccdefault,mlp,ig,1,0.2343873517786561,0.2,0.2
random,permuted,ccdefault,mlp,ig,1,0.19981684981684983,0.0,0.0
random,constant,ccdefault,mlp,ig,1,0.21739130434782608,0.4,0.4
random,oracle,ccdefault,mlp,ig,1,1.0,1.0,1.0
self_top5,real,ccdefault,mlp,ig,1,1.0,1.0,1.0
self_top5,random,ccdefault,mlp,ig,1,0.17650856389986827,0.0,0.0
self_top5,permuted,ccdefault,mlp,ig,1,0.24035552682611505,0.2,0.2
self_top5,constant,ccdefault,mlp,ig,1,0.21739130434782608,0.6,0.6
self_top5,oracle,ccdefault,mlp,ig,1,1.0,1.0,1.0
loso_top5,real,ccdefault,mlp,ig,1,0.8833333333333333,0.8,0.8
loso_top5,random,ccdefault,mlp,ig,1,0.22073593073593073,0.0,0.0
loso_top5,permuted,ccdefault,mlp,ig,1,0.22005602240896358,0.2,0.2
loso_top5,constant,ccdefault,mlp,ig,1,0.21739130434782608,0.8,0.8
loso_top5,oracle,ccdefault,mlp,ig,1,1.0,1.0,1.0
positional,real,ccdefault,mlp,ig,2,0.6277777777777778,0.6,0.6
positional,random,ccdefault,mlp,ig,2,0.512063492063492,0.6,0.6
positional,permuted,ccdefault,mlp,ig,2,0.75,0.6,0.6
positional,constant,ccdefault,mlp,ig,2,0.21739130434782608,1.0,1.0
positional,oracle,ccdefault,mlp,ig,2,1.0,1.0,1.0
random,real,ccdefault,mlp,ig,2,0.48701298701298706,0.4,0.4
random,random,ccdefault,mlp,ig,2,0.2568332596196373,0.2,0.2
random,permuted,ccdefault,mlp,ig,2,0.456045751633987,0.4,0.4
random,constant,ccdefault,mlp,ig,2,0.21739130434782608,0.4,0.4
random,oracle,ccdefault,mlp,ig,2,1.0,1.0,1.0
self_top5,real,ccdefault,mlp,ig,2,1.0,1.0,1.0
self_top5,random,ccdefault,mlp,ig,2,0.3445021645021645,0.4,0.4
self_top5,permuted,ccdefault,mlp,ig,2,0.7103174603174602,0.6,0.6
self_top5,constant,ccdefault,mlp,ig,2,0.21739130434782608,0.6,0.6
self_top5,oracle,ccdefault,mlp,ig,2,1.0,1.0,1.0
loso_top5,real,ccdefault,mlp,ig,2,0.9666666666666666,0.8,0.8
loso_top5,random,ccdefault,mlp,ig,2,0.4046031746031746,0.4,0.4
loso_top5,permuted,ccdefault,mlp,ig,2,0.7388888888888889,0.6,0.6
loso_top5,constant,ccdefault,mlp,ig,2,0.21739130434782608,0.8,0.8
loso_top5,oracle,ccdefault,mlp,ig,2,1.0,1.0,1.0
positional,real,ccdefault,mlp,ig,3,0.6861904761904761,0.8,0.8
positional,random,ccdefault,mlp,ig,3,0.3142857142857143,0.4,0.4
positional,permuted,ccdefault,mlp,ig,3,0.1575968907776688,0.0,0.0
positional,constant,ccdefault,mlp,ig,3,0.21739130434782608,1.0,1.0
positional,oracle,ccdefault,mlp,ig,3,1.0,1.0,1.0
random,real,ccdefault,mlp,ig,3,0.6033333333333333,0.6,0.6
random,random,ccdefault,mlp,ig,3,0.22444444444444445,0.2,0.2
random,permuted,ccdefault,mlp,ig,3,0.452531328320802,0.4,0.4
random,constant,ccdefault,mlp,ig,3,0.21739130434782608,0.4,0.4
random,oracle,ccdefault,mlp,ig,3,1.0,1.0,1.0
self_top5,real,ccdefault,mlp,ig,3,1.0,1.0,1.0
self_top5,random,ccdefault,mlp,ig,3,0.24428571428571427,0.2,0.2
self_top5,permuted,ccdefault,mlp,ig,3,0.16364243943191312,0.0,0.0
self_top5,constant,ccdefault,mlp,ig,3,0.21739130434782608,0.8,0.8
self_top5,oracle,ccdefault,mlp,ig,3,1.0,1.0,1.0
loso_top5,real,ccdefault,mlp,ig,3,0.9028571428571428,0.8,0.8
loso_top5,random,ccdefault,mlp,ig,3,0.30428571428571427,0.4,0.4
loso_top5,permuted,ccdefault,mlp,ig,3,0.15601794340924777,0.0,0.0
loso_top5,constant,ccdefault,mlp,ig,3,0.21739130434782608,0.8,0.8
loso_top5,oracle,ccdefault,mlp,ig,3,1.0,1.0,1.0
positional,real,ccdefault,mlp,ig,4,0.6861904761904761,0.8,0.8
positional,random,ccdefault,mlp,ig,4,0.21027616174674996,0.0,0.0
positional,permuted,ccdefault,mlp,ig,4,0.35536032594856126,0.2,0.2
positional,constant,ccdefault,mlp,ig,4,0.21739130434782608,1.0,1.0
positional,oracle,ccdefault,mlp,ig,4,1.0,1.0,1.0
random,real,ccdefault,mlp,ig,4,0.5442857142857143,0.4,0.4
random,random,ccdefault,mlp,ig,4,0.380537084398977,0.2,0.2
random,permuted,ccdefault,mlp,ig,4,0.6264425770308124,0.6,0.6
random,constant,ccdefault,mlp,ig,4,0.21739130434782608,0.4,0.4
random,oracle,ccdefault,mlp,ig,4,1.0,1.0,1.0
self_top5,real,ccdefault,mlp,ig,4,1.0,1.0,1.0
self_top5,random,ccdefault,mlp,ig,4,0.16985906960331512,0.0,0.0
self_top5,permuted,ccdefault,mlp,ig,4,0.49884559884559876,0.4,0.4
self_top5,constant,ccdefault,mlp,ig,4,0.21739130434782608,0.8,0.8
self_top5,oracle,ccdefault,mlp,ig,4,1.0,1.0,1.0
loso_top5,real,ccdefault,mlp,ig,4,0.9428571428571428,0.8,0.8
loso_top5,random,ccdefault,mlp,ig,4,0.19717178956309392,0.0,0.0
loso_top5,permuted,ccdefault,mlp,ig,4,0.4315508021390374,0.4,0.4
loso_top5,constant,ccdefault,mlp,ig,4,0.21739130434782608,0.8,0.8
loso_top5,oracle,ccdefault,mlp,ig,4,1.0,1.0,1.0
positional,real,ccdefault,mlp,lime,0,0.2873015873015873,0.2,0.2
positional,random,ccdefault,mlp,lime,0,0.5138235294117648,0.4,0.4
positional,permuted,ccdefault,mlp,lime,0,0.37305764411027564,0.4,0.4
positional,constant,ccdefault,mlp,lime,0,0.21739130434782608,1.0,1.0
positional,oracle,ccdefault,mlp,lime,0,1.0,1.0,1.0
random,real,ccdefault,mlp,lime,0,0.2992997198879552,0.2,0.2
random,random,ccdefault,mlp,lime,0,0.5833333333333333,0.6,0.6
random,permuted,ccdefault,mlp,lime,0,0.3503668261562999,0.2,0.2
random,constant,ccdefault,mlp,lime,0,0.21739130434782608,0.4,0.4
random,oracle,ccdefault,mlp,lime,0,1.0,1.0,1.0
self_top5,real,ccdefault,mlp,lime,0,1.0,1.0,1.0
self_top5,random,ccdefault,mlp,lime,0,0.20681159420289855,0.0,0.0
self_top5,permuted,ccdefault,mlp,lime,0,0.607936507936508,0.4,0.4
self_top5,constant,ccdefault,mlp,lime,0,0.21739130434782608,0.2,0.2
self_top5,oracle,ccdefault,mlp,lime,0,1.0,1.0,1.0
loso_top5,real,ccdefault,mlp,lime,0,0.911111111111111,0.8,0.8
loso_top5,random,ccdefault,mlp,lime,0,0.22347826086956524,0.2,0.2
loso_top5,permuted,ccdefault,mlp,lime,0,0.5326315789473683,0.4,0.4
loso_top5,constant,ccdefault,mlp,lime,0,0.21739130434782608,0.4,0.4
loso_top5,oracle,ccdefault,mlp,lime,0,1.0,1.0,1.0
positional,real,ccdefault,mlp,lime,1,0.3202777777777778,0.2,0.2
positional,random,ccdefault,mlp,lime,1,0.25613123718386877,0.2,0.2
positional,permuted,ccdefault,mlp,lime,1,0.32372549019607844,0.4,0.4
positional,constant,ccdefault,mlp,lime,1,0.21739130434782608,1.0,1.0
positional,oracle,ccdefault,mlp,lime,1,1.0,1.0,1.0
random,real,ccdefault,mlp,lime,1,0.24635706914344685,0.2,0.2
random,random,ccdefault,mlp,lime,1,0.1905901116427432,0.0,0.0
random,permuted,ccdefault,mlp,lime,1,0.6287878787878787,0.6,0.6
random,constant,ccdefault,mlp,lime,1,0.21739130434782608,0.4,0.4
random,oracle,ccdefault,mlp,lime,1,1.0,1.0,1.0
self_top5,real,ccdefault,mlp,lime,1,1.0,1.0,1.0
self_top5,random,ccdefault,mlp,lime,1,0.3959477124183006,0.4,0.4
self_top5,permuted,ccdefault,mlp,lime,1,0.3137254901960784,0.2,0.2
self_top5,constant,ccdefault,mlp,lime,1,0.21739130434782608,0.2,0.2
self_top5,oracle,ccdefault,mlp,lime,1,1.0,1.0,1.0
loso_top5,real,ccdefault,mlp,lime,1,0.8761904761904762,0.6,0.6
loso_top5,random,ccdefault,mlp,lime,1,0.34555555555555556,0.4,0.4
loso_top5,permuted,ccdefault,mlp,lime,1,0.27981495628554454,0.2,0.2
loso_top5,constant,ccdefault,mlp,lime,1,0.21739130434782608,0.2,0.2
loso_top5,oracle,ccdefault,mlp,lime,1,1.0,1.0,1.0
positional,real,ccdefault,mlp,lime,2,0.3559523809523809,0.2,0.2
positional,random,ccdefault,mlp,lime,2,0.29906204906204903,0.2,0.2
positional,permuted,ccdefault,mlp,lime,2,0.5552272727272727,0.6,0.6
positional,constant,ccdefault,mlp,lime,2,0.21739130434782608,1.0,1.0
positional,oracle,ccdefault,mlp,lime,2,1.0,1.0,1.0
random,real,ccdefault,mlp,lime,2,0.28083670715249665,0.2,0.2
random,random,ccdefault,mlp,lime,2,0.17437375426505863,0.0,0.0
random,permuted,ccdefault,mlp,lime,2,0.6110973084886129,0.6,0.6
random,constant,ccdefault,mlp,lime,2,0.21739130434782608,0.4,0.4
random,oracle,ccdefault,mlp,lime,2,1.0,1.0,1.0
self_top5,real,ccdefault,mlp,lime,2,1.0,1.0,1.0
self_top5,random,ccdefault,mlp,lime,2,0.30895445134575567,0.2,0.2
self_top5,permuted,ccdefault,mlp,lime,2,0.3354978354978355,0.2,0.2
self_top5,constant,ccdefault,mlp,lime,2,0.21739130434782608,0.2,0.2
self_top5,oracle,ccdefault,mlp,lime,2,1.0,1.0,1.0
loso_top5,real,ccdefault,mlp,lime,2,0.8588235294117648,0.8,0.8
loso_top5,random,ccdefault,mlp,lime,2,0.25014492753623185,0.2,0.2
loso_top5,permuted,ccdefault,mlp,lime,2,0.3565367965367966,0.2,0.2
loso_top5,constant,ccdefault,mlp,lime,2,0.21739130434782608,0.2,0.2
loso_top5,oracle,ccdefault,mlp,lime,2,1.0,1.0,1.0
positional,real,ccdefault,mlp,lime,3,0.3721212121212121,0.4,0.4
positional,random,ccdefault,mlp,lime,3,0.45380952380952383,0.4,0.4
positional,permuted,ccdefault,mlp,lime,3,0.3390659340659341,0.2,0.2
positional,constant,ccdefault,mlp,lime,3,0.21739130434782608,1.0,1.0
positional,oracle,ccdefault,mlp,lime,3,1.0,1.0,1.0
random,real,ccdefault,mlp,lime,3,0.30583333333333335,0.4,0.4
random,random,ccdefault,mlp,lime,3,0.5133333333333334,0.4,0.4
random,permuted,ccdefault,mlp,lime,3,0.3142857142857143,0.4,0.4
random,constant,ccdefault,mlp,lime,3,0.21739130434782608,0.4,0.4
random,oracle,ccdefault,mlp,lime,3,1.0,1.0,1.0
self_top5,real,ccdefault,mlp,lime,3,1.0,1.0,1.0
self_top5,random,ccdefault,mlp,lime,3,0.4716666666666667,0.2,0.2
self_top5,permuted,ccdefault,mlp,lime,3,0.42428571428571427,0.2,0.2
self_top5,constant,ccdefault,mlp,lime,3,0.21739130434782608,0.4,0.4
self_top5,oracle,ccdefault,mlp,lime,3,1.0,1.0,1.0
loso_top5,real,ccdefault,mlp,lime,3,0.8076190476190477,0.8,0.8
loso_top5,random,ccdefault,mlp,lime,3,0.3383333333333333,0.2,0.2
loso_top5,permuted,ccdefault,mlp,lime,3,0.3970588235294118,0.2,0.2
loso_top5,constant,ccdefault,mlp,lime,3,0.21739130434782608,0.2,0.2
loso_top5,oracle,ccdefault,mlp,lime,3,1.0,1.0,1.0
positional,real,ccdefault,mlp,lime,4,0.3133942272561199,0.4,0.4
positional,random,ccdefault,mlp,lime,4,0.5648841354723708,0.4,0.4
positional,permuted,ccdefault,mlp,lime,4,0.18219458560015836,0.0,0.0
positional,constant,ccdefault,mlp,lime,4,0.21739130434782608,1.0,1.0
positional,oracle,ccdefault,mlp,lime,4,1.0,1.0,1.0
random,real,ccdefault,mlp,lime,4,0.24888888888888888,0.2,0.2
random,random,ccdefault,mlp,lime,4,0.19244184630373887,0.0,0.0
random,permuted,ccdefault,mlp,lime,4,0.25735930735930734,0.0,0.0
random,constant,ccdefault,mlp,lime,4,0.21739130434782608,0.4,0.4
random,oracle,ccdefault,mlp,lime,4,1.0,1.0,1.0
self_top5,real,ccdefault,mlp,lime,4,1.0,1.0,1.0
self_top5,random,ccdefault,mlp,lime,4,0.44999999999999996,0.4,0.4
self_top5,permuted,ccdefault,mlp,lime,4,0.4446553446553446,0.2,0.2
self_top5,constant,ccdefault,mlp,lime,4,0.21739130434782608,0.4,0.4
self_top5,oracle,ccdefault,mlp,lime,4,1.0,1.0,1.0
loso_top5,real,ccdefault,mlp,lime,4,0.9428571428571428,0.8,0.8
loso_top5,random,ccdefault,mlp,lime,4,0.375,0.4,0.4
loso_top5,permuted,ccdefault,mlp,lime,4,0.41933066933066937,0.2,0.2
loso_top5,constant,ccdefault,mlp,lime,4,0.21739130434782608,0.2,0.2
loso_top5,oracle,ccdefault,mlp,lime,4,1.0,1.0,1.0
positional,real,ccdefault,mlp,kshap,0,0.29518716577540105,0.2,0.2
positional,random,ccdefault,mlp,kshap,0,0.4701449275362319,0.4,0.4
positional,permuted,ccdefault,mlp,kshap,0,0.31285714285714283,0.4,0.4
positional,constant,ccdefault,mlp,kshap,0,0.21739130434782608,1.0,1.0
positional,oracle,ccdefault,mlp,kshap,0,1.0,1.0,1.0
random,real,ccdefault,mlp,kshap,0,0.2893466082085008,0.2,0.2
random,random,ccdefault,mlp,kshap,0,0.24180268154692708,0.2,0.2
random,permuted,ccdefault,mlp,kshap,0,0.45236714975845405,0.6,0.6
random,constant,ccdefault,mlp,kshap,0,0.21739130434782608,0.2,0.2
random,oracle,ccdefault,mlp,kshap,0,1.0,1.0,1.0
self_top5,real,ccdefault,mlp,kshap,0,1.0,1.0,1.0
self_top5,random,ccdefault,mlp,kshap,0,0.2468332596196373,0.2,0.2
self_top5,permuted,ccdefault,mlp,kshap,0,0.3648043032482392,0.2,0.2
self_top5,constant,ccdefault,mlp,kshap,0,0.21739130434782608,0.2,0.2
self_top5,oracle,ccdefault,mlp,kshap,0,1.0,1.0,1.0
loso_top5,real,ccdefault,mlp,kshap,0,0.8392857142857142,0.6,0.6
loso_top5,random,ccdefault,mlp,kshap,0,0.3225133689839572,0.4,0.4
loso_top5,permuted,ccdefault,mlp,kshap,0,0.21288511132904728,0.2,0.2
loso_top5,constant,ccdefault,mlp,kshap,0,0.21739130434782608,0.2,0.2
loso_top5,oracle,ccdefault,mlp,kshap,0,1.0,1.0,1.0
positional,real,ccdefault,mlp,kshap,1,0.3275124875124875,0.2,0.2
positional,random,ccdefault,mlp,kshap,1,0.24886933242196396,0.2,0.2
positional,permuted,ccdefault,mlp,kshap,1,0.2787512487512488,0.4,0.4
positional,constant,ccdefault,mlp,kshap,1,0.21739130434782608,1.0,1.0
positional,oracle,ccdefault,mlp,kshap,1,1.0,1.0,1.0
random,real,ccdefault,mlp,kshap,1,0.37168338907469345,0.4,0.4
random,random,ccdefault,mlp,kshap,1,0.17432009167303286,0.0,0.0
random,permuted,ccdefault,mlp,kshap,1,0.22505494505494505,0.2,0.2
random,constant,ccdefault,mlp,kshap,1,0.21739130434782608,0.2,0.2
random,oracle,ccdefault,mlp,kshap,1,1.0,1.0,1.0
self_top5,real,ccdefault,mlp,kshap,1,1.0,1.0,1.0
self_top5,random,ccdefault,mlp,kshap,1,0.2533575972194898,0.2,0.2
self_top5,permuted,ccdefault,mlp,kshap,1,0.19764492753623186,0.2,0.2
self_top5,constant,ccdefault,mlp,kshap,1,0.21739130434782608,0.2,0.2
self_top5,oracle,ccdefault,mlp,kshap,1,1.0,1.0,1.0
loso_top5,real,ccdefault,mlp,kshap,1,0.9666666666666666,0.8,0.8
loso_top5,random,ccdefault,mlp,kshap,1,0.2500608939227865,0.2,0.2
loso_top5,permuted,ccdefault,mlp,kshap,1,0.2017857142857143,0.2,0.2
loso_top5,constant,ccdefault,mlp,kshap,1,0.21739130434782608,0.2,0.2
loso_top5,oracle,ccdefault,mlp,kshap,1,1.0,1.0,1.0
positional,real,ccdefault,mlp,kshap,2,0.34095238095238095,0.2,0.2
positional,random,ccdefault,mlp,kshap,2,0.2482750582750583,0.2,0.2
positional,permuted,ccdefault,mlp,kshap,2,0.28210526315789475,0.4,0.4
positional,constant,ccdefault,mlp,kshap,2,0.21739130434782608,1.0,1.0
positional,oracle,ccdefault,mlp,kshap,2,1.0,1.0,1.0
random,real,ccdefault,mlp,kshap,2,0.3492640692640693,0.4,0.4
random,random,ccdefault,mlp,kshap,2,0.21772068511198944,0.0,0.0
random,permuted,ccdefault,mlp,kshap,2,0.4533333333333333,0.4,0.4
random,constant,ccdefault,mlp,kshap,2,0.21739130434782608,0.2,0.2
random,oracle,ccdefault,mlp,kshap,2,1.0,1.0,1.0
self_top5,real,ccdefault,mlp,kshap,2,1.0,1.0,1.0
self_top5,random,ccdefault,mlp,kshap,2,0.17793713532843966,0.0,0.0
self_top5,permuted,ccdefault,mlp,kshap,2,0.24010632642211588,0.2,0.2
self_top5,constant,ccdefault,mlp,kshap,2,0.21739130434782608,0.2,0.2
self_top5,oracle,ccdefault,mlp,kshap,2,1.0,1.0,1.0
loso_top5,real,ccdefault,mlp,kshap,2,0.9266666666666665,0.8,0.8
loso_top5,random,ccdefault,mlp,kshap,2,0.22469038208168643,0.0,0.0
loso_top5,permuted,ccdefault,mlp,kshap,2,0.37343965975544924,0.2,0.2
loso_top5,constant,ccdefault,mlp,kshap,2,0.21739130434782608,0.2,0.2
loso_top5,oracle,ccdefault,mlp,kshap,2,1.0,1.0,1.0
positional,real,ccdefault,mlp,kshap,3,0.3788095238095238,0.2,0.2
positional,random,ccdefault,mlp,kshap,3,0.31591478696741854,0.2,0.2
positional,permuted,ccdefault,mlp,kshap,3,0.28275613275613276,0.2,0.2
positional,constant,ccdefault,mlp,kshap,3,0.21739130434782608,1.0,1.0
positional,oracle,ccdefault,mlp,kshap,3,1.0,1.0,1.0
random,real,ccdefault,mlp,kshap,3,0.3854545454545454,0.6,0.6
random,random,ccdefault,mlp,kshap,3,0.29793650793650794,0.2,0.2
random,permuted,ccdefault,mlp,kshap,3,0.19362863680941483,0.2,0.2
random,constant,ccdefault,mlp,kshap,3,0.21739130434782608,0.2,0.2
random,oracle,ccdefault,mlp,kshap,3,1.0,1.0,1.0
self_top5,real,ccdefault,mlp,kshap,3,1.0,1.0,1.0
self_top5,random,ccdefault,mlp,kshap,3,0.26790935672514615,0.2,0.2
self_top5,permuted,ccdefault,mlp,kshap,3,0.1772794304602085,0.2,0.2
self_top5,constant,ccdefault,mlp,kshap,3,0.21739130434782608,0.2,0.2
self_top5,oracle,ccdefault,mlp,kshap,3,1.0,1.0,1.0
loso_top5,real,ccdefault,mlp,kshap,3,1.0,1.0,1.0
loso_top5,random,ccdefault,mlp,kshap,3,0.26790935672514615,0.2,0.2
loso_top5,permuted,ccdefault,mlp,kshap,3,0.1772794304602085,0.2,0.2
loso_top5,constant,ccdefault,mlp,kshap,3,0.21739130434782608,0.2,0.2
loso_top5,oracle,ccdefault,mlp,kshap,3,1.0,1.0,1.0
positional,real,ccdefault,mlp,kshap,4,0.3063270063270064,0.2,0.2
positional,random,ccdefault,mlp,kshap,4,0.3109523809523809,0.2,0.2
positional,permuted,ccdefault,mlp,kshap,4,0.24944907024594734,0.2,0.2
positional,constant,ccdefault,mlp,kshap,4,0.21739130434782608,1.0,1.0
positional,oracle,ccdefault,mlp,kshap,4,1.0,1.0,1.0
random,real,ccdefault,mlp,kshap,4,0.40287220026350457,0.6,0.6
random,random,ccdefault,mlp,kshap,4,0.16944907024594735,0.0,0.0
random,permuted,ccdefault,mlp,kshap,4,0.29000000000000004,0.2,0.2
random,constant,ccdefault,mlp,kshap,4,0.21739130434782608,0.2,0.2
random,oracle,ccdefault,mlp,kshap,4,1.0,1.0,1.0
self_top5,real,ccdefault,mlp,kshap,4,1.0,1.0,1.0
self_top5,random,ccdefault,mlp,kshap,4,0.17915495259888853,0.0,0.0
self_top5,permuted,ccdefault,mlp,kshap,4,0.18334670231729056,0.0,0.0
self_top5,constant,ccdefault,mlp,kshap,4,0.21739130434782608,0.2,0.2
self_top5,oracle,ccdefault,mlp,kshap,4,1.0,1.0,1.0
loso_top5,real,ccdefault,mlp,kshap,4,1.0,1.0,1.0
loso_top5,random,ccdefault,mlp,kshap,4,0.17915495259888853,0.0,0.0
loso_top5,permuted,ccdefault,mlp,kshap,4,0.18334670231729056,0.0,0.0
loso_top5,constant,ccdefault,mlp,kshap,4,0.21739130434782608,0.2,0.2
loso_top5,oracle,ccdefault,mlp,kshap,4,1.0,1.0,1.0
positional,real,electricity,logreg,linshap,0,0.7892857142857144,0.6,0.6
positional,random,electricity,logreg,linshap,0,0.7416666666666667,0.6,0.6
positional,permuted,electricity,logreg,linshap,0,0.5628571428571427,0.6,0.6
positional,constant,electricity,logreg,linshap,0,0.625,1.0,1.0
positional,oracle,electricity,logreg,linshap,0,1.0,1.0,1.0
random,real,electricity,logreg,linshap,0,0.5726190476190476,0.4,0.4
random,random,electricity,logreg,linshap,0,0.8766666666666667,0.8,0.8
random,permuted,electricity,logreg,linshap,0,0.5192857142857142,0.4,0.4
random,constant,electricity,logreg,linshap,0,0.625,0.6,0.6
random,oracle,electricity,logreg,linshap,0,1.0,1.0,1.0
self_top5,real,electricity,logreg,linshap,0,1.0,1.0,1.0
self_top5,random,electricity,logreg,linshap,0,0.8392857142857143,0.6,0.6
self_top5,permuted,electricity,logreg,linshap,0,0.7226190476190476,0.6,0.6
self_top5,constant,electricity,logreg,linshap,0,0.625,0.6,0.6
self_top5,oracle,electricity,logreg,linshap,0,1.0,1.0,1.0
loso_top5,real,electricity,logreg,linshap,0,1.0,1.0,1.0
loso_top5,random,electricity,logreg,linshap,0,0.8392857142857143,0.6,0.6
loso_top5,permuted,electricity,logreg,linshap,0,0.7226190476190476,0.6,0.6
loso_top5,constant,electricity,logreg,linshap,0,0.625,0.6,0.6
loso_top5,oracle,electricity,logreg,linshap,0,1.0,1.0,1.0
positional,real,electricity,logreg,linshap,1,0.7892857142857144,0.6,0.6
positional,random,electricity,logreg,linshap,1,1.0,1.0,1.0
positional,permuted,electricity,logreg,linshap,1,0.6416666666666666,0.6,0.6
positional,constant,electricity,logreg,linshap,1,0.625,1.0,1.0
positional,oracle,electricity,logreg,linshap,1,1.0,1.0,1.0
random,real,electricity,logreg,linshap,1,0.5726190476190476,0.4,0.4
random,random,electricity,logreg,linshap,1,0.7416666666666667,0.6,0.6
random,permuted,electricity,logreg,linshap,1,0.5628571428571427,0.6,0.6
random,constant,electricity,logreg,linshap,1,0.625,0.6,0.6
random,oracle,electricity,logreg,linshap,1,1.0,1.0,1.0
self_top5,real,electricity,logreg,linshap,1,1.0,1.0,1.0
self_top5,random,electricity,logreg,linshap,1,0.7592857142857143,0.6,0.6
self_top5,permuted,electricity,logreg,linshap,1,0.7392857142857143,0.4,0.4
self_top5,constant,electricity,logreg,linshap,1,0.625,0.6,0.6
self_top5,oracle,electricity,logreg,linshap,1,1.0,1.0,1.0
loso_top5,real,electricity,logreg,linshap,1,1.0,1.0,1.0
loso_top5,random,electricity,logreg,linshap,1,0.7592857142857143,0.6,0.6
loso_top5,permuted,electricity,logreg,linshap,1,0.7392857142857143,0.4,0.4
loso_top5,constant,electricity,logreg,linshap,1,0.625,0.6,0.6
loso_top5,oracle,electricity,logreg,linshap,1,1.0,1.0,1.0
positional,real,electricity,logreg,linshap,2,0.7892857142857144,0.6,0.6
positional,random,electricity,logreg,linshap,2,0.7783333333333333,0.6,0.6
positional,permuted,electricity,logreg,linshap,2,0.885,0.8,0.8
positional,constant,electricity,logreg,linshap,2,0.625,1.0,1.0
positional,oracle,electricity,logreg,linshap,2,1.0,1.0,1.0
random,real,electricity,logreg,linshap,2,0.5726190476190476,0.4,0.4
random,random,electricity,logreg,linshap,2,0.6683333333333333,0.8,0.8
random,permuted,electricity,logreg,linshap,2,0.7892857142857144,0.6,0.6
random,constant,electricity,logreg,linshap,2,0.625,0.6,0.6
random,oracle,electricity,logreg,linshap,2,1.0,1.0,1.0
self_top5,real,electricity,logreg,linshap,2,1.0,1.0,1.0
self_top5,random,electricity,logreg,linshap,2,0.7295238095238095,0.6,0.6
self_top5,permuted,electricity,logreg,linshap,2,0.81,0.8,0.8
self_top5,constant,electricity,logreg,linshap,2,0.625,0.6,0.6
self_top5,oracle,electricity,logreg,linshap,2,1.0,1.0,1.0
loso_top5,real,electricity,logreg,linshap,2,1.0,1.0,1.0
loso_top5,random,electricity,logreg,linshap,2,0.7295238095238095,0.6,0.6
loso_top5,permuted,electricity,logreg,linshap,2,0.81,0.8,0.8
loso_top5,constant,electricity,logreg,linshap,2,0.625,0.6,0.6
loso_top5,oracle,electricity,logreg,linshap,2,1.0,1.0,1.0
positional,real,electricity,logreg,linshap,3,0.7892857142857144,0.6,0.6
positional,random,electricity,logreg,linshap,3,0.81,0.8,0.8
positional,permuted,electricity,logreg,linshap,3,0.885,0.8,0.8
positional,constant,electricity,logreg,linshap,3,0.625,1.0,1.0
positional,oracle,electricity,logreg,linshap,3,1.0,1.0,1.0
random,real,electricity,logreg,linshap,3,0.5726190476190476,0.4,0.4
random,random,electricity,logreg,linshap,3,0.5961904761904762,0.6,0.6
random,permuted,electricity,logreg,linshap,3,0.6592857142857143,0.6,0.6
random,constant,electricity,logreg,linshap,3,0.625,0.6,0.6
random,oracle,electricity,logreg,linshap,3,1.0,1.0,1.0
self_top5,real,electricity,logreg,linshap,3,1.0,1.0,1.0
self_top5,random,electricity,logreg,linshap,3,0.6726190476190477,0.4,0.4
self_top5,permuted,electricity,logreg,linshap,3,0.6416666666666666,0.6,0.6
self_top5,constant,electricity,logreg,linshap,3,0.625,0.6,0.6
self_top5,oracle,electricity,logreg,linshap,3,1.0,1.0,1.0
loso_top5,real,electricity,logreg,linshap,3,1.0,1.0,1.0
loso_top5,random,electricity,logreg,linshap,3,0.6726190476190477,0.4,0.4
loso_top5,permuted,electricity,logreg,linshap,3,0.6416666666666666,0.6,0.6
loso_top5,constant,electricity,logreg,linshap,3,0.625,0.6,0.6
loso_top5,oracle,electricity,logreg,linshap,3,1.0,1.0,1.0
positional,real,electricity,logreg,linshap,4,0.7892857142857144,0.6,0.6
positional,random,electricity,logreg,linshap,4,0.9266666666666666,0.8,0.8
positional,permuted,electricity,logreg,linshap,4,0.8261904761904763,0.6,0.6
positional,constant,electricity,logreg,linshap,4,0.625,1.0,1.0
positional,oracle,electricity,logreg,linshap,4,1.0,1.0,1.0
random,real,electricity,logreg,linshap,4,0.5726190476190476,0.4,0.4
random,random,electricity,logreg,linshap,4,0.5783333333333334,0.6,0.6
random,permuted,electricity,logreg,linshap,4,0.8583333333333333,0.6,0.6
random,constant,electricity,logreg,linshap,4,0.625,0.6,0.6
random,oracle,electricity,logreg,linshap,4,1.0,1.0,1.0
self_top5,real,electricity,logreg,linshap,4,1.0,1.0,1.0
self_top5,random,electricity,logreg,linshap,4,0.7861904761904762,0.8,0.8
self_top5,permuted,electricity,logreg,linshap,4,0.6592857142857143,0.6,0.6
self_top5,constant,electricity,logreg,linshap,4,0.625,0.6,0.6
self_top5,oracle,electricity,logreg,linshap,4,1.0,1.0,1.0
loso_top5,real,electricity,logreg,linshap,4,1.0,1.0,1.0
loso_top5,random,electricity,logreg,linshap,4,0.7861904761904762,0.8,0.8
loso_top5,permuted,electricity,logreg,linshap,4,0.6592857142857143,0.6,0.6
loso_top5,constant,electricity,logreg,linshap,4,0.625,0.6,0.6
loso_top5,oracle,electricity,logreg,linshap,4,1.0,1.0,1.0
positional,real,electricity,logreg,lime,0,0.7683333333333333,0.8,0.8
positional,random,electricity,logreg,lime,0,0.6392857142857143,0.4,0.4
positional,permuted,electricity,logreg,lime,0,0.7592857142857143,0.6,0.6
positional,constant,electricity,logreg,lime,0,0.625,1.0,1.0
positional,oracle,electricity,logreg,lime,0,1.0,1.0,1.0
random,real,electricity,logreg,lime,0,0.4859523809523809,0.4,0.4
random,random,electricity,logreg,lime,0,0.8761904761904762,0.6,0.6
random,permuted,electricity,logreg,lime,0,0.525952380952381,0.6,0.6
random,constant,electricity,logreg,lime,0,0.625,0.6,0.6
random,oracle,electricity,logreg,lime,0,1.0,1.0,1.0
self_top5,real,electricity,logreg,lime,0,1.0,1.0,1.0
self_top5,random,electricity,logreg,lime,0,0.6592857142857143,0.6,0.6
self_top5,permuted,electricity,logreg,lime,0,0.7961904761904761,0.6,0.6
self_top5,constant,electricity,logreg,lime,0,0.625,0.8,0.8
self_top5,oracle,electricity,logreg,lime,0,1.0,1.0,1.0
loso_top5,real,electricity,logreg,lime,0,1.0,1.0,1.0
loso_top5,random,electricity,logreg,lime,0,0.6592857142857143,0.6,0.6
loso_top5,permuted,electricity,logreg,lime,0,0.7961904761904761,0.6,0.6
loso_top5,constant,electricity,logreg,lime,0,0.625,0.8,0.8
loso_top5,oracle,electricity,logreg,lime,0,1.0,1.0,1.0
positional,real,electricity,logreg,lime,1,0.7861904761904762,0.8,0.8
positional,random,electricity,logreg,lime,1,0.7595238095238095,0.6,0.6
positional,permuted,electricity,logreg,lime,1,0.7783333333333333,0.6,0.6
positional,constant,electricity,logreg,lime,1,0.625,1.0,1.0
positional,oracle,electricity,logreg,lime,1,1.0,1.0,1.0
random,real,electricity,logreg,lime,1,0.4859523809523809,0.4,0.4
random,random,electricity,logreg,lime,1,0.852857142857143,0.8,0.8
random,permuted,electricity,logreg,lime,1,0.46928571428571425,0.4,0.4
random,constant,electricity,logreg,lime,1,0.625,0.6,0.6
random,oracle,electricity,logreg,lime,1,1.0,1.0,1.0
self_top5,real,electricity,logreg,lime,1,1.0,1.0,1.0
self_top5,random,electricity,logreg,lime,1,0.5059523809523809,0.4,0.4
self_top5,permuted,electricity,logreg,lime,1,0.885,0.8,0.8
self_top5,constant,electricity,logreg,lime,1,0.625,0.8,0.8
self_top5,oracle,electricity,logreg,lime,1,1.0,1.0,1.0
loso_top5,real,electricity,logreg,lime,1,1.0,1.0,1.0
loso_top5,random,electricity,logreg,lime,1,0.5059523809523809,0.4,0.4
loso_top5,permuted,electricity,logreg,lime,1,0.885,0.8,0.8
loso_top5,constant,electricity,logreg,lime,1,0.625,0.8,0.8
loso_top5,oracle,electricity,logreg,lime,1,1.0,1.0,1.0
positional,real,electricity,logreg,lime,2,0.7683333333333333,0.8,0.8
positional,random,electricity,logreg,lime,2,0.8083333333333333,0.6,0.6
positional,permuted,electricity,logreg,lime,2,0.6192857142857142,0.4,0.4
positional,constant,electricity,logreg,lime,2,0.625,1.0,1.0
positional,oracle,electricity,logreg,lime,2,1.0,1.0,1.0
random,real,electricity,logreg,lime,2,0.4859523809523809,0.4,0.4
random,random,electricity,logreg,lime,2,0.6116666666666666,0.6,0.6
random,permuted,electricity,logreg,lime,2,0.5961904761904762,0.6,0.6
random,constant,electricity,logreg,lime,2,0.625,0.6,0.6
random,oracle,electricity,logreg,lime,2,1.0,1.0,1.0
self_top5,real,electricity,logreg,lime,2,1.0,1.0,1.0
self_top5,random,electricity,logreg,lime,2,0.7892857142857144,0.6,0.6
self_top5,permuted,electricity,logreg,lime,2,0.6726190476190477,0.4,0.4
self_top5,constant,electricity,logreg,lime,2,0.625,0.8,0.8
self_top5,oracle,electricity,logreg,lime,2,1.0,1.0,1.0
loso_top5,real,electricity,logreg,lime,2,1.0,1.0,1.0
loso_top5,random,electricity,logreg,lime,2,0.7892857142857144,0.6,0.6
loso_top5,permuted,electricity,logreg,lime,2,0.6726190476190477,0.4,0.4
loso_top5,constant,electricity,logreg,lime,2,0.625,0.8,0.8
loso_top5,oracle,electricity,logreg,lime,2,1.0,1.0,1.0
positional,real,electricity,logreg,lime,3,0.7683333333333333,0.8,0.8
positional,random,electricity,logreg,lime,3,0.6926190476190477,0.6,0.6
positional,permuted,electricity,logreg,lime,3,0.7226190476190476,0.6,0.6
positional,constant,electricity,logreg,lime,3,0.625,1.0,1.0
positional,oracle,electricity,logreg,lime,3,1.0,1.0,1.0
random,real,electricity,logreg,lime,3,0.4859523809523809,0.4,0.4
random,random,electricity,logreg,lime,3,0.5059523809523809,0.4,0.4
random,permuted,electricity,logreg,lime,3,0.8261904761904763,0.6,0.6
random,constant,electricity,logreg,lime,3,0.625,0.6,0.6
random,oracle,electricity,logreg,lime,3,1.0,1.0,1.0
self_top5,real,electricity,logreg,lime,3,1.0,1.0,1.0
self_top5,random,electricity,logreg,lime,3,0.7592857142857143,0.6,0.6
self_top5,permuted,electricity,logreg,lime,3,0.6926190476190477,0.6,0.6
self_top5,constant,electricity,logreg,lime,3,0.625,0.8,0.8
self_top5,oracle,electricity,logreg,lime,3,1.0,1.0,1.0
loso_top5,real,electricity,logreg,lime,3,1.0,1.0,1.0
loso_top5,random,electricity,logreg,lime,3,0.7592857142857143,0.6,0.6
loso_top5,permuted,electricity,logreg,lime,3,0.6926190476190477,0.6,0.6
loso_top5,constant,electricity,logreg,lime,3,0.625,0.8,0.8
loso_top5,oracle,electricity,logreg,lime,3,1.0,1.0,1.0
positional,real,electricity,logreg,lime,4,0.7683333333333333,0.8,0.8
positional,random,electricity,logreg,lime,4,0.7592857142857143,0.6,0.6
positional,permuted,electricity,logreg,lime,4,0.7592857142857143,0.6,0.6
positional,constant,electricity,logreg,lime,4,0.625,1.0,1.0
positional,oracle,electricity,logreg,lime,4,1.0,1.0,1.0
random,real,electricity,logreg,lime,4,0.4859523809523809,0.4,0.4
random,random,electricity,logreg,lime,4,0.8766666666666667,0.8,0.8
random,permuted,electricity,logreg,lime,4,0.5726190476190476,0.4,0.4
random,constant,electricity,logreg,lime,4,0.625,0.6,0.6
random,oracle,electricity,logreg,lime,4,1.0,1.0,1.0
self_top5,real,electricity,logreg,lime,4,1.0,1.0,1.0
self_top5,random,electricity,logreg,lime,4,0.8392857142857143,0.6,0.6
self_top5,permuted,electricity,logreg,lime,4,0.8350000000000001,0.8,0.8
self_top5,constant,electricity,logreg,lime,4,0.625,0.8,0.8
self_top5,oracle,electricity,logreg,lime,4,1.0,1.0,1.0
loso_top5,real,electricity,logreg,lime,4,1.0,1.0,1.0
loso_top5,random,electricity,logreg,lime,4,0.8392857142857143,0.6,0.6
loso_top5,permuted,electricity,logreg,lime,4,0.8350000000000001,0.8,0.8
loso_top5,constant,electricity,logreg,lime,4,0.625,0.8,0.8
loso_top5,oracle,electricity,logreg,lime,4,1.0,1.0,1.0
positional,real,electricity,rf,treeshap,0,1.0,1.0,1.0
positional,random,electricity,rf,treeshap,0,0.7116666666666667,0.6,0.6
positional,permuted,electricity,rf,treeshap,0,0.6726190476190477,0.4,0.4
positional,constant,electricity,rf,treeshap,0,0.625,1.0,1.0
positional,oracle,electricity,rf,treeshap,0,1.0,1.0,1.0
random,real,electricity,rf,treeshap,0,0.9028571428571428,0.8,0.8
random,random,electricity,rf,treeshap,0,0.6926190476190477,0.6,0.6
random,permuted,electricity,rf,treeshap,0,0.6926190476190477,0.6,0.6
random,constant,electricity,rf,treeshap,0,0.625,0.8,0.8
random,oracle,electricity,rf,treeshap,0,1.0,1.0,1.0
self_top5,real,electricity,rf,treeshap,0,1.0,1.0,1.0
self_top5,random,electricity,rf,treeshap,0,0.7116666666666667,0.6,0.6
self_top5,permuted,electricity,rf,treeshap,0,0.6726190476190477,0.4,0.4
self_top5,constant,electricity,rf,treeshap,0,0.625,1.0,1.0
self_top5,oracle,electricity,rf,treeshap,0,1.0,1.0,1.0
loso_top5,real,electricity,rf,treeshap,0,1.0,1.0,1.0
loso_top5,random,electricity,rf,treeshap,0,0.7116666666666667,0.6,0.6
loso_top5,permuted,electricity,rf,treeshap,0,0.6726190476190477,0.4,0.4
loso_top5,constant,electricity,rf,treeshap,0,0.625,1.0,1.0
loso_top5,oracle,electricity,rf,treeshap,0,1.0,1.0,1.0
positional,real,electricity,rf,treeshap,1,1.0,1.0,1.0
positional,random,electricity,rf,treeshap,1,0.7116666666666667,0.6,0.6
positional,permuted,electricity,rf,treeshap,1,0.6783333333333333,0.6,0.6
positional,constant,electricity,rf,treeshap,1,0.625,1.0,1.0
positional,oracle,electricity,rf,treeshap,1,1.0,1.0,1.0
random,real,electricity,rf,treeshap,1,0.9028571428571428,0.8,0.8
random,random,electricity,rf,treeshap,1,0.6783333333333333,0.6,0.6
random,permuted,electricity,rf,treeshap,1,0.7683333333333333,0.8,0.8
random,constant,electricity,rf,treeshap,1,0.625,0.8,0.8
random,oracle,electricity,rf,treeshap,1,1.0,1.0,1.0
self_top5,real,electricity,rf,treeshap,1,1.0,1.0,1.0
self_top5,random,electricity,rf,treeshap,1,0.7116666666666667,0.6,0.6
self_top5,permuted,electricity,rf,treeshap,1,0.6783333333333333,0.6,0.6
self_top5,constant,electricity,rf,treeshap,1,0.625,1.0,1.0
self_top5,oracle,electricity,rf,treeshap,1,1.0,1.0,1.0
loso_top5,real,electricity,rf,treeshap,1,1.0,1.0,1.0
loso_top5,random,electricity,rf,treeshap,1,0.7116666666666667,0.6,0.6
loso_top5,permuted,electricity,rf,treeshap,1,0.6783333333333333,0.6,0.6
loso_top5,constant,electricity,rf,treeshap,1,0.625,1.0,1.0
loso_top5,oracle,electricity,rf,treeshap,1,1.0,1.0,1.0
positional,real,electricity,rf,treeshap,2,1.0,1.0,1.0
positional,random,electricity,rf,treeshap,2,0.5449999999999999,0.6,0.6
positional,permuted,electricity,rf,treeshap,2,0.6961904761904761,0.6,0.6
positional,constant,electricity,rf,treeshap,2,0.625,1.0,1.0
positional,oracle,electricity,rf,treeshap,2,1.0,1.0,1.0
random,real,electricity,rf,treeshap,2,0.9028571428571428,0.8,0.8
random,random,electricity,rf,treeshap,2,0.6116666666666666,0.6,0.6
random,permuted,electricity,rf,treeshap,2,0.7961904761904761,0.6,0.6
random,constant,electricity,rf,treeshap,2,0.625,0.8,0.8
random,oracle,electricity,rf,treeshap,2,1.0,1.0,1.0
self_top5,real,electricity,rf,treeshap,2,1.0,1.0,1.0
self_top5,random,electricity,rf,treeshap,2,0.5449999999999999,0.6,0.6
self_top5,permuted,electricity,rf,treeshap,2,0.6961904761904761,0.6,0.6
self_top5,constant,electricity,rf,treeshap,2,0.625,1.0,1.0
self_top5,oracle,electricity,rf,treeshap,2,1.0,1.0,1.0
loso_top5,real,electricity,rf,treeshap,2,1.0,1.0,1.0
loso_top5,random,electricity,rf,treeshap,2,0.5449999999999999,0.6,0.6
loso_top5,permuted,electricity,rf,treeshap,2,0.6961904761904761,0.6,0.6
loso_top5,constant,electricity,rf,treeshap,2,0.625,1.0,1.0
loso_top5,oracle,electricity,rf,treeshap,2,1.0,1.0,1.0
positional,real,electricity,rf,treeshap,3,1.0,1.0,1.0
positional,random,electricity,rf,treeshap,3,0.8083333333333333,0.6,0.6
positional,permuted,electricity,rf,treeshap,3,0.7783333333333333,0.6,0.6
positional,constant,electricity,rf,treeshap,3,0.625,1.0,1.0
positional,oracle,electricity,rf,treeshap,3,1.0,1.0,1.0
random,real,electricity,rf,treeshap,3,0.9028571428571428,0.8,0.8
random,random,electricity,rf,treeshap,3,0.6416666666666666,0.6,0.6
random,permuted,electricity,rf,treeshap,3,0.7961904761904761,0.6,0.6
random,constant,electricity,rf,treeshap,3,0.625,0.8,0.8
random,oracle,electricity,rf,treeshap,3,1.0,1.0,1.0
self_top5,real,electricity,rf,treeshap,3,1.0,1.0,1.0
self_top5,random,electricity,rf,treeshap,3,0.8083333333333333,0.6,0.6
self_top5,permuted,electricity,rf,treeshap,3,0.7783333333333333,0.6,0.6
self_top5,constant,electricity,rf,treeshap,3,0.625,1.0,1.0
self_top5,oracle,electricity,rf,treeshap,3,1.0,1.0,1.0
loso_top5,real,electricity,rf,treeshap,3,1.0,1.0,1.0
loso_top5,random,electricity,rf,treeshap,3,0.8083333333333333,0.6,0.6
loso_top5,permuted,electricity,rf,treeshap,3,0.7783333333333333,0.6,0.6
loso_top5,constant,electricity,rf,treeshap,3,0.625,1.0,1.0
loso_top5,oracle,electricity,rf,treeshap,3,1.0,1.0,1.0
positional,real,electricity,rf,treeshap,4,1.0,1.0,1.0
positional,random,electricity,rf,treeshap,4,0.7683333333333333,0.8,0.8
positional,permuted,electricity,rf,treeshap,4,0.5926190476190476,0.6,0.6
positional,constant,electricity,rf,treeshap,4,0.625,1.0,1.0
positional,oracle,electricity,rf,treeshap,4,1.0,1.0,1.0
random,real,electricity,rf,treeshap,4,0.9028571428571428,0.8,0.8
random,random,electricity,rf,treeshap,4,0.7116666666666667,0.6,0.6
random,permuted,electricity,rf,treeshap,4,0.525952380952381,0.6,0.6
random,constant,electricity,rf,treeshap,4,0.625,0.8,0.8
random,oracle,electricity,rf,treeshap,4,1.0,1.0,1.0
self_top5,real,electricity,rf,treeshap,4,1.0,1.0,1.0
self_top5,random,electricity,rf,treeshap,4,0.7683333333333333,0.8,0.8
self_top5,permuted,electricity,rf,treeshap,4,0.5926190476190476,0.6,0.6
self_top5,constant,electricity,rf,treeshap,4,0.625,1.0,1.0
self_top5,oracle,electricity,rf,treeshap,4,1.0,1.0,1.0
loso_top5,real,electricity,rf,treeshap,4,1.0,1.0,1.0
loso_top5,random,electricity,rf,treeshap,4,0.7683333333333333,0.8,0.8
loso_top5,permuted,electricity,rf,treeshap,4,0.5926190476190476,0.6,0.6
loso_top5,constant,electricity,rf,treeshap,4,0.625,1.0,1.0
loso_top5,oracle,electricity,rf,treeshap,4,1.0,1.0,1.0
positional,real,electricity,rf,lime,0,0.9266666666666666,0.8,0.8
positional,random,electricity,rf,lime,0,0.7683333333333333,0.8,0.8
positional,permuted,electricity,rf,lime,0,0.5059523809523809,0.4,0.4
positional,constant,electricity,rf,lime,0,0.625,1.0,1.0
positional,oracle,electricity,rf,lime,0,1.0,1.0,1.0
random,real,electricity,rf,lime,0,0.8261904761904763,0.6,0.6
random,random,electricity,rf,lime,0,0.6392857142857143,0.4,0.4
random,permuted,electricity,rf,lime,0,0.9428571428571428,0.8,0.8
random,constant,electricity,rf,lime,0,0.625,0.6,0.6
random,oracle,electricity,rf,lime,0,1.0,1.0,1.0
self_top5,real,electricity,rf,lime,0,1.0,1.0,1.0
self_top5,random,electricity,rf,lime,0,0.81,0.8,0.8
self_top5,permuted,electricity,rf,lime,0,0.6416666666666666,0.6,0.6
self_top5,constant,electricity,rf,lime,0,0.625,0.8,0.8
self_top5,oracle,electricity,rf,lime,0,1.0,1.0,1.0
loso_top5,real,electricity,rf,lime,0,1.0,1.0,1.0
loso_top5,random,electricity,rf,lime,0,0.81,0.8,0.8
loso_top5,permuted,electricity,rf,lime,0,0.6416666666666666,0.6,0.6
loso_top5,constant,electricity,rf,lime,0,0.625,0.8,0.8
loso_top5,oracle,electricity,rf,lime,0,1.0,1.0,1.0
positional,real,electricity,rf,lime,1,0.8766666666666667,0.8,0.8
positional,random,electricity,rf,lime,1,0.9666666666666667,0.8,0.8
positional,permuted,electricity,rf,lime,1,0.7295238095238095,0.6,0.6
positional,constant,electricity,rf,lime,1,0.625,1.0,1.0
positional,oracle,electricity,rf,lime,1,1.0,1.0,1.0
random,real,electricity,rf,lime,1,0.8761904761904762,0.6,0.6
random,random,electricity,rf,lime,1,0.7861904761904762,0.8,0.8
random,permuted,electricity,rf,lime,1,0.6392857142857143,0.4,0.4
random,constant,electricity,rf,lime,1,0.625,0.6,0.6
random,oracle,electricity,rf,lime,1,1.0,1.0,1.0
self_top5,real,electricity,rf,lime,1,1.0,1.0,1.0
self_top5,random,electricity,rf,lime,1,0.8261904761904763,0.6,0.6
self_top5,permuted,electricity,rf,lime,1,0.7116666666666667,0.6,0.6
self_top5,constant,electricity,rf,lime,1,0.625,0.8,0.8
self_top5,oracle,electricity,rf,lime,1,1.0,1.0,1.0
loso_top5,real,electricity,rf,lime,1,1.0,1.0,1.0
loso_top5,random,electricity,rf,lime,1,0.8261904761904763,0.6,0.6
loso_top5,permuted,electricity,rf,lime,1,0.7116666666666667,0.6,0.6
loso_top5,constant,electricity,rf,lime,1,0.625,0.8,0.8
loso_top5,oracle,electricity,rf,lime,1,1.0,1.0,1.0
positional,real,electricity,rf,lime,2,0.8766666666666667,0.8,0.8
positional,random,electricity,rf,lime,2,0.6416666666666666,0.6,0.6
positional,permuted,electricity,rf,lime,2,0.4859523809523809,0.4,0.4
positional,constant,electricity,rf,lime,2,0.625,1.0,1.0
positional,oracle,electricity,rf,lime,2,1.0,1.0,1.0
random,real,electricity,rf,lime,2,0.8761904761904762,0.6,0.6
random,random,electricity,rf,lime,2,0.6861904761904762,0.8,0.8
random,permuted,electricity,rf,lime,2,0.6961904761904761,0.6,0.6
random,constant,electricity,rf,lime,2,0.625,0.6,0.6
random,oracle,electricity,rf,lime,2,1.0,1.0,1.0
self_top5,real,electricity,rf,lime,2,1.0,1.0,1.0
self_top5,random,electricity,rf,lime,2,0.5449999999999999,0.6,0.6
self_top5,permuted,electricity,rf,lime,2,0.6926190476190477,0.6,0.6
self_top5,constant,electricity,rf,lime,2,0.625,0.8,0.8
self_top5,oracle,electricity,rf,lime,2,1.0,1.0,1.0
loso_top5,real,electricity,rf,lime,2,1.0,1.0,1.0
loso_top5,random,electricity,rf,lime,2,0.5449999999999999,0.6,0.6
loso_top5,permuted,electricity,rf,lime,2,0.6926190476190477,0.6,0.6
loso_top5,constant,electricity,rf,lime,2,0.625,0.8,0.8
loso_top5,oracle,electricity,rf,lime,2,1.0,1.0,1.0
positional,real,electricity,rf,lime,3,0.8766666666666667,0.8,0.8
positional,random,electricity,rf,lime,3,0.9666666666666667,0.8,0.8
positional,permuted,electricity,rf,lime,3,0.7392857142857143,0.4,0.4
positional,constant,electricity,rf,lime,3,0.625,1.0,1.0
positional,oracle,electricity,rf,lime,3,1.0,1.0,1.0
random,real,electricity,rf,lime,3,0.8761904761904762,0.6,0.6
random,random,electricity,rf,lime,3,0.6961904761904761,0.6,0.6
random,permuted,electricity,rf,lime,3,0.6595238095238095,0.6,0.6
random,constant,electricity,rf,lime,3,0.625,0.6,0.6
random,oracle,electricity,rf,lime,3,1.0,1.0,1.0
self_top5,real,electricity,rf,lime,3,1.0,1.0,1.0
self_top5,random,electricity,rf,lime,3,0.8761904761904762,0.6,0.6
self_top5,permuted,electricity,rf,lime,3,0.7892857142857144,0.6,0.6
self_top5,constant,electricity,rf,lime,3,0.625,0.8,0.8
self_top5,oracle,electricity,rf,lime,3,1.0,1.0,1.0
loso_top5,real,electricity,rf,lime,3,1.0,1.0,1.0
loso_top5,random,electricity,rf,lime,3,0.8761904761904762,0.6,0.6
loso_top5,permuted,electricity,rf,lime,3,0.7892857142857144,0.6,0.6
loso_top5,constant,electricity,rf,lime,3,0.625,0.8,0.8
loso_top5,oracle,electricity,rf,lime,3,1.0,1.0,1.0
positional,real,electricity,rf,lime,4,0.8766666666666667,0.8,0.8
positional,random,electricity,rf,lime,4,1.0,1.0,1.0
positional,permuted,electricity,rf,lime,4,0.7961904761904761,0.6,0.6
positional,constant,electricity,rf,lime,4,0.625,1.0,1.0
positional,oracle,electricity,rf,lime,4,1.0,1.0,1.0
random,real,electricity,rf,lime,4,0.8761904761904762,0.6,0.6
random,random,electricity,rf,lime,4,0.6116666666666666,0.6,0.6
random,permuted,electricity,rf,lime,4,1.0,1.0,1.0
random,constant,electricity,rf,lime,4,0.625,0.6,0.6
random,oracle,electricity,rf,lime,4,1.0,1.0,1.0
self_top5,real,electricity,rf,lime,4,1.0,1.0,1.0
self_top5,random,electricity,rf,lime,4,0.9666666666666667,0.8,0.8
self_top5,permuted,electricity,rf,lime,4,0.7295238095238095,0.6,0.6
self_top5,constant,electricity,rf,lime,4,0.625,0.8,0.8
self_top5,oracle,electricity,rf,lime,4,1.0,1.0,1.0
loso_top5,real,electricity,rf,lime,4,1.0,1.0,1.0
loso_top5,random,electricity,rf,lime,4,0.9666666666666667,0.8,0.8
loso_top5,permuted,electricity,rf,lime,4,0.7295238095238095,0.6,0.6
loso_top5,constant,electricity,rf,lime,4,0.625,0.8,0.8
loso_top5,oracle,electricity,rf,lime,4,1.0,1.0,1.0
positional,real,electricity,hgb,treeshap,0,0.8766666666666667,0.8,0.8
positional,random,electricity,hgb,treeshap,0,0.7416666666666667,0.6,0.6
positional,permuted,electricity,hgb,treeshap,0,0.5726190476190476,0.4,0.4
positional,constant,electricity,hgb,treeshap,0,0.625,1.0,1.0
positional,oracle,electricity,hgb,treeshap,0,1.0,1.0,1.0
random,real,electricity,hgb,treeshap,0,0.7961904761904761,0.6,0.6
random,random,electricity,hgb,treeshap,0,0.5449999999999999,0.6,0.6
random,permuted,electricity,hgb,treeshap,0,0.5392857142857144,0.4,0.4
random,constant,electricity,hgb,treeshap,0,0.625,0.8,0.8
random,oracle,electricity,hgb,treeshap,0,1.0,1.0,1.0
self_top5,real,electricity,hgb,treeshap,0,1.0,1.0,1.0
self_top5,random,electricity,hgb,treeshap,0,0.7595238095238095,0.6,0.6
self_top5,permuted,electricity,hgb,treeshap,0,0.6295238095238094,0.6,0.6
self_top5,constant,electricity,hgb,treeshap,0,0.625,0.8,0.8
self_top5,oracle,electricity,hgb,treeshap,0,1.0,1.0,1.0
loso_top5,real,electricity,hgb,treeshap,0,1.0,1.0,1.0
loso_top5,random,electricity,hgb,treeshap,0,0.7595238095238095,0.6,0.6
loso_top5,permuted,electricity,hgb,treeshap,0,0.6295238095238094,0.6,0.6
loso_top5,constant,electricity,hgb,treeshap,0,0.625,0.8,0.8
loso_top5,oracle,electricity,hgb,treeshap,0,1.0,1.0,1.0
positional,real,electricity,hgb,treeshap,1,0.8766666666666667,0.8,0.8
positional,random,electricity,hgb,treeshap,1,0.5961904761904762,0.6,0.6
positional,permuted,electricity,hgb,treeshap,1,0.9666666666666667,0.8,0.8
positional,constant,electricity,hgb,treeshap,1,0.625,1.0,1.0
positional,oracle,electricity,hgb,treeshap,1,1.0,1.0,1.0
random,real,electricity,hgb,treeshap,1,0.7961904761904761,0.6,0.6
random,random,electricity,hgb,treeshap,1,0.71,0.8,0.8
random,permuted,electricity,hgb,treeshap,1,0.8261904761904763,0.6,0.6
random,constant,electricity,hgb,treeshap,1,0.625,0.8,0.8
random,oracle,electricity,hgb,treeshap,1,1.0,1.0,1.0
self_top5,real,electricity,hgb,treeshap,1,1.0,1.0,1.0
self_top5,random,electricity,hgb,treeshap,1,0.5392857142857144,0.4,0.4
self_top5,permuted,electricity,hgb,treeshap,1,0.9266666666666666,0.8,0.8
self_top5,constant,electricity,hgb,treeshap,1,0.625,0.8,0.8
self_top5,oracle,electricity,hgb,treeshap,1,1.0,1.0,1.0
loso_top5,real,electricity,hgb,treeshap,1,1.0,1.0,1.0
loso_top5,random,electricity,hgb,treeshap,1,0.5392857142857144,0.4,0.4
loso_top5,permuted,electricity,hgb,treeshap,1,0.9266666666666666,0.8,0.8
loso_top5,constant,electricity,hgb,treeshap,1,0.625,0.8,0.8
loso_top5,oracle,electricity,hgb,treeshap,1,1.0,1.0,1.0
positional,real,electricity,hgb,treeshap,2,0.8766666666666667,0.8,0.8
positional,random,electricity,hgb,treeshap,2,0.8761904761904762,0.6,0.6
positional,permuted,electricity,hgb,treeshap,2,0.5392857142857144,0.4,0.4
positional,constant,electricity,hgb,treeshap,2,0.625,1.0,1.0
positional,oracle,electricity,hgb,treeshap,2,1.0,1.0,1.0
random,real,electricity,hgb,treeshap,2,0.7961904761904761,0.6,0.6
random,random,electricity,hgb,treeshap,2,0.8392857142857143,0.6,0.6
random,permuted,electricity,hgb,treeshap,2,0.8083333333333333,0.6,0.6
random,constant,electricity,hgb,treeshap,2,0.625,0.8,0.8
random,oracle,electricity,hgb,treeshap,2,1.0,1.0,1.0
self_top5,real,electricity,hgb,treeshap,2,1.0,1.0,1.0
self_top5,random,electricity,hgb,treeshap,2,0.8261904761904763,0.6,0.6
self_top5,permuted,electricity,hgb,treeshap,2,0.46928571428571425,0.4,0.4
self_top5,constant,electricity,hgb,treeshap,2,0.625,0.8,0.8
self_top5,oracle,electricity,hgb,treeshap,2,1.0,1.0,1.0
loso_top5,real,electricity,hgb,treeshap,2,0.9666666666666667,0.8,0.8
loso_top5,random,electricity,hgb,treeshap,2,0.9666666666666667,0.8,0.8
loso_top5,permuted,electricity,hgb,treeshap,2,0.5961904761904762,0.6,0.6
loso_top5,constant,electricity,hgb,treeshap,2,0.625,0.8,0.8
loso_top5,oracle,electricity,hgb,treeshap,2,1.0,1.0,1.0
positional,real,electricity,hgb,treeshap,3,0.8766666666666667,0.8,0.8
positional,random,electricity,hgb,treeshap,3,0.5628571428571427,0.6,0.6
positional,permuted,electricity,hgb,treeshap,3,0.6392857142857143,0.4,0.4
positional,constant,electricity,hgb,treeshap,3,0.625,1.0,1.0
positional,oracle,electricity,hgb,treeshap,3,1.0,1.0,1.0
random,real,electricity,hgb,treeshap,3,0.7961904761904761,0.6,0.6
random,random,electricity,hgb,treeshap,3,0.5449999999999999,0.6,0.6
random,permuted,electricity,hgb,treeshap,3,0.7892857142857144,0.6,0.6
random,constant,electricity,hgb,treeshap,3,0.625,0.8,0.8
random,oracle,electricity,hgb,treeshap,3,1.0,1.0,1.0
self_top5,real,electricity,hgb,treeshap,3,1.0,1.0,1.0
self_top5,random,electricity,hgb,treeshap,3,0.7595238095238095,0.6,0.6
self_top5,permuted,electricity,hgb,treeshap,3,0.46928571428571425,0.4,0.4
self_top5,constant,electricity,hgb,treeshap,3,0.625,0.8,0.8
self_top5,oracle,electricity,hgb,treeshap,3,1.0,1.0,1.0
loso_top5,real,electricity,hgb,treeshap,3,1.0,1.0,1.0
loso_top5,random,electricity,hgb,treeshap,3,0.7595238095238095,0.6,0.6
loso_top5,permuted,electricity,hgb,treeshap,3,0.46928571428571425,0.4,0.4
loso_top5,constant,electricity,hgb,treeshap,3,0.625,0.8,0.8
loso_top5,oracle,electricity,hgb,treeshap,3,1.0,1.0,1.0
positional,real,electricity,hgb,treeshap,4,0.8766666666666667,0.8,0.8
positional,random,electricity,hgb,treeshap,4,0.9428571428571428,0.8,0.8
positional,permuted,electricity,hgb,treeshap,4,0.6226190476190476,0.6,0.6
positional,constant,electricity,hgb,treeshap,4,0.625,1.0,1.0
positional,oracle,electricity,hgb,treeshap,4,1.0,1.0,1.0
random,real,electricity,hgb,treeshap,4,0.7961904761904761,0.6,0.6
random,random,electricity,hgb,treeshap,4,0.6226190476190476,0.6,0.6
random,permuted,electricity,hgb,treeshap,4,0.5592857142857143,0.6,0.6
random,constant,electricity,hgb,treeshap,4,0.625,0.8,0.8
random,oracle,electricity,hgb,treeshap,4,1.0,1.0,1.0
self_top5,real,electricity,hgb,treeshap,4,1.0,1.0,1.0
self_top5,random,electricity,hgb,treeshap,4,0.7861904761904762,0.8,0.8
self_top5,permuted,electricity,hgb,treeshap,4,0.9428571428571428,0.8,0.8
self_top5,constant,electricity,hgb,treeshap,4,0.625,0.8,0.8
self_top5,oracle,electricity,hgb,treeshap,4,1.0,1.0,1.0
loso_top5,real,electricity,hgb,treeshap,4,0.9666666666666667,0.8,0.8
loso_top5,random,electricity,hgb,treeshap,4,0.852857142857143,0.8,0.8
loso_top5,permuted,electricity,hgb,treeshap,4,0.8392857142857143,0.6,0.6
loso_top5,constant,electricity,hgb,treeshap,4,0.625,0.8,0.8
loso_top5,oracle,electricity,hgb,treeshap,4,1.0,1.0,1.0
positional,real,electricity,hgb,lime,0,0.852857142857143,0.8,0.8
positional,random,electricity,hgb,lime,0,0.8583333333333333,0.6,0.6
positional,permuted,electricity,hgb,lime,0,0.5192857142857142,0.4,0.4
positional,constant,electricity,hgb,lime,0,0.625,1.0,1.0
positional,oracle,electricity,hgb,lime,0,1.0,1.0,1.0
random,real,electricity,hgb,lime,0,0.6592857142857143,0.6,0.6
random,random,electricity,hgb,lime,0,0.885,0.8,0.8
random,permuted,electricity,hgb,lime,0,0.46928571428571425,0.4,0.4
random,constant,electricity,hgb,lime,0,0.625,0.8,0.8
random,oracle,electricity,hgb,lime,0,1.0,1.0,1.0
self_top5,real,electricity,hgb,lime,0,1.0,1.0,1.0
self_top5,random,electricity,hgb,lime,0,0.7392857142857143,0.4,0.4
self_top5,permuted,electricity,hgb,lime,0,0.7783333333333333,0.6,0.6
self_top5,constant,electricity,hgb,lime,0,0.625,0.8,0.8
self_top5,oracle,electricity,hgb,lime,0,1.0,1.0,1.0
loso_top5,real,electricity,hgb,lime,0,1.0,1.0,1.0
loso_top5,random,electricity,hgb,lime,0,0.7392857142857143,0.4,0.4
loso_top5,permuted,electricity,hgb,lime,0,0.7783333333333333,0.6,0.6
loso_top5,constant,electricity,hgb,lime,0,0.625,0.8,0.8
loso_top5,oracle,electricity,hgb,lime,0,1.0,1.0,1.0
positional,real,electricity,hgb,lime,1,0.8350000000000001,0.8,0.8
positional,random,electricity,hgb,lime,1,0.6961904761904761,0.6,0.6
positional,permuted,electricity,hgb,lime,1,0.6961904761904761,0.6,0.6
positional,constant,electricity,hgb,lime,1,0.625,1.0,1.0
positional,oracle,electricity,hgb,lime,1,1.0,1.0,1.0
random,real,electricity,hgb,lime,1,0.6783333333333333,0.6,0.6
random,random,electricity,hgb,lime,1,0.6592857142857143,0.6,0.6
random,permuted,electricity,hgb,lime,1,0.7595238095238095,0.6,0.6
random,constant,electricity,hgb,lime,1,0.625,0.8,0.8
random,oracle,electricity,hgb,lime,1,1.0,1.0,1.0
self_top5,real,electricity,hgb,lime,1,1.0,1.0,1.0
self_top5,random,electricity,hgb,lime,1,0.7295238095238095,0.6,0.6
self_top5,permuted,electricity,hgb,lime,1,0.6783333333333333,0.6,0.6
self_top5,constant,electricity,hgb,lime,1,0.625,0.8,0.8
self_top5,oracle,electricity,hgb,lime,1,1.0,1.0,1.0
loso_top5,real,electricity,hgb,lime,1,1.0,1.0,1.0
loso_top5,random,electricity,hgb,lime,1,0.7295238095238095,0.6,0.6
loso_top5,permuted,electricity,hgb,lime,1,0.6783333333333333,0.6,0.6
loso_top5,constant,electricity,hgb,lime,1,0.625,0.8,0.8
loso_top5,oracle,electricity,hgb,lime,1,1.0,1.0,1.0
positional,real,electricity,hgb,lime,2,0.8766666666666667,0.8,0.8
positional,random,electricity,hgb,lime,2,0.9028571428571428,0.8,0.8
positional,permuted,electricity,hgb,lime,2,0.6192857142857142,0.4,0.4
positional,constant,electricity,hgb,lime,2,0.625,1.0,1.0
positional,oracle,electricity,hgb,lime,2,1.0,1.0,1.0
random,real,electricity,hgb,lime,2,0.6961904761904761,0.6,0.6
random,random,electricity,hgb,lime,2,0.9266666666666666,0.8,0.8
random,permuted,electricity,hgb,lime,2,0.46928571428571425,0.4,0.4
random,constant,electricity,hgb,lime,2,0.625,0.8,0.8
random,oracle,electricity,hgb,lime,2,1.0,1.0,1.0
self_top5,real,electricity,hgb,lime,2,1.0,1.0,1.0
self_top5,random,electricity,hgb,lime,2,0.6926190476190477,0.6,0.6
self_top5,permuted,electricity,hgb,lime,2,0.6926190476190477,0.6,0.6
self_top5,constant,electricity,hgb,lime,2,0.625,0.8,0.8
self_top5,oracle,electricity,hgb,lime,2,1.0,1.0,1.0
loso_top5,real,electricity,hgb,lime,2,0.9666666666666667,0.8,0.8
loso_top5,random,electricity,hgb,lime,2,0.5926190476190476,0.6,0.6
loso_top5,permuted,electricity,hgb,lime,2,0.7116666666666667,0.6,0.6
loso_top5,constant,electricity,hgb,lime,2,0.625,0.8,0.8
loso_top5,oracle,electricity,hgb,lime,2,1.0,1.0,1.0
positional,real,electricity,hgb,lime,3,0.852857142857143,0.8,0.8
positional,random,electricity,hgb,lime,3,0.7783333333333333,0.6,0.6
positional,permuted,electricity,hgb,lime,3,0.8761904761904762,0.6,0.6
positional,constant,electricity,hgb,lime,3,0.625,1.0,1.0
positional,oracle,electricity,hgb,lime,3,1.0,1.0,1.0
random,real,electricity,hgb,lime,3,0.6592857142857143,0.6,0.6
random,random,electricity,hgb,lime,3,0.5192857142857142,0.4,0.4
random,permuted,electricity,hgb,lime,3,0.9028571428571428,0.8,0.8
random,constant,electricity,hgb,lime,3,0.625,0.8,0.8
random,oracle,electricity,hgb,lime,3,1.0,1.0,1.0
self_top5,real,electricity,hgb,lime,3,1.0,1.0,1.0
self_top5,random,electricity,hgb,lime,3,0.6783333333333333,0.6,0.6
self_top5,permuted,electricity,hgb,lime,3,0.9666666666666667,0.8,0.8
self_top5,constant,electricity,hgb,lime,3,0.625,0.8,0.8
self_top5,oracle,electricity,hgb,lime,3,1.0,1.0,1.0
loso_top5,real,electricity,hgb,lime,3,1.0,1.0,1.0
loso_top5,random,electricity,hgb,lime,3,0.6783333333333333,0.6,0.6
loso_top5,permuted,electricity,hgb,lime,3,0.9666666666666667,0.8,0.8
loso_top5,constant,electricity,hgb,lime,3,0.625,0.8,0.8
loso_top5,oracle,electricity,hgb,lime,3,1.0,1.0,1.0
positional,real,electricity,hgb,lime,4,0.7861904761904762,0.8,0.8
positional,random,electricity,hgb,lime,4,0.81,0.8,0.8
positional,permuted,electricity,hgb,lime,4,0.925,0.8,0.8
positional,constant,electricity,hgb,lime,4,0.625,1.0,1.0
positional,oracle,electricity,hgb,lime,4,1.0,1.0,1.0
random,real,electricity,hgb,lime,4,0.6961904761904761,0.6,0.6
random,random,electricity,hgb,lime,4,0.5628571428571427,0.6,0.6
random,permuted,electricity,hgb,lime,4,0.885,0.8,0.8
random,constant,electricity,hgb,lime,4,0.625,0.8,0.8
random,oracle,electricity,hgb,lime,4,1.0,1.0,1.0
self_top5,real,electricity,hgb,lime,4,1.0,1.0,1.0
self_top5,random,electricity,hgb,lime,4,0.8766666666666667,0.8,0.8
self_top5,permuted,electricity,hgb,lime,4,0.6416666666666666,0.6,0.6
self_top5,constant,electricity,hgb,lime,4,0.625,0.8,0.8
self_top5,oracle,electricity,hgb,lime,4,1.0,1.0,1.0
loso_top5,real,electricity,hgb,lime,4,1.0,1.0,1.0
loso_top5,random,electricity,hgb,lime,4,0.8766666666666667,0.8,0.8
loso_top5,permuted,electricity,hgb,lime,4,0.6416666666666666,0.6,0.6
loso_top5,constant,electricity,hgb,lime,4,0.625,0.8,0.8
loso_top5,oracle,electricity,hgb,lime,4,1.0,1.0,1.0
positional,real,electricity,mlp,ig,0,0.885,0.8,0.8
positional,random,electricity,mlp,ig,0,0.7226190476190476,0.6,0.6
positional,permuted,electricity,mlp,ig,0,0.6726190476190477,0.4,0.4
positional,constant,electricity,mlp,ig,0,0.625,1.0,1.0
positional,oracle,electricity,mlp,ig,0,1.0,1.0,1.0
random,real,electricity,mlp,ig,0,0.5726190476190476,0.4,0.4
random,random,electricity,mlp,ig,0,0.5926190476190476,0.6,0.6
random,permuted,electricity,mlp,ig,0,0.7683333333333333,0.8,0.8
random,constant,electricity,mlp,ig,0,0.625,0.6,0.6
random,oracle,electricity,mlp,ig,0,1.0,1.0,1.0
self_top5,real,electricity,mlp,ig,0,1.0,1.0,1.0
self_top5,random,electricity,mlp,ig,0,0.7416666666666667,0.6,0.6
self_top5,permuted,electricity,mlp,ig,0,0.7392857142857143,0.4,0.4
self_top5,constant,electricity,mlp,ig,0,0.625,0.8,0.8
self_top5,oracle,electricity,mlp,ig,0,1.0,1.0,1.0
loso_top5,real,electricity,mlp,ig,0,1.0,1.0,1.0
loso_top5,random,electricity,mlp,ig,0,0.7416666666666667,0.6,0.6
loso_top5,permuted,electricity,mlp,ig,0,0.7392857142857143,0.4,0.4
loso_top5,constant,electricity,mlp,ig,0,0.625,0.8,0.8
loso_top5,oracle,electricity,mlp,ig,0,1.0,1.0,1.0
positional,real,electricity,mlp,ig,1,0.8350000000000001,0.8,0.8
positional,random,electricity,mlp,ig,1,0.7892857142857144,0.6,0.6
positional,permuted,electricity,mlp,ig,1,0.7683333333333333,0.8,0.8
positional,constant,electricity,mlp,ig,1,0.625,1.0,1.0
positional,oracle,electricity,mlp,ig,1,1.0,1.0,1.0
random,real,electricity,mlp,ig,1,0.5392857142857144,0.4,0.4
random,random,electricity,mlp,ig,1,0.6683333333333333,0.8,0.8
random,permuted,electricity,mlp,ig,1,0.8083333333333333,0.6,0.6
random,constant,electricity,mlp,ig,1,0.625,0.6,0.6
random,oracle,electricity,mlp,ig,1,1.0,1.0,1.0
self_top5,real,electricity,mlp,ig,1,1.0,1.0,1.0
self_top5,random,electricity,mlp,ig,1,0.6392857142857143,0.4,0.4
self_top5,permuted,electricity,mlp,ig,1,0.6926190476190477,0.6,0.6
self_top5,constant,electricity,mlp,ig,1,0.625,0.8,0.8
self_top5,oracle,electricity,mlp,ig,1,1.0,1.0,1.0
loso_top5,real,electricity,mlp,ig,1,1.0,1.0,1.0
loso_top5,random,electricity,mlp,ig,1,0.6392857142857143,0.4,0.4
loso_top5,permuted,electricity,mlp,ig,1,0.6926190476190477,0.6,0.6
loso_top5,constant,electricity,mlp,ig,1,0.625,0.8,0.8
loso_top5,oracle,electricity,mlp,ig,1,1.0,1.0,1.0
positional,real,electricity,mlp,ig,2,0.885,0.8,0.8
positional,random,electricity,mlp,ig,2,0.5926190476190476,0.6,0.6
positional,permuted,electricity,mlp,ig,2,0.7392857142857143,0.4,0.4
positional,constant,electricity,mlp,ig,2,0.625,1.0,1.0
positional,oracle,electricity,mlp,ig,2,1.0,1.0,1.0
random,real,electricity,mlp,ig,2,0.5726190476190476,0.4,0.4
random,random,electricity,mlp,ig,2,0.9428571428571428,0.8,0.8
random,permuted,electricity,mlp,ig,2,0.5961904761904762,0.6,0.6
random,constant,electricity,mlp,ig,2,0.625,0.6,0.6
random,oracle,electricity,mlp,ig,2,1.0,1.0,1.0
self_top5,real,electricity,mlp,ig,2,1.0,1.0,1.0
self_top5,random,electricity,mlp,ig,2,0.4859523809523809,0.4,0.4
self_top5,permuted,electricity,mlp,ig,2,0.6726190476190477,0.4,0.4
self_top5,constant,electricity,mlp,ig,2,0.625,0.8,0.8
self_top5,oracle,electricity,mlp,ig,2,1.0,1.0,1.0
loso_top5,real,electricity,mlp,ig,2,1.0,1.0,1.0
loso_top5,random,electricity,mlp,ig,2,0.4859523809523809,0.4,0.4
loso_top5,permuted,electricity,mlp,ig,2,0.6726190476190477,0.4,0.4
loso_top5,constant,electricity,mlp,ig,2,0.625,0.8,0.8
loso_top5,oracle,electricity,mlp,ig,2,1.0,1.0,1.0
positional,real,electricity,mlp,ig,3,0.8350000000000001,0.8,0.8
positional,random,electricity,mlp,ig,3,0.81,0.8,0.8
positional,permuted,electricity,mlp,ig,3,0.5961904761904762,0.6,0.6
positional,constant,electricity,mlp,ig,3,0.625,1.0,1.0
positional,oracle,electricity,mlp,ig,3,1.0,1.0,1.0
random,real,electricity,mlp,ig,3,0.5392857142857144,0.4,0.4
random,random,electricity,mlp,ig,3,0.6683333333333333,0.8,0.8
random,permuted,electricity,mlp,ig,3,0.9028571428571428,0.8,0.8
random,constant,electricity,mlp,ig,3,0.625,0.6,0.6
random,oracle,electricity,mlp,ig,3,1.0,1.0,1.0
self_top5,real,electricity,mlp,ig,3,1.0,1.0,1.0
self_top5,random,electricity,mlp,ig,3,0.7295238095238095,0.6,0.6
self_top5,permuted,electricity,mlp,ig,3,0.46928571428571425,0.4,0.4
self_top5,constant,electricity,mlp,ig,3,0.625,0.8,0.8
self_top5,oracle,electricity,mlp,ig,3,1.0,1.0,1.0
loso_top5,real,electricity,mlp,ig,3,1.0,1.0,1.0
loso_top5,random,electricity,mlp,ig,3,0.7295238095238095,0.6,0.6
loso_top5,permuted,electricity,mlp,ig,3,0.46928571428571425,0.4,0.4
loso_top5,constant,electricity,mlp,ig,3,0.625,0.8,0.8
loso_top5,oracle,electricity,mlp,ig,3,1.0,1.0,1.0
positional,real,electricity,mlp,ig,4,0.885,0.8,0.8
positional,random,electricity,mlp,ig,4,0.8350000000000001,0.8,0.8
positional,permuted,electricity,mlp,ig,4,0.8350000000000001,0.8,0.8
positional,constant,electricity,mlp,ig,4,0.625,1.0,1.0
positional,oracle,electricity,mlp,ig,4,1.0,1.0,1.0
random,real,electricity,mlp,ig,4,0.5726190476190476,0.4,0.4
random,random,electricity,mlp,ig,4,0.6116666666666666,0.6,0.6
random,permuted,electricity,mlp,ig,4,0.8392857142857143,0.6,0.6
random,constant,electricity,mlp,ig,4,0.625,0.6,0.6
random,oracle,electricity,mlp,ig,4,1.0,1.0,1.0
self_top5,real,electricity,mlp,ig,4,1.0,1.0,1.0
self_top5,random,electricity,mlp,ig,4,0.7892857142857144,0.6,0.6
self_top5,permuted,electricity,mlp,ig,4,0.5783333333333334,0.6,0.6
self_top5,constant,electricity,mlp,ig,4,0.625,0.8,0.8
self_top5,oracle,electricity,mlp,ig,4,1.0,1.0,1.0
loso_top5,real,electricity,mlp,ig,4,1.0,1.0,1.0
loso_top5,random,electricity,mlp,ig,4,0.7892857142857144,0.6,0.6
loso_top5,permuted,electricity,mlp,ig,4,0.5783333333333334,0.6,0.6
loso_top5,constant,electricity,mlp,ig,4,0.625,0.8,0.8
loso_top5,oracle,electricity,mlp,ig,4,1.0,1.0,1.0
positional,real,electricity,mlp,lime,0,0.7683333333333333,0.8,0.8
positional,random,electricity,mlp,lime,0,0.5926190476190476,0.6,0.6
positional,permuted,electricity,mlp,lime,0,0.9028571428571428,0.8,0.8
positional,constant,electricity,mlp,lime,0,0.625,1.0,1.0
positional,oracle,electricity,mlp,lime,0,1.0,1.0,1.0
random,real,electricity,mlp,lime,0,0.9266666666666666,0.8,0.8
random,random,electricity,mlp,lime,0,0.5059523809523809,0.4,0.4
random,permuted,electricity,mlp,lime,0,0.6961904761904761,0.6,0.6
random,constant,electricity,mlp,lime,0,0.625,0.6,0.6
random,oracle,electricity,mlp,lime,0,1.0,1.0,1.0
self_top5,real,electricity,mlp,lime,0,1.0,1.0,1.0
self_top5,random,electricity,mlp,lime,0,0.525952380952381,0.6,0.6
self_top5,permuted,electricity,mlp,lime,0,0.852857142857143,0.8,0.8
self_top5,constant,electricity,mlp,lime,0,0.625,0.8,0.8
self_top5,oracle,electricity,mlp,lime,0,1.0,1.0,1.0
loso_top5,real,electricity,mlp,lime,0,0.9666666666666667,0.8,0.8
loso_top5,random,electricity,mlp,lime,0,0.5628571428571427,0.6,0.6
loso_top5,permuted,electricity,mlp,lime,0,0.5961904761904762,0.6,0.6
loso_top5,constant,electricity,mlp,lime,0,0.625,0.6,0.6
loso_top5,oracle,electricity,mlp,lime,0,1.0,1.0,1.0
positional,real,electricity,mlp,lime,1,0.7861904761904762,0.8,0.8
positional,random,electricity,mlp,lime,1,0.6192857142857142,0.4,0.4
positional,permuted,electricity,mlp,lime,1,0.8761904761904762,0.6,0.6
positional,constant,electricity,mlp,lime,1,0.625,1.0,1.0
positional,oracle,electricity,mlp,lime,1,1.0,1.0,1.0
random,real,electricity,mlp,lime,1,0.9266666666666666,0.8,0.8
random,random,electricity,mlp,lime,1,0.81,0.8,0.8
random,permuted,electricity,mlp,lime,1,0.852857142857143,0.8,0.8
random,constant,electricity,mlp,lime,1,0.625,0.6,0.6
random,oracle,electricity,mlp,lime,1,1.0,1.0,1.0
self_top5,real,electricity,mlp,lime,1,1.0,1.0,1.0
self_top5,random,electricity,mlp,lime,1,0.7116666666666667,0.6,0.6
self_top5,permuted,electricity,mlp,lime,1,0.7961904761904761,0.6,0.6
self_top5,constant,electricity,mlp,lime,1,0.625,0.8,0.8
self_top5,oracle,electricity,mlp,lime,1,1.0,1.0,1.0
loso_top5,real,electricity,mlp,lime,1,0.9666666666666667,0.8,0.8
loso_top5,random,electricity,mlp,lime,1,0.7416666666666667,0.6,0.6
loso_top5,permuted,electricity,mlp,lime,1,0.6961904761904761,0.6,0.6
loso_top5,constant,electricity,mlp,lime,1,0.625,0.6,0.6
loso_top5,oracle,electricity,mlp,lime,1,1.0,1.0,1.0
positional,real,electricity,mlp,lime,2,0.7416666666666667,0.6,0.6
positional,random,electricity,mlp,lime,2,0.6926190476190477,0.6,0.6
positional,permuted,electricity,mlp,lime,2,0.5592857142857143,0.6,0.6
positional,constant,electricity,mlp,lime,2,0.625,1.0,1.0
positional,oracle,electricity,mlp,lime,2,1.0,1.0,1.0
random,real,electricity,mlp,lime,2,0.885,0.8,0.8
random,random,electricity,mlp,lime,2,0.7961904761904761,0.6,0.6
random,permuted,electricity,mlp,lime,2,0.7961904761904761,0.6,0.6
random,constant,electricity,mlp,lime,2,0.625,0.6,0.6
random,oracle,electricity,mlp,lime,2,1.0,1.0,1.0
self_top5,real,electricity,mlp,lime,2,1.0,1.0,1.0
self_top5,random,electricity,mlp,lime,2,0.7392857142857143,0.4,0.4
self_top5,permuted,electricity,mlp,lime,2,0.7392857142857143,0.4,0.4
self_top5,constant,electricity,mlp,lime,2,0.625,0.6,0.6
self_top5,oracle,electricity,mlp,lime,2,1.0,1.0,1.0
loso_top5,real,electricity,mlp,lime,2,1.0,1.0,1.0
loso_top5,random,electricity,mlp,lime,2,0.7392857142857143,0.4,0.4
loso_top5,permuted,electricity,mlp,lime,2,0.7392857142857143,0.4,0.4
loso_top5,constant,electricity,mlp,lime,2,0.625,0.6,0.6
loso_top5,oracle,electricity,mlp,lime,2,1.0,1.0,1.0
positional,real,electricity,mlp,lime,3,0.7595238095238095,0.6,0.6
positional,random,electricity,mlp,lime,3,0.6926190476190477,0.6,0.6
positional,permuted,electricity,mlp,lime,3,0.5592857142857143,0.6,0.6
positional,constant,electricity,mlp,lime,3,0.625,1.0,1.0
positional,oracle,electricity,mlp,lime,3,1.0,1.0,1.0
random,real,electricity,mlp,lime,3,0.9028571428571428,0.8,0.8
random,random,electricity,mlp,lime,3,0.8350000000000001,0.8,0.8
random,permuted,electricity,mlp,lime,3,0.8766666666666667,0.8,0.8
random,constant,electricity,mlp,lime,3,0.625,0.6,0.6
random,oracle,electricity,mlp,lime,3,1.0,1.0,1.0
self_top5,real,electricity,mlp,lime,3,1.0,1.0,1.0
self_top5,random,electricity,mlp,lime,3,1.0,1.0,1.0
self_top5,permuted,electricity,mlp,lime,3,0.7783333333333333,0.6,0.6
self_top5,constant,electricity,mlp,lime,3,0.625,0.6,0.6
self_top5,oracle,electricity,mlp,lime,3,1.0,1.0,1.0
loso_top5,real,electricity,mlp,lime,3,0.9428571428571428,0.8,0.8
loso_top5,random,electricity,mlp,lime,3,0.885,0.8,0.8
loso_top5,permuted,electricity,mlp,lime,3,0.5783333333333334,0.6,0.6
loso_top5,constant,electricity,mlp,lime,3,0.625,0.8,0.8
loso_top5,oracle,electricity,mlp,lime,3,1.0,1.0,1.0
positional,real,electricity,mlp,lime,4,0.7226190476190476,0.6,0.6
positional,random,electricity,mlp,lime,4,0.5628571428571427,0.6,0.6
positional,permuted,electricity,mlp,lime,4,0.6592857142857143,0.6,0.6
positional,constant,electricity,mlp,lime,4,0.625,1.0,1.0
positional,oracle,electricity,mlp,lime,4,1.0,1.0,1.0
random,real,electricity,mlp,lime,4,0.852857142857143,0.8,0.8
random,random,electricity,mlp,lime,4,0.7116666666666667,0.6,0.6
random,permuted,electricity,mlp,lime,4,0.925,0.8,0.8
random,constant,electricity,mlp,lime,4,0.625,0.6,0.6
random,oracle,electricity,mlp,lime,4,1.0,1.0,1.0
self_top5,real,electricity,mlp,lime,4,1.0,1.0,1.0
self_top5,random,electricity,mlp,lime,4,0.6783333333333333,0.6,0.6
self_top5,permuted,electricity,mlp,lime,4,0.6683333333333333,0.8,0.8
self_top5,constant,electricity,mlp,lime,4,0.625,0.6,0.6
self_top5,oracle,electricity,mlp,lime,4,1.0,1.0,1.0
loso_top5,real,electricity,mlp,lime,4,0.9428571428571428,0.8,0.8
loso_top5,random,electricity,mlp,lime,4,0.81,0.8,0.8
loso_top5,permuted,electricity,mlp,lime,4,0.7683333333333333,0.8,0.8
loso_top5,constant,electricity,mlp,lime,4,0.625,0.8,0.8
loso_top5,oracle,electricity,mlp,lime,4,1.0,1.0,1.0
positional,real,electricity,mlp,kshap,0,0.7416666666666667,0.6,0.6
positional,random,electricity,mlp,kshap,0,0.8261904761904763,0.6,0.6
positional,permuted,electricity,mlp,kshap,0,0.6416666666666666,0.6,0.6
positional,constant,electricity,mlp,kshap,0,0.625,1.0,1.0
positional,oracle,electricity,mlp,kshap,0,1.0,1.0,1.0
random,real,electricity,mlp,kshap,0,0.5783333333333334,0.6,0.6
random,random,electricity,mlp,kshap,0,0.71,0.8,0.8
random,permuted,electricity,mlp,kshap,0,0.8392857142857143,0.6,0.6
random,constant,electricity,mlp,kshap,0,0.625,0.6,0.6
random,oracle,electricity,mlp,kshap,0,1.0,1.0,1.0
self_top5,real,electricity,mlp,kshap,0,1.0,1.0,1.0
self_top5,random,electricity,mlp,kshap,0,0.7861904761904762,0.8,0.8
self_top5,permuted,electricity,mlp,kshap,0,0.6392857142857143,0.4,0.4
self_top5,constant,electricity,mlp,kshap,0,0.625,0.6,0.6
self_top5,oracle,electricity,mlp,kshap,0,1.0,1.0,1.0
loso_top5,real,electricity,mlp,kshap,0,0.9666666666666667,0.8,0.8
loso_top5,random,electricity,mlp,kshap,0,0.7595238095238095,0.6,0.6
loso_top5,permuted,electricity,mlp,kshap,0,0.8083333333333333,0.6,0.6
loso_top5,constant,electricity,mlp,kshap,0,0.625,0.8,0.8
loso_top5,oracle,electricity,mlp,kshap,0,1.0,1.0,1.0
positional,real,electricity,mlp,kshap,1,0.8350000000000001,0.8,0.8
positional,random,electricity,mlp,kshap,1,0.8761904761904762,0.6,0.6
positional,permuted,electricity,mlp,kshap,1,0.71,0.8,0.8
positional,constant,electricity,mlp,kshap,1,0.625,1.0,1.0
positional,oracle,electricity,mlp,kshap,1,1.0,1.0,1.0
random,real,electricity,mlp,kshap,1,0.5449999999999999,0.6,0.6
random,random,electricity,mlp,kshap,1,0.5926190476190476,0.6,0.6
random,permuted,electricity,mlp,kshap,1,0.8583333333333333,0.6,0.6
random,constant,electricity,mlp,kshap,1,0.625,0.6,0.6
random,oracle,electricity,mlp,kshap,1,1.0,1.0,1.0
self_top5,real,electricity,mlp,kshap,1,1.0,1.0,1.0
self_top5,random,electricity,mlp,kshap,1,0.9266666666666666,0.8,0.8
self_top5,permuted,electricity,mlp,kshap,1,0.6683333333333333,0.8,0.8
self_top5,constant,electricity,mlp,kshap,1,0.625,0.8,0.8
self_top5,oracle,electricity,mlp,kshap,1,1.0,1.0,1.0
loso_top5,real,electricity,mlp,kshap,1,1.0,1.0,1.0
loso_top5,random,electricity,mlp,kshap,1,0.9266666666666666,0.8,0.8
loso_top5,permuted,electricity,mlp,kshap,1,0.6683333333333333,0.8,0.8
loso_top5,constant,electricity,mlp,kshap,1,0.625,0.8,0.8
loso_top5,oracle,electricity,mlp,kshap,1,1.0,1.0,1.0
positional,real,electricity,mlp,kshap,2,0.8350000000000001,0.8,0.8
positional,random,electricity,mlp,kshap,2,0.5592857142857143,0.6,0.6
positional,permuted,electricity,mlp,kshap,2,0.9266666666666666,0.8,0.8
positional,constant,electricity,mlp,kshap,2,0.625,1.0,1.0
positional,oracle,electricity,mlp,kshap,2,1.0,1.0,1.0
random,real,electricity,mlp,kshap,2,0.525952380952381,0.6,0.6
random,random,electricity,mlp,kshap,2,0.6295238095238094,0.6,0.6
random,permuted,electricity,mlp,kshap,2,0.7392857142857143,0.4,0.4
random,constant,electricity,mlp,kshap,2,0.625,0.6,0.6
random,oracle,electricity,mlp,kshap,2,1.0,1.0,1.0
self_top5,real,electricity,mlp,kshap,2,1.0,1.0,1.0
self_top5,random,electricity,mlp,kshap,2,0.46928571428571425,0.4,0.4
self_top5,permuted,electricity,mlp,kshap,2,0.9028571428571428,0.8,0.8
self_top5,constant,electricity,mlp,kshap,2,0.625,0.8,0.8
self_top5,oracle,electricity,mlp,kshap,2,1.0,1.0,1.0
loso_top5,real,electricity,mlp,kshap,2,1.0,1.0,1.0
loso_top5,random,electricity,mlp,kshap,2,0.46928571428571425,0.4,0.4
loso_top5,permuted,electricity,mlp,kshap,2,0.9028571428571428,0.8,0.8
loso_top5,constant,electricity,mlp,kshap,2,0.625,0.8,0.8
loso_top5,oracle,electricity,mlp,kshap,2,1.0,1.0,1.0
positional,real,electricity,mlp,kshap,3,0.7683333333333333,0.8,0.8
positional,random,electricity,mlp,kshap,3,0.8583333333333333,0.6,0.6
positional,permuted,electricity,mlp,kshap,3,0.5449999999999999,0.6,0.6
positional,constant,electricity,mlp,kshap,3,0.625,1.0,1.0
positional,oracle,electricity,mlp,kshap,3,1.0,1.0,1.0
random,real,electricity,mlp,kshap,3,0.5783333333333334,0.6,0.6
random,random,electricity,mlp,kshap,3,0.6392857142857143,0.4,0.4
random,permuted,electricity,mlp,kshap,3,0.6192857142857142,0.4,0.4
random,constant,electricity,mlp,kshap,3,0.625,0.6,0.6
random,oracle,electricity,mlp,kshap,3,1.0,1.0,1.0
self_top5,real,electricity,mlp,kshap,3,1.0,1.0,1.0
self_top5,random,electricity,mlp,kshap,3,0.925,0.8,0.8
self_top5,permuted,electricity,mlp,kshap,3,0.525952380952381,0.6,0.6
self_top5,constant,electricity,mlp,kshap,3,0.625,0.8,0.8
self_top5,oracle,electricity,mlp,kshap,3,1.0,1.0,1.0
loso_top5,real,electricity,mlp,kshap,3,1.0,1.0,1.0
loso_top5,random,electricity,mlp,kshap,3,0.925,0.8,0.8
loso_top5,permuted,electricity,mlp,kshap,3,0.525952380952381,0.6,0.6
loso_top5,constant,electricity,mlp,kshap,3,0.625,0.8,0.8
loso_top5,oracle,electricity,mlp,kshap,3,1.0,1.0,1.0
positional,real,electricity,mlp,kshap,4,0.7416666666666667,0.6,0.6
positional,random,electricity,mlp,kshap,4,0.7783333333333333,0.6,0.6
positional,permuted,electricity,mlp,kshap,4,0.6392857142857143,0.4,0.4
positional,constant,electricity,mlp,kshap,4,0.625,1.0,1.0
positional,oracle,electricity,mlp,kshap,4,1.0,1.0,1.0
random,real,electricity,mlp,kshap,4,0.6116666666666666,0.6,0.6
random,random,electricity,mlp,kshap,4,0.5926190476190476,0.6,0.6
random,permuted,electricity,mlp,kshap,4,0.5783333333333334,0.6,0.6
random,constant,electricity,mlp,kshap,4,0.625,0.6,0.6
random,oracle,electricity,mlp,kshap,4,1.0,1.0,1.0
self_top5,real,electricity,mlp,kshap,4,1.0,1.0,1.0
self_top5,random,electricity,mlp,kshap,4,0.6726190476190477,0.4,0.4
self_top5,permuted,electricity,mlp,kshap,4,0.7961904761904761,0.6,0.6
self_top5,constant,electricity,mlp,kshap,4,0.625,0.6,0.6
self_top5,oracle,electricity,mlp,kshap,4,1.0,1.0,1.0
loso_top5,real,electricity,mlp,kshap,4,0.9666666666666667,0.8,0.8
loso_top5,random,electricity,mlp,kshap,4,0.6192857142857142,0.4,0.4
loso_top5,permuted,electricity,mlp,kshap,4,0.6192857142857142,0.4,0.4
loso_top5,constant,electricity,mlp,kshap,4,0.625,0.8,0.8
loso_top5,oracle,electricity,mlp,kshap,4,1.0,1.0,1.0
