dataset,model,method,seed,variant,truth_type,source,ap,precision_at_1,precision_at_3,precision_at_5,recall_at_5,recall_at_10,target_rank,target_top1,target_top3,target_top5,target_salience_share
adult,logreg,linshap,0,clean,descriptive_top5,real,0.4524891774891775,0.0,0.6666666666666666,0.4,0.4,0.6,,,,,
adult,logreg,linshap,0,clean,descriptive_top5,random,0.525974025974026,1.0,0.6666666666666666,0.4,0.4,0.4,,,,,
adult,logreg,linshap,0,clean,descriptive_top5,permuted,0.3965367965367965,0.0,0.3333333333333333,0.2,0.2,0.6,,,,,
adult,logreg,linshap,0,clean,descriptive_top5,constant,0.35714285714285715,1.0,1.0,1.0,1.0,1.0,,,,,
adult,logreg,linshap,0,clean,descriptive_top5,oracle,1.0,1.0,1.0,1.0,1.0,1.0,,,,,
adult,logreg,linshap,1,clean,descriptive_top5,real,0.4524891774891775,0.0,0.6666666666666666,0.4,0.4,0.6,,,,,
adult,logreg,linshap,1,clean,descriptive_top5,random,0.800909090909091,1.0,0.6666666666666666,0.8,0.8,0.8,,,,,
adult,logreg,linshap,1,clean,descriptive_top5,permuted,0.46571428571428575,0.0,0.3333333333333333,0.4,0.4,1.0,,,,,
adult,logreg,linshap,1,clean,descriptive_top5,constant,0.35714285714285715,1.0,1.0,1.0,1.0,1.0,,,,,
adult,logreg,linshap,1,clean,descriptive_top5,oracle,1.0,1.0,1.0,1.0,1.0,1.0,,,,,
adult,logreg,linshap,2,clean,descriptive_top5,real,0.4524891774891775,0.0,0.6666666666666666,0.4,0.4,0.6,,,,,
adult,logreg,linshap,2,clean,descriptive_top5,random,0.3163003663003663,0.0,0.0,0.2,0.2,0.6,,,,,
adult,logreg,linshap,2,clean,descriptive_top5,permuted,0.7644444444444445,1.0,0.6666666666666666,0.6,0.6,1.0,,,,,
adult,logreg,linshap,2,clean,descriptive_top5,constant,0.35714285714285715,1.0,1.0,1.0,1.0,1.0,,,,,
adult,logreg,linshap,2,clean,descriptive_top5,oracle,1.0,1.0,1.0,1.0,1.0,1.0,,,,,
adult,logreg,linshap,3,clean,descriptive_top5,real,0.4524891774891775,0.0,0.6666666666666666,0.4,0.4,0.6,,,,,
adult,logreg,linshap,3,clean,descriptive_top5,random,0.6093939393939394,1.0,0.6666666666666666,0.6,0.6,0.6,,,,,
adult,logreg,linshap,3,clean,descriptive_top5,permuted,0.23933066933066932,0.0,0.0,0.0,0.0,0.2,,,,,
adult,logreg,linshap,3,clean,descriptive_top5,constant,0.35714285714285715,1.0,1.0,1.0,1.0,1.0,,,,,
adult,logreg,linshap,3,clean,descriptive_top5,oracle,1.0,1.0,1.0,1.0,1.0,1.0,,,,,
adult,logreg,linshap,4,clean,descriptive_top5,real,0.4524891774891775,0.0,0.6666666666666666,0.4,0.4,0.6,,,,,
adult,logreg,linshap,4,clean,descriptive_top5,random,0.28195693195693194,0.0,0.0,0.2,0.2,0.4,,,,,
adult,logreg,linshap,4,clean,descriptive_top5,permuted,0.432967032967033,0.0,0.3333333333333333,0.4,0.4,0.6,,,,,
adult,logreg,linshap,4,clean,descriptive_top5,constant,0.35714285714285715,1.0,1.0,1.0,1.0,1.0,,,,,
adult,logreg,linshap,4,clean,descriptive_top5,oracle,1.0,1.0,1.0,1.0,1.0,1.0,,,,,
adult,logreg,linshap,0,spur,spurious_feature,real,1.0,1.0,0.3333333333333333,0.2,1.0,1.0,1.0,1.0,1.0,1.0,0.5028467948652813
adult,logreg,linshap,0,spur,spurious_feature,random,0.07692307692307693,0.0,0.0,0.0,0.0,0.0,13.0,0.0,0.0,0.0,0.019543962637181875
adult,logreg,linshap,0,spur,spurious_feature,permuted,0.16666666666666666,0.0,0.0,0.0,0.0,1.0,6.0,0.0,0.0,0.0,0.05593230752210953
adult,logreg,linshap,0,spur,spurious_feature,constant,0.06666666666666667,0.0,0.0,0.0,0.0,0.0,15.0,0.0,0.0,0.0,0.06666666666666667
adult,logreg,linshap,0,spur,spurious_feature,oracle,1.0,1.0,0.3333333333333333,0.2,1.0,1.0,1.0,1.0,1.0,1.0,1.0
adult,logreg,linshap,1,spur,spurious_feature,real,1.0,1.0,0.3333333333333333,0.2,1.0,1.0,1.0,1.0,1.0,1.0,0.5028467948652813
adult,logreg,linshap,1,spur,spurious_feature,random,0.1111111111111111,0.0,0.0,0.0,0.0,1.0,9.0,0.0,0.0,0.0,0.035525250943127154
adult,logreg,linshap,1,spur,spurious_feature,permuted,0.16666666666666666,0.0,0.0,0.0,0.0,1.0,6.0,0.0,0.0,0.0,0.05593230752210952
adult,logreg,linshap,1,spur,spurious_feature,constant,0.06666666666666667,0.0,0.0,0.0,0.0,0.0,15.0,0.0,0.0,0.0,0.06666666666666667
adult,logreg,linshap,1,spur,spurious_feature,oracle,1.0,1.0,0.3333333333333333,0.2,1.0,1.0,1.0,1.0,1.0,1.0,1.0
adult,logreg,linshap,2,spur,spurious_feature,real,1.0,1.0,0.3333333333333333,0.2,1.0,1.0,1.0,1.0,1.0,1.0,0.5028467948652813
adult,logreg,linshap,2,spur,spurious_feature,random,0.25,0.0,0.0,0.2,1.0,1.0,4.0,0.0,0.0,1.0,0.08906956720472257
adult,logreg,linshap,2,spur,spurious_feature,permuted,0.5,0.0,0.3333333333333333,0.2,1.0,1.0,2.0,0.0,1.0,1.0,0.10248755333411211
adult,logreg,linshap,2,spur,spurious_feature,constant,0.06666666666666667,0.0,0.0,0.0,0.0,0.0,15.0,0.0,0.0,0.0,0.06666666666666667
adult,logreg,linshap,2,spur,spurious_feature,oracle,1.0,1.0,0.3333333333333333,0.2,1.0,1.0,1.0,1.0,1.0,1.0,1.0
adult,logreg,linshap,3,spur,spurious_feature,real,1.0,1.0,0.3333333333333333,0.2,1.0,1.0,1.0,1.0,1.0,1.0,0.5028467948652813
adult,logreg,linshap,3,spur,spurious_feature,random,0.14285714285714285,0.0,0.0,0.0,0.0,1.0,7.0,0.0,0.0,0.0,0.05841891678038778
adult,logreg,linshap,3,spur,spurious_feature,permuted,1.0,1.0,0.3333333333333333,0.2,1.0,1.0,1.0,1.0,1.0,1.0,0.5028467948652814
adult,logreg,linshap,3,spur,spurious_feature,constant,0.06666666666666667,0.0,0.0,0.0,0.0,0.0,15.0,0.0,0.0,0.0,0.06666666666666667
adult,logreg,linshap,3,spur,spurious_feature,oracle,1.0,1.0,0.3333333333333333,0.2,1.0,1.0,1.0,1.0,1.0,1.0,1.0
adult,logreg,linshap,4,spur,spurious_feature,real,1.0,1.0,0.3333333333333333,0.2,1.0,1.0,1.0,1.0,1.0,1.0,0.5028467948652813
adult,logreg,linshap,4,spur,spurious_feature,random,0.06666666666666667,0.0,0.0,0.0,0.0,0.0,15.0,0.0,0.0,0.0,0.00575409868476332
adult,logreg,linshap,4,spur,spurious_feature,permuted,0.1,0.0,0.0,0.0,0.0,1.0,10.0,0.0,0.0,0.0,0.018131014613585184
adult,logreg,linshap,4,spur,spurious_feature,constant,0.06666666666666667,0.0,0.0,0.0,0.0,0.0,15.0,0.0,0.0,0.0,0.06666666666666667
adult,logreg,linshap,4,spur,spurious_feature,oracle,1.0,1.0,0.3333333333333333,0.2,1.0,1.0,1.0,1.0,1.0,1.0,1.0
adult,logreg,lime,0,clean,descriptive_top5,real,0.532967032967033,1.0,0.3333333333333333,0.4,0.4,0.6,,,,,
adult,logreg,lime,0,clean,descriptive_top5,random,0.49131701631701635,1.0,0.3333333333333333,0.2,0.2,0.6,,,,,
adult,logreg,lime,0,clean,descriptive_top5,permuted,0.6214285714285714,1.0,0.6666666666666666,0.6,0.6,0.6,,,,,
adult,logreg,lime,0,clean,descriptive_top5,constant,0.35714285714285715,1.0,1.0,1.0,1.0,1.0,,,,,
adult,logreg,lime,0,clean,descriptive_top5,oracle,1.0,1.0,1.0,1.0,1.0,1.0,,,,,
adult,logreg,lime,1,clean,descriptive_top5,real,0.5186813186813186,1.0,0.3333333333333333,0.4,0.4,0.6,,,,,
adult,logreg,lime,1,clean,descriptive_top5,random,0.511060606060606,1.0,0.3333333333333333,0.4,0.4,0.6,,,,,
adult,logreg,lime,1,clean,descriptive_top5,permuted,0.6309523809523809,1.0,0.6666666666666666,0.4,0.4,0.8,,,,,
adult,logreg,lime,1,clean,descriptive_top5,constant,0.35714285714285715,1.0,1.0,1.0,1.0,1.0,,,,,
adult,logreg,lime,1,clean,descriptive_top5,oracle,1.0,1.0,1.0,1.0,1.0,1.0,,,,,
adult,logreg,lime,2,clean,descriptive_top5,real,0.532967032967033,1.0,0.3333333333333333,0.4,0.4,0.6,,,,,
adult,logreg,lime,2,clean,descriptive_top5,random,0.48714285714285716,1.0,0.3333333333333333,0.2,0.2,0.8,,,,,
adult,logreg,lime,2,clean,descriptive_top5,permuted,0.37963369963369964,0.0,0.3333333333333333,0.4,0.4,0.6,,,,,
adult,logreg,lime,2,clean,descriptive_top5,constant,0.35714285714285715,1.0,1.0,1.0,1.0,1.0,,,,,
adult,logreg,lime,2,clean,descriptive_top5,oracle,1.0,1.0,1.0,1.0,1.0,1.0,,,,,
adult,logreg,lime,3,clean,descriptive_top5,real,0.532967032967033,1.0,0.3333333333333333,0.4,0.4,0.6,,,,,
adult,logreg,lime,3,clean,descriptive_top5,random,0.6803174603174603,1.0,0.6666666666666666,0.6,0.6,0.8,,,,,
adult,logreg,lime,3,clean,descriptive_top5,permuted,0.34631701631701634,0.0,0.0,0.4,0.4,0.6,,,,,
adult,logreg,lime,3,clean,descriptive_top5,constant,0.35714285714285715,1.0,1.0,1.0,1.0,1.0,,,,,
adult,logreg,lime,3,clean,descriptive_top5,oracle,1.0,1.0,1.0,1.0,1.0,1.0,,,,,
adult,logreg,lime,4,clean,descriptive_top5,real,0.49868131868131865,1.0,0.3333333333333333,0.4,0.4,0.6,,,,,
adult,logreg,lime,4,clean,descriptive_top5,random,0.5751082251082251,1.0,0.6666666666666666,0.4,0.4,0.6,,,,,
adult,logreg,lime,4,clean,descriptive_top5,permuted,0.5088888888888888,0.0,0.3333333333333333,0.6,0.6,1.0,,,,,
adult,logreg,lime,4,clean,descriptive_top5,constant,0.35714285714285715,1.0,1.0,1.0,1.0,1.0,,,,,
adult,logreg,lime,4,clean,descriptive_top5,oracle,1.0,1.0,1.0,1.0,1.0,1.0,,,,,
adult,logreg,lime,0,spur,spurious_feature,real,0.5,0.0,0.3333333333333333,0.2,1.0,1.0,2.0,0.0,1.0,1.0,0.17460497986129445
adult,logreg,lime,0,spur,spurious_feature,random,0.07142857142857142,0.0,0.0,0.0,0.0,0.0,14.0,0.0,0.0,0.0,0.029665303006950847
adult,logreg,lime,0,spur,spurious_feature,permuted,0.16666666666666666,0.0,0.0,0.0,0.0,1.0,6.0,0.0,0.0,0.0,0.06158743501894973
adult,logreg,lime,0,spur,spurious_feature,constant,0.06666666666666667,0.0,0.0,0.0,0.0,0.0,15.0,0.0,0.0,0.0,0.06666666666666667
adult,logreg,lime,0,spur,spurious_feature,oracle,1.0,1.0,0.3333333333333333,0.2,1.0,1.0,1.0,1.0,1.0,1.0,1.0
adult,logreg,lime,1,spur,spurious_feature,real,0.3333333333333333,0.0,0.3333333333333333,0.2,1.0,1.0,3.0,0.0,1.0,1.0,0.152239082373193
adult,logreg,lime,1,spur,spurious_feature,random,0.09090909090909091,0.0,0.0,0.0,0.0,0.0,11.0,0.0,0.0,0.0,0.04913014738778811
adult,logreg,lime,1,spur,spurious_feature,permuted,0.14285714285714285,0.0,0.0,0.0,0.0,1.0,7.0,0.0,0.0,0.0,0.050374280579539764
adult,logreg,lime,1,spur,spurious_feature,constant,0.06666666666666667,0.0,0.0,0.0,0.0,0.0,15.0,0.0,0.0,0.0,0.06666666666666667
adult,logreg,lime,1,spur,spurious_feature,oracle,1.0,1.0,0.3333333333333333,0.2,1.0,1.0,1.0,1.0,1.0,1.0,1.0
adult,logreg,lime,2,spur,spurious_feature,real,0.5,0.0,0.3333333333333333,0.2,1.0,1.0,2.0,0.0,1.0,1.0,0.17650084931102364
adult,logreg,lime,2,spur,spurious_feature,random,0.1111111111111111,0.0,0.0,0.0,0.0,1.0,9.0,0.0,0.0,0.0,0.06044810272502825
adult,logreg,lime,2,spur,spurious_feature,permuted,0.06666666666666667,0.0,0.0,0.0,0.0,0.0,15.0,0.0,0.0,0.0,0.0077520824958228676
adult,logreg,lime,2,spur,spurious_feature,constant,0.06666666666666667,0.0,0.0,0.0,0.0,0.0,15.0,0.0,0.0,0.0,0.06666666666666667
adult,logreg,lime,2,spur,spurious_feature,oracle,1.0,1.0,0.3333333333333333,0.2,1.0,1.0,1.0,1.0,1.0,1.0,1.0
adult,logreg,lime,3,spur,spurious_feature,real,0.3333333333333333,0.0,0.3333333333333333,0.2,1.0,1.0,3.0,0.0,1.0,1.0,0.15723912077968646
adult,logreg,lime,3,spur,spurious_feature,random,0.25,0.0,0.0,0.2,1.0,1.0,4.0,0.0,0.0,1.0,0.09821027847674259
adult,logreg,lime,3,spur,spurious_feature,permuted,0.125,0.0,0.0,0.0,0.0,1.0,8.0,0.0,0.0,0.0,0.05265943215693113
adult,logreg,lime,3,spur,spurious_feature,constant,0.06666666666666667,0.0,0.0,0.0,0.0,0.0,15.0,0.0,0.0,0.0,0.06666666666666667
adult,logreg,lime,3,spur,spurious_feature,oracle,1.0,1.0,0.3333333333333333,0.2,1.0,1.0,1.0,1.0,1.0,1.0,1.0
adult,logreg,lime,4,spur,spurious_feature,real,0.3333333333333333,0.0,0.3333333333333333,0.2,1.0,1.0,3.0,0.0,1.0,1.0,0.16851483121307526
adult,logreg,lime,4,spur,spurious_feature,random,0.2,0.0,0.0,0.2,1.0,1.0,5.0,0.0,0.0,1.0,0.1026055610453535
adult,logreg,lime,4,spur,spurious_feature,permuted,0.16666666666666666,0.0,0.0,0.0,0.0,1.0,6.0,0.0,0.0,0.0,0.06737144038158606
adult,logreg,lime,4,spur,spurious_feature,constant,0.06666666666666667,0.0,0.0,0.0,0.0,0.0,15.0,0.0,0.0,0.0,0.06666666666666667
adult,logreg,lime,4,spur,spurious_feature,oracle,1.0,1.0,0.3333333333333333,0.2,1.0,1.0,1.0,1.0,1.0,1.0,1.0
adult,rf,treeshap,0,clean,descriptive_top5,real,0.4093040293040293,0.0,0.3333333333333333,0.4,0.4,0.8,,,,,
adult,rf,treeshap,0,clean,descriptive_top5,random,0.5514285714285714,1.0,0.3333333333333333,0.4,0.4,0.8,,,,,
adult,rf,treeshap,0,clean,descriptive_top5,permuted,0.362983682983683,0.0,0.3333333333333333,0.4,0.4,0.6,,,,,
adult,rf,treeshap,0,clean,descriptive_top5,constant,0.35714285714285715,1.0,1.0,1.0,1.0,1.0,,,,,
adult,rf,treeshap,0,clean,descriptive_top5,oracle,1.0,1.0,1.0,1.0,1.0,1.0,,,,,
adult,rf,treeshap,1,clean,descriptive_top5,real,0.42358974358974355,0.0,0.3333333333333333,0.4,0.4,0.8,,,,,
adult,rf,treeshap,1,clean,descriptive_top5,random,0.31999999999999995,0.0,0.0,0.2,0.2,0.8,,,,,
adult,rf,treeshap,1,clean,descriptive_top5,permuted,0.6186813186813187,1.0,0.6666666666666666,0.4,0.4,0.6,,,,,
adult,rf,treeshap,1,clean,descriptive_top5,constant,0.35714285714285715,1.0,1.0,1.0,1.0,1.0,,,,,
adult,rf,treeshap,1,clean,descriptive_top5,oracle,1.0,1.0,1.0,1.0,1.0,1.0,,,,,
adult,rf,treeshap,2,clean,descriptive_top5,real,0.42358974358974355,0.0,0.3333333333333333,0.4,0.4,0.8,,,,,
adult,rf,treeshap,2,clean,descriptive_top5,random,0.2563003663003663,0.0,0.0,0.0,0.0,0.4,,,,,
adult,rf,treeshap,2,clean,descriptive_top5,permuted,0.2834432234432234,0.0,0.0,0.0,0.0,0.6,,,,,
adult,rf,treeshap,2,clean,descriptive_top5,constant,0.35714285714285715,1.0,1.0,1.0,1.0,1.0,,,,,
adult,rf,treeshap,2,clean,descriptive_top5,oracle,1.0,1.0,1.0,1.0,1.0,1.0,,,,,
adult,rf,treeshap,3,clean,descriptive_top5,real,0.3902564102564102,0.0,0.3333333333333333,0.4,0.4,0.8,,,,,
adult,rf,treeshap,3,clean,descriptive_top5,random,0.3591269841269841,0.0,0.3333333333333333,0.2,0.2,0.8,,,,,
adult,rf,treeshap,3,clean,descriptive_top5,permuted,0.3643939393939394,0.0,0.3333333333333333,0.2,0.2,0.6,,,,,
adult,rf,treeshap,3,clean,descriptive_top5,constant,0.35714285714285715,1.0,1.0,1.0,1.0,1.0,,,,,
adult,rf,treeshap,3,clean,descriptive_top5,oracle,1.0,1.0,1.0,1.0,1.0,1.0,,,,,
adult,rf,treeshap,4,clean,descriptive_top5,real,0.42358974358974355,0.0,0.3333333333333333,0.4,0.4,0.8,,,,,
adult,rf,treeshap,4,clean,descriptive_top5,random,0.495970695970696,0.0,0.6666666666666666,0.4,0.4,0.8,,,,,
adult,rf,treeshap,4,clean,descriptive_top5,permuted,0.5696503496503496,1.0,0.3333333333333333,0.6,0.6,0.6,,,,,
adult,rf,treeshap,4,clean,descriptive_top5,constant,0.35714285714285715,1.0,1.0,1.0,1.0,1.0,,,,,
adult,rf,treeshap,4,clean,descriptive_top5,oracle,1.0,1.0,1.0,1.0,1.0,1.0,,,,,
adult,rf,treeshap,0,spur,spurious_feature,real,1.0,1.0,0.3333333333333333,0.2,1.0,1.0,1.0,1.0,1.0,1.0,0.4092820574059006
adult,rf,treeshap,0,spur,spurious_feature,random,0.09090909090909091,0.0,0.0,0.0,0.0,0.0,11.0,0.0,0.0,0.0,0.041105449589987096
adult,rf,treeshap,0,spur,spurious_feature,permuted,1.0,1.0,0.3333333333333333,0.2,1.0,1.0,1.0,1.0,1.0,1.0,0.40928205740590057
adult,rf,treeshap,0,spur,spurious_feature,constant,0.06666666666666667,0.0,0.0,0.0,0.0,0.0,15.0,0.0,0.0,0.0,0.06666666666666667
adult,rf,treeshap,0,spur,spurious_feature,oracle,1.0,1.0,0.3333333333333333,0.2,1.0,1.0,1.0,1.0,1.0,1.0,1.0
adult,rf,treeshap,1,spur,spurious_feature,real,1.0,1.0,0.3333333333333333,0.2,1.0,1.0,1.0,1.0,1.0,1.0,0.3771080183551795
adult,rf,treeshap,1,spur,spurious_feature,random,0.5,0.0,0.3333333333333333,0.2,1.0,1.0,2.0,0.0,1.0,1.0,0.11731678812536547
adult,rf,treeshap,1,spur,spurious_feature,permuted,0.08333333333333333,0.0,0.0,0.0,0.0,0.0,12.0,0.0,0.0,0.0,0.007900129408597373
adult,rf,treeshap,1,spur,spurious_feature,constant,0.06666666666666667,0.0,0.0,0.0,0.0,0.0,15.0,0.0,0.0,0.0,0.06666666666666667
adult,rf,treeshap,1,spur,spurious_feature,oracle,1.0,1.0,0.3333333333333333,0.2,1.0,1.0,1.0,1.0,1.0,1.0,1.0
adult,rf,treeshap,2,spur,spurious_feature,real,1.0,1.0,0.3333333333333333,0.2,1.0,1.0,1.0,1.0,1.0,1.0,0.3727688230079947
adult,rf,treeshap,2,spur,spurious_feature,random,0.25,0.0,0.0,0.2,1.0,1.0,4.0,0.0,0.0,1.0,0.10653168756395624
adult,rf,treeshap,2,spur,spurious_feature,permuted,0.125,0.0,0.0,0.0,0.0,1.0,8.0,0.0,0.0,0.0,0.0376692061881188
adult,rf,treeshap,2,spur,spurious_feature,constant,0.06666666666666667,0.0,0.0,0.0,0.0,0.0,15.0,0.0,0.0,0.0,0.06666666666666667
adult,rf,treeshap,2,spur,spurious_feature,oracle,1.0,1.0,0.3333333333333333,0.2,1.0,1.0,1.0,1.0,1.0,1.0,1.0
adult,rf,treeshap,3,spur,spurious_feature,real,1.0,1.0,0.3333333333333333,0.2,1.0,1.0,1.0,1.0,1.0,1.0,0.3871494443181231
adult,rf,treeshap,3,spur,spurious_feature,random,0.1111111111111111,0.0,0.0,0.0,0.0,1.0,9.0,0.0,0.0,0.0,0.0412970293536404
adult,rf,treeshap,3,spur,spurious_feature,permuted,0.16666666666666666,0.0,0.0,0.0,0.0,1.0,6.0,0.0,0.0,0.0,0.046559222715917815
adult,rf,treeshap,3,spur,spurious_feature,constant,0.06666666666666667,0.0,0.0,0.0,0.0,0.0,15.0,0.0,0.0,0.0,0.06666666666666667
adult,rf,treeshap,3,spur,spurious_feature,oracle,1.0,1.0,0.3333333333333333,0.2,1.0,1.0,1.0,1.0,1.0,1.0,1.0
adult,rf,treeshap,4,spur,spurious_feature,real,1.0,1.0,0.3333333333333333,0.2,1.0,1.0,1.0,1.0,1.0,1.0,0.4204033732519664
adult,rf,treeshap,4,spur,spurious_feature,random,0.08333333333333333,0.0,0.0,0.0,0.0,0.0,12.0,0.0,0.0,0.0,0.01568940830661568
adult,rf,treeshap,4,spur,spurious_feature,permuted,0.2,0.0,0.0,0.2,1.0,1.0,5.0,0.0,0.0,1.0,0.06930089420255907
adult,rf,treeshap,4,spur,spurious_feature,constant,0.06666666666666667,0.0,0.0,0.0,0.0,0.0,15.0,0.0,0.0,0.0,0.06666666666666667
adult,rf,treeshap,4,spur,spurious_feature,oracle,1.0,1.0,0.3333333333333333,0.2,1.0,1.0,1.0,1.0,1.0,1.0,1.0
adult,rf,lime,0,clean,descriptive_top5,real,0.48357142857142854,1.0,0.3333333333333333,0.2,0.2,0.8,,,,,
adult,rf,lime,0,clean,descriptive_top5,random,0.5712087912087913,1.0,0.3333333333333333,0.4,0.4,0.8,,,,,
adult,rf,lime,0,clean,descriptive_top5,permuted,0.49120879120879124,0.0,0.3333333333333333,0.4,0.4,0.8,,,,,
adult,rf,lime,0,clean,descriptive_top5,constant,0.35714285714285715,1.0,1.0,1.0,1.0,1.0,,,,,
adult,rf,lime,0,clean,descriptive_top5,oracle,1.0,1.0,1.0,1.0,1.0,1.0,,,,,
adult,rf,lime,1,clean,descriptive_top5,real,0.4930952380952381,1.0,0.3333333333333333,0.2,0.2,0.8,,,,,
adult,rf,lime,1,clean,descriptive_top5,random,0.3581929181929182,0.0,0.0,0.2,0.2,0.8,,,,,
adult,rf,lime,1,clean,descriptive_top5,permuted,0.38476190476190475,0.0,0.3333333333333333,0.4,0.4,0.6,,,,,
adult,rf,lime,1,clean,descriptive_top5,constant,0.35714285714285715,1.0,1.0,1.0,1.0,1.0,,,,,
adult,rf,lime,1,clean,descriptive_top5,oracle,1.0,1.0,1.0,1.0,1.0,1.0,,,,,
adult,rf,lime,2,clean,descriptive_top5,real,0.48357142857142854,1.0,0.3333333333333333,0.2,0.2,0.8,,,,,
adult,rf,lime,2,clean,descriptive_top5,random,0.4875124875124875,1.0,0.3333333333333333,0.4,0.4,0.4,,,,,
adult,rf,lime,2,clean,descriptive_top5,permuted,0.3569230769230769,0.0,0.3333333333333333,0.4,0.4,0.6,,,,,
adult,rf,lime,2,clean,descriptive_top5,constant,0.35714285714285715,1.0,1.0,1.0,1.0,1.0,,,,,
adult,rf,lime,2,clean,descriptive_top5,oracle,1.0,1.0,1.0,1.0,1.0,1.0,,,,,
adult,rf,lime,3,clean,descriptive_top5,real,0.47023809523809523,1.0,0.3333333333333333,0.2,0.2,0.6,,,,,
adult,rf,lime,3,clean,descriptive_top5,random,0.6163003663003663,1.0,0.6666666666666666,0.6,0.6,0.6,,,,,
adult,rf,lime,3,clean,descriptive_top5,permuted,0.7644444444444445,1.0,0.6666666666666666,0.6,0.6,1.0,,,,,
adult,rf,lime,3,clean,descriptive_top5,constant,0.35714285714285715,1.0,1.0,1.0,1.0,1.0,,,,,
adult,rf,lime,3,clean,descriptive_top5,oracle,1.0,1.0,1.0,1.0,1.0,1.0,,,,,
adult,rf,lime,4,clean,descriptive_top5,real,0.4965367965367965,1.0,0.3333333333333333,0.2,0.2,0.6,,,,,
adult,rf,lime,4,clean,descriptive_top5,random,0.3001098901098901,0.0,0.0,0.2,0.2,0.6,,,,,
adult,rf,lime,4,clean,descriptive_top5,permuted,0.3986813186813186,0.0,0.3333333333333333,0.4,0.4,0.6,,,,,
adult,rf,lime,4,clean,descriptive_top5,constant,0.35714285714285715,1.0,1.0,1.0,1.0,1.0,,,,,
adult,rf,lime,4,clean,descriptive_top5,oracle,1.0,1.0,1.0,1.0,1.0,1.0,,,,,
adult,rf,lime,0,spur,spurious_feature,real,0.3333333333333333,0.0,0.3333333333333333,0.2,1.0,1.0,3.0,0.0,1.0,1.0,0.15489806841098866
adult,rf,lime,0,spur,spurious_feature,random,0.5,0.0,0.3333333333333333,0.2,1.0,1.0,2.0,0.0,1.0,1.0,0.1060602481603357
adult,rf,lime,0,spur,spurious_feature,permuted,0.07692307692307693,0.0,0.0,0.0,0.0,0.0,13.0,0.0,0.0,0.0,0.01615077001436662
adult,rf,lime,0,spur,spurious_feature,constant,0.06666666666666667,0.0,0.0,0.0,0.0,0.0,15.0,0.0,0.0,0.0,0.06666666666666667
adult,rf,lime,0,spur,spurious_feature,oracle,1.0,1.0,0.3333333333333333,0.2,1.0,1.0,1.0,1.0,1.0,1.0,1.0
adult,rf,lime,1,spur,spurious_feature,real,0.3333333333333333,0.0,0.3333333333333333,0.2,1.0,1.0,3.0,0.0,1.0,1.0,0.1482219637586373
adult,rf,lime,1,spur,spurious_feature,random,0.1111111111111111,0.0,0.0,0.0,0.0,1.0,9.0,0.0,0.0,0.0,0.057258073494380037
adult,rf,lime,1,spur,spurious_feature,permuted,0.3333333333333333,0.0,0.3333333333333333,0.2,1.0,1.0,3.0,0.0,1.0,1.0,0.14822196375863733
adult,rf,lime,1,spur,spurious_feature,constant,0.06666666666666667,0.0,0.0,0.0,0.0,0.0,15.0,0.0,0.0,0.0,0.06666666666666667
adult,rf,lime,1,spur,spurious_feature,oracle,1.0,1.0,0.3333333333333333,0.2,1.0,1.0,1.0,1.0,1.0,1.0,1.0
adult,rf,lime,2,spur,spurious_feature,real,0.3333333333333333,0.0,0.3333333333333333,0.2,1.0,1.0,3.0,0.0,1.0,1.0,0.15411832258496627
adult,rf,lime,2,spur,spurious_feature,random,0.16666666666666666,0.0,0.0,0.0,0.0,1.0,6.0,0.0,0.0,0.0,0.08114669562064662
adult,rf,lime,2,spur,spurious_feature,permuted,0.06666666666666667,0.0,0.0,0.0,0.0,0.0,15.0,0.0,0.0,0.0,0.00550484714507424
adult,rf,lime,2,spur,spurious_feature,constant,0.06666666666666667,0.0,0.0,0.0,0.0,0.0,15.0,0.0,0.0,0.0,0.06666666666666667
adult,rf,lime,2,spur,spurious_feature,oracle,1.0,1.0,0.3333333333333333,0.2,1.0,1.0,1.0,1.0,1.0,1.0,1.0
adult,rf,lime,3,spur,spurious_feature,real,0.3333333333333333,0.0,0.3333333333333333,0.2,1.0,1.0,3.0,0.0,1.0,1.0,0.1432755748711269
adult,rf,lime,3,spur,spurious_feature,random,0.1111111111111111,0.0,0.0,0.0,0.0,1.0,9.0,0.0,0.0,0.0,0.0487425156908058
adult,rf,lime,3,spur,spurious_feature,permuted,0.07692307692307693,0.0,0.0,0.0,0.0,0.0,13.0,0.0,0.0,0.0,0.015939243704885624
adult,rf,lime,3,spur,spurious_feature,constant,0.06666666666666667,0.0,0.0,0.0,0.0,0.0,15.0,0.0,0.0,0.0,0.06666666666666667
adult,rf,lime,3,spur,spurious_feature,oracle,1.0,1.0,0.3333333333333333,0.2,1.0,1.0,1.0,1.0,1.0,1.0,1.0
adult,rf,lime,4,spur,spurious_feature,real,0.3333333333333333,0.0,0.3333333333333333,0.2,1.0,1.0,3.0,0.0,1.0,1.0,0.15890505552318762
adult,rf,lime,4,spur,spurious_feature,random,0.5,0.0,0.3333333333333333,0.2,1.0,1.0,2.0,0.0,1.0,1.0,0.10716345370148059
adult,rf,lime,4,spur,spurious_feature,permuted,0.08333333333333333,0.0,0.0,0.0,0.0,0.0,12.0,0.0,0.0,0.0,0.018852437526371696
adult,rf,lime,4,spur,spurious_feature,constant,0.06666666666666667,0.0,0.0,0.0,0.0,0.0,15.0,0.0,0.0,0.0,0.06666666666666667
adult,rf,lime,4,spur,spurious_feature,oracle,1.0,1.0,0.3333333333333333,0.2,1.0,1.0,1.0,1.0,1.0,1.0,1.0
adult,hgb,treeshap,0,clean,descriptive_top5,real,0.5944444444444444,0.0,0.6666666666666666,0.6,0.6,1.0,,,,,
adult,hgb,treeshap,0,clean,descriptive_top5,random,0.5274891774891775,0.0,0.6666666666666666,0.6,0.6,0.6,,,,,
adult,hgb,treeshap,0,clean,descriptive_top5,permuted,0.5360606060606061,1.0,0.3333333333333333,0.4,0.4,0.6,,,,,
adult,hgb,treeshap,0,clean,descriptive_top5,constant,0.35714285714285715,1.0,1.0,1.0,1.0,1.0,,,,,
adult,hgb,treeshap,0,clean,descriptive_top5,oracle,1.0,1.0,1.0,1.0,1.0,1.0,,,,,
adult,hgb,treeshap,1,clean,descriptive_top5,real,0.5944444444444444,0.0,0.6666666666666666,0.6,0.6,1.0,,,,,
adult,hgb,treeshap,1,clean,descriptive_top5,random,0.3408225108225108,0.0,0.0,0.4,0.4,0.6,,,,,
adult,hgb,treeshap,1,clean,descriptive_top5,permuted,0.5214285714285714,0.0,0.6666666666666666,0.6,0.6,0.6,,,,,
adult,hgb,treeshap,1,clean,descriptive_top5,constant,0.35714285714285715,1.0,1.0,1.0,1.0,1.0,,,,,
adult,hgb,treeshap,1,clean,descriptive_top5,oracle,1.0,1.0,1.0,1.0,1.0,1.0,,,,,
adult,hgb,treeshap,2,clean,descriptive_top5,real,0.5833333333333333,0.0,0.6666666666666666,0.6,0.6,1.0,,,,,
adult,hgb,treeshap,2,clean,descriptive_top5,random,0.3526984126984126,0.0,0.0,0.2,0.2,0.8,,,,,
adult,hgb,treeshap,2,clean,descriptive_top5,permuted,0.36819291819291816,0.0,0.0,0.2,0.2,0.8,,,,,
adult,hgb,treeshap,2,clean,descriptive_top5,constant,0.35714285714285715,1.0,1.0,1.0,1.0,1.0,,,,,
adult,hgb,treeshap,2,clean,descriptive_top5,oracle,1.0,1.0,1.0,1.0,1.0,1.0,,,,,
adult,hgb,treeshap,3,clean,descriptive_top5,real,0.5944444444444444,0.0,0.6666666666666666,0.6,0.6,1.0,,,,,
adult,hgb,treeshap,3,clean,descriptive_top5,random,0.3713170163170163,0.0,0.3333333333333333,0.4,0.4,0.6,,,,,
adult,hgb,treeshap,3,clean,descriptive_top5,permuted,0.4755555555555555,0.0,0.3333333333333333,0.6,0.6,1.0,,,,,
adult,hgb,treeshap,3,clean,descriptive_top5,constant,0.35714285714285715,1.0,1.0,1.0,1.0,1.0,,,,,
adult,hgb,treeshap,3,clean,descriptive_top5,oracle,1.0,1.0,1.0,1.0,1.0,1.0,,,,,
adult,hgb,treeshap,4,clean,descriptive_top5,real,0.5722222222222222,0.0,0.6666666666666666,0.6,0.6,1.0,,,,,
adult,hgb,treeshap,4,clean,descriptive_top5,random,0.41757575757575754,0.0,0.3333333333333333,0.4,0.4,0.8,,,,,
adult,hgb,treeshap,4,clean,descriptive_top5,permuted,0.5435897435897437,1.0,0.3333333333333333,0.4,0.4,0.6,,,,,
adult,hgb,treeshap,4,clean,descriptive_top5,constant,0.35714285714285715,1.0,1.0,1.0,1.0,1.0,,,,,
adult,hgb,treeshap,4,clean,descriptive_top5,oracle,1.0,1.0,1.0,1.0,1.0,1.0,,,,,
adult,hgb,treeshap,0,spur,spurious_feature,real,1.0,1.0,0.3333333333333333,0.2,1.0,1.0,1.0,1.0,1.0,1.0,0.6325317434217116
adult,hgb,treeshap,0,spur,spurious_feature,random,0.06666666666666667,0.0,0.0,0.0,0.0,0.0,15.0,0.0,0.0,0.0,0.013304839208264007
adult,hgb,treeshap,0,spur,spurious_feature,permuted,0.08333333333333333,0.0,0.0,0.0,0.0,0.0,12.0,0.0,0.0,0.0,0.006671096921873808
adult,hgb,treeshap,0,spur,spurious_feature,constant,0.06666666666666667,0.0,0.0,0.0,0.0,0.0,15.0,0.0,0.0,0.0,0.06666666666666667
adult,hgb,treeshap,0,spur,spurious_feature,oracle,1.0,1.0,0.3333333333333333,0.2,1.0,1.0,1.0,1.0,1.0,1.0,1.0
adult,hgb,treeshap,1,spur,spurious_feature,real,1.0,1.0,0.3333333333333333,0.2,1.0,1.0,1.0,1.0,1.0,1.0,0.5642509527477465
adult,hgb,treeshap,1,spur,spurious_feature,random,0.5,0.0,0.3333333333333333,0.2,1.0,1.0,2.0,0.0,1.0,1.0,0.10418435493924355
adult,hgb,treeshap,1,spur,spurious_feature,permuted,0.06666666666666667,0.0,0.0,0.0,0.0,0.0,15.0,0.0,0.0,0.0,0.0015020749871137529
adult,hgb,treeshap,1,spur,spurious_feature,constant,0.06666666666666667,0.0,0.0,0.0,0.0,0.0,15.0,0.0,0.0,0.0,0.06666666666666667
adult,hgb,treeshap,1,spur,spurious_feature,oracle,1.0,1.0,0.3333333333333333,0.2,1.0,1.0,1.0,1.0,1.0,1.0,1.0
adult,hgb,treeshap,2,spur,spurious_feature,real,1.0,1.0,0.3333333333333333,0.2,1.0,1.0,1.0,1.0,1.0,1.0,0.5463474657898838
adult,hgb,treeshap,2,spur,spurious_feature,random,0.25,0.0,0.0,0.2,1.0,1.0,4.0,0.0,0.0,1.0,0.11132281137635247
adult,hgb,treeshap,2,spur,spurious_feature,permuted,0.07142857142857142,0.0,0.0,0.0,0.0,0.0,14.0,0.0,0.0,0.0,0.005145722589516485
adult,hgb,treeshap,2,spur,spurious_feature,constant,0.06666666666666667,0.0,0.0,0.0,0.0,0.0,15.0,0.0,0.0,0.0,0.06666666666666667
adult,hgb,treeshap,2,spur,spurious_feature,oracle,1.0,1.0,0.3333333333333333,0.2,1.0,1.0,1.0,1.0,1.0,1.0,1.0
adult,hgb,treeshap,3,spur,spurious_feature,real,1.0,1.0,0.3333333333333333,0.2,1.0,1.0,1.0,1.0,1.0,1.0,0.6060092652120861
adult,hgb,treeshap,3,spur,spurious_feature,random,0.1,0.0,0.0,0.0,0.0,1.0,10.0,0.0,0.0,0.0,0.05380593038870765
adult,hgb,treeshap,3,spur,spurious_feature,permuted,0.09090909090909091,0.0,0.0,0.0,0.0,0.0,11.0,0.0,0.0,0.0,0.008814631766298186
adult,hgb,treeshap,3,spur,spurious_feature,constant,0.06666666666666667,0.0,0.0,0.0,0.0,0.0,15.0,0.0,0.0,0.0,0.06666666666666667
adult,hgb,treeshap,3,spur,spurious_feature,oracle,1.0,1.0,0.3333333333333333,0.2,1.0,1.0,1.0,1.0,1.0,1.0,1.0
adult,hgb,treeshap,4,spur,spurious_feature,real,1.0,1.0,0.3333333333333333,0.2,1.0,1.0,1.0,1.0,1.0,1.0,0.534832147242949
adult,hgb,treeshap,4,spur,spurious_feature,random,0.07692307692307693,0.0,0.0,0.0,0.0,0.0,13.0,0.0,0.0,0.0,0.013022519563503837
adult,hgb,treeshap,4,spur,spurious_feature,permuted,0.125,0.0,0.0,0.0,0.0,1.0,8.0,0.0,0.0,0.0,0.020883840017090007
adult,hgb,treeshap,4,spur,spurious_feature,constant,0.06666666666666667,0.0,0.0,0.0,0.0,0.0,15.0,0.0,0.0,0.0,0.06666666666666667
adult,hgb,treeshap,4,spur,spurious_feature,oracle,1.0,1.0,0.3333333333333333,0.2,1.0,1.0,1.0,1.0,1.0,1.0,1.0
adult,hgb,lime,0,clean,descriptive_top5,real,0.5315262515262515,1.0,0.3333333333333333,0.4,0.4,0.8,,,,,
adult,hgb,lime,0,clean,descriptive_top5,random,0.33525641025641023,0.0,0.0,0.2,0.2,0.6,,,,,
adult,hgb,lime,0,clean,descriptive_top5,permuted,0.35527805527805534,0.0,0.3333333333333333,0.2,0.2,0.4,,,,,
adult,hgb,lime,0,clean,descriptive_top5,constant,0.35714285714285715,1.0,1.0,1.0,1.0,1.0,,,,,
adult,hgb,lime,0,clean,descriptive_top5,oracle,1.0,1.0,1.0,1.0,1.0,1.0,,,,,
adult,hgb,lime,1,clean,descriptive_top5,real,0.4965367965367965,1.0,0.3333333333333333,0.2,0.2,0.6,,,,,
adult,hgb,lime,1,clean,descriptive_top5,random,0.3508225108225108,0.0,0.3333333333333333,0.4,0.4,0.6,,,,,
adult,hgb,lime,1,clean,descriptive_top5,permuted,0.5458119658119658,1.0,0.3333333333333333,0.4,0.4,0.8,,,,,
adult,hgb,lime,1,clean,descriptive_top5,constant,0.35714285714285715,1.0,1.0,1.0,1.0,1.0,,,,,
adult,hgb,lime,1,clean,descriptive_top5,oracle,1.0,1.0,1.0,1.0,1.0,1.0,,,,,
adult,hgb,lime,2,clean,descriptive_top5,real,0.4991558441558442,1.0,0.3333333333333333,0.4,0.4,0.6,,,,,
adult,hgb,lime,2,clean,descriptive_top5,random,0.3234432234432234,0.0,0.3333333333333333,0.2,0.2,0.6,,,,,
adult,hgb,lime,2,clean,descriptive_top5,permuted,0.5848595848595848,1.0,0.6666666666666666,0.4,0.4,0.8,,,,,
adult,hgb,lime,2,clean,descriptive_top5,constant,0.35714285714285715,1.0,1.0,1.0,1.0,1.0,,,,,
adult,hgb,lime,2,clean,descriptive_top5,oracle,1.0,1.0,1.0,1.0,1.0,1.0,,,,,
adult,hgb,lime,3,clean,descriptive_top5,real,0.4847619047619047,1.0,0.3333333333333333,0.2,0.2,0.8,,,,,
adult,hgb,lime,3,clean,descriptive_top5,random,0.6466666666666667,1.0,0.6666666666666666,0.6,0.6,0.8,,,,,
adult,hgb,lime,3,clean,descriptive_top5,permuted,0.7642857142857142,1.0,0.6666666666666666,0.6,0.6,1.0,,,,,
adult,hgb,lime,3,clean,descriptive_top5,constant,0.35714285714285715,1.0,1.0,1.0,1.0,1.0,,,,,
adult,hgb,lime,3,clean,descriptive_top5,oracle,1.0,1.0,1.0,1.0,1.0,1.0,,,,,
adult,hgb,lime,4,clean,descriptive_top5,real,0.5038095238095237,1.0,0.3333333333333333,0.2,0.2,0.8,,,,,
adult,hgb,lime,4,clean,descriptive_top5,random,0.4708225108225108,1.0,0.3333333333333333,0.2,0.2,0.6,,,,,
adult,hgb,lime,4,clean,descriptive_top5,permuted,0.8761904761904762,1.0,1.0,0.6,0.6,1.0,,,,,
adult,hgb,lime,4,clean,descriptive_top5,constant,0.35714285714285715,1.0,1.0,1.0,1.0,1.0,,,,,
adult,hgb,lime,4,clean,descriptive_top5,oracle,1.0,1.0,1.0,1.0,1.0,1.0,,,,,
adult,hgb,lime,0,spur,spurious_feature,real,0.5,0.0,0.3333333333333333,0.2,1.0,1.0,2.0,0.0,1.0,1.0,0.18330852220942515
adult,hgb,lime,0,spur,spurious_feature,random,0.06666666666666667,0.0,0.0,0.0,0.0,0.0,15.0,0.0,0.0,0.0,0.001112707795595529
adult,hgb,lime,0,spur,spurious_feature,permuted,0.3333333333333333,0.0,0.3333333333333333,0.2,1.0,1.0,3.0,0.0,1.0,1.0,0.09405450295240689
adult,hgb,lime,0,spur,spurious_feature,constant,0.06666666666666667,0.0,0.0,0.0,0.0,0.0,15.0,0.0,0.0,0.0,0.06666666666666667
adult,hgb,lime,0,spur,spurious_feature,oracle,1.0,1.0,0.3333333333333333,0.2,1.0,1.0,1.0,1.0,1.0,1.0,1.0
adult,hgb,lime,1,spur,spurious_feature,real,0.5,0.0,0.3333333333333333,0.2,1.0,1.0,2.0,0.0,1.0,1.0,0.1673448631240247
adult,hgb,lime,1,spur,spurious_feature,random,0.07142857142857142,0.0,0.0,0.0,0.0,0.0,14.0,0.0,0.0,0.0,0.00969920946509338
adult,hgb,lime,1,spur,spurious_feature,permuted,0.06666666666666667,0.0,0.0,0.0,0.0,0.0,15.0,0.0,0.0,0.0,0.008262080625715004
adult,hgb,lime,1,spur,spurious_feature,constant,0.06666666666666667,0.0,0.0,0.0,0.0,0.0,15.0,0.0,0.0,0.0,0.06666666666666667
adult,hgb,lime,1,spur,spurious_feature,oracle,1.0,1.0,0.3333333333333333,0.2,1.0,1.0,1.0,1.0,1.0,1.0,1.0
adult,hgb,lime,2,spur,spurious_feature,real,0.5,0.0,0.3333333333333333,0.2,1.0,1.0,2.0,0.0,1.0,1.0,0.18304932125905204
adult,hgb,lime,2,spur,spurious_feature,random,0.06666666666666667,0.0,0.0,0.0,0.0,0.0,15.0,0.0,0.0,0.0,0.01628977638499713
adult,hgb,lime,2,spur,spurious_feature,permuted,0.3333333333333333,0.0,0.3333333333333333,0.2,1.0,1.0,3.0,0.0,1.0,1.0,0.12182384555035511
adult,hgb,lime,2,spur,spurious_feature,constant,0.06666666666666667,0.0,0.0,0.0,0.0,0.0,15.0,0.0,0.0,0.0,0.06666666666666667
adult,hgb,lime,2,spur,spurious_feature,oracle,1.0,1.0,0.3333333333333333,0.2,1.0,1.0,1.0,1.0,1.0,1.0,1.0
adult,hgb,lime,3,spur,spurious_feature,real,0.5,0.0,0.3333333333333333,0.2,1.0,1.0,2.0,0.0,1.0,1.0,0.17338427131341502
adult,hgb,lime,3,spur,spurious_feature,random,0.16666666666666666,0.0,0.0,0.0,0.0,1.0,6.0,0.0,0.0,0.0,0.07293161815118382
adult,hgb,lime,3,spur,spurious_feature,permuted,0.08333333333333333,0.0,0.0,0.0,0.0,0.0,12.0,0.0,0.0,0.0,0.010866188959728764
adult,hgb,lime,3,spur,spurious_feature,constant,0.06666666666666667,0.0,0.0,0.0,0.0,0.0,15.0,0.0,0.0,0.0,0.06666666666666667
adult,hgb,lime,3,spur,spurious_feature,oracle,1.0,1.0,0.3333333333333333,0.2,1.0,1.0,1.0,1.0,1.0,1.0,1.0
adult,hgb,lime,4,spur,spurious_feature,real,0.5,0.0,0.3333333333333333,0.2,1.0,1.0,2.0,0.0,1.0,1.0,0.18078431535832057
adult,hgb,lime,4,spur,spurious_feature,random,0.08333333333333333,0.0,0.0,0.0,0.0,0.0,12.0,0.0,0.0,0.0,0.045694995489809244
adult,hgb,lime,4,spur,spurious_feature,permuted,0.07142857142857142,0.0,0.0,0.0,0.0,0.0,14.0,0.0,0.0,0.0,0.010429117231504916
adult,hgb,lime,4,spur,spurious_feature,constant,0.06666666666666667,0.0,0.0,0.0,0.0,0.0,15.0,0.0,0.0,0.0,0.06666666666666667
adult,hgb,lime,4,spur,spurious_feature,oracle,1.0,1.0,0.3333333333333333,0.2,1.0,1.0,1.0,1.0,1.0,1.0,1.0
adult,mlp,ig,0,clean,descriptive_top5,real,0.45201465201465196,0.0,0.6666666666666666,0.4,0.4,0.6,,,,,
adult,mlp,ig,0,clean,descriptive_top5,random,0.4722222222222222,0.0,0.3333333333333333,0.4,0.4,0.8,,,,,
adult,mlp,ig,0,clean,descriptive_top5,permuted,0.3732034632034632,0.0,0.3333333333333333,0.2,0.2,0.6,,,,,
adult,mlp,ig,0,clean,descriptive_top5,constant,0.35714285714285715,1.0,1.0,1.0,1.0,1.0,,,,,
adult,mlp,ig,0,clean,descriptive_top5,oracle,1.0,1.0,1.0,1.0,1.0,1.0,,,,,
adult,mlp,ig,1,clean,descriptive_top5,real,0.45201465201465196,0.0,0.6666666666666666,0.4,0.4,0.6,,,,,
adult,mlp,ig,1,clean,descriptive_top5,random,0.8083333333333333,1.0,0.6666666666666666,0.6,0.6,1.0,,,,,
adult,mlp,ig,1,clean,descriptive_top5,permuted,0.4769230769230769,0.0,0.3333333333333333,0.4,0.4,0.8,,,,,
adult,mlp,ig,1,clean,descriptive_top5,constant,0.35714285714285715,1.0,1.0,1.0,1.0,1.0,,,,,
adult,mlp,ig,1,clean,descriptive_top5,oracle,1.0,1.0,1.0,1.0,1.0,1.0,,,,,
adult,mlp,ig,2,clean,descriptive_top5,real,0.4663003663003663,0.0,0.6666666666666666,0.4,0.4,0.6,,,,,
adult,mlp,ig,2,clean,descriptive_top5,random,0.8083333333333333,1.0,0.6666666666666666,0.6,0.6,1.0,,,,,
adult,mlp,ig,2,clean,descriptive_top5,permuted,0.309065934065934,0.0,0.0,0.0,0.0,0.6,,,,,
adult,mlp,ig,2,clean,descriptive_top5,constant,0.35714285714285715,1.0,1.0,1.0,1.0,1.0,,,,,
adult,mlp,ig,2,clean,descriptive_top5,oracle,1.0,1.0,1.0,1.0,1.0,1.0,,,,,
adult,mlp,ig,3,clean,descriptive_top5,real,0.3853479853479853,0.0,0.3333333333333333,0.4,0.4,0.6,,,,,
adult,mlp,ig,3,clean,descriptive_top5,random,0.3314285714285714,0.0,0.3333333333333333,0.2,0.2,0.6,,,,,
adult,mlp,ig,3,clean,descriptive_top5,permuted,0.4566233766233766,0.0,0.3333333333333333,0.4,0.4,0.8,,,,,
adult,mlp,ig,3,clean,descriptive_top5,constant,0.35714285714285715,1.0,1.0,1.0,1.0,1.0,,,,,
adult,mlp,ig,3,clean,descriptive_top5,oracle,1.0,1.0,1.0,1.0,1.0,1.0,,,,,
adult,mlp,ig,4,clean,descriptive_top5,real,0.4663003663003663,0.0,0.6666666666666666,0.4,0.4,0.6,,,,,
adult,mlp,ig,4,clean,descriptive_top5,random,0.7176190476190476,1.0,0.6666666666666666,0.6,0.6,0.8,,,,,
adult,mlp,ig,4,clean,descriptive_top5,permuted,0.3252380952380952,0.0,0.0,0.2,0.2,0.8,,,,,
adult,mlp,ig,4,clean,descriptive_top5,constant,0.35714285714285715,1.0,1.0,1.0,1.0,1.0,,,,,
adult,mlp,ig,4,clean,descriptive_top5,oracle,1.0,1.0,1.0,1.0,1.0,1.0,,,,,
adult,mlp,ig,0,spur,spurious_feature,real,1.0,1.0,0.3333333333333333,0.2,1.0,1.0,1.0,1.0,1.0,1.0,0.4089777039538355
adult,mlp,ig,0,spur,spurious_feature,random,0.1,0.0,0.0,0.0,0.0,1.0,10.0,0.0,0.0,0.0,0.050502878612627124
adult,mlp,ig,0,spur,spurious_feature,permuted,1.0,1.0,0.3333333333333333,0.2,1.0,1.0,1.0,1.0,1.0,1.0,0.4089777039538355
adult,mlp,ig,0,spur,spurious_feature,constant,0.06666666666666667,0.0,0.0,0.0,0.0,0.0,15.0,0.0,0.0,0.0,0.06666666666666667
adult,mlp,ig,0,spur,spurious_feature,oracle,1.0,1.0,0.3333333333333333,0.2,1.0,1.0,1.0,1.0,1.0,1.0,1.0
adult,mlp,ig,1,spur,spurious_feature,real,1.0,1.0,0.3333333333333333,0.2,1.0,1.0,1.0,1.0,1.0,1.0,0.38282561470452253
adult,mlp,ig,1,spur,spurious_feature,random,0.2,0.0,0.0,0.2,1.0,1.0,5.0,0.0,0.0,1.0,0.08683362588415362
adult,mlp,ig,1,spur,spurious_feature,permuted,0.16666666666666666,0.0,0.0,0.0,0.0,1.0,6.0,0.0,0.0,0.0,0.05526993860558152
adult,mlp,ig,1,spur,spurious_feature,constant,0.06666666666666667,0.0,0.0,0.0,0.0,0.0,15.0,0.0,0.0,0.0,0.06666666666666667
adult,mlp,ig,1,spur,spurious_feature,oracle,1.0,1.0,0.3333333333333333,0.2,1.0,1.0,1.0,1.0,1.0,1.0,1.0
adult,mlp,ig,2,spur,spurious_feature,real,1.0,1.0,0.3333333333333333,0.2,1.0,1.0,1.0,1.0,1.0,1.0,0.4064470783917539
adult,mlp,ig,2,spur,spurious_feature,random,0.2,0.0,0.0,0.2,1.0,1.0,5.0,0.0,0.0,1.0,0.08728176120597972
adult,mlp,ig,2,spur,spurious_feature,permuted,0.07142857142857142,0.0,0.0,0.0,0.0,0.0,14.0,0.0,0.0,0.0,0.014311210846782767
adult,mlp,ig,2,spur,spurious_feature,constant,0.06666666666666667,0.0,0.0,0.0,0.0,0.0,15.0,0.0,0.0,0.0,0.06666666666666667
adult,mlp,ig,2,spur,spurious_feature,oracle,1.0,1.0,0.3333333333333333,0.2,1.0,1.0,1.0,1.0,1.0,1.0,1.0
adult,mlp,ig,3,spur,spurious_feature,real,1.0,1.0,0.3333333333333333,0.2,1.0,1.0,1.0,1.0,1.0,1.0,0.39949545350907795
adult,mlp,ig,3,spur,spurious_feature,random,0.1111111111111111,0.0,0.0,0.0,0.0,1.0,9.0,0.0,0.0,0.0,0.06858575757199761
adult,mlp,ig,3,spur,spurious_feature,permuted,1.0,1.0,0.3333333333333333,0.2,1.0,1.0,1.0,1.0,1.0,1.0,0.399495453509078
adult,mlp,ig,3,spur,spurious_feature,constant,0.06666666666666667,0.0,0.0,0.0,0.0,0.0,15.0,0.0,0.0,0.0,0.06666666666666667
adult,mlp,ig,3,spur,spurious_feature,oracle,1.0,1.0,0.3333333333333333,0.2,1.0,1.0,1.0,1.0,1.0,1.0,1.0
adult,mlp,ig,4,spur,spurious_feature,real,1.0,1.0,0.3333333333333333,0.2,1.0,1.0,1.0,1.0,1.0,1.0,0.3908425670737491
adult,mlp,ig,4,spur,spurious_feature,random,0.5,0.0,0.3333333333333333,0.2,1.0,1.0,2.0,0.0,1.0,1.0,0.1250507844667642
adult,mlp,ig,4,spur,spurious_feature,permuted,0.125,0.0,0.0,0.0,0.0,1.0,8.0,0.0,0.0,0.0,0.041081802613231785
adult,mlp,ig,4,spur,spurious_feature,constant,0.06666666666666667,0.0,0.0,0.0,0.0,0.0,15.0,0.0,0.0,0.0,0.06666666666666667
adult,mlp,ig,4,spur,spurious_feature,oracle,1.0,1.0,0.3333333333333333,0.2,1.0,1.0,1.0,1.0,1.0,1.0,1.0
adult,mlp,lime,0,clean,descriptive_top5,real,0.46129870129870126,1.0,0.3333333333333333,0.2,0.2,0.6,,,,,
adult,mlp,lime,0,clean,descriptive_top5,random,0.6514285714285715,1.0,0.6666666666666666,0.4,0.4,0.8,,,,,
adult,mlp,lime,0,clean,descriptive_top5,permuted,0.34305194805194805,0.0,0.0,0.2,0.2,0.8,,,,,
adult,mlp,lime,0,clean,descriptive_top5,constant,0.35714285714285715,1.0,1.0,1.0,1.0,1.0,,,,,
adult,mlp,lime,0,clean,descriptive_top5,oracle,1.0,1.0,1.0,1.0,1.0,1.0,,,,,
adult,mlp,lime,1,clean,descriptive_top5,real,0.4552380952380953,1.0,0.3333333333333333,0.2,0.2,0.6,,,,,
adult,mlp,lime,1,clean,descriptive_top5,random,0.3853479853479853,0.0,0.3333333333333333,0.2,0.2,0.6,,,,,
adult,mlp,lime,1,clean,descriptive_top5,permuted,0.44358974358974357,0.0,0.3333333333333333,0.4,0.4,0.8,,,,,
adult,mlp,lime,1,clean,descriptive_top5,constant,0.35714285714285715,1.0,1.0,1.0,1.0,1.0,,,,,
adult,mlp,lime,1,clean,descriptive_top5,oracle,1.0,1.0,1.0,1.0,1.0,1.0,,,,,
adult,mlp,lime,2,clean,descriptive_top5,real,0.4797619047619048,1.0,0.3333333333333333,0.2,0.2,0.6,,,,,
adult,mlp,lime,2,clean,descriptive_top5,random,0.3538888888888889,0.0,0.0,0.2,0.2,0.8,,,,,
adult,mlp,lime,2,clean,descriptive_top5,permuted,0.4858225108225108,1.0,0.3333333333333333,0.2,0.2,0.6,,,,,
adult,mlp,lime,2,clean,descriptive_top5,constant,0.35714285714285715,1.0,1.0,1.0,1.0,1.0,,,,,
adult,mlp,lime,2,clean,descriptive_top5,oracle,1.0,1.0,1.0,1.0,1.0,1.0,,,,,
adult,mlp,lime,3,clean,descriptive_top5,real,0.4708225108225108,1.0,0.3333333333333333,0.2,0.2,0.6,,,,,
adult,mlp,lime,3,clean,descriptive_top5,random,0.4375124875124875,1.0,0.3333333333333333,0.2,0.2,0.4,,,,,
adult,mlp,lime,3,clean,descriptive_top5,permuted,0.5305555555555554,1.0,0.3333333333333333,0.2,0.2,1.0,,,,,
adult,mlp,lime,3,clean,descriptive_top5,constant,0.35714285714285715,1.0,1.0,1.0,1.0,1.0,,,,,
adult,mlp,lime,3,clean,descriptive_top5,oracle,1.0,1.0,1.0,1.0,1.0,1.0,,,,,
adult,mlp,lime,4,clean,descriptive_top5,real,0.44253968253968257,1.0,0.3333333333333333,0.2,0.2,0.6,,,,,
adult,mlp,lime,4,clean,descriptive_top5,random,0.32939393939393935,0.0,0.0,0.2,0.2,0.6,,,,,
adult,mlp,lime,4,clean,descriptive_top5,permuted,0.4074786324786325,0.0,0.3333333333333333,0.2,0.2,0.8,,,,,
adult,mlp,lime,4,clean,descriptive_top5,constant,0.35714285714285715,1.0,1.0,1.0,1.0,1.0,,,,,
adult,mlp,lime,4,clean,descriptive_top5,oracle,1.0,1.0,1.0,1.0,1.0,1.0,,,,,
adult,mlp,lime,0,spur,spurious_feature,real,0.5,0.0,0.3333333333333333,0.2,1.0,1.0,2.0,0.0,1.0,1.0,0.16201468385509912
adult,mlp,lime,0,spur,spurious_feature,random,0.2,0.0,0.0,0.2,1.0,1.0,5.0,0.0,0.0,1.0,0.09036928030431562
adult,mlp,lime,0,spur,spurious_feature,permuted,0.09090909090909091,0.0,0.0,0.0,0.0,0.0,11.0,0.0,0.0,0.0,0.01780022369781183
adult,mlp,lime,0,spur,spurious_feature,constant,0.06666666666666667,0.0,0.0,0.0,0.0,0.0,15.0,0.0,0.0,0.0,0.06666666666666667
adult,mlp,lime,0,spur,spurious_feature,oracle,1.0,1.0,0.3333333333333333,0.2,1.0,1.0,1.0,1.0,1.0,1.0,1.0
adult,mlp,lime,1,spur,spurious_feature,real,0.3333333333333333,0.0,0.3333333333333333,0.2,1.0,1.0,3.0,0.0,1.0,1.0,0.12977079994247676
adult,mlp,lime,1,spur,spurious_feature,random,0.07692307692307693,0.0,0.0,0.0,0.0,0.0,13.0,0.0,0.0,0.0,0.021681815289181512
adult,mlp,lime,1,spur,spurious_feature,permuted,0.1,0.0,0.0,0.0,0.0,1.0,10.0,0.0,0.0,0.0,0.017976158086522084
adult,mlp,lime,1,spur,spurious_feature,constant,0.06666666666666667,0.0,0.0,0.0,0.0,0.0,15.0,0.0,0.0,0.0,0.06666666666666667
adult,mlp,lime,1,spur,spurious_feature,oracle,1.0,1.0,0.3333333333333333,0.2,1.0,1.0,1.0,1.0,1.0,1.0,1.0
adult,mlp,lime,2,spur,spurious_feature,real,0.5,0.0,0.3333333333333333,0.2,1.0,1.0,2.0,0.0,1.0,1.0,0.1636009010249835
adult,mlp,lime,2,spur,spurious_feature,random,0.5,0.0,0.3333333333333333,0.2,1.0,1.0,2.0,0.0,1.0,1.0,0.1306839798050096
adult,mlp,lime,2,spur,spurious_feature,permuted,0.5,0.0,0.3333333333333333,0.2,1.0,1.0,2.0,0.0,1.0,1.0,0.1636009010249835
adult,mlp,lime,2,spur,spurious_feature,constant,0.06666666666666667,0.0,0.0,0.0,0.0,0.0,15.0,0.0,0.0,0.0,0.06666666666666667
adult,mlp,lime,2,spur,spurious_feature,oracle,1.0,1.0,0.3333333333333333,0.2,1.0,1.0,1.0,1.0,1.0,1.0,1.0
adult,mlp,lime,3,spur,spurious_feature,real,0.3333333333333333,0.0,0.3333333333333333,0.2,1.0,1.0,3.0,0.0,1.0,1.0,0.1420669076632872
adult,mlp,lime,3,spur,spurious_feature,random,0.16666666666666666,0.0,0.0,0.0,0.0,1.0,6.0,0.0,0.0,0.0,0.06366847010630688
adult,mlp,lime,3,spur,spurious_feature,permuted,0.16666666666666666,0.0,0.0,0.0,0.0,1.0,6.0,0.0,0.0,0.0,0.056340183638417946
adult,mlp,lime,3,spur,spurious_feature,constant,0.06666666666666667,0.0,0.0,0.0,0.0,0.0,15.0,0.0,0.0,0.0,0.06666666666666667
adult,mlp,lime,3,spur,spurious_feature,oracle,1.0,1.0,0.3333333333333333,0.2,1.0,1.0,1.0,1.0,1.0,1.0,1.0
adult,mlp,lime,4,spur,spurious_feature,real,0.3333333333333333,0.0,0.3333333333333333,0.2,1.0,1.0,3.0,0.0,1.0,1.0,0.14612945209475756
adult,mlp,lime,4,spur,spurious_feature,random,0.07142857142857142,0.0,0.0,0.0,0.0,0.0,14.0,0.0,0.0,0.0,0.018003099806206485
adult,mlp,lime,4,spur,spurious_feature,permuted,0.3333333333333333,0.0,0.3333333333333333,0.2,1.0,1.0,3.0,0.0,1.0,1.0,0.14612945209475756
adult,mlp,lime,4,spur,spurious_feature,constant,0.06666666666666667,0.0,0.0,0.0,0.0,0.0,15.0,0.0,0.0,0.0,0.06666666666666667
adult,mlp,lime,4,spur,spurious_feature,oracle,1.0,1.0,0.3333333333333333,0.2,1.0,1.0,1.0,1.0,1.0,1.0,1.0
adult,mlp,kshap,0,clean,descriptive_top5,real,0.4863003663003662,0.0,0.6666666666666666,0.6,0.6,0.6,,,,,
adult,mlp,kshap,0,clean,descriptive_top5,random,0.45476190476190476,1.0,0.3333333333333333,0.2,0.2,0.6,,,,,
adult,mlp,kshap,0,clean,descriptive_top5,permuted,0.44031746031746033,0.0,0.3333333333333333,0.4,0.4,0.8,,,,,
adult,mlp,kshap,0,clean,descriptive_top5,constant,0.35714285714285715,1.0,1.0,1.0,1.0,1.0,,,,,
adult,mlp,kshap,0,clean,descriptive_top5,oracle,1.0,1.0,1.0,1.0,1.0,1.0,,,,,
adult,mlp,kshap,1,clean,descriptive_top5,real,0.41296703296703297,0.0,0.3333333333333333,0.4,0.4,0.6,,,,,
adult,mlp,kshap,1,clean,descriptive_top5,random,0.30631701631701636,0.0,0.0,0.2,0.2,0.6,,,,,
adult,mlp,kshap,1,clean,descriptive_top5,permuted,0.35417915417915413,0.0,0.3333333333333333,0.2,0.2,0.4,,,,,
adult,mlp,kshap,1,clean,descriptive_top5,constant,0.35714285714285715,1.0,1.0,1.0,1.0,1.0,,,,,
adult,mlp,kshap,1,clean,descriptive_top5,oracle,1.0,1.0,1.0,1.0,1.0,1.0,,,,,
adult,mlp,kshap,2,clean,descriptive_top5,real,0.4714285714285714,0.0,0.6666666666666666,0.4,0.4,0.6,,,,,
adult,mlp,kshap,2,clean,descriptive_top5,random,0.35257575757575754,0.0,0.0,0.2,0.2,0.8,,,,,
adult,mlp,kshap,2,clean,descriptive_top5,permuted,0.32579365079365075,0.0,0.0,0.0,0.0,0.8,,,,,
adult,mlp,kshap,2,clean,descriptive_top5,constant,0.35714285714285715,1.0,1.0,1.0,1.0,1.0,,,,,
adult,mlp,kshap,2,clean,descriptive_top5,oracle,1.0,1.0,1.0,1.0,1.0,1.0,,,,,
adult,mlp,kshap,3,clean,descriptive_top5,real,0.37963369963369964,0.0,0.3333333333333333,0.4,0.4,0.6,,,,,
adult,mlp,kshap,3,clean,descriptive_top5,random,0.7112087912087912,1.0,0.6666666666666666,0.6,0.6,0.8,,,,,
adult,mlp,kshap,3,clean,descriptive_top5,permuted,0.7176190476190476,1.0,0.6666666666666666,0.6,0.6,0.8,,,,,
adult,mlp,kshap,3,clean,descriptive_top5,constant,0.35714285714285715,1.0,1.0,1.0,1.0,1.0,,,,,
adult,mlp,kshap,3,clean,descriptive_top5,oracle,1.0,1.0,1.0,1.0,1.0,1.0,,,,,
adult,mlp,kshap,4,clean,descriptive_top5,real,0.44358974358974357,0.0,0.3333333333333333,0.4,0.4,0.6,,,,,
adult,mlp,kshap,4,clean,descriptive_top5,random,0.4226373626373626,0.0,0.3333333333333333,0.4,0.4,0.8,,,,,
adult,mlp,kshap,4,clean,descriptive_top5,permuted,0.4980952380952381,1.0,0.3333333333333333,0.4,0.4,0.8,,,,,
adult,mlp,kshap,4,clean,descriptive_top5,constant,0.35714285714285715,1.0,1.0,1.0,1.0,1.0,,,,,
adult,mlp,kshap,4,clean,descriptive_top5,oracle,1.0,1.0,1.0,1.0,1.0,1.0,,,,,
credit_g,logreg,linshap,0,clean,descriptive_top5,real,0.2604761904761905,0.0,0.0,0.0,0.0,0.6,,,,,
credit_g,logreg,linshap,0,clean,descriptive_top5,random,0.5121052631578947,1.0,0.3333333333333333,0.6,0.6,0.6,,,,,
credit_g,logreg,linshap,0,clean,descriptive_top5,permuted,0.4370851370851371,1.0,0.3333333333333333,0.2,0.2,0.4,,,,,
credit_g,logreg,linshap,0,clean,descriptive_top5,constant,0.25,1.0,1.0,1.0,1.0,1.0,,,,,
credit_g,logreg,linshap,0,clean,descriptive_top5,oracle,1.0,1.0,1.0,1.0,1.0,1.0,,,,,
credit_g,logreg,linshap,1,clean,descriptive_top5,real,0.2604761904761905,0.0,0.0,0.0,0.0,0.6,,,,,
credit_g,logreg,linshap,1,clean,descriptive_top5,random,0.20790935672514618,0.0,0.0,0.0,0.0,0.4,,,,,
credit_g,logreg,linshap,1,clean,descriptive_top5,permuted,0.46222222222222226,1.0,0.3333333333333333,0.4,0.4,0.6,,,,,
credit_g,logreg,linshap,1,clean,descriptive_top5,constant,0.25,1.0,1.0,1.0,1.0,1.0,,,,,
credit_g,logreg,linshap,1,clean,descriptive_top5,oracle,1.0,1.0,1.0,1.0,1.0,1.0,,,,,
credit_g,logreg,linshap,2,clean,descriptive_top5,real,0.2604761904761905,0.0,0.0,0.0,0.0,0.6,,,,,
credit_g,logreg,linshap,2,clean,descriptive_top5,random,0.3338095238095238,0.0,0.3333333333333333,0.2,0.2,0.6,,,,,
credit_g,logreg,linshap,2,clean,descriptive_top5,permuted,0.43504273504273505,1.0,0.3333333333333333,0.4,0.4,0.4,,,,,
credit_g,logreg,linshap,2,clean,descriptive_top5,constant,0.25,1.0,1.0,1.0,1.0,1.0,,,,,
credit_g,logreg,linshap,2,clean,descriptive_top5,oracle,1.0,1.0,1.0,1.0,1.0,1.0,,,,,
credit_g,logreg,linshap,3,clean,descriptive_top5,real,0.2604761904761905,0.0,0.0,0.0,0.0,0.6,,,,,
credit_g,logreg,linshap,3,clean,descriptive_top5,random,0.27326797385620916,0.0,0.3333333333333333,0.2,0.2,0.4,,,,,
credit_g,logreg,linshap,3,clean,descriptive_top5,permuted,0.37787114845938374,0.0,0.3333333333333333,0.2,0.2,0.6,,,,,
credit_g,logreg,linshap,3,clean,descriptive_top5,constant,0.25,1.0,1.0,1.0,1.0,1.0,,,,,
credit_g,logreg,linshap,3,clean,descriptive_top5,oracle,1.0,1.0,1.0,1.0,1.0,1.0,,,,,
credit_g,logreg,linshap,4,clean,descriptive_top5,real,0.2604761904761905,0.0,0.0,0.0,0.0,0.6,,,,,
credit_g,logreg,linshap,4,clean,descriptive_top5,random,0.4745378151260504,1.0,0.3333333333333333,0.4,0.4,0.6,,,,,
credit_g,logreg,linshap,4,clean,descriptive_top5,permuted,0.5969230769230769,1.0,0.6666666666666666,0.6,0.6,0.6,,,,,
credit_g,logreg,linshap,4,clean,descriptive_top5,constant,0.25,1.0,1.0,1.0,1.0,1.0,,,,,
credit_g,logreg,linshap,4,clean,descriptive_top5,oracle,1.0,1.0,1.0,1.0,1.0,1.0,,,,,
credit_g,logreg,linshap,0,spur,spurious_feature,real,1.0,1.0,0.3333333333333333,0.2,1.0,1.0,1.0,1.0,1.0,1.0,0.5129323398500405
credit_g,logreg,linshap,0,spur,spurious_feature,random,0.058823529411764705,0.0,0.0,0.0,0.0,0.0,17.0,0.0,0.0,0.0,0.01751322466078281
credit_g,logreg,linshap,0,spur,spurious_feature,permuted,0.16666666666666666,0.0,0.0,0.0,0.0,1.0,6.0,0.0,0.0,0.0,0.033156351670883606
credit_g,logreg,linshap,0,spur,spurious_feature,constant,0.047619047619047616,0.0,0.0,0.0,0.0,0.0,21.0,0.0,0.0,0.0,0.047619047619047616
credit_g,logreg,linshap,0,spur,spurious_feature,oracle,1.0,1.0,0.3333333333333333,0.2,1.0,1.0,1.0,1.0,1.0,1.0,1.0
credit_g,logreg,linshap,1,spur,spurious_feature,real,1.0,1.0,0.3333333333333333,0.2,1.0,1.0,1.0,1.0,1.0,1.0,0.5129323398500405
credit_g,logreg,linshap,1,spur,spurious_feature,random,1.0,1.0,0.3333333333333333,0.2,1.0,1.0,1.0,1.0,1.0,1.0,0.08669669436099375
credit_g,logreg,linshap,1,spur,spurious_feature,permuted,0.2,0.0,0.0,0.2,1.0,1.0,5.0,0.0,0.0,1.0,0.04344075702496672
credit_g,logreg,linshap,1,spur,spurious_feature,constant,0.047619047619047616,0.0,0.0,0.0,0.0,0.0,21.0,0.0,0.0,0.0,0.047619047619047616
credit_g,logreg,linshap,1,spur,spurious_feature,oracle,1.0,1.0,0.3333333333333333,0.2,1.0,1.0,1.0,1.0,1.0,1.0,1.0
credit_g,logreg,linshap,2,spur,spurious_feature,real,1.0,1.0,0.3333333333333333,0.2,1.0,1.0,1.0,1.0,1.0,1.0,0.5129323398500405
credit_g,logreg,linshap,2,spur,spurious_feature,random,0.14285714285714285,0.0,0.0,0.0,0.0,1.0,7.0,0.0,0.0,0.0,0.06433515274263442
credit_g,logreg,linshap,2,spur,spurious_feature,permuted,0.047619047619047616,0.0,0.0,0.0,0.0,0.0,21.0,0.0,0.0,0.0,0.0004734973269319498
credit_g,logreg,linshap,2,spur,spurious_feature,constant,0.047619047619047616,0.0,0.0,0.0,0.0,0.0,21.0,0.0,0.0,0.0,0.047619047619047616
credit_g,logreg,linshap,2,spur,spurious_feature,oracle,1.0,1.0,0.3333333333333333,0.2,1.0,1.0,1.0,1.0,1.0,1.0,1.0
credit_g,logreg,linshap,3,spur,spurious_feature,real,1.0,1.0,0.3333333333333333,0.2,1.0,1.0,1.0,1.0,1.0,1.0,0.5129323398500405
credit_g,logreg,linshap,3,spur,spurious_feature,random,0.05,0.0,0.0,0.0,0.0,0.0,20.0,0.0,0.0,0.0,0.00583152573958651
credit_g,logreg,linshap,3,spur,spurious_feature,permuted,0.25,0.0,0.0,0.2,1.0,1.0,4.0,0.0,0.0,1.0,0.04492719892299616
credit_g,logreg,linshap,3,spur,spurious_feature,constant,0.047619047619047616,0.0,0.0,0.0,0.0,0.0,21.0,0.0,0.0,0.0,0.047619047619047616
credit_g,logreg,linshap,3,spur,spurious_feature,oracle,1.0,1.0,0.3333333333333333,0.2,1.0,1.0,1.0,1.0,1.0,1.0,1.0
credit_g,logreg,linshap,4,spur,spurious_feature,real,1.0,1.0,0.3333333333333333,0.2,1.0,1.0,1.0,1.0,1.0,1.0,0.5129323398500405
credit_g,logreg,linshap,4,spur,spurious_feature,random,0.3333333333333333,0.0,0.3333333333333333,0.2,1.0,1.0,3.0,0.0,1.0,1.0,0.07466899777353662
credit_g,logreg,linshap,4,spur,spurious_feature,permuted,0.08333333333333333,0.0,0.0,0.0,0.0,0.0,12.0,0.0,0.0,0.0,0.017044406157788558
credit_g,logreg,linshap,4,spur,spurious_feature,constant,0.047619047619047616,0.0,0.0,0.0,0.0,0.0,21.0,0.0,0.0,0.0,0.047619047619047616
credit_g,logreg,linshap,4,spur,spurious_feature,oracle,1.0,1.0,0.3333333333333333,0.2,1.0,1.0,1.0,1.0,1.0,1.0,1.0
credit_g,logreg,lime,0,clean,descriptive_top5,real,0.19159244264507425,0.0,0.0,0.0,0.0,0.2,,,,,
credit_g,logreg,lime,0,clean,descriptive_top5,random,0.4507051282051282,1.0,0.3333333333333333,0.2,0.2,0.6,,,,,
credit_g,logreg,lime,0,clean,descriptive_top5,permuted,0.40403846153846157,0.0,0.3333333333333333,0.4,0.4,0.6,,,,,
credit_g,logreg,lime,0,clean,descriptive_top5,constant,0.25,1.0,1.0,1.0,1.0,1.0,,,,,
credit_g,logreg,lime,0,clean,descriptive_top5,oracle,1.0,1.0,1.0,1.0,1.0,1.0,,,,,
credit_g,logreg,lime,1,clean,descriptive_top5,real,0.1946227456753773,0.0,0.0,0.0,0.0,0.2,,,,,
credit_g,logreg,lime,1,clean,descriptive_top5,random,0.2530905695611578,0.0,0.0,0.0,0.0,0.6,,,,,
credit_g,logreg,lime,1,clean,descriptive_top5,permuted,0.2706349206349206,0.0,0.3333333333333333,0.2,0.2,0.2,,,,,
credit_g,logreg,lime,1,clean,descriptive_top5,constant,0.25,1.0,1.0,1.0,1.0,1.0,,,,,
credit_g,logreg,lime,1,clean,descriptive_top5,oracle,1.0,1.0,1.0,1.0,1.0,1.0,,,,,
credit_g,logreg,lime,2,clean,descriptive_top5,real,0.1946227456753773,0.0,0.0,0.0,0.0,0.2,,,,,
credit_g,logreg,lime,2,clean,descriptive_top5,random,0.23497474747474745,0.0,0.3333333333333333,0.2,0.2,0.2,,,,,
credit_g,logreg,lime,2,clean,descriptive_top5,permuted,0.4065998329156224,1.0,0.3333333333333333,0.2,0.2,0.4,,,,,
credit_g,logreg,lime,2,clean,descriptive_top5,constant,0.25,1.0,1.0,1.0,1.0,1.0,,,,,
credit_g,logreg,lime,2,clean,descriptive_top5,oracle,1.0,1.0,1.0,1.0,1.0,1.0,,,,,
credit_g,logreg,lime,3,clean,descriptive_top5,real,0.19846889952153113,0.0,0.0,0.0,0.0,0.2,,,,,
credit_g,logreg,lime,3,clean,descriptive_top5,random,0.28215686274509805,0.0,0.0,0.2,0.2,0.6,,,,,
credit_g,logreg,lime,3,clean,descriptive_top5,permuted,0.24150326797385618,0.0,0.0,0.2,0.2,0.4,,,,,
credit_g,logreg,lime,3,clean,descriptive_top5,constant,0.25,1.0,1.0,1.0,1.0,1.0,,,,,
credit_g,logreg,lime,3,clean,descriptive_top5,oracle,1.0,1.0,1.0,1.0,1.0,1.0,,,,,
credit_g,logreg,lime,4,clean,descriptive_top5,real,0.18977426082689242,0.0,0.0,0.0,0.0,0.0,,,,,
credit_g,logreg,lime,4,clean,descriptive_top5,random,0.3784688995215311,1.0,0.3333333333333333,0.2,0.2,0.2,,,,,
credit_g,logreg,lime,4,clean,descriptive_top5,permuted,0.5427272727272727,1.0,0.3333333333333333,0.6,0.6,0.6,,,,,
credit_g,logreg,lime,4,clean,descriptive_top5,constant,0.25,1.0,1.0,1.0,1.0,1.0,,,,,
credit_g,logreg,lime,4,clean,descriptive_top5,oracle,1.0,1.0,1.0,1.0,1.0,1.0,,,,,
credit_g,logreg,lime,0,spur,spurious_feature,real,1.0,1.0,0.3333333333333333,0.2,1.0,1.0,1.0,1.0,1.0,1.0,0.2748207596441812
credit_g,logreg,lime,0,spur,spurious_feature,random,0.05,0.0,0.0,0.0,0.0,0.0,20.0,0.0,0.0,0.0,0.00516049524662597
credit_g,logreg,lime,0,spur,spurious_feature,permuted,0.05,0.0,0.0,0.0,0.0,0.0,20.0,0.0,0.0,0.0,0.010979868867594908
credit_g,logreg,lime,0,spur,spurious_feature,constant,0.047619047619047616,0.0,0.0,0.0,0.0,0.0,21.0,0.0,0.0,0.0,0.047619047619047616
credit_g,logreg,lime,0,spur,spurious_feature,oracle,1.0,1.0,0.3333333333333333,0.2,1.0,1.0,1.0,1.0,1.0,1.0,1.0
credit_g,logreg,lime,1,spur,spurious_feature,real,1.0,1.0,0.3333333333333333,0.2,1.0,1.0,1.0,1.0,1.0,1.0,0.2809134012014698
credit_g,logreg,lime,1,spur,spurious_feature,random,0.07692307692307693,0.0,0.0,0.0,0.0,0.0,13.0,0.0,0.0,0.0,0.043547549644916674
credit_g,logreg,lime,1,spur,spurious_feature,permuted,0.09090909090909091,0.0,0.0,0.0,0.0,0.0,11.0,0.0,0.0,0.0,0.035832657998224396
credit_g,logreg,lime,1,spur,spurious_feature,constant,0.047619047619047616,0.0,0.0,0.0,0.0,0.0,21.0,0.0,0.0,0.0,0.047619047619047616
credit_g,logreg,lime,1,spur,spurious_feature,oracle,1.0,1.0,0.3333333333333333,0.2,1.0,1.0,1.0,1.0,1.0,1.0,1.0
credit_g,logreg,lime,2,spur,spurious_feature,real,1.0,1.0,0.3333333333333333,0.2,1.0,1.0,1.0,1.0,1.0,1.0,0.30200370007691774
credit_g,logreg,lime,2,spur,spurious_feature,random,0.05,0.0,0.0,0.0,0.0,0.0,20.0,0.0,0.0,0.0,0.004230992615130928
credit_g,logreg,lime,2,spur,spurious_feature,permuted,0.0625,0.0,0.0,0.0,0.0,0.0,16.0,0.0,0.0,0.0,0.01814450537013254
credit_g,logreg,lime,2,spur,spurious_feature,constant,0.047619047619047616,0.0,0.0,0.0,0.0,0.0,21.0,0.0,0.0,0.0,0.047619047619047616
credit_g,logreg,lime,2,spur,spurious_feature,oracle,1.0,1.0,0.3333333333333333,0.2,1.0,1.0,1.0,1.0,1.0,1.0,1.0
credit_g,logreg,lime,3,spur,spurious_feature,real,1.0,1.0,0.3333333333333333,0.2,1.0,1.0,1.0,1.0,1.0,1.0,0.27235543891730524
credit_g,logreg,lime,3,spur,spurious_feature,random,0.05555555555555555,0.0,0.0,0.0,0.0,0.0,18.0,0.0,0.0,0.0,0.01651737306608523
credit_g,logreg,lime,3,spur,spurious_feature,permuted,0.058823529411764705,0.0,0.0,0.0,0.0,0.0,17.0,0.0,0.0,0.0,0.016574872928276495
credit_g,logreg,lime,3,spur,spurious_feature,constant,0.047619047619047616,0.0,0.0,0.0,0.0,0.0,21.0,0.0,0.0,0.0,0.047619047619047616
credit_g,logreg,lime,3,spur,spurious_feature,oracle,1.0,1.0,0.3333333333333333,0.2,1.0,1.0,1.0,1.0,1.0,1.0,1.0
credit_g,logreg,lime,4,spur,spurious_feature,real,1.0,1.0,0.3333333333333333,0.2,1.0,1.0,1.0,1.0,1.0,1.0,0.28702506251342685
credit_g,logreg,lime,4,spur,spurious_feature,random,0.058823529411764705,0.0,0.0,0.0,0.0,0.0,17.0,0.0,0.0,0.0,0.02350194641448501
credit_g,logreg,lime,4,spur,spurious_feature,permuted,0.25,0.0,0.0,0.2,1.0,1.0,4.0,0.0,0.0,1.0,0.0529981225809943
credit_g,logreg,lime,4,spur,spurious_feature,constant,0.047619047619047616,0.0,0.0,0.0,0.0,0.0,21.0,0.0,0.0,0.0,0.047619047619047616
credit_g,logreg,lime,4,spur,spurious_feature,oracle,1.0,1.0,0.3333333333333333,0.2,1.0,1.0,1.0,1.0,1.0,1.0,1.0
credit_g,rf,treeshap,0,clean,descriptive_top5,real,0.4158333333333333,0.0,0.3333333333333333,0.4,0.4,0.6,,,,,
credit_g,rf,treeshap,0,clean,descriptive_top5,random,0.3233333333333333,0.0,0.0,0.4,0.4,0.6,,,,,
credit_g,rf,treeshap,0,clean,descriptive_top5,permuted,0.7767857142857142,1.0,1.0,0.6,0.6,0.8,,,,,
credit_g,rf,treeshap,0,clean,descriptive_top5,constant,0.25,1.0,1.0,1.0,1.0,1.0,,,,,
credit_g,rf,treeshap,0,clean,descriptive_top5,oracle,1.0,1.0,1.0,1.0,1.0,1.0,,,,,
credit_g,rf,treeshap,1,clean,descriptive_top5,real,0.40607627666451196,0.0,0.3333333333333333,0.4,0.4,0.6,,,,,
credit_g,rf,treeshap,1,clean,descriptive_top5,random,0.4976532239690134,1.0,0.6666666666666666,0.4,0.4,0.4,,,,,
credit_g,rf,treeshap,1,clean,descriptive_top5,permuted,0.2304093567251462,0.0,0.0,0.0,0.0,0.4,,,,,
credit_g,rf,treeshap,1,clean,descriptive_top5,constant,0.25,1.0,1.0,1.0,1.0,1.0,,,,,
credit_g,rf,treeshap,1,clean,descriptive_top5,oracle,1.0,1.0,1.0,1.0,1.0,1.0,,,,,
credit_g,rf,treeshap,2,clean,descriptive_top5,real,0.39120448179271705,0.0,0.3333333333333333,0.4,0.4,0.6,,,,,
credit_g,rf,treeshap,2,clean,descriptive_top5,random,0.4859523809523809,0.0,0.3333333333333333,0.4,0.4,1.0,,,,,
credit_g,rf,treeshap,2,clean,descriptive_top5,permuted,0.4523809523809524,1.0,0.3333333333333333,0.2,0.2,0.6,,,,,
credit_g,rf,treeshap,2,clean,descriptive_top5,constant,0.25,1.0,1.0,1.0,1.0,1.0,,,,,
credit_g,rf,treeshap,2,clean,descriptive_top5,oracle,1.0,1.0,1.0,1.0,1.0,1.0,,,,,
credit_g,rf,treeshap,3,clean,descriptive_top5,real,0.33678571428571424,0.0,0.3333333333333333,0.2,0.2,0.6,,,,,
credit_g,rf,treeshap,3,clean,descriptive_top5,random,0.3486813186813187,0.0,0.0,0.4,0.4,0.6,,,,,
credit_g,rf,treeshap,3,clean,descriptive_top5,permuted,0.20649252708076238,0.0,0.0,0.0,0.0,0.0,,,,,
credit_g,rf,treeshap,3,clean,descriptive_top5,constant,0.25,1.0,1.0,1.0,1.0,1.0,,,,,
credit_g,rf,treeshap,3,clean,descriptive_top5,oracle,1.0,1.0,1.0,1.0,1.0,1.0,,,,,
credit_g,rf,treeshap,4,clean,descriptive_top5,real,0.37274294333117863,0.0,0.3333333333333333,0.4,0.4,0.6,,,,,
credit_g,rf,treeshap,4,clean,descriptive_top5,random,0.32374269005847955,0.0,0.3333333333333333,0.4,0.4,0.6,,,,,
credit_g,rf,treeshap,4,clean,descriptive_top5,permuted,0.6755555555555556,1.0,0.6666666666666666,0.6,0.6,0.8,,,,,
credit_g,rf,treeshap,4,clean,descriptive_top5,constant,0.25,1.0,1.0,1.0,1.0,1.0,,,,,
credit_g,rf,treeshap,4,clean,descriptive_top5,oracle,1.0,1.0,1.0,1.0,1.0,1.0,,,,,
credit_g,rf,treeshap,0,spur,spurious_feature,real,1.0,1.0,0.3333333333333333,0.2,1.0,1.0,1.0,1.0,1.0,1.0,0.5113599966752586
credit_g,rf,treeshap,0,spur,spurious_feature,random,0.1,0.0,0.0,0.0,0.0,1.0,10.0,0.0,0.0,0.0,0.04513846559469974
credit_g,rf,treeshap,0,spur,spurious_feature,permuted,0.125,0.0,0.0,0.0,0.0,1.0,8.0,0.0,0.0,0.0,0.024010855695612537
credit_g,rf,treeshap,0,spur,spurious_feature,constant,0.047619047619047616,0.0,0.0,0.0,0.0,0.0,21.0,0.0,0.0,0.0,0.047619047619047616
credit_g,rf,treeshap,0,spur,spurious_feature,oracle,1.0,1.0,0.3333333333333333,0.2,1.0,1.0,1.0,1.0,1.0,1.0,1.0
credit_g,rf,treeshap,1,spur,spurious_feature,real,1.0,1.0,0.3333333333333333,0.2,1.0,1.0,1.0,1.0,1.0,1.0,0.5349945745220316
credit_g,rf,treeshap,1,spur,spurious_feature,random,0.25,0.0,0.0,0.2,1.0,1.0,4.0,0.0,0.0,1.0,0.10081691053788136
credit_g,rf,treeshap,1,spur,spurious_feature,permuted,0.0625,0.0,0.0,0.0,0.0,0.0,16.0,0.0,0.0,0.0,0.007126285050808681
credit_g,rf,treeshap,1,spur,spurious_feature,constant,0.047619047619047616,0.0,0.0,0.0,0.0,0.0,21.0,0.0,0.0,0.0,0.047619047619047616
credit_g,rf,treeshap,1,spur,spurious_feature,oracle,1.0,1.0,0.3333333333333333,0.2,1.0,1.0,1.0,1.0,1.0,1.0,1.0
credit_g,rf,treeshap,2,spur,spurious_feature,real,1.0,1.0,0.3333333333333333,0.2,1.0,1.0,1.0,1.0,1.0,1.0,0.5019506573264959
credit_g,rf,treeshap,2,spur,spurious_feature,random,0.5,0.0,0.3333333333333333,0.2,1.0,1.0,2.0,0.0,1.0,1.0,0.08177962785274825
credit_g,rf,treeshap,2,spur,spurious_feature,permuted,0.1111111111111111,0.0,0.0,0.0,0.0,1.0,9.0,0.0,0.0,0.0,0.023890671202962645
credit_g,rf,treeshap,2,spur,spurious_feature,constant,0.047619047619047616,0.0,0.0,0.0,0.0,0.0,21.0,0.0,0.0,0.0,0.047619047619047616
credit_g,rf,treeshap,2,spur,spurious_feature,oracle,1.0,1.0,0.3333333333333333,0.2,1.0,1.0,1.0,1.0,1.0,1.0,1.0
credit_g,rf,treeshap,3,spur,spurious_feature,real,1.0,1.0,0.3333333333333333,0.2,1.0,1.0,1.0,1.0,1.0,1.0,0.5373287463975163
credit_g,rf,treeshap,3,spur,spurious_feature,random,0.05263157894736842,0.0,0.0,0.0,0.0,0.0,19.0,0.0,0.0,0.0,0.012748033126145322
credit_g,rf,treeshap,3,spur,spurious_feature,permuted,0.05263157894736842,0.0,0.0,0.0,0.0,0.0,19.0,0.0,0.0,0.0,0.002434183248193603
credit_g,rf,treeshap,3,spur,spurious_feature,constant,0.047619047619047616,0.0,0.0,0.0,0.0,0.0,21.0,0.0,0.0,0.0,0.047619047619047616
credit_g,rf,treeshap,3,spur,spurious_feature,oracle,1.0,1.0,0.3333333333333333,0.2,1.0,1.0,1.0,1.0,1.0,1.0,1.0
credit_g,rf,treeshap,4,spur,spurious_feature,real,1.0,1.0,0.3333333333333333,0.2,1.0,1.0,1.0,1.0,1.0,1.0,0.5171392732909997
credit_g,rf,treeshap,4,spur,spurious_feature,random,0.3333333333333333,0.0,0.3333333333333333,0.2,1.0,1.0,3.0,0.0,1.0,1.0,0.07919476837728914
credit_g,rf,treeshap,4,spur,spurious_feature,permuted,0.5,0.0,0.3333333333333333,0.2,1.0,1.0,2.0,0.0,1.0,1.0,0.14531372779060248
credit_g,rf,treeshap,4,spur,spurious_feature,constant,0.047619047619047616,0.0,0.0,0.0,0.0,0.0,21.0,0.0,0.0,0.0,0.047619047619047616
credit_g,rf,treeshap,4,spur,spurious_feature,oracle,1.0,1.0,0.3333333333333333,0.2,1.0,1.0,1.0,1.0,1.0,1.0,1.0
credit_g,rf,lime,0,clean,descriptive_top5,real,0.24705882352941172,0.0,0.0,0.2,0.2,0.4,,,,,
credit_g,rf,lime,0,clean,descriptive_top5,random,0.3705118411000764,0.0,0.3333333333333333,0.4,0.4,0.4,,,,,
credit_g,rf,lime,0,clean,descriptive_top5,permuted,0.18743589743589745,0.0,0.0,0.0,0.0,0.2,,,,,
credit_g,rf,lime,0,clean,descriptive_top5,constant,0.25,1.0,1.0,1.0,1.0,1.0,,,,,
credit_g,rf,lime,0,clean,descriptive_top5,oracle,1.0,1.0,1.0,1.0,1.0,1.0,,,,,
credit_g,rf,lime,1,clean,descriptive_top5,real,0.2459282822440717,0.0,0.0,0.2,0.2,0.4,,,,,
credit_g,rf,lime,1,clean,descriptive_top5,random,0.26555555555555554,0.0,0.0,0.2,0.2,0.6,,,,,
credit_g,rf,lime,1,clean,descriptive_top5,permuted,0.2865497076023392,0.0,0.3333333333333333,0.2,0.2,0.4,,,,,
credit_g,rf,lime,1,clean,descriptive_top5,constant,0.25,1.0,1.0,1.0,1.0,1.0,,,,,
credit_g,rf,lime,1,clean,descriptive_top5,oracle,1.0,1.0,1.0,1.0,1.0,1.0,,,,,
credit_g,rf,lime,2,clean,descriptive_top5,real,0.2572438672438673,0.0,0.0,0.2,0.2,0.4,,,,,
credit_g,rf,lime,2,clean,descriptive_top5,random,0.2720503026385379,0.0,0.0,0.2,0.2,0.4,,,,,
credit_g,rf,lime,2,clean,descriptive_top5,permuted,0.4966666666666666,0.0,0.6666666666666666,0.4,0.4,0.8,,,,,
credit_g,rf,lime,2,clean,descriptive_top5,constant,0.25,1.0,1.0,1.0,1.0,1.0,,,,,
credit_g,rf,lime,2,clean,descriptive_top5,oracle,1.0,1.0,1.0,1.0,1.0,1.0,,,,,
credit_g,rf,lime,3,clean,descriptive_top5,real,0.23191919191919194,0.0,0.0,0.2,0.2,0.2,,,,,
credit_g,rf,lime,3,clean,descriptive_top5,random,0.3255555555555556,0.0,0.3333333333333333,0.4,0.4,0.4,,,,,
credit_g,rf,lime,3,clean,descriptive_top5,permuted,0.3505118411000764,0.0,0.3333333333333333,0.4,0.4,0.4,,,,,
credit_g,rf,lime,3,clean,descriptive_top5,constant,0.25,1.0,1.0,1.0,1.0,1.0,,,,,
credit_g,rf,lime,3,clean,descriptive_top5,oracle,1.0,1.0,1.0,1.0,1.0,1.0,,,,,
credit_g,rf,lime,4,clean,descriptive_top5,real,0.24663003663003663,0.0,0.0,0.2,0.2,0.4,,,,,
credit_g,rf,lime,4,clean,descriptive_top5,random,0.4960606060606061,1.0,0.3333333333333333,0.4,0.4,0.6,,,,,
credit_g,rf,lime,4,clean,descriptive_top5,permuted,0.925,1.0,1.0,0.8,0.8,1.0,,,,,
credit_g,rf,lime,4,clean,descriptive_top5,constant,0.25,1.0,1.0,1.0,1.0,1.0,,,,,
credit_g,rf,lime,4,clean,descriptive_top5,oracle,1.0,1.0,1.0,1.0,1.0,1.0,,,,,
credit_g,rf,lime,0,spur,spurious_feature,real,1.0,1.0,0.3333333333333333,0.2,1.0,1.0,1.0,1.0,1.0,1.0,0.23646689810644148
credit_g,rf,lime,0,spur,spurious_feature,random,0.1,0.0,0.0,0.0,0.0,1.0,10.0,0.0,0.0,0.0,0.04861403727697677
credit_g,rf,lime,0,spur,spurious_feature,permuted,0.06666666666666667,0.0,0.0,0.0,0.0,0.0,15.0,0.0,0.0,0.0,0.02088464283244021
credit_g,rf,lime,0,spur,spurious_feature,constant,0.047619047619047616,0.0,0.0,0.0,0.0,0.0,21.0,0.0,0.0,0.0,0.047619047619047616
credit_g,rf,lime,0,spur,spurious_feature,oracle,1.0,1.0,0.3333333333333333,0.2,1.0,1.0,1.0,1.0,1.0,1.0,1.0
credit_g,rf,lime,1,spur,spurious_feature,real,1.0,1.0,0.3333333333333333,0.2,1.0,1.0,1.0,1.0,1.0,1.0,0.2468670787271619
credit_g,rf,lime,1,spur,spurious_feature,random,0.5,0.0,0.3333333333333333,0.2,1.0,1.0,2.0,0.0,1.0,1.0,0.09047746170478516
credit_g,rf,lime,1,spur,spurious_feature,permuted,0.5,0.0,0.3333333333333333,0.2,1.0,1.0,2.0,0.0,1.0,1.0,0.12053164885491162
credit_g,rf,lime,1,spur,spurious_feature,constant,0.047619047619047616,0.0,0.0,0.0,0.0,0.0,21.0,0.0,0.0,0.0,0.047619047619047616
credit_g,rf,lime,1,spur,spurious_feature,oracle,1.0,1.0,0.3333333333333333,0.2,1.0,1.0,1.0,1.0,1.0,1.0,1.0
credit_g,rf,lime,2,spur,spurious_feature,real,1.0,1.0,0.3333333333333333,0.2,1.0,1.0,1.0,1.0,1.0,1.0,0.2520901347624519
credit_g,rf,lime,2,spur,spurious_feature,random,0.05263157894736842,0.0,0.0,0.0,0.0,0.0,19.0,0.0,0.0,0.0,0.02334069648433499
credit_g,rf,lime,2,spur,spurious_feature,permuted,0.0625,0.0,0.0,0.0,0.0,0.0,16.0,0.0,0.0,0.0,0.0142138567572615
credit_g,rf,lime,2,spur,spurious_feature,constant,0.047619047619047616,0.0,0.0,0.0,0.0,0.0,21.0,0.0,0.0,0.0,0.047619047619047616
credit_g,rf,lime,2,spur,spurious_feature,oracle,1.0,1.0,0.3333333333333333,0.2,1.0,1.0,1.0,1.0,1.0,1.0,1.0
credit_g,rf,lime,3,spur,spurious_feature,real,1.0,1.0,0.3333333333333333,0.2,1.0,1.0,1.0,1.0,1.0,1.0,0.24535237487911557
credit_g,rf,lime,3,spur,spurious_feature,random,0.047619047619047616,0.0,0.0,0.0,0.0,0.0,21.0,0.0,0.0,0.0,0.005482618727526496
credit_g,rf,lime,3,spur,spurious_feature,permuted,0.3333333333333333,0.0,0.3333333333333333,0.2,1.0,1.0,3.0,0.0,1.0,1.0,0.06572902083862672
credit_g,rf,lime,3,spur,spurious_feature,constant,0.047619047619047616,0.0,0.0,0.0,0.0,0.0,21.0,0.0,0.0,0.0,0.047619047619047616
credit_g,rf,lime,3,spur,spurious_feature,oracle,1.0,1.0,0.3333333333333333,0.2,1.0,1.0,1.0,1.0,1.0,1.0,1.0
credit_g,rf,lime,4,spur,spurious_feature,real,1.0,1.0,0.3333333333333333,0.2,1.0,1.0,1.0,1.0,1.0,1.0,0.24914943870323947
credit_g,rf,lime,4,spur,spurious_feature,random,0.3333333333333333,0.0,0.3333333333333333,0.2,1.0,1.0,3.0,0.0,1.0,1.0,0.08164466880197556
credit_g,rf,lime,4,spur,spurious_feature,permuted,0.2,0.0,0.0,0.2,1.0,1.0,5.0,0.0,0.0,1.0,0.04777207512362815
credit_g,rf,lime,4,spur,spurious_feature,constant,0.047619047619047616,0.0,0.0,0.0,0.0,0.0,21.0,0.0,0.0,0.0,0.047619047619047616
credit_g,rf,lime,4,spur,spurious_feature,oracle,1.0,1.0,0.3333333333333333,0.2,1.0,1.0,1.0,1.0,1.0,1.0,1.0
credit_g,hgb,treeshap,0,clean,descriptive_top5,real,0.522156862745098,0.0,0.6666666666666666,0.6,0.6,0.8,,,,,
credit_g,hgb,treeshap,0,clean,descriptive_top5,random,0.6476190476190475,1.0,0.6666666666666666,0.4,0.4,1.0,,,,,
credit_g,hgb,treeshap,0,clean,descriptive_top5,permuted,0.2703921568627451,0.0,0.0,0.2,0.2,0.6,,,,,
credit_g,hgb,treeshap,0,clean,descriptive_top5,constant,0.25,1.0,1.0,1.0,1.0,1.0,,,,,
credit_g,hgb,treeshap,0,clean,descriptive_top5,oracle,1.0,1.0,1.0,1.0,1.0,1.0,,,,,
credit_g,hgb,treeshap,1,clean,descriptive_top5,real,0.5055555555555555,0.0,0.6666666666666666,0.4,0.4,0.8,,,,,
credit_g,hgb,treeshap,1,clean,descriptive_top5,random,0.3948717948717949,0.0,0.6666666666666666,0.4,0.4,0.4,,,,,
credit_g,hgb,treeshap,1,clean,descriptive_top5,permuted,0.7147619047619047,1.0,0.6666666666666666,0.8,0.8,0.8,,,,,
credit_g,hgb,treeshap,1,clean,descriptive_top5,constant,0.25,1.0,1.0,1.0,1.0,1.0,,,,,
credit_g,hgb,treeshap,1,clean,descriptive_top5,oracle,1.0,1.0,1.0,1.0,1.0,1.0,,,,,
credit_g,hgb,treeshap,2,clean,descriptive_top5,real,0.5071428571428571,0.0,0.6666666666666666,0.6,0.6,0.6,,,,,
credit_g,hgb,treeshap,2,clean,descriptive_top5,random,0.32497737556561085,0.0,0.3333333333333333,0.2,0.2,0.4,,,,,
credit_g,hgb,treeshap,2,clean,descriptive_top5,permuted,0.2065291571173924,0.0,0.0,0.0,0.0,0.0,,,,,
credit_g,hgb,treeshap,2,clean,descriptive_top5,constant,0.25,1.0,1.0,1.0,1.0,1.0,,,,,
credit_g,hgb,treeshap,2,clean,descriptive_top5,oracle,1.0,1.0,1.0,1.0,1.0,1.0,,,,,
credit_g,hgb,treeshap,3,clean,descriptive_top5,real,0.4704761904761904,0.0,0.6666666666666666,0.4,0.4,0.8,,,,,
credit_g,hgb,treeshap,3,clean,descriptive_top5,random,0.2981351981351981,0.0,0.0,0.2,0.2,0.4,,,,,
credit_g,hgb,treeshap,3,clean,descriptive_top5,permuted,0.2753588516746412,0.0,0.0,0.2,0.2,0.6,,,,,
credit_g,hgb,treeshap,3,clean,descriptive_top5,constant,0.25,1.0,1.0,1.0,1.0,1.0,,,,,
credit_g,hgb,treeshap,3,clean,descriptive_top5,oracle,1.0,1.0,1.0,1.0,1.0,1.0,,,,,
credit_g,hgb,treeshap,4,clean,descriptive_top5,real,0.40535714285714286,0.0,0.3333333333333333,0.4,0.4,0.6,,,,,
credit_g,hgb,treeshap,4,clean,descriptive_top5,random,0.28085497835497836,0.0,0.0,0.2,0.2,0.4,,,,,
credit_g,hgb,treeshap,4,clean,descriptive_top5,permuted,0.2568332596196373,0.0,0.0,0.0,0.0,0.6,,,,,
credit_g,hgb,treeshap,4,clean,descriptive_top5,constant,0.25,1.0,1.0,1.0,1.0,1.0,,,,,
credit_g,hgb,treeshap,4,clean,descriptive_top5,oracle,1.0,1.0,1.0,1.0,1.0,1.0,,,,,
credit_g,hgb,treeshap,0,spur,spurious_feature,real,1.0,1.0,0.3333333333333333,0.2,1.0,1.0,1.0,1.0,1.0,1.0,0.6943044806934653
credit_g,hgb,treeshap,0,spur,spurious_feature,random,0.047619047619047616,0.0,0.0,0.0,0.0,0.0,21.0,0.0,0.0,0.0,0.00015081905926548952
credit_g,hgb,treeshap,0,spur,spurious_feature,permuted,0.1111111111111111,0.0,0.0,0.0,0.0,1.0,9.0,0.0,0.0,0.0,0.015129299298267744
credit_g,hgb,treeshap,0,spur,spurious_feature,constant,0.047619047619047616,0.0,0.0,0.0,0.0,0.0,21.0,0.0,0.0,0.0,0.047619047619047616
credit_g,hgb,treeshap,0,spur,spurious_feature,oracle,1.0,1.0,0.3333333333333333,0.2,1.0,1.0,1.0,1.0,1.0,1.0,1.0
credit_g,hgb,treeshap,1,spur,spurious_feature,real,1.0,1.0,0.3333333333333333,0.2,1.0,1.0,1.0,1.0,1.0,1.0,0.7420775158103775
credit_g,hgb,treeshap,1,spur,spurious_feature,random,0.125,0.0,0.0,0.0,0.0,1.0,8.0,0.0,0.0,0.0,0.059826016498833255
credit_g,hgb,treeshap,1,spur,spurious_feature,permuted,0.16666666666666666,0.0,0.0,0.0,0.0,1.0,6.0,0.0,0.0,0.0,0.018701286652715476
credit_g,hgb,treeshap,1,spur,spurious_feature,constant,0.047619047619047616,0.0,0.0,0.0,0.0,0.0,21.0,0.0,0.0,0.0,0.047619047619047616
credit_g,hgb,treeshap,1,spur,spurious_feature,oracle,1.0,1.0,0.3333333333333333,0.2,1.0,1.0,1.0,1.0,1.0,1.0,1.0
credit_g,hgb,treeshap,2,spur,spurious_feature,real,1.0,1.0,0.3333333333333333,0.2,1.0,1.0,1.0,1.0,1.0,1.0,0.7287651442676802
credit_g,hgb,treeshap,2,spur,spurious_feature,random,0.3333333333333333,0.0,0.3333333333333333,0.2,1.0,1.0,3.0,0.0,1.0,1.0,0.08168257664914678
credit_g,hgb,treeshap,2,spur,spurious_feature,permuted,1.0,1.0,0.3333333333333333,0.2,1.0,1.0,1.0,1.0,1.0,1.0,0.7287651442676801
credit_g,hgb,treeshap,2,spur,spurious_feature,constant,0.047619047619047616,0.0,0.0,0.0,0.0,0.0,21.0,0.0,0.0,0.0,0.047619047619047616
credit_g,hgb,treeshap,2,spur,spurious_feature,oracle,1.0,1.0,0.3333333333333333,0.2,1.0,1.0,1.0,1.0,1.0,1.0,1.0
credit_g,hgb,treeshap,3,spur,spurious_feature,real,1.0,1.0,0.3333333333333333,0.2,1.0,1.0,1.0,1.0,1.0,1.0,0.7485156568559567
credit_g,hgb,treeshap,3,spur,spurious_feature,random,0.0625,0.0,0.0,0.0,0.0,0.0,16.0,0.0,0.0,0.0,0.0277604167228767
credit_g,hgb,treeshap,3,spur,spurious_feature,permuted,0.125,0.0,0.0,0.0,0.0,1.0,8.0,0.0,0.0,0.0,0.014774325278402905
credit_g,hgb,treeshap,3,spur,spurious_feature,constant,0.047619047619047616,0.0,0.0,0.0,0.0,0.0,21.0,0.0,0.0,0.0,0.047619047619047616
credit_g,hgb,treeshap,3,spur,spurious_feature,oracle,1.0,1.0,0.3333333333333333,0.2,1.0,1.0,1.0,1.0,1.0,1.0,1.0
credit_g,hgb,treeshap,4,spur,spurious_feature,real,1.0,1.0,0.3333333333333333,0.2,1.0,1.0,1.0,1.0,1.0,1.0,0.6935671674455565
credit_g,hgb,treeshap,4,spur,spurious_feature,random,0.3333333333333333,0.0,0.3333333333333333,0.2,1.0,1.0,3.0,0.0,1.0,1.0,0.08181266035769053
credit_g,hgb,treeshap,4,spur,spurious_feature,permuted,0.058823529411764705,0.0,0.0,0.0,0.0,0.0,17.0,0.0,0.0,0.0,0.0017073456322051648
credit_g,hgb,treeshap,4,spur,spurious_feature,constant,0.047619047619047616,0.0,0.0,0.0,0.0,0.0,21.0,0.0,0.0,0.0,0.047619047619047616
credit_g,hgb,treeshap,4,spur,spurious_feature,oracle,1.0,1.0,0.3333333333333333,0.2,1.0,1.0,1.0,1.0,1.0,1.0,1.0
credit_g,hgb,lime,0,clean,descriptive_top5,real,0.2524151287309182,0.0,0.0,0.0,0.0,0.4,,,,,
credit_g,hgb,lime,0,clean,descriptive_top5,random,0.2893650793650793,0.0,0.0,0.2,0.2,0.6,,,,,
credit_g,hgb,lime,0,clean,descriptive_top5,permuted,0.23924812030075188,0.0,0.0,0.2,0.2,0.4,,,,,
credit_g,hgb,lime,0,clean,descriptive_top5,constant,0.25,1.0,1.0,1.0,1.0,1.0,,,,,
credit_g,hgb,lime,0,clean,descriptive_top5,oracle,1.0,1.0,1.0,1.0,1.0,1.0,,,,,
credit_g,hgb,lime,1,clean,descriptive_top5,real,0.2592982456140351,0.0,0.0,0.2,0.2,0.4,,,,,
credit_g,hgb,lime,1,clean,descriptive_top5,random,0.2863636363636364,0.0,0.3333333333333333,0.2,0.2,0.2,,,,,
credit_g,hgb,lime,1,clean,descriptive_top5,permuted,0.3823809523809523,0.0,0.3333333333333333,0.2,0.2,0.8,,,,,
credit_g,hgb,lime,1,clean,descriptive_top5,constant,0.25,1.0,1.0,1.0,1.0,1.0,,,,,
credit_g,hgb,lime,1,clean,descriptive_top5,oracle,1.0,1.0,1.0,1.0,1.0,1.0,,,,,
credit_g,hgb,lime,2,clean,descriptive_top5,real,0.25975723622782443,0.0,0.0,0.0,0.0,0.6,,,,,
credit_g,hgb,lime,2,clean,descriptive_top5,random,0.36130952380952375,0.0,0.3333333333333333,0.2,0.2,0.6,,,,,
credit_g,hgb,lime,2,clean,descriptive_top5,permuted,0.2572438672438672,0.0,0.0,0.2,0.2,0.4,,,,,
credit_g,hgb,lime,2,clean,descriptive_top5,constant,0.25,1.0,1.0,1.0,1.0,1.0,,,,,
credit_g,hgb,lime,2,clean,descriptive_top5,oracle,1.0,1.0,1.0,1.0,1.0,1.0,,,,,
credit_g,hgb,lime,3,clean,descriptive_top5,real,0.24218559218559219,0.0,0.0,0.0,0.0,0.4,,,,,
credit_g,hgb,lime,3,clean,descriptive_top5,random,0.45333333333333325,0.0,0.6666666666666666,0.6,0.6,0.6,,,,,
credit_g,hgb,lime,3,clean,descriptive_top5,permuted,0.2863095238095238,0.0,0.3333333333333333,0.2,0.2,0.4,,,,,
credit_g,hgb,lime,3,clean,descriptive_top5,constant,0.25,1.0,1.0,1.0,1.0,1.0,,,,,
credit_g,hgb,lime,3,clean,descriptive_top5,oracle,1.0,1.0,1.0,1.0,1.0,1.0,,,,,
credit_g,hgb,lime,4,clean,descriptive_top5,real,0.2023015873015873,0.0,0.0,0.0,0.0,0.4,,,,,
credit_g,hgb,lime,4,clean,descriptive_top5,random,0.46549019607843134,0.0,0.6666666666666666,0.6,0.6,0.6,,,,,
credit_g,hgb,lime,4,clean,descriptive_top5,permuted,0.3223809523809523,0.0,0.3333333333333333,0.2,0.2,0.6,,,,,
credit_g,hgb,lime,4,clean,descriptive_top5,constant,0.25,1.0,1.0,1.0,1.0,1.0,,,,,
credit_g,hgb,lime,4,clean,descriptive_top5,oracle,1.0,1.0,1.0,1.0,1.0,1.0,,,,,
credit_g,hgb,lime,0,spur,spurious_feature,real,1.0,1.0,0.3333333333333333,0.2,1.0,1.0,1.0,1.0,1.0,1.0,0.2765303233413959
credit_g,hgb,lime,0,spur,spurious_feature,random,0.09090909090909091,0.0,0.0,0.0,0.0,0.0,11.0,0.0,0.0,0.0,0.04993094492662457
credit_g,hgb,lime,0,spur,spurious_feature,permuted,0.07692307692307693,0.0,0.0,0.0,0.0,0.0,13.0,0.0,0.0,0.0,0.037448762331262986
credit_g,hgb,lime,0,spur,spurious_feature,constant,0.047619047619047616,0.0,0.0,0.0,0.0,0.0,21.0,0.0,0.0,0.0,0.047619047619047616
credit_g,hgb,lime,0,spur,spurious_feature,oracle,1.0,1.0,0.3333333333333333,0.2,1.0,1.0,1.0,1.0,1.0,1.0,1.0
credit_g,hgb,lime,1,spur,spurious_feature,real,1.0,1.0,0.3333333333333333,0.2,1.0,1.0,1.0,1.0,1.0,1.0,0.2863902564248964
credit_g,hgb,lime,1,spur,spurious_feature,random,0.05,0.0,0.0,0.0,0.0,0.0,20.0,0.0,0.0,0.0,0.004891745612019535
credit_g,hgb,lime,1,spur,spurious_feature,permuted,0.09090909090909091,0.0,0.0,0.0,0.0,0.0,11.0,0.0,0.0,0.0,0.03564216812510741
credit_g,hgb,lime,1,spur,spurious_feature,constant,0.047619047619047616,0.0,0.0,0.0,0.0,0.0,21.0,0.0,0.0,0.0,0.047619047619047616
credit_g,hgb,lime,1,spur,spurious_feature,oracle,1.0,1.0,0.3333333333333333,0.2,1.0,1.0,1.0,1.0,1.0,1.0,1.0
credit_g,hgb,lime,2,spur,spurious_feature,real,1.0,1.0,0.3333333333333333,0.2,1.0,1.0,1.0,1.0,1.0,1.0,0.31222147236960646
credit_g,hgb,lime,2,spur,spurious_feature,random,0.25,0.0,0.0,0.2,1.0,1.0,4.0,0.0,0.0,1.0,0.07393680267454922
credit_g,hgb,lime,2,spur,spurious_feature,permuted,0.07692307692307693,0.0,0.0,0.0,0.0,0.0,13.0,0.0,0.0,0.0,0.027521815009331242
credit_g,hgb,lime,2,spur,spurious_feature,constant,0.047619047619047616,0.0,0.0,0.0,0.0,0.0,21.0,0.0,0.0,0.0,0.047619047619047616
credit_g,hgb,lime,2,spur,spurious_feature,oracle,1.0,1.0,0.3333333333333333,0.2,1.0,1.0,1.0,1.0,1.0,1.0,1.0
credit_g,hgb,lime,3,spur,spurious_feature,real,1.0,1.0,0.3333333333333333,0.2,1.0,1.0,1.0,1.0,1.0,1.0,0.2862127489723369
credit_g,hgb,lime,3,spur,spurious_feature,random,0.05555555555555555,0.0,0.0,0.0,0.0,0.0,18.0,0.0,0.0,0.0,0.006693104761301688
credit_g,hgb,lime,3,spur,spurious_feature,permuted,0.058823529411764705,0.0,0.0,0.0,0.0,0.0,17.0,0.0,0.0,0.0,0.016466940222450044
credit_g,hgb,lime,3,spur,spurious_feature,constant,0.047619047619047616,0.0,0.0,0.0,0.0,0.0,21.0,0.0,0.0,0.0,0.047619047619047616
credit_g,hgb,lime,3,spur,spurious_feature,oracle,1.0,1.0,0.3333333333333333,0.2,1.0,1.0,1.0,1.0,1.0,1.0,1.0
credit_g,hgb,lime,4,spur,spurious_feature,real,1.0,1.0,0.3333333333333333,0.2,1.0,1.0,1.0,1.0,1.0,1.0,0.30231474438382344
credit_g,hgb,lime,4,spur,spurious_feature,random,0.05,0.0,0.0,0.0,0.0,0.0,20.0,0.0,0.0,0.0,0.010125430959402259
credit_g,hgb,lime,4,spur,spurious_feature,permuted,0.07142857142857142,0.0,0.0,0.0,0.0,0.0,14.0,0.0,0.0,0.0,0.021735907605566103
credit_g,hgb,lime,4,spur,spurious_feature,constant,0.047619047619047616,0.0,0.0,0.0,0.0,0.0,21.0,0.0,0.0,0.0,0.047619047619047616
credit_g,hgb,lime,4,spur,spurious_feature,oracle,1.0,1.0,0.3333333333333333,0.2,1.0,1.0,1.0,1.0,1.0,1.0,1.0
credit_g,mlp,ig,0,clean,descriptive_top5,real,0.4464285714285714,0.0,0.6666666666666666,0.4,0.4,0.6,,,,,
credit_g,mlp,ig,0,clean,descriptive_top5,random,0.3876082251082251,0.0,0.3333333333333333,0.4,0.4,0.6,,,,,
credit_g,mlp,ig,0,clean,descriptive_top5,permuted,0.283109243697479,0.0,0.0,0.2,0.2,0.6,,,,,
credit_g,mlp,ig,0,clean,descriptive_top5,constant,0.25,1.0,1.0,1.0,1.0,1.0,,,,,
credit_g,mlp,ig,0,clean,descriptive_top5,oracle,1.0,1.0,1.0,1.0,1.0,1.0,,,,,
credit_g,mlp,ig,1,clean,descriptive_top5,real,0.2887682252388135,0.0,0.3333333333333333,0.2,0.2,0.4,,,,,
credit_g,mlp,ig,1,clean,descriptive_top5,random,0.7809523809523808,1.0,1.0,0.6,0.6,0.8,,,,,
credit_g,mlp,ig,1,clean,descriptive_top5,permuted,0.26724386724386723,0.0,0.0,0.2,0.2,0.4,,,,,
credit_g,mlp,ig,1,clean,descriptive_top5,constant,0.25,1.0,1.0,1.0,1.0,1.0,,,,,
credit_g,mlp,ig,1,clean,descriptive_top5,oracle,1.0,1.0,1.0,1.0,1.0,1.0,,,,,
credit_g,mlp,ig,2,clean,descriptive_top5,real,0.2967023172905526,0.0,0.3333333333333333,0.2,0.2,0.4,,,,,
credit_g,mlp,ig,2,clean,descriptive_top5,random,0.28246336996336996,0.0,0.3333333333333333,0.2,0.2,0.4,,,,,
credit_g,mlp,ig,2,clean,descriptive_top5,permuted,0.26765469824293353,0.0,0.0,0.2,0.2,0.4,,,,,
credit_g,mlp,ig,2,clean,descriptive_top5,constant,0.25,1.0,1.0,1.0,1.0,1.0,,,,,
credit_g,mlp,ig,2,clean,descriptive_top5,oracle,1.0,1.0,1.0,1.0,1.0,1.0,,,,,
credit_g,mlp,ig,3,clean,descriptive_top5,real,0.30219696969696974,0.0,0.3333333333333333,0.2,0.2,0.2,,,,,
credit_g,mlp,ig,3,clean,descriptive_top5,random,0.26393028024606974,0.0,0.0,0.0,0.0,0.6,,,,,
credit_g,mlp,ig,3,clean,descriptive_top5,permuted,0.607936507936508,1.0,0.6666666666666666,0.4,0.4,1.0,,,,,
credit_g,mlp,ig,3,clean,descriptive_top5,constant,0.25,1.0,1.0,1.0,1.0,1.0,,,,,
credit_g,mlp,ig,3,clean,descriptive_top5,oracle,1.0,1.0,1.0,1.0,1.0,1.0,,,,,
credit_g,mlp,ig,4,clean,descriptive_top5,real,0.325,0.0,0.0,0.2,0.2,0.6,,,,,
credit_g,mlp,ig,4,clean,descriptive_top5,random,0.20380485527544348,0.0,0.0,0.0,0.0,0.2,,,,,
credit_g,mlp,ig,4,clean,descriptive_top5,permuted,0.2957142857142857,0.0,0.0,0.2,0.2,0.6,,,,,
credit_g,mlp,ig,4,clean,descriptive_top5,constant,0.25,1.0,1.0,1.0,1.0,1.0,,,,,
credit_g,mlp,ig,4,clean,descriptive_top5,oracle,1.0,1.0,1.0,1.0,1.0,1.0,,,,,
credit_g,mlp,ig,0,spur,spurious_feature,real,1.0,1.0,0.3333333333333333,0.2,1.0,1.0,1.0,1.0,1.0,1.0,0.3631805691694271
credit_g,mlp,ig,0,spur,spurious_feature,random,0.09090909090909091,0.0,0.0,0.0,0.0,0.0,11.0,0.0,0.0,0.0,0.04703197355038849
credit_g,mlp,ig,0,spur,spurious_feature,permuted,0.09090909090909091,0.0,0.0,0.0,0.0,0.0,11.0,0.0,0.0,0.0,0.026139458082922184
credit_g,mlp,ig,0,spur,spurious_feature,constant,0.047619047619047616,0.0,0.0,0.0,0.0,0.0,21.0,0.0,0.0,0.0,0.047619047619047616
credit_g,mlp,ig,0,spur,spurious_feature,oracle,1.0,1.0,0.3333333333333333,0.2,1.0,1.0,1.0,1.0,1.0,1.0,1.0
credit_g,mlp,ig,1,spur,spurious_feature,real,1.0,1.0,0.3333333333333333,0.2,1.0,1.0,1.0,1.0,1.0,1.0,0.37089487334497034
credit_g,mlp,ig,1,spur,spurious_feature,random,0.14285714285714285,0.0,0.0,0.0,0.0,1.0,7.0,0.0,0.0,0.0,0.057833258634134306
credit_g,mlp,ig,1,spur,spurious_feature,permuted,0.08333333333333333,0.0,0.0,0.0,0.0,0.0,12.0,0.0,0.0,0.0,0.024823370357355858
credit_g,mlp,ig,1,spur,spurious_feature,constant,0.047619047619047616,0.0,0.0,0.0,0.0,0.0,21.0,0.0,0.0,0.0,0.047619047619047616
credit_g,mlp,ig,1,spur,spurious_feature,oracle,1.0,1.0,0.3333333333333333,0.2,1.0,1.0,1.0,1.0,1.0,1.0,1.0
credit_g,mlp,ig,2,spur,spurious_feature,real,1.0,1.0,0.3333333333333333,0.2,1.0,1.0,1.0,1.0,1.0,1.0,0.32922759664039597
credit_g,mlp,ig,2,spur,spurious_feature,random,0.3333333333333333,0.0,0.3333333333333333,0.2,1.0,1.0,3.0,0.0,1.0,1.0,0.08522779577684614
credit_g,mlp,ig,2,spur,spurious_feature,permuted,0.07142857142857142,0.0,0.0,0.0,0.0,0.0,14.0,0.0,0.0,0.0,0.02468247512709699
credit_g,mlp,ig,2,spur,spurious_feature,constant,0.047619047619047616,0.0,0.0,0.0,0.0,0.0,21.0,0.0,0.0,0.0,0.047619047619047616
credit_g,mlp,ig,2,spur,spurious_feature,oracle,1.0,1.0,0.3333333333333333,0.2,1.0,1.0,1.0,1.0,1.0,1.0,1.0
credit_g,mlp,ig,3,spur,spurious_feature,real,1.0,1.0,0.3333333333333333,0.2,1.0,1.0,1.0,1.0,1.0,1.0,0.341548354852803
credit_g,mlp,ig,3,spur,spurious_feature,random,0.09090909090909091,0.0,0.0,0.0,0.0,0.0,11.0,0.0,0.0,0.0,0.04626842553122103
credit_g,mlp,ig,3,spur,spurious_feature,permuted,0.047619047619047616,0.0,0.0,0.0,0.0,0.0,21.0,0.0,0.0,0.0,0.007276193901103883
credit_g,mlp,ig,3,spur,spurious_feature,constant,0.047619047619047616,0.0,0.0,0.0,0.0,0.0,21.0,0.0,0.0,0.0,0.047619047619047616
credit_g,mlp,ig,3,spur,spurious_feature,oracle,1.0,1.0,0.3333333333333333,0.2,1.0,1.0,1.0,1.0,1.0,1.0,1.0
credit_g,mlp,ig,4,spur,spurious_feature,real,1.0,1.0,0.3333333333333333,0.2,1.0,1.0,1.0,1.0,1.0,1.0,0.4159885437259312
credit_g,mlp,ig,4,spur,spurious_feature,random,0.0625,0.0,0.0,0.0,0.0,0.0,16.0,0.0,0.0,0.0,0.024457406910703083
credit_g,mlp,ig,4,spur,spurious_feature,permuted,0.125,0.0,0.0,0.0,0.0,1.0,8.0,0.0,0.0,0.0,0.03181829730930575
credit_g,mlp,ig,4,spur,spurious_feature,constant,0.047619047619047616,0.0,0.0,0.0,0.0,0.0,21.0,0.0,0.0,0.0,0.047619047619047616
credit_g,mlp,ig,4,spur,spurious_feature,oracle,1.0,1.0,0.3333333333333333,0.2,1.0,1.0,1.0,1.0,1.0,1.0,1.0
credit_g,mlp,lime,0,clean,descriptive_top5,real,0.2201010101010101,0.0,0.0,0.0,0.0,0.4,,,,,
credit_g,mlp,lime,0,clean,descriptive_top5,random,0.2738095238095238,0.0,0.3333333333333333,0.2,0.2,0.4,,,,,
credit_g,mlp,lime,0,clean,descriptive_top5,permuted,0.3559649122807017,0.0,0.3333333333333333,0.4,0.4,0.4,,,,,
credit_g,mlp,lime,0,clean,descriptive_top5,constant,0.25,1.0,1.0,1.0,1.0,1.0,,,,,
credit_g,mlp,lime,0,clean,descriptive_top5,oracle,1.0,1.0,1.0,1.0,1.0,1.0,,,,,
credit_g,mlp,lime,1,clean,descriptive_top5,real,0.22251748251748255,0.0,0.0,0.2,0.2,0.2,,,,,
credit_g,mlp,lime,1,clean,descriptive_top5,random,0.3463570691434469,0.0,0.3333333333333333,0.4,0.4,0.6,,,,,
credit_g,mlp,lime,1,clean,descriptive_top5,permuted,0.4565367965367965,1.0,0.3333333333333333,0.2,0.2,0.6,,,,,
credit_g,mlp,lime,1,clean,descriptive_top5,constant,0.25,1.0,1.0,1.0,1.0,1.0,,,,,
credit_g,mlp,lime,1,clean,descriptive_top5,oracle,1.0,1.0,1.0,1.0,1.0,1.0,,,,,
credit_g,mlp,lime,2,clean,descriptive_top5,real,0.20425579322638146,0.0,0.0,0.0,0.0,0.2,,,,,
credit_g,mlp,lime,2,clean,descriptive_top5,random,0.5697744360902255,1.0,0.6666666666666666,0.4,0.4,0.6,,,,,
credit_g,mlp,lime,2,clean,descriptive_top5,permuted,0.35936507936507933,0.0,0.3333333333333333,0.4,0.4,0.6,,,,,
credit_g,mlp,lime,2,clean,descriptive_top5,constant,0.25,1.0,1.0,1.0,1.0,1.0,,,,,
credit_g,mlp,lime,2,clean,descriptive_top5,oracle,1.0,1.0,1.0,1.0,1.0,1.0,,,,,
credit_g,mlp,lime,3,clean,descriptive_top5,real,0.21385706914344682,0.0,0.0,0.2,0.2,0.2,,,,,
credit_g,mlp,lime,3,clean,descriptive_top5,random,0.37929824561403513,0.0,0.3333333333333333,0.4,0.4,0.8,,,,,
credit_g,mlp,lime,3,clean,descriptive_top5,permuted,0.3813888888888889,0.0,0.0,0.4,0.4,0.8,,,,,
credit_g,mlp,lime,3,clean,descriptive_top5,constant,0.25,1.0,1.0,1.0,1.0,1.0,,,,,
credit_g,mlp,lime,3,clean,descriptive_top5,oracle,1.0,1.0,1.0,1.0,1.0,1.0,,,,,
credit_g,mlp,lime,4,clean,descriptive_top5,real,0.18743589743589745,0.0,0.0,0.0,0.0,0.2,,,,,
credit_g,mlp,lime,4,clean,descriptive_top5,random,0.47761437908496734,1.0,0.3333333333333333,0.4,0.4,0.6,,,,,
credit_g,mlp,lime,4,clean,descriptive_top5,permuted,0.39584424863062634,1.0,0.3333333333333333,0.2,0.2,0.4,,,,,
credit_g,mlp,lime,4,clean,descriptive_top5,constant,0.25,1.0,1.0,1.0,1.0,1.0,,,,,
credit_g,mlp,lime,4,clean,descriptive_top5,oracle,1.0,1.0,1.0,1.0,1.0,1.0,,,,,
credit_g,mlp,lime,0,spur,spurious_feature,real,1.0,1.0,0.3333333333333333,0.2,1.0,1.0,1.0,1.0,1.0,1.0,0.2251258039451836
credit_g,mlp,lime,0,spur,spurious_feature,random,0.09090909090909091,0.0,0.0,0.0,0.0,0.0,11.0,0.0,0.0,0.0,0.04054101529682596
credit_g,mlp,lime,0,spur,spurious_feature,permuted,0.08333333333333333,0.0,0.0,0.0,0.0,0.0,12.0,0.0,0.0,0.0,0.03463012611272956
credit_g,mlp,lime,0,spur,spurious_feature,constant,0.047619047619047616,0.0,0.0,0.0,0.0,0.0,21.0,0.0,0.0,0.0,0.047619047619047616
credit_g,mlp,lime,0,spur,spurious_feature,oracle,1.0,1.0,0.3333333333333333,0.2,1.0,1.0,1.0,1.0,1.0,1.0,1.0
credit_g,mlp,lime,1,spur,spurious_feature,real,1.0,1.0,0.3333333333333333,0.2,1.0,1.0,1.0,1.0,1.0,1.0,0.23561173019411316
credit_g,mlp,lime,1,spur,spurious_feature,random,0.1,0.0,0.0,0.0,0.0,1.0,10.0,0.0,0.0,0.0,0.047500502035928586
credit_g,mlp,lime,1,spur,spurious_feature,permuted,0.047619047619047616,0.0,0.0,0.0,0.0,0.0,21.0,0.0,0.0,0.0,0.012199849914952482
credit_g,mlp,lime,1,spur,spurious_feature,constant,0.047619047619047616,0.0,0.0,0.0,0.0,0.0,21.0,0.0,0.0,0.0,0.047619047619047616
credit_g,mlp,lime,1,spur,spurious_feature,oracle,1.0,1.0,0.3333333333333333,0.2,1.0,1.0,1.0,1.0,1.0,1.0,1.0
credit_g,mlp,lime,2,spur,spurious_feature,real,1.0,1.0,0.3333333333333333,0.2,1.0,1.0,1.0,1.0,1.0,1.0,0.23530206430305356
credit_g,mlp,lime,2,spur,spurious_feature,random,0.07142857142857142,0.0,0.0,0.0,0.0,0.0,14.0,0.0,0.0,0.0,0.03182069974316333
credit_g,mlp,lime,2,spur,spurious_feature,permuted,0.1111111111111111,0.0,0.0,0.0,0.0,1.0,9.0,0.0,0.0,0.0,0.04551924747951236
credit_g,mlp,lime,2,spur,spurious_feature,constant,0.047619047619047616,0.0,0.0,0.0,0.0,0.0,21.0,0.0,0.0,0.0,0.047619047619047616
credit_g,mlp,lime,2,spur,spurious_feature,oracle,1.0,1.0,0.3333333333333333,0.2,1.0,1.0,1.0,1.0,1.0,1.0,1.0
credit_g,mlp,lime,3,spur,spurious_feature,real,1.0,1.0,0.3333333333333333,0.2,1.0,1.0,1.0,1.0,1.0,1.0,0.19132383707486478
credit_g,mlp,lime,3,spur,spurious_feature,random,0.125,0.0,0.0,0.0,0.0,1.0,8.0,0.0,0.0,0.0,0.05491789595789468
credit_g,mlp,lime,3,spur,spurious_feature,permuted,1.0,1.0,0.3333333333333333,0.2,1.0,1.0,1.0,1.0,1.0,1.0,0.19132383707486478
credit_g,mlp,lime,3,spur,spurious_feature,constant,0.047619047619047616,0.0,0.0,0.0,0.0,0.0,21.0,0.0,0.0,0.0,0.047619047619047616
credit_g,mlp,lime,3,spur,spurious_feature,oracle,1.0,1.0,0.3333333333333333,0.2,1.0,1.0,1.0,1.0,1.0,1.0,1.0
credit_g,mlp,lime,4,spur,spurious_feature,real,1.0,1.0,0.3333333333333333,0.2,1.0,1.0,1.0,1.0,1.0,1.0,0.25583714303991034
credit_g,mlp,lime,4,spur,spurious_feature,random,0.09090909090909091,0.0,0.0,0.0,0.0,0.0,11.0,0.0,0.0,0.0,0.04765100658045039
credit_g,mlp,lime,4,spur,spurious_feature,permuted,0.09090909090909091,0.0,0.0,0.0,0.0,0.0,11.0,0.0,0.0,0.0,0.03650665903356686
credit_g,mlp,lime,4,spur,spurious_feature,constant,0.047619047619047616,0.0,0.0,0.0,0.0,0.0,21.0,0.0,0.0,0.0,0.047619047619047616
credit_g,mlp,lime,4,spur,spurious_feature,oracle,1.0,1.0,0.3333333333333333,0.2,1.0,1.0,1.0,1.0,1.0,1.0,1.0
credit_g,mlp,kshap,0,clean,descriptive_top5,real,0.4677124183006536,0.0,0.3333333333333333,0.6,0.6,0.8,,,,,
credit_g,mlp,kshap,0,clean,descriptive_top5,random,0.4991300366300367,1.0,0.6666666666666666,0.4,0.4,0.4,,,,,
credit_g,mlp,kshap,0,clean,descriptive_top5,permuted,0.3083458646616541,0.0,0.0,0.2,0.2,0.6,,,,,
credit_g,mlp,kshap,0,clean,descriptive_top5,constant,0.25,1.0,1.0,1.0,1.0,1.0,,,,,
credit_g,mlp,kshap,0,clean,descriptive_top5,oracle,1.0,1.0,1.0,1.0,1.0,1.0,,,,,
credit_g,mlp,kshap,1,clean,descriptive_top5,real,0.31027777777777776,0.0,0.3333333333333333,0.2,0.2,0.4,,,,,
credit_g,mlp,kshap,1,clean,descriptive_top5,random,0.2553391053391053,0.0,0.0,0.0,0.0,0.4,,,,,
credit_g,mlp,kshap,1,clean,descriptive_top5,permuted,0.48296703296703297,1.0,0.3333333333333333,0.4,0.4,0.4,,,,,
credit_g,mlp,kshap,1,clean,descriptive_top5,constant,0.25,1.0,1.0,1.0,1.0,1.0,,,,,
credit_g,mlp,kshap,1,clean,descriptive_top5,oracle,1.0,1.0,1.0,1.0,1.0,1.0,,,,,
credit_g,mlp,kshap,2,clean,descriptive_top5,real,0.3604256854256854,0.0,0.3333333333333333,0.2,0.2,0.6,,,,,
credit_g,mlp,kshap,2,clean,descriptive_top5,random,0.4666666666666667,0.0,0.3333333333333333,0.4,0.4,1.0,,,,,
credit_g,mlp,kshap,2,clean,descriptive_top5,permuted,0.23566335625159154,0.0,0.0,0.0,0.0,0.2,,,,,
credit_g,mlp,kshap,2,clean,descriptive_top5,constant,0.25,1.0,1.0,1.0,1.0,1.0,,,,,
credit_g,mlp,kshap,2,clean,descriptive_top5,oracle,1.0,1.0,1.0,1.0,1.0,1.0,,,,,
credit_g,mlp,kshap,3,clean,descriptive_top5,real,0.3763170163170163,0.0,0.3333333333333333,0.2,0.2,0.6,,,,,
credit_g,mlp,kshap,3,clean,descriptive_top5,random,0.5116161616161615,0.0,0.6666666666666666,0.6,0.6,0.6,,,,,
credit_g,mlp,kshap,3,clean,descriptive_top5,permuted,0.32073260073260074,0.0,0.0,0.2,0.2,0.8,,,,,
credit_g,mlp,kshap,3,clean,descriptive_top5,constant,0.25,1.0,1.0,1.0,1.0,1.0,,,,,
credit_g,mlp,kshap,3,clean,descriptive_top5,oracle,1.0,1.0,1.0,1.0,1.0,1.0,,,,,
credit_g,mlp,kshap,4,clean,descriptive_top5,real,0.41333333333333333,0.0,0.3333333333333333,0.4,0.4,0.8,,,,,
credit_g,mlp,kshap,4,clean,descriptive_top5,random,0.5392857142857143,0.0,0.3333333333333333,0.4,0.4,1.0,,,,,
credit_g,mlp,kshap,4,clean,descriptive_top5,permuted,0.2210744810744811,0.0,0.0,0.0,0.0,0.4,,,,,
credit_g,mlp,kshap,4,clean,descriptive_top5,constant,0.25,1.0,1.0,1.0,1.0,1.0,,,,,
credit_g,mlp,kshap,4,clean,descriptive_top5,oracle,1.0,1.0,1.0,1.0,1.0,1.0,,,,,
bank_marketing,logreg,linshap,0,clean,descriptive_top5,real,0.47264069264069264,1.0,0.3333333333333333,0.4,0.4,0.4,,,,,
bank_marketing,logreg,linshap,0,clean,descriptive_top5,random,0.27825396825396825,0.0,0.0,0.2,0.2,0.6,,,,,
bank_marketing,logreg,linshap,0,clean,descriptive_top5,permuted,0.5663003663003663,1.0,0.6666666666666666,0.4,0.4,0.6,,,,,
bank_marketing,logreg,linshap,0,clean,descriptive_top5,constant,0.3125,1.0,1.0,1.0,1.0,1.0,,,,,
bank_marketing,logreg,linshap,0,clean,descriptive_top5,oracle,1.0,1.0,1.0,1.0,1.0,1.0,,,,,
bank_marketing,logreg,linshap,1,clean,descriptive_top5,real,0.47264069264069264,1.0,0.3333333333333333,0.4,0.4,0.4,,,,,
bank_marketing,logreg,linshap,1,clean,descriptive_top5,random,0.2725,0.0,0.0,0.2,0.2,0.4,,,,,
bank_marketing,logreg,linshap,1,clean,descriptive_top5,permuted,0.28465534465534464,0.0,0.0,0.2,0.2,0.4,,,,,
bank_marketing,logreg,linshap,1,clean,descriptive_top5,constant,0.3125,1.0,1.0,1.0,1.0,1.0,,,,,
bank_marketing,logreg,linshap,1,clean,descriptive_top5,oracle,1.0,1.0,1.0,1.0,1.0,1.0,,,,,
bank_marketing,logreg,linshap,2,clean,descriptive_top5,real,0.47264069264069264,1.0,0.3333333333333333,0.4,0.4,0.4,,,,,
bank_marketing,logreg,linshap,2,clean,descriptive_top5,random,0.24260989010989012,0.0,0.0,0.0,0.0,0.4,,,,,
bank_marketing,logreg,linshap,2,clean,descriptive_top5,permuted,0.2437121212121212,0.0,0.0,0.0,0.0,0.4,,,,,
bank_marketing,logreg,linshap,2,clean,descriptive_top5,constant,0.3125,1.0,1.0,1.0,1.0,1.0,,,,,
bank_marketing,logreg,linshap,2,clean,descriptive_top5,oracle,1.0,1.0,1.0,1.0,1.0,1.0,,,,,
bank_marketing,logreg,linshap,3,clean,descriptive_top5,real,0.47264069264069264,1.0,0.3333333333333333,0.4,0.4,0.4,,,,,
bank_marketing,logreg,linshap,3,clean,descriptive_top5,random,0.44666666666666666,0.0,0.3333333333333333,0.4,0.4,0.8,,,,,
bank_marketing,logreg,linshap,3,clean,descriptive_top5,permuted,0.4157967032967033,1.0,0.3333333333333333,0.2,0.2,0.4,,,,,
bank_marketing,logreg,linshap,3,clean,descriptive_top5,constant,0.3125,1.0,1.0,1.0,1.0,1.0,,,,,
bank_marketing,logreg,linshap,3,clean,descriptive_top5,oracle,1.0,1.0,1.0,1.0,1.0,1.0,,,,,
bank_marketing,logreg,linshap,4,clean,descriptive_top5,real,0.47264069264069264,1.0,0.3333333333333333,0.4,0.4,0.4,,,,,
bank_marketing,logreg,linshap,4,clean,descriptive_top5,random,0.5180952380952382,1.0,0.3333333333333333,0.4,0.4,0.6,,,,,
bank_marketing,logreg,linshap,4,clean,descriptive_top5,permuted,0.3317765567765567,0.0,0.3333333333333333,0.2,0.2,0.6,,,,,
bank_marketing,logreg,linshap,4,clean,descriptive_top5,constant,0.3125,1.0,1.0,1.0,1.0,1.0,,,,,
bank_marketing,logreg,linshap,4,clean,descriptive_top5,oracle,1.0,1.0,1.0,1.0,1.0,1.0,,,,,
bank_marketing,logreg,linshap,0,spur,spurious_feature,real,1.0,1.0,0.3333333333333333,0.2,1.0,1.0,1.0,1.0,1.0,1.0,0.5064790809591703
bank_marketing,logreg,linshap,0,spur,spurious_feature,random,0.14285714285714285,0.0,0.0,0.0,0.0,1.0,7.0,0.0,0.0,0.0,0.0749703472251532
bank_marketing,logreg,linshap,0,spur,spurious_feature,permuted,0.08333333333333333,0.0,0.0,0.0,0.0,0.0,12.0,0.0,0.0,0.0,0.009972488467919956
bank_marketing,logreg,linshap,0,spur,spurious_feature,constant,0.058823529411764705,0.0,0.0,0.0,0.0,0.0,17.0,0.0,0.0,0.0,0.058823529411764705
bank_marketing,logreg,linshap,0,spur,spurious_feature,oracle,1.0,1.0,0.3333333333333333,0.2,1.0,1.0,1.0,1.0,1.0,1.0,1.0
bank_marketing,logreg,linshap,1,spur,spurious_feature,real,1.0,1.0,0.3333333333333333,0.2,1.0,1.0,1.0,1.0,1.0,1.0,0.5064790809591703
bank_marketing,logreg,linshap,1,spur,spurious_feature,random,0.07692307692307693,0.0,0.0,0.0,0.0,0.0,13.0,0.0,0.0,0.0,0.023211705031455202
bank_marketing,logreg,linshap,1,spur,spurious_feature,permuted,0.125,0.0,0.0,0.0,0.0,1.0,8.0,0.0,0.0,0.0,0.029018054444863377
bank_marketing,logreg,linshap,1,spur,spurious_feature,constant,0.058823529411764705,0.0,0.0,0.0,0.0,0.0,17.0,0.0,0.0,0.0,0.058823529411764705
bank_marketing,logreg,linshap,1,spur,spurious_feature,oracle,1.0,1.0,0.3333333333333333,0.2,1.0,1.0,1.0,1.0,1.0,1.0,1.0
bank_marketing,logreg,linshap,2,spur,spurious_feature,real,1.0,1.0,0.3333333333333333,0.2,1.0,1.0,1.0,1.0,1.0,1.0,0.5064790809591703
bank_marketing,logreg,linshap,2,spur,spurious_feature,random,0.0625,0.0,0.0,0.0,0.0,0.0,16.0,0.0,0.0,0.0,0.007005287408838959
bank_marketing,logreg,linshap,2,spur,spurious_feature,permuted,0.16666666666666666,0.0,0.0,0.0,0.0,1.0,6.0,0.0,0.0,0.0,0.0322181688809383
bank_marketing,logreg,linshap,2,spur,spurious_feature,constant,0.058823529411764705,0.0,0.0,0.0,0.0,0.0,17.0,0.0,0.0,0.0,0.058823529411764705
bank_marketing,logreg,linshap,2,spur,spurious_feature,oracle,1.0,1.0,0.3333333333333333,0.2,1.0,1.0,1.0,1.0,1.0,1.0,1.0
bank_marketing,logreg,linshap,3,spur,spurious_feature,real,1.0,1.0,0.3333333333333333,0.2,1.0,1.0,1.0,1.0,1.0,1.0,0.5064790809591703
bank_marketing,logreg,linshap,3,spur,spurious_feature,random,0.1111111111111111,0.0,0.0,0.0,0.0,1.0,9.0,0.0,0.0,0.0,0.060234498476293794
bank_marketing,logreg,linshap,3,spur,spurious_feature,permuted,0.125,0.0,0.0,0.0,0.0,1.0,8.0,0.0,0.0,0.0,0.029018054444863373
bank_marketing,logreg,linshap,3,spur,spurious_feature,constant,0.058823529411764705,0.0,0.0,0.0,0.0,0.0,17.0,0.0,0.0,0.0,0.058823529411764705
bank_marketing,logreg,linshap,3,spur,spurious_feature,oracle,1.0,1.0,0.3333333333333333,0.2,1.0,1.0,1.0,1.0,1.0,1.0,1.0
bank_marketing,logreg,linshap,4,spur,spurious_feature,real,1.0,1.0,0.3333333333333333,0.2,1.0,1.0,1.0,1.0,1.0,1.0,0.5064790809591703
bank_marketing,logreg,linshap,4,spur,spurious_feature,random,0.3333333333333333,0.0,0.3333333333333333,0.2,1.0,1.0,3.0,0.0,1.0,1.0,0.08531980580783194
bank_marketing,logreg,linshap,4,spur,spurious_feature,permuted,0.07692307692307693,0.0,0.0,0.0,0.0,0.0,13.0,0.0,0.0,0.0,0.00912766006295021
bank_marketing,logreg,linshap,4,spur,spurious_feature,constant,0.058823529411764705,0.0,0.0,0.0,0.0,0.0,17.0,0.0,0.0,0.0,0.058823529411764705
bank_marketing,logreg,linshap,4,spur,spurious_feature,oracle,1.0,1.0,0.3333333333333333,0.2,1.0,1.0,1.0,1.0,1.0,1.0,1.0
bank_marketing,logreg,lime,0,clean,descriptive_top5,real,0.26882700632700635,0.0,0.3333333333333333,0.2,0.2,0.2,,,,,
bank_marketing,logreg,lime,0,clean,descriptive_top5,random,0.2604395604395604,0.0,0.0,0.0,0.0,0.4,,,,,
bank_marketing,logreg,lime,0,clean,descriptive_top5,permuted,0.25153846153846154,0.0,0.0,0.0,0.0,0.4,,,,,
bank_marketing,logreg,lime,0,clean,descriptive_top5,constant,0.3125,1.0,1.0,1.0,1.0,1.0,,,,,
bank_marketing,logreg,lime,0,clean,descriptive_top5,oracle,1.0,1.0,1.0,1.0,1.0,1.0,,,,,
bank_marketing,logreg,lime,1,clean,descriptive_top5,real,0.2848717948717949,0.0,0.3333333333333333,0.2,0.2,0.4,,,,,
bank_marketing,logreg,lime,1,clean,descriptive_top5,random,0.4326495726495727,1.0,0.3333333333333333,0.2,0.2,0.6,,,,,
bank_marketing,logreg,lime,1,clean,descriptive_top5,permuted,0.29047619047619044,0.0,0.3333333333333333,0.2,0.2,0.4,,,,,
bank_marketing,logreg,lime,1,clean,descriptive_top5,constant,0.3125,1.0,1.0,1.0,1.0,1.0,,,,,
bank_marketing,logreg,lime,1,clean,descriptive_top5,oracle,1.0,1.0,1.0,1.0,1.0,1.0,,,,,
bank_marketing,logreg,lime,2,clean,descriptive_top5,real,0.30996336996337,0.0,0.3333333333333333,0.2,0.2,0.4,,,,,
bank_marketing,logreg,lime,2,clean,descriptive_top5,random,0.3980952380952381,0.0,0.3333333333333333,0.4,0.4,0.8,,,,,
bank_marketing,logreg,lime,2,clean,descriptive_top5,permuted,0.46630952380952384,1.0,0.3333333333333333,0.4,0.4,0.6,,,,,
bank_marketing,logreg,lime,2,clean,descriptive_top5,constant,0.3125,1.0,1.0,1.0,1.0,1.0,,,,,
bank_marketing,logreg,lime,2,clean,descriptive_top5,oracle,1.0,1.0,1.0,1.0,1.0,1.0,,,,,
bank_marketing,logreg,lime,3,clean,descriptive_top5,real,0.27663003663003666,0.0,0.3333333333333333,0.2,0.2,0.4,,,,,
bank_marketing,logreg,lime,3,clean,descriptive_top5,random,0.3571428571428571,0.0,0.3333333333333333,0.2,0.2,0.6,,,,,
bank_marketing,logreg,lime,3,clean,descriptive_top5,permuted,0.2851190476190476,0.0,0.0,0.0,0.0,0.6,,,,,
bank_marketing,logreg,lime,3,clean,descriptive_top5,constant,0.3125,1.0,1.0,1.0,1.0,1.0,,,,,
bank_marketing,logreg,lime,3,clean,descriptive_top5,oracle,1.0,1.0,1.0,1.0,1.0,1.0,,,,,
bank_marketing,logreg,lime,4,clean,descriptive_top5,real,0.3063270063270064,0.0,0.3333333333333333,0.2,0.2,0.2,,,,,
bank_marketing,logreg,lime,4,clean,descriptive_top5,random,0.5657142857142856,1.0,0.6666666666666666,0.4,0.4,0.8,,,,,
bank_marketing,logreg,lime,4,clean,descriptive_top5,permuted,0.37722222222222224,0.0,0.0,0.4,0.4,0.8,,,,,
bank_marketing,logreg,lime,4,clean,descriptive_top5,constant,0.3125,1.0,1.0,1.0,1.0,1.0,,,,,
bank_marketing,logreg,lime,4,clean,descriptive_top5,oracle,1.0,1.0,1.0,1.0,1.0,1.0,,,,,
bank_marketing,logreg,lime,0,spur,spurious_feature,real,1.0,1.0,0.3333333333333333,0.2,1.0,1.0,1.0,1.0,1.0,1.0,0.297859037090614
bank_marketing,logreg,lime,0,spur,spurious_feature,random,0.08333333333333333,0.0,0.0,0.0,0.0,0.0,12.0,0.0,0.0,0.0,0.046575290778910136
bank_marketing,logreg,lime,0,spur,spurious_feature,permuted,0.16666666666666666,0.0,0.0,0.0,0.0,1.0,6.0,0.0,0.0,0.0,0.05485067939638427
bank_marketing,logreg,lime,0,spur,spurious_feature,constant,0.058823529411764705,0.0,0.0,0.0,0.0,0.0,17.0,0.0,0.0,0.0,0.058823529411764705
bank_marketing,logreg,lime,0,spur,spurious_feature,oracle,1.0,1.0,0.3333333333333333,0.2,1.0,1.0,1.0,1.0,1.0,1.0,1.0
bank_marketing,logreg,lime,1,spur,spurious_feature,real,1.0,1.0,0.3333333333333333,0.2,1.0,1.0,1.0,1.0,1.0,1.0,0.31868670024692497
bank_marketing,logreg,lime,1,spur,spurious_feature,random,0.25,0.0,0.0,0.2,1.0,1.0,4.0,0.0,0.0,1.0,0.08735217906964445
bank_marketing,logreg,lime,1,spur,spurious_feature,permuted,0.2,0.0,0.0,0.2,1.0,1.0,5.0,0.0,0.0,1.0,0.06376288282048154
bank_marketing,logreg,lime,1,spur,spurious_feature,constant,0.058823529411764705,0.0,0.0,0.0,0.0,0.0,17.0,0.0,0.0,0.0,0.058823529411764705
bank_marketing,logreg,lime,1,spur,spurious_feature,oracle,1.0,1.0,0.3333333333333333,0.2,1.0,1.0,1.0,1.0,1.0,1.0,1.0
bank_marketing,logreg,lime,2,spur,spurious_feature,real,1.0,1.0,0.3333333333333333,0.2,1.0,1.0,1.0,1.0,1.0,1.0,0.29371322114542175
bank_marketing,logreg,lime,2,spur,spurious_feature,random,0.07142857142857142,0.0,0.0,0.0,0.0,0.0,14.0,0.0,0.0,0.0,0.020601014464981426
bank_marketing,logreg,lime,2,spur,spurious_feature,permuted,0.07142857142857142,0.0,0.0,0.0,0.0,0.0,14.0,0.0,0.0,0.0,0.016938184514174594
bank_marketing,logreg,lime,2,spur,spurious_feature,constant,0.058823529411764705,0.0,0.0,0.0,0.0,0.0,17.0,0.0,0.0,0.0,0.058823529411764705
bank_marketing,logreg,lime,2,spur,spurious_feature,oracle,1.0,1.0,0.3333333333333333,0.2,1.0,1.0,1.0,1.0,1.0,1.0,1.0
bank_marketing,logreg,lime,3,spur,spurious_feature,real,1.0,1.0,0.3333333333333333,0.2,1.0,1.0,1.0,1.0,1.0,1.0,0.2875584850965964
bank_marketing,logreg,lime,3,spur,spurious_feature,random,0.09090909090909091,0.0,0.0,0.0,0.0,0.0,11.0,0.0,0.0,0.0,0.05847991072799476
bank_marketing,logreg,lime,3,spur,spurious_feature,permuted,0.07692307692307693,0.0,0.0,0.0,0.0,0.0,13.0,0.0,0.0,0.0,0.015003059496035476
bank_marketing,logreg,lime,3,spur,spurious_feature,constant,0.058823529411764705,0.0,0.0,0.0,0.0,0.0,17.0,0.0,0.0,0.0,0.058823529411764705
bank_marketing,logreg,lime,3,spur,spurious_feature,oracle,1.0,1.0,0.3333333333333333,0.2,1.0,1.0,1.0,1.0,1.0,1.0,1.0
bank_marketing,logreg,lime,4,spur,spurious_feature,real,1.0,1.0,0.3333333333333333,0.2,1.0,1.0,1.0,1.0,1.0,1.0,0.2942639183276487
bank_marketing,logreg,lime,4,spur,spurious_feature,random,0.1,0.0,0.0,0.0,0.0,1.0,10.0,0.0,0.0,0.0,0.05363659783742685
bank_marketing,logreg,lime,4,spur,spurious_feature,permuted,0.3333333333333333,0.0,0.3333333333333333,0.2,1.0,1.0,3.0,0.0,1.0,1.0,0.12764563367908133
bank_marketing,logreg,lime,4,spur,spurious_feature,constant,0.058823529411764705,0.0,0.0,0.0,0.0,0.0,17.0,0.0,0.0,0.0,0.058823529411764705
bank_marketing,logreg,lime,4,spur,spurious_feature,oracle,1.0,1.0,0.3333333333333333,0.2,1.0,1.0,1.0,1.0,1.0,1.0,1.0
bank_marketing,rf,treeshap,0,clean,descriptive_top5,real,0.4798701298701299,1.0,0.3333333333333333,0.2,0.2,0.6,,,,,
bank_marketing,rf,treeshap,0,clean,descriptive_top5,random,0.2648809523809524,0.0,0.0,0.0,0.0,0.6,,,,,
bank_marketing,rf,treeshap,0,clean,descriptive_top5,permuted,0.3891666666666667,0.0,0.3333333333333333,0.4,0.4,0.8,,,,,
bank_marketing,rf,treeshap,0,clean,descriptive_top5,constant,0.3125,1.0,1.0,1.0,1.0,1.0,,,,,
bank_marketing,rf,treeshap,0,clean,descriptive_top5,oracle,1.0,1.0,1.0,1.0,1.0,1.0,,,,,
bank_marketing,rf,treeshap,1,clean,descriptive_top5,real,0.4913170163170163,1.0,0.3333333333333333,0.2,0.2,0.6,,,,,
bank_marketing,rf,treeshap,1,clean,descriptive_top5,random,0.24677655677655677,0.0,0.0,0.0,0.0,0.4,,,,,
bank_marketing,rf,treeshap,1,clean,descriptive_top5,permuted,0.32916666666666666,0.0,0.3333333333333333,0.2,0.2,0.6,,,,,
bank_marketing,rf,treeshap,1,clean,descriptive_top5,constant,0.3125,1.0,1.0,1.0,1.0,1.0,,,,,
bank_marketing,rf,treeshap,1,clean,descriptive_top5,oracle,1.0,1.0,1.0,1.0,1.0,1.0,,,,,
bank_marketing,rf,treeshap,2,clean,descriptive_top5,real,0.4893939393939394,1.0,0.3333333333333333,0.2,0.2,0.6,,,,,
bank_marketing,rf,treeshap,2,clean,descriptive_top5,random,0.2532967032967033,0.0,0.0,0.2,0.2,0.2,,,,,
bank_marketing,rf,treeshap,2,clean,descriptive_top5,permuted,0.38606060606060605,0.0,0.3333333333333333,0.4,0.4,0.6,,,,,
bank_marketing,rf,treeshap,2,clean,descriptive_top5,constant,0.3125,1.0,1.0,1.0,1.0,1.0,,,,,
bank_marketing,rf,treeshap,2,clean,descriptive_top5,oracle,1.0,1.0,1.0,1.0,1.0,1.0,,,,,
bank_marketing,rf,treeshap,3,clean,descriptive_top5,real,0.46050505050505053,1.0,0.3333333333333333,0.2,0.2,0.6,,,,,
bank_marketing,rf,treeshap,3,clean,descriptive_top5,random,0.7302564102564102,1.0,0.6666666666666666,0.6,0.6,0.8,,,,,
bank_marketing,rf,treeshap,3,clean,descriptive_top5,permuted,0.3404761904761905,0.0,0.3333333333333333,0.2,0.2,0.6,,,,,
bank_marketing,rf,treeshap,3,clean,descriptive_top5,constant,0.3125,1.0,1.0,1.0,1.0,1.0,,,,,
bank_marketing,rf,treeshap,3,clean,descriptive_top5,oracle,1.0,1.0,1.0,1.0,1.0,1.0,,,,,
bank_marketing,rf,treeshap,4,clean,descriptive_top5,real,0.46050505050505053,1.0,0.3333333333333333,0.2,0.2,0.6,,,,,
bank_marketing,rf,treeshap,4,clean,descriptive_top5,random,0.7709090909090909,1.0,1.0,0.6,0.6,0.8,,,,,
bank_marketing,rf,treeshap,4,clean,descriptive_top5,permuted,0.29201465201465204,0.0,0.0,0.2,0.2,0.6,,,,,
bank_marketing,rf,treeshap,4,clean,descriptive_top5,constant,0.3125,1.0,1.0,1.0,1.0,1.0,,,,,
bank_marketing,rf,treeshap,4,clean,descriptive_top5,oracle,1.0,1.0,1.0,1.0,1.0,1.0,,,,,
bank_marketing,rf,treeshap,0,spur,spurious_feature,real,1.0,1.0,0.3333333333333333,0.2,1.0,1.0,1.0,1.0,1.0,1.0,0.46319361574992035
bank_marketing,rf,treeshap,0,spur,spurious_feature,random,0.08333333333333333,0.0,0.0,0.0,0.0,0.0,12.0,0.0,0.0,0.0,0.039876212344010904
bank_marketing,rf,treeshap,0,spur,spurious_feature,permuted,0.09090909090909091,0.0,0.0,0.0,0.0,0.0,11.0,0.0,0.0,0.0,0.016503014031982528
bank_marketing,rf,treeshap,0,spur,spurious_feature,constant,0.058823529411764705,0.0,0.0,0.0,0.0,0.0,17.0,0.0,0.0,0.0,0.058823529411764705
bank_marketing,rf,treeshap,0,spur,spurious_feature,oracle,1.0,1.0,0.3333333333333333,0.2,1.0,1.0,1.0,1.0,1.0,1.0,1.0
bank_marketing,rf,treeshap,1,spur,spurious_feature,real,1.0,1.0,0.3333333333333333,0.2,1.0,1.0,1.0,1.0,1.0,1.0,0.4402078987571308
bank_marketing,rf,treeshap,1,spur,spurious_feature,random,0.25,0.0,0.0,0.2,1.0,1.0,4.0,0.0,0.0,1.0,0.08790517409500036
bank_marketing,rf,treeshap,1,spur,spurious_feature,permuted,0.0625,0.0,0.0,0.0,0.0,0.0,16.0,0.0,0.0,0.0,0.006481874462854279
bank_marketing,rf,treeshap,1,spur,spurious_feature,constant,0.058823529411764705,0.0,0.0,0.0,0.0,0.0,17.0,0.0,0.0,0.0,0.058823529411764705
bank_marketing,rf,treeshap,1,spur,spurious_feature,oracle,1.0,1.0,0.3333333333333333,0.2,1.0,1.0,1.0,1.0,1.0,1.0,1.0
bank_marketing,rf,treeshap,2,spur,spurious_feature,real,1.0,1.0,0.3333333333333333,0.2,1.0,1.0,1.0,1.0,1.0,1.0,0.451922461572204
bank_marketing,rf,treeshap,2,spur,spurious_feature,random,0.06666666666666667,0.0,0.0,0.0,0.0,0.0,15.0,0.0,0.0,0.0,0.013955502050417365
bank_marketing,rf,treeshap,2,spur,spurious_feature,permuted,0.0625,0.0,0.0,0.0,0.0,0.0,16.0,0.0,0.0,0.0,0.005079653139595521
bank_marketing,rf,treeshap,2,spur,spurious_feature,constant,0.058823529411764705,0.0,0.0,0.0,0.0,0.0,17.0,0.0,0.0,0.0,0.058823529411764705
bank_marketing,rf,treeshap,2,spur,spurious_feature,oracle,1.0,1.0,0.3333333333333333,0.2,1.0,1.0,1.0,1.0,1.0,1.0,1.0
bank_marketing,rf,treeshap,3,spur,spurious_feature,real,1.0,1.0,0.3333333333333333,0.2,1.0,1.0,1.0,1.0,1.0,1.0,0.4536150437614067
bank_marketing,rf,treeshap,3,spur,spurious_feature,random,0.1111111111111111,0.0,0.0,0.0,0.0,1.0,9.0,0.0,0.0,0.0,0.06334328176828531
bank_marketing,rf,treeshap,3,spur,spurious_feature,permuted,0.07142857142857142,0.0,0.0,0.0,0.0,0.0,14.0,0.0,0.0,0.0,0.008494571841397685
bank_marketing,rf,treeshap,3,spur,spurious_feature,constant,0.058823529411764705,0.0,0.0,0.0,0.0,0.0,17.0,0.0,0.0,0.0,0.058823529411764705
bank_marketing,rf,treeshap,3,spur,spurious_feature,oracle,1.0,1.0,0.3333333333333333,0.2,1.0,1.0,1.0,1.0,1.0,1.0,1.0
bank_marketing,rf,treeshap,4,spur,spurious_feature,real,1.0,1.0,0.3333333333333333,0.2,1.0,1.0,1.0,1.0,1.0,1.0,0.46701417371867027
bank_marketing,rf,treeshap,4,spur,spurious_feature,random,0.07142857142857142,0.0,0.0,0.0,0.0,0.0,14.0,0.0,0.0,0.0,0.011145597140798276
bank_marketing,rf,treeshap,4,spur,spurious_feature,permuted,0.07142857142857142,0.0,0.0,0.0,0.0,0.0,14.0,0.0,0.0,0.0,0.008009359619052674
bank_marketing,rf,treeshap,4,spur,spurious_feature,constant,0.058823529411764705,0.0,0.0,0.0,0.0,0.0,17.0,0.0,0.0,0.0,0.058823529411764705
bank_marketing,rf,treeshap,4,spur,spurious_feature,oracle,1.0,1.0,0.3333333333333333,0.2,1.0,1.0,1.0,1.0,1.0,1.0,1.0
bank_marketing,rf,lime,0,clean,descriptive_top5,real,0.285997335997336,0.0,0.3333333333333333,0.2,0.2,0.2,,,,,
bank_marketing,rf,lime,0,clean,descriptive_top5,random,0.5060606060606061,1.0,0.3333333333333333,0.4,0.4,0.6,,,,,
bank_marketing,rf,lime,0,clean,descriptive_top5,permuted,0.26017316017316017,0.0,0.0,0.2,0.2,0.2,,,,,
bank_marketing,rf,lime,0,clean,descriptive_top5,constant,0.3125,1.0,1.0,1.0,1.0,1.0,,,,,
bank_marketing,rf,lime,0,clean,descriptive_top5,oracle,1.0,1.0,1.0,1.0,1.0,1.0,,,,,
bank_marketing,rf,lime,1,clean,descriptive_top5,real,0.27694444444444444,0.0,0.3333333333333333,0.2,0.2,0.4,,,,,
bank_marketing,rf,lime,1,clean,descriptive_top5,random,0.5858119658119658,1.0,0.3333333333333333,0.6,0.6,0.8,,,,,
bank_marketing,rf,lime,1,clean,descriptive_top5,permuted,0.5063888888888889,1.0,0.3333333333333333,0.4,0.4,0.8,,,,,
bank_marketing,rf,lime,1,clean,descriptive_top5,constant,0.3125,1.0,1.0,1.0,1.0,1.0,,,,,
bank_marketing,rf,lime,1,clean,descriptive_top5,oracle,1.0,1.0,1.0,1.0,1.0,1.0,,,,,
bank_marketing,rf,lime,2,clean,descriptive_top5,real,0.2726731601731602,0.0,0.3333333333333333,0.2,0.2,0.2,,,,,
bank_marketing,rf,lime,2,clean,descriptive_top5,random,0.407521645021645,0.0,0.6666666666666666,0.4,0.4,0.4,,,,,
bank_marketing,rf,lime,2,clean,descriptive_top5,permuted,0.6676190476190477,1.0,0.6666666666666666,0.6,0.6,1.0,,,,,
bank_marketing,rf,lime,2,clean,descriptive_top5,constant,0.3125,1.0,1.0,1.0,1.0,1.0,,,,,
bank_marketing,rf,lime,2,clean,descriptive_top5,oracle,1.0,1.0,1.0,1.0,1.0,1.0,,,,,
bank_marketing,rf,lime,3,clean,descriptive_top5,real,0.2726731601731602,0.0,0.3333333333333333,0.2,0.2,0.2,,,,,
bank_marketing,rf,lime,3,clean,descriptive_top5,random,0.4635897435897436,0.0,0.3333333333333333,0.6,0.6,0.6,,,,,
bank_marketing,rf,lime,3,clean,descriptive_top5,permuted,0.27041847041847045,0.0,0.0,0.0,0.0,0.4,,,,,
bank_marketing,rf,lime,3,clean,descriptive_top5,constant,0.3125,1.0,1.0,1.0,1.0,1.0,,,,,
bank_marketing,rf,lime,3,clean,descriptive_top5,oracle,1.0,1.0,1.0,1.0,1.0,1.0,,,,,
bank_marketing,rf,lime,4,clean,descriptive_top5,real,0.2726731601731602,0.0,0.3333333333333333,0.2,0.2,0.2,,,,,
bank_marketing,rf,lime,4,clean,descriptive_top5,random,0.3085839160839161,0.0,0.0,0.4,0.4,0.4,,,,,
bank_marketing,rf,lime,4,clean,descriptive_top5,permuted,0.49722222222222223,1.0,0.3333333333333333,0.2,0.2,0.8,,,,,
bank_marketing,rf,lime,4,clean,descriptive_top5,constant,0.3125,1.0,1.0,1.0,1.0,1.0,,,,,
bank_marketing,rf,lime,4,clean,descriptive_top5,oracle,1.0,1.0,1.0,1.0,1.0,1.0,,,,,
bank_marketing,rf,lime,0,spur,spurious_feature,real,1.0,1.0,0.3333333333333333,0.2,1.0,1.0,1.0,1.0,1.0,1.0,0.2546924804691847
bank_marketing,rf,lime,0,spur,spurious_feature,random,0.09090909090909091,0.0,0.0,0.0,0.0,0.0,11.0,0.0,0.0,0.0,0.040668817260236766
bank_marketing,rf,lime,0,spur,spurious_feature,permuted,0.2,0.0,0.0,0.2,1.0,1.0,5.0,0.0,0.0,1.0,0.0692224636118315
bank_marketing,rf,lime,0,spur,spurious_feature,constant,0.058823529411764705,0.0,0.0,0.0,0.0,0.0,17.0,0.0,0.0,0.0,0.058823529411764705
bank_marketing,rf,lime,0,spur,spurious_feature,oracle,1.0,1.0,0.3333333333333333,0.2,1.0,1.0,1.0,1.0,1.0,1.0,1.0
bank_marketing,rf,lime,1,spur,spurious_feature,real,1.0,1.0,0.3333333333333333,0.2,1.0,1.0,1.0,1.0,1.0,1.0,0.2520466633715585
bank_marketing,rf,lime,1,spur,spurious_feature,random,0.07692307692307693,0.0,0.0,0.0,0.0,0.0,13.0,0.0,0.0,0.0,0.038799589682964854
bank_marketing,rf,lime,1,spur,spurious_feature,permuted,0.06666666666666667,0.0,0.0,0.0,0.0,0.0,15.0,0.0,0.0,0.0,0.013383077036865924
bank_marketing,rf,lime,1,spur,spurious_feature,constant,0.058823529411764705,0.0,0.0,0.0,0.0,0.0,17.0,0.0,0.0,0.0,0.058823529411764705
bank_marketing,rf,lime,1,spur,spurious_feature,oracle,1.0,1.0,0.3333333333333333,0.2,1.0,1.0,1.0,1.0,1.0,1.0,1.0
bank_marketing,rf,lime,2,spur,spurious_feature,real,1.0,1.0,0.3333333333333333,0.2,1.0,1.0,1.0,1.0,1.0,1.0,0.25101062987179923
bank_marketing,rf,lime,2,spur,spurious_feature,random,0.1111111111111111,0.0,0.0,0.0,0.0,1.0,9.0,0.0,0.0,0.0,0.061394849794923254
bank_marketing,rf,lime,2,spur,spurious_feature,permuted,0.058823529411764705,0.0,0.0,0.0,0.0,0.0,17.0,0.0,0.0,0.0,0.009299196084481473
bank_marketing,rf,lime,2,spur,spurious_feature,constant,0.058823529411764705,0.0,0.0,0.0,0.0,0.0,17.0,0.0,0.0,0.0,0.058823529411764705
bank_marketing,rf,lime,2,spur,spurious_feature,oracle,1.0,1.0,0.3333333333333333,0.2,1.0,1.0,1.0,1.0,1.0,1.0,1.0
bank_marketing,rf,lime,3,spur,spurious_feature,real,1.0,1.0,0.3333333333333333,0.2,1.0,1.0,1.0,1.0,1.0,1.0,0.2638958089491984
bank_marketing,rf,lime,3,spur,spurious_feature,random,0.06666666666666667,0.0,0.0,0.0,0.0,0.0,15.0,0.0,0.0,0.0,0.011583646782194135
bank_marketing,rf,lime,3,spur,spurious_feature,permuted,0.1,0.0,0.0,0.0,0.0,1.0,10.0,0.0,0.0,0.0,0.029805044713361744
bank_marketing,rf,lime,3,spur,spurious_feature,constant,0.058823529411764705,0.0,0.0,0.0,0.0,0.0,17.0,0.0,0.0,0.0,0.058823529411764705
bank_marketing,rf,lime,3,spur,spurious_feature,oracle,1.0,1.0,0.3333333333333333,0.2,1.0,1.0,1.0,1.0,1.0,1.0,1.0
bank_marketing,rf,lime,4,spur,spurious_feature,real,1.0,1.0,0.3333333333333333,0.2,1.0,1.0,1.0,1.0,1.0,1.0,0.2521103138057555
bank_marketing,rf,lime,4,spur,spurious_feature,random,0.058823529411764705,0.0,0.0,0.0,0.0,0.0,17.0,0.0,0.0,0.0,0.0009555899951968125
bank_marketing,rf,lime,4,spur,spurious_feature,permuted,0.1111111111111111,0.0,0.0,0.0,0.0,1.0,9.0,0.0,0.0,0.0,0.029832336682685884
bank_marketing,rf,lime,4,spur,spurious_feature,constant,0.058823529411764705,0.0,0.0,0.0,0.0,0.0,17.0,0.0,0.0,0.0,0.058823529411764705
bank_marketing,rf,lime,4,spur,spurious_feature,oracle,1.0,1.0,0.3333333333333333,0.2,1.0,1.0,1.0,1.0,1.0,1.0,1.0
bank_marketing,hgb,treeshap,0,clean,descriptive_top5,real,0.6000000000000001,1.0,0.3333333333333333,0.4,0.4,1.0,,,,,
bank_marketing,hgb,treeshap,0,clean,descriptive_top5,random,0.38555555555555554,0.0,0.0,0.4,0.4,0.8,,,,,
bank_marketing,hgb,treeshap,0,clean,descriptive_top5,permuted,0.5644444444444444,0.0,0.3333333333333333,0.6,0.6,1.0,,,,,
bank_marketing,hgb,treeshap,0,clean,descriptive_top5,constant,0.3125,1.0,1.0,1.0,1.0,1.0,,,,,
bank_marketing,hgb,treeshap,0,clean,descriptive_top5,oracle,1.0,1.0,1.0,1.0,1.0,1.0,,,,,
bank_marketing,hgb,treeshap,1,clean,descriptive_top5,real,0.6111111111111112,1.0,0.3333333333333333,0.4,0.4,1.0,,,,,
bank_marketing,hgb,treeshap,1,clean,descriptive_top5,random,0.288034188034188,0.0,0.0,0.2,0.2,0.6,,,,,
bank_marketing,hgb,treeshap,1,clean,descriptive_top5,permuted,0.4031349206349206,1.0,0.3333333333333333,0.2,0.2,0.4,,,,,
bank_marketing,hgb,treeshap,1,clean,descriptive_top5,constant,0.3125,1.0,1.0,1.0,1.0,1.0,,,,,
bank_marketing,hgb,treeshap,1,clean,descriptive_top5,oracle,1.0,1.0,1.0,1.0,1.0,1.0,,,,,
bank_marketing,hgb,treeshap,2,clean,descriptive_top5,real,0.5768253968253969,1.0,0.3333333333333333,0.4,0.4,1.0,,,,,
bank_marketing,hgb,treeshap,2,clean,descriptive_top5,random,0.323531746031746,0.0,0.0,0.2,0.2,0.8,,,,,
bank_marketing,hgb,treeshap,2,clean,descriptive_top5,permuted,0.2711111111111111,0.0,0.0,0.0,0.0,0.6,,,,,
bank_marketing,hgb,treeshap,2,clean,descriptive_top5,constant,0.3125,1.0,1.0,1.0,1.0,1.0,,,,,
bank_marketing,hgb,treeshap,2,clean,descriptive_top5,oracle,1.0,1.0,1.0,1.0,1.0,1.0,,,,,
bank_marketing,hgb,treeshap,3,clean,descriptive_top5,real,0.5746031746031746,1.0,0.3333333333333333,0.4,0.4,1.0,,,,,
bank_marketing,hgb,treeshap,3,clean,descriptive_top5,random,0.27095238095238094,0.0,0.0,0.2,0.2,0.4,,,,,
bank_marketing,hgb,treeshap,3,clean,descriptive_top5,permuted,0.2953205128205128,0.0,0.3333333333333333,0.2,0.2,0.4,,,,,
bank_marketing,hgb,treeshap,3,clean,descriptive_top5,constant,0.3125,1.0,1.0,1.0,1.0,1.0,,,,,
bank_marketing,hgb,treeshap,3,clean,descriptive_top5,oracle,1.0,1.0,1.0,1.0,1.0,1.0,,,,,
bank_marketing,hgb,treeshap,4,clean,descriptive_top5,real,0.5768253968253969,1.0,0.3333333333333333,0.4,0.4,1.0,,,,,
bank_marketing,hgb,treeshap,4,clean,descriptive_top5,random,0.5323717948717949,1.0,0.6666666666666666,0.4,0.4,0.6,,,,,
bank_marketing,hgb,treeshap,4,clean,descriptive_top5,permuted,0.2479020979020979,0.0,0.0,0.0,0.0,0.2,,,,,
bank_marketing,hgb,treeshap,4,clean,descriptive_top5,constant,0.3125,1.0,1.0,1.0,1.0,1.0,,,,,
bank_marketing,hgb,treeshap,4,clean,descriptive_top5,oracle,1.0,1.0,1.0,1.0,1.0,1.0,,,,,
bank_marketing,hgb,treeshap,0,spur,spurious_feature,real,1.0,1.0,0.3333333333333333,0.2,1.0,1.0,1.0,1.0,1.0,1.0,0.5537193792888458
bank_marketing,hgb,treeshap,0,spur,spurious_feature,random,0.25,0.0,0.0,0.2,1.0,1.0,4.0,0.0,0.0,1.0,0.10534340441370278
bank_marketing,hgb,treeshap,0,spur,spurious_feature,permuted,0.07142857142857142,0.0,0.0,0.0,0.0,0.0,14.0,0.0,0.0,0.0,0.005482891729755249
bank_marketing,hgb,treeshap,0,spur,spurious_feature,constant,0.058823529411764705,0.0,0.0,0.0,0.0,0.0,17.0,0.0,0.0,0.0,0.058823529411764705
bank_marketing,hgb,treeshap,0,spur,spurious_feature,oracle,1.0,1.0,0.3333333333333333,0.2,1.0,1.0,1.0,1.0,1.0,1.0,1.0
bank_marketing,hgb,treeshap,1,spur,spurious_feature,real,1.0,1.0,0.3333333333333333,0.2,1.0,1.0,1.0,1.0,1.0,1.0,0.5895320306044639
bank_marketing,hgb,treeshap,1,spur,spurious_feature,random,0.07142857142857142,0.0,0.0,0.0,0.0,0.0,14.0,0.0,0.0,0.0,0.025536339590666143
bank_marketing,hgb,treeshap,1,spur,spurious_feature,permuted,0.08333333333333333,0.0,0.0,0.0,0.0,0.0,12.0,0.0,0.0,0.0,0.013788679203828395
bank_marketing,hgb,treeshap,1,spur,spurious_feature,constant,0.058823529411764705,0.0,0.0,0.0,0.0,0.0,17.0,0.0,0.0,0.0,0.058823529411764705
bank_marketing,hgb,treeshap,1,spur,spurious_feature,oracle,1.0,1.0,0.3333333333333333,0.2,1.0,1.0,1.0,1.0,1.0,1.0,1.0
bank_marketing,hgb,treeshap,2,spur,spurious_feature,real,1.0,1.0,0.3333333333333333,0.2,1.0,1.0,1.0,1.0,1.0,1.0,0.6012835699790404
bank_marketing,hgb,treeshap,2,spur,spurious_feature,random,0.06666666666666667,0.0,0.0,0.0,0.0,0.0,15.0,0.0,0.0,0.0,0.02066151960336498
bank_marketing,hgb,treeshap,2,spur,spurious_feature,permuted,0.058823529411764705,0.0,0.0,0.0,0.0,0.0,17.0,0.0,0.0,0.0,0.0
bank_marketing,hgb,treeshap,2,spur,spurious_feature,constant,0.058823529411764705,0.0,0.0,0.0,0.0,0.0,17.0,0.0,0.0,0.0,0.058823529411764705
bank_marketing,hgb,treeshap,2,spur,spurious_feature,oracle,1.0,1.0,0.3333333333333333,0.2,1.0,1.0,1.0,1.0,1.0,1.0,1.0
bank_marketing,hgb,treeshap,3,spur,spurious_feature,real,1.0,1.0,0.3333333333333333,0.2,1.0,1.0,1.0,1.0,1.0,1.0,0.6111015050771864
bank_marketing,hgb,treeshap,3,spur,spurious_feature,random,0.06666666666666667,0.0,0.0,0.0,0.0,0.0,15.0,0.0,0.0,0.0,0.023629937777763538
bank_marketing,hgb,treeshap,3,spur,spurious_feature,permuted,0.08333333333333333,0.0,0.0,0.0,0.0,0.0,12.0,0.0,0.0,0.0,0.00999457398616642
bank_marketing,hgb,treeshap,3,spur,spurious_feature,constant,0.058823529411764705,0.0,0.0,0.0,0.0,0.0,17.0,0.0,0.0,0.0,0.058823529411764705
bank_marketing,hgb,treeshap,3,spur,spurious_feature,oracle,1.0,1.0,0.3333333333333333,0.2,1.0,1.0,1.0,1.0,1.0,1.0,1.0
bank_marketing,hgb,treeshap,4,spur,spurious_feature,real,1.0,1.0,0.3333333333333333,0.2,1.0,1.0,1.0,1.0,1.0,1.0,0.5899366639349849
bank_marketing,hgb,treeshap,4,spur,spurious_feature,random,0.07142857142857142,0.0,0.0,0.0,0.0,0.0,14.0,0.0,0.0,0.0,0.023217594162626892
bank_marketing,hgb,treeshap,4,spur,spurious_feature,permuted,1.0,1.0,0.3333333333333333,0.2,1.0,1.0,1.0,1.0,1.0,1.0,0.589936663934985
bank_marketing,hgb,treeshap,4,spur,spurious_feature,constant,0.058823529411764705,0.0,0.0,0.0,0.0,0.0,17.0,0.0,0.0,0.0,0.058823529411764705
bank_marketing,hgb,treeshap,4,spur,spurious_feature,oracle,1.0,1.0,0.3333333333333333,0.2,1.0,1.0,1.0,1.0,1.0,1.0,1.0
bank_marketing,hgb,lime,0,clean,descriptive_top5,real,0.285021645021645,0.0,0.3333333333333333,0.2,0.2,0.4,,,,,
bank_marketing,hgb,lime,0,clean,descriptive_top5,random,0.37573260073260073,0.0,0.3333333333333333,0.2,0.2,0.6,,,,,
bank_marketing,hgb,lime,0,clean,descriptive_top5,permuted,0.6071428571428572,1.0,0.6666666666666666,0.6,0.6,0.6,,,,,
bank_marketing,hgb,lime,0,clean,descriptive_top5,constant,0.3125,1.0,1.0,1.0,1.0,1.0,,,,,
bank_marketing,hgb,lime,0,clean,descriptive_top5,oracle,1.0,1.0,1.0,1.0,1.0,1.0,,,,,
bank_marketing,hgb,lime,1,clean,descriptive_top5,real,0.28123543123543127,0.0,0.3333333333333333,0.2,0.2,0.2,,,,,
bank_marketing,hgb,lime,1,clean,descriptive_top5,random,0.44031746031746033,0.0,0.3333333333333333,0.4,0.4,0.8,,,,,
bank_marketing,hgb,lime,1,clean,descriptive_top5,permuted,0.23040209790209792,0.0,0.0,0.0,0.0,0.2,,,,,
bank_marketing,hgb,lime,1,clean,descriptive_top5,constant,0.3125,1.0,1.0,1.0,1.0,1.0,,,,,
bank_marketing,hgb,lime,1,clean,descriptive_top5,oracle,1.0,1.0,1.0,1.0,1.0,1.0,,,,,
bank_marketing,hgb,lime,2,clean,descriptive_top5,real,0.27683982683982683,0.0,0.3333333333333333,0.2,0.2,0.2,,,,,
bank_marketing,hgb,lime,2,clean,descriptive_top5,random,0.3565367965367965,0.0,0.3333333333333333,0.2,0.2,0.6,,,,,
bank_marketing,hgb,lime,2,clean,descriptive_top5,permuted,0.43714285714285717,0.0,0.3333333333333333,0.4,0.4,0.8,,,,,
bank_marketing,hgb,lime,2,clean,descriptive_top5,constant,0.3125,1.0,1.0,1.0,1.0,1.0,,,,,
bank_marketing,hgb,lime,2,clean,descriptive_top5,oracle,1.0,1.0,1.0,1.0,1.0,1.0,,,,,
bank_marketing,hgb,lime,3,clean,descriptive_top5,real,0.27683982683982683,0.0,0.3333333333333333,0.2,0.2,0.2,,,,,
bank_marketing,hgb,lime,3,clean,descriptive_top5,random,0.8111111111111111,1.0,1.0,0.6,0.6,1.0,,,,,
bank_marketing,hgb,lime,3,clean,descriptive_top5,permuted,0.4704761904761905,1.0,0.3333333333333333,0.2,0.2,0.8,,,,,
bank_marketing,hgb,lime,3,clean,descriptive_top5,constant,0.3125,1.0,1.0,1.0,1.0,1.0,,,,,
bank_marketing,hgb,lime,3,clean,descriptive_top5,oracle,1.0,1.0,1.0,1.0,1.0,1.0,,,,,
bank_marketing,hgb,lime,4,clean,descriptive_top5,real,0.2586904761904762,0.0,0.3333333333333333,0.2,0.2,0.2,,,,,
bank_marketing,hgb,lime,4,clean,descriptive_top5,random,0.2777777777777778,0.0,0.0,0.2,0.2,0.6,,,,,
bank_marketing,hgb,lime,4,clean,descriptive_top5,permuted,0.7158119658119657,1.0,0.6666666666666666,0.6,0.6,0.8,,,,,
bank_marketing,hgb,lime,4,clean,descriptive_top5,constant,0.3125,1.0,1.0,1.0,1.0,1.0,,,,,
bank_marketing,hgb,lime,4,clean,descriptive_top5,oracle,1.0,1.0,1.0,1.0,1.0,1.0,,,,,
bank_marketing,hgb,lime,0,spur,spurious_feature,real,1.0,1.0,0.3333333333333333,0.2,1.0,1.0,1.0,1.0,1.0,1.0,0.2562378440187362
bank_marketing,hgb,lime,0,spur,spurious_feature,random,0.08333333333333333,0.0,0.0,0.0,0.0,0.0,12.0,0.0,0.0,0.0,0.03849647628781783
bank_marketing,hgb,lime,0,spur,spurious_feature,permuted,0.125,0.0,0.0,0.0,0.0,1.0,8.0,0.0,0.0,0.0,0.037533299424245575
bank_marketing,hgb,lime,0,spur,spurious_feature,constant,0.058823529411764705,0.0,0.0,0.0,0.0,0.0,17.0,0.0,0.0,0.0,0.058823529411764705
bank_marketing,hgb,lime,0,spur,spurious_feature,oracle,1.0,1.0,0.3333333333333333,0.2,1.0,1.0,1.0,1.0,1.0,1.0,1.0
bank_marketing,hgb,lime,1,spur,spurious_feature,real,1.0,1.0,0.3333333333333333,0.2,1.0,1.0,1.0,1.0,1.0,1.0,0.2640479050034112
bank_marketing,hgb,lime,1,spur,spurious_feature,random,0.09090909090909091,0.0,0.0,0.0,0.0,0.0,11.0,0.0,0.0,0.0,0.04535067883131669
bank_marketing,hgb,lime,1,spur,spurious_feature,permuted,0.2,0.0,0.0,0.2,1.0,1.0,5.0,0.0,0.0,1.0,0.061714135354033674
bank_marketing,hgb,lime,1,spur,spurious_feature,constant,0.058823529411764705,0.0,0.0,0.0,0.0,0.0,17.0,0.0,0.0,0.0,0.058823529411764705
bank_marketing,hgb,lime,1,spur,spurious_feature,oracle,1.0,1.0,0.3333333333333333,0.2,1.0,1.0,1.0,1.0,1.0,1.0,1.0
bank_marketing,hgb,lime,2,spur,spurious_feature,real,1.0,1.0,0.3333333333333333,0.2,1.0,1.0,1.0,1.0,1.0,1.0,0.26561281668035835
bank_marketing,hgb,lime,2,spur,spurious_feature,random,1.0,1.0,0.3333333333333333,0.2,1.0,1.0,1.0,1.0,1.0,1.0,0.12933275597383792
bank_marketing,hgb,lime,2,spur,spurious_feature,permuted,0.3333333333333333,0.0,0.3333333333333333,0.2,1.0,1.0,3.0,0.0,1.0,1.0,0.12863333101368596
bank_marketing,hgb,lime,2,spur,spurious_feature,constant,0.058823529411764705,0.0,0.0,0.0,0.0,0.0,17.0,0.0,0.0,0.0,0.058823529411764705
bank_marketing,hgb,lime,2,spur,spurious_feature,oracle,1.0,1.0,0.3333333333333333,0.2,1.0,1.0,1.0,1.0,1.0,1.0,1.0
bank_marketing,hgb,lime,3,spur,spurious_feature,real,1.0,1.0,0.3333333333333333,0.2,1.0,1.0,1.0,1.0,1.0,1.0,0.27671165310824913
bank_marketing,hgb,lime,3,spur,spurious_feature,random,0.06666666666666667,0.0,0.0,0.0,0.0,0.0,15.0,0.0,0.0,0.0,0.032498497631949265
bank_marketing,hgb,lime,3,spur,spurious_feature,permuted,0.058823529411764705,0.0,0.0,0.0,0.0,0.0,17.0,0.0,0.0,0.0,0.012708254882613552
bank_marketing,hgb,lime,3,spur,spurious_feature,constant,0.058823529411764705,0.0,0.0,0.0,0.0,0.0,17.0,0.0,0.0,0.0,0.058823529411764705
bank_marketing,hgb,lime,3,spur,spurious_feature,oracle,1.0,1.0,0.3333333333333333,0.2,1.0,1.0,1.0,1.0,1.0,1.0,1.0
bank_marketing,hgb,lime,4,spur,spurious_feature,real,1.0,1.0,0.3333333333333333,0.2,1.0,1.0,1.0,1.0,1.0,1.0,0.26933362286086837
bank_marketing,hgb,lime,4,spur,spurious_feature,random,0.1111111111111111,0.0,0.0,0.0,0.0,1.0,9.0,0.0,0.0,0.0,0.05815104604659484
bank_marketing,hgb,lime,4,spur,spurious_feature,permuted,0.058823529411764705,0.0,0.0,0.0,0.0,0.0,17.0,0.0,0.0,0.0,0.010296267600891251
bank_marketing,hgb,lime,4,spur,spurious_feature,constant,0.058823529411764705,0.0,0.0,0.0,0.0,0.0,17.0,0.0,0.0,0.0,0.058823529411764705
bank_marketing,hgb,lime,4,spur,spurious_feature,oracle,1.0,1.0,0.3333333333333333,0.2,1.0,1.0,1.0,1.0,1.0,1.0,1.0
bank_marketing,mlp,ig,0,clean,descriptive_top5,real,0.45820512820512826,1.0,0.3333333333333333,0.4,0.4,0.4,,,,,
bank_marketing,mlp,ig,0,clean,descriptive_top5,random,0.2869230769230769,0.0,0.0,0.0,0.0,0.6,,,,,
bank_marketing,mlp,ig,0,clean,descriptive_top5,permuted,0.5529761904761905,1.0,0.6666666666666666,0.4,0.4,0.6,,,,,
bank_marketing,mlp,ig,0,clean,descriptive_top5,constant,0.3125,1.0,1.0,1.0,1.0,1.0,,,,,
bank_marketing,mlp,ig,0,clean,descriptive_top5,oracle,1.0,1.0,1.0,1.0,1.0,1.0,,,,,
bank_marketing,mlp,ig,1,clean,descriptive_top5,real,0.5105555555555555,1.0,0.3333333333333333,0.4,0.4,0.8,,,,,
bank_marketing,mlp,ig,1,clean,descriptive_top5,random,0.2608946608946609,0.0,0.0,0.0,0.0,0.4,,,,,
bank_marketing,mlp,ig,1,clean,descriptive_top5,permuted,0.6533333333333333,1.0,0.6666666666666666,0.6,0.6,0.8,,,,,
bank_marketing,mlp,ig,1,clean,descriptive_top5,constant,0.3125,1.0,1.0,1.0,1.0,1.0,,,,,
bank_marketing,mlp,ig,1,clean,descriptive_top5,oracle,1.0,1.0,1.0,1.0,1.0,1.0,,,,,
bank_marketing,mlp,ig,2,clean,descriptive_top5,real,0.47333333333333333,1.0,0.3333333333333333,0.4,0.4,0.6,,,,,
bank_marketing,mlp,ig,2,clean,descriptive_top5,random,0.40535714285714286,0.0,0.3333333333333333,0.4,0.4,0.6,,,,,
bank_marketing,mlp,ig,2,clean,descriptive_top5,permuted,0.4578754578754579,0.0,0.3333333333333333,0.4,0.4,0.8,,,,,
bank_marketing,mlp,ig,2,clean,descriptive_top5,constant,0.3125,1.0,1.0,1.0,1.0,1.0,,,,,
bank_marketing,mlp,ig,2,clean,descriptive_top5,oracle,1.0,1.0,1.0,1.0,1.0,1.0,,,,,
bank_marketing,mlp,ig,3,clean,descriptive_top5,real,0.47880952380952385,1.0,0.3333333333333333,0.4,0.4,0.6,,,,,
bank_marketing,mlp,ig,3,clean,descriptive_top5,random,0.2741883116883117,0.0,0.0,0.2,0.2,0.4,,,,,
bank_marketing,mlp,ig,3,clean,descriptive_top5,permuted,0.4712087912087912,0.0,0.3333333333333333,0.4,0.4,0.8,,,,,
bank_marketing,mlp,ig,3,clean,descriptive_top5,constant,0.3125,1.0,1.0,1.0,1.0,1.0,,,,,
bank_marketing,mlp,ig,3,clean,descriptive_top5,oracle,1.0,1.0,1.0,1.0,1.0,1.0,,,,,
bank_marketing,mlp,ig,4,clean,descriptive_top5,real,0.4980952380952381,1.0,0.3333333333333333,0.4,0.4,0.8,,,,,
bank_marketing,mlp,ig,4,clean,descriptive_top5,random,0.45939393939393935,0.0,0.3333333333333333,0.6,0.6,0.6,,,,,
bank_marketing,mlp,ig,4,clean,descriptive_top5,permuted,0.2682051282051282,0.0,0.0,0.2,0.2,0.4,,,,,
bank_marketing,mlp,ig,4,clean,descriptive_top5,constant,0.3125,1.0,1.0,1.0,1.0,1.0,,,,,
bank_marketing,mlp,ig,4,clean,descriptive_top5,oracle,1.0,1.0,1.0,1.0,1.0,1.0,,,,,
bank_marketing,mlp,ig,0,spur,spurious_feature,real,1.0,1.0,0.3333333333333333,0.2,1.0,1.0,1.0,1.0,1.0,1.0,0.36597343684341377
bank_marketing,mlp,ig,0,spur,spurious_feature,random,0.125,0.0,0.0,0.0,0.0,1.0,8.0,0.0,0.0,0.0,0.0631403571050133
bank_marketing,mlp,ig,0,spur,spurious_feature,permuted,0.07692307692307693,0.0,0.0,0.0,0.0,0.0,13.0,0.0,0.0,0.0,0.020670527612667706
bank_marketing,mlp,ig,0,spur,spurious_feature,constant,0.058823529411764705,0.0,0.0,0.0,0.0,0.0,17.0,0.0,0.0,0.0,0.058823529411764705
bank_marketing,mlp,ig,0,spur,spurious_feature,oracle,1.0,1.0,0.3333333333333333,0.2,1.0,1.0,1.0,1.0,1.0,1.0,1.0
bank_marketing,mlp,ig,1,spur,spurious_feature,real,1.0,1.0,0.3333333333333333,0.2,1.0,1.0,1.0,1.0,1.0,1.0,0.38069387250902664
bank_marketing,mlp,ig,1,spur,spurious_feature,random,0.16666666666666666,0.0,0.0,0.0,0.0,1.0,6.0,0.0,0.0,0.0,0.08202283350361647
bank_marketing,mlp,ig,1,spur,spurious_feature,permuted,0.14285714285714285,0.0,0.0,0.0,0.0,1.0,7.0,0.0,0.0,0.0,0.03786261189001074
bank_marketing,mlp,ig,1,spur,spurious_feature,constant,0.058823529411764705,0.0,0.0,0.0,0.0,0.0,17.0,0.0,0.0,0.0,0.058823529411764705
bank_marketing,mlp,ig,1,spur,spurious_feature,oracle,1.0,1.0,0.3333333333333333,0.2,1.0,1.0,1.0,1.0,1.0,1.0,1.0
bank_marketing,mlp,ig,2,spur,spurious_feature,real,1.0,1.0,0.3333333333333333,0.2,1.0,1.0,1.0,1.0,1.0,1.0,0.3460740826501627
bank_marketing,mlp,ig,2,spur,spurious_feature,random,0.2,0.0,0.0,0.2,1.0,1.0,5.0,0.0,0.0,1.0,0.07360601271162884
bank_marketing,mlp,ig,2,spur,spurious_feature,permuted,0.3333333333333333,0.0,0.3333333333333333,0.2,1.0,1.0,3.0,0.0,1.0,1.0,0.08940691371361278
bank_marketing,mlp,ig,2,spur,spurious_feature,constant,0.058823529411764705,0.0,0.0,0.0,0.0,0.0,17.0,0.0,0.0,0.0,0.058823529411764705
bank_marketing,mlp,ig,2,spur,spurious_feature,oracle,1.0,1.0,0.3333333333333333,0.2,1.0,1.0,1.0,1.0,1.0,1.0,1.0
bank_marketing,mlp,ig,3,spur,spurious_feature,real,1.0,1.0,0.3333333333333333,0.2,1.0,1.0,1.0,1.0,1.0,1.0,0.3870656059579567
bank_marketing,mlp,ig,3,spur,spurious_feature,random,0.16666666666666666,0.0,0.0,0.0,0.0,1.0,6.0,0.0,0.0,0.0,0.08759586188395607
bank_marketing,mlp,ig,3,spur,spurious_feature,permuted,0.1111111111111111,0.0,0.0,0.0,0.0,1.0,9.0,0.0,0.0,0.0,0.03179050530721281
bank_marketing,mlp,ig,3,spur,spurious_feature,constant,0.058823529411764705,0.0,0.0,0.0,0.0,0.0,17.0,0.0,0.0,0.0,0.058823529411764705
bank_marketing,mlp,ig,3,spur,spurious_feature,oracle,1.0,1.0,0.3333333333333333,0.2,1.0,1.0,1.0,1.0,1.0,1.0,1.0
bank_marketing,mlp,ig,4,spur,spurious_feature,real,1.0,1.0,0.3333333333333333,0.2,1.0,1.0,1.0,1.0,1.0,1.0,0.3327752373456813
bank_marketing,mlp,ig,4,spur,spurious_feature,random,0.1111111111111111,0.0,0.0,0.0,0.0,1.0,9.0,0.0,0.0,0.0,0.059111402102046955
bank_marketing,mlp,ig,4,spur,spurious_feature,permuted,0.1111111111111111,0.0,0.0,0.0,0.0,1.0,9.0,0.0,0.0,0.0,0.02761021606868954
bank_marketing,mlp,ig,4,spur,spurious_feature,constant,0.058823529411764705,0.0,0.0,0.0,0.0,0.0,17.0,0.0,0.0,0.0,0.058823529411764705
bank_marketing,mlp,ig,4,spur,spurious_feature,oracle,1.0,1.0,0.3333333333333333,0.2,1.0,1.0,1.0,1.0,1.0,1.0,1.0
bank_marketing,mlp,lime,0,clean,descriptive_top5,real,0.389459706959707,1.0,0.3333333333333333,0.2,0.2,0.2,,,,,
bank_marketing,mlp,lime,0,clean,descriptive_top5,random,0.35523809523809524,0.0,0.3333333333333333,0.2,0.2,0.6,,,,,
bank_marketing,mlp,lime,0,clean,descriptive_top5,permuted,0.5615384615384615,1.0,0.6666666666666666,0.4,0.4,0.6,,,,,
bank_marketing,mlp,lime,0,clean,descriptive_top5,constant,0.3125,1.0,1.0,1.0,1.0,1.0,,,,,
bank_marketing,mlp,lime,0,clean,descriptive_top5,oracle,1.0,1.0,1.0,1.0,1.0,1.0,,,,,
bank_marketing,mlp,lime,1,clean,descriptive_top5,real,0.389459706959707,1.0,0.3333333333333333,0.2,0.2,0.2,,,,,
bank_marketing,mlp,lime,1,clean,descriptive_top5,random,0.4797979797979798,0.0,0.3333333333333333,0.4,0.4,0.8,,,,,
bank_marketing,mlp,lime,1,clean,descriptive_top5,permuted,0.6644444444444444,1.0,0.6666666666666666,0.6,0.6,1.0,,,,,
bank_marketing,mlp,lime,1,clean,descriptive_top5,constant,0.3125,1.0,1.0,1.0,1.0,1.0,,,,,
bank_marketing,mlp,lime,1,clean,descriptive_top5,oracle,1.0,1.0,1.0,1.0,1.0,1.0,,,,,
bank_marketing,mlp,lime,2,clean,descriptive_top5,real,0.39202380952380955,1.0,0.3333333333333333,0.2,0.2,0.2,,,,,
bank_marketing,mlp,lime,2,clean,descriptive_top5,random,0.25371212121212117,0.0,0.0,0.0,0.0,0.4,,,,,
bank_marketing,mlp,lime,2,clean,descriptive_top5,permuted,0.601547619047619,1.0,0.6666666666666666,0.4,0.4,0.6,,,,,
bank_marketing,mlp,lime,2,clean,descriptive_top5,constant,0.3125,1.0,1.0,1.0,1.0,1.0,,,,,
bank_marketing,mlp,lime,2,clean,descriptive_top5,oracle,1.0,1.0,1.0,1.0,1.0,1.0,,,,,
bank_marketing,mlp,lime,3,clean,descriptive_top5,real,0.25612637362637364,0.0,0.3333333333333333,0.2,0.2,0.2,,,,,
bank_marketing,mlp,lime,3,clean,descriptive_top5,random,0.6,1.0,0.6666666666666666,0.6,0.6,0.8,,,,,
bank_marketing,mlp,lime,3,clean,descriptive_top5,permuted,0.31297619047619046,0.0,0.3333333333333333,0.2,0.2,0.6,,,,,
bank_marketing,mlp,lime,3,clean,descriptive_top5,constant,0.3125,1.0,1.0,1.0,1.0,1.0,,,,,
bank_marketing,mlp,lime,3,clean,descriptive_top5,oracle,1.0,1.0,1.0,1.0,1.0,1.0,,,,,
bank_marketing,mlp,lime,4,clean,descriptive_top5,real,0.26198717948717953,0.0,0.3333333333333333,0.2,0.2,0.2,,,,,
bank_marketing,mlp,lime,4,clean,descriptive_top5,random,0.43813519813519813,1.0,0.3333333333333333,0.2,0.2,0.4,,,,,
bank_marketing,mlp,lime,4,clean,descriptive_top5,permuted,0.3228479853479853,0.0,0.3333333333333333,0.2,0.2,0.6,,,,,
bank_marketing,mlp,lime,4,clean,descriptive_top5,constant,0.3125,1.0,1.0,1.0,1.0,1.0,,,,,
bank_marketing,mlp,lime,4,clean,descriptive_top5,oracle,1.0,1.0,1.0,1.0,1.0,1.0,,,,,
bank_marketing,mlp,lime,0,spur,spurious_feature,real,1.0,1.0,0.3333333333333333,0.2,1.0,1.0,1.0,1.0,1.0,1.0,0.25852444518993495
bank_marketing,mlp,lime,0,spur,spurious_feature,random,0.5,0.0,0.3333333333333333,0.2,1.0,1.0,2.0,0.0,1.0,1.0,0.09410613973451974
bank_marketing,mlp,lime,0,spur,spurious_feature,permuted,0.16666666666666666,0.0,0.0,0.0,0.0,1.0,6.0,0.0,0.0,0.0,0.05312398127486387
bank_marketing,mlp,lime,0,spur,spurious_feature,constant,0.058823529411764705,0.0,0.0,0.0,0.0,0.0,17.0,0.0,0.0,0.0,0.058823529411764705
bank_marketing,mlp,lime,0,spur,spurious_feature,oracle,1.0,1.0,0.3333333333333333,0.2,1.0,1.0,1.0,1.0,1.0,1.0,1.0
bank_marketing,mlp,lime,1,spur,spurious_feature,real,1.0,1.0,0.3333333333333333,0.2,1.0,1.0,1.0,1.0,1.0,1.0,0.2691591905692925
bank_marketing,mlp,lime,1,spur,spurious_feature,random,0.3333333333333333,0.0,0.3333333333333333,0.2,1.0,1.0,3.0,0.0,1.0,1.0,0.09983547743501459
bank_marketing,mlp,lime,1,spur,spurious_feature,permuted,0.14285714285714285,0.0,0.0,0.0,0.0,1.0,7.0,0.0,0.0,0.0,0.05028135510822557
bank_marketing,mlp,lime,1,spur,spurious_feature,constant,0.058823529411764705,0.0,0.0,0.0,0.0,0.0,17.0,0.0,0.0,0.0,0.058823529411764705
bank_marketing,mlp,lime,1,spur,spurious_feature,oracle,1.0,1.0,0.3333333333333333,0.2,1.0,1.0,1.0,1.0,1.0,1.0,1.0
bank_marketing,mlp,lime,2,spur,spurious_feature,real,1.0,1.0,0.3333333333333333,0.2,1.0,1.0,1.0,1.0,1.0,1.0,0.2531917245377928
bank_marketing,mlp,lime,2,spur,spurious_feature,random,0.14285714285714285,0.0,0.0,0.0,0.0,1.0,7.0,0.0,0.0,0.0,0.07320948188128112
bank_marketing,mlp,lime,2,spur,spurious_feature,permuted,0.09090909090909091,0.0,0.0,0.0,0.0,0.0,11.0,0.0,0.0,0.0,0.02452695976116322
bank_marketing,mlp,lime,2,spur,spurious_feature,constant,0.058823529411764705,0.0,0.0,0.0,0.0,0.0,17.0,0.0,0.0,0.0,0.058823529411764705
bank_marketing,mlp,lime,2,spur,spurious_feature,oracle,1.0,1.0,0.3333333333333333,0.2,1.0,1.0,1.0,1.0,1.0,1.0,1.0
bank_marketing,mlp,lime,3,spur,spurious_feature,real,1.0,1.0,0.3333333333333333,0.2,1.0,1.0,1.0,1.0,1.0,1.0,0.23762723114840129
bank_marketing,mlp,lime,3,spur,spurious_feature,random,0.0625,0.0,0.0,0.0,0.0,0.0,16.0,0.0,0.0,0.0,0.009565190420252032
bank_marketing,mlp,lime,3,spur,spurious_feature,permuted,0.058823529411764705,0.0,0.0,0.0,0.0,0.0,17.0,0.0,0.0,0.0,0.012386184488246294
bank_marketing,mlp,lime,3,spur,spurious_feature,constant,0.058823529411764705,0.0,0.0,0.0,0.0,0.0,17.0,0.0,0.0,0.0,0.058823529411764705
bank_marketing,mlp,lime,3,spur,spurious_feature,oracle,1.0,1.0,0.3333333333333333,0.2,1.0,1.0,1.0,1.0,1.0,1.0,1.0
bank_marketing,mlp,lime,4,spur,spurious_feature,real,1.0,1.0,0.3333333333333333,0.2,1.0,1.0,1.0,1.0,1.0,1.0,0.25269940028818505
bank_marketing,mlp,lime,4,spur,spurious_feature,random,0.058823529411764705,0.0,0.0,0.0,0.0,0.0,17.0,0.0,0.0,0.0,0.016833879827569533
bank_marketing,mlp,lime,4,spur,spurious_feature,permuted,0.3333333333333333,0.0,0.3333333333333333,0.2,1.0,1.0,3.0,0.0,1.0,1.0,0.1323228291271127
bank_marketing,mlp,lime,4,spur,spurious_feature,constant,0.058823529411764705,0.0,0.0,0.0,0.0,0.0,17.0,0.0,0.0,0.0,0.058823529411764705
bank_marketing,mlp,lime,4,spur,spurious_feature,oracle,1.0,1.0,0.3333333333333333,0.2,1.0,1.0,1.0,1.0,1.0,1.0,1.0
bank_marketing,mlp,kshap,0,clean,descriptive_top5,real,0.445021645021645,1.0,0.3333333333333333,0.2,0.2,0.4,,,,,
bank_marketing,mlp,kshap,0,clean,descriptive_top5,random,0.4654761904761905,1.0,0.3333333333333333,0.2,0.2,0.6,,,,,
bank_marketing,mlp,kshap,0,clean,descriptive_top5,permuted,0.4902564102564103,1.0,0.3333333333333333,0.4,0.4,0.6,,,,,
bank_marketing,mlp,kshap,0,clean,descriptive_top5,constant,0.3125,1.0,1.0,1.0,1.0,1.0,,,,,
bank_marketing,mlp,kshap,0,clean,descriptive_top5,oracle,1.0,1.0,1.0,1.0,1.0,1.0,,,,,
bank_marketing,mlp,kshap,1,clean,descriptive_top5,real,0.4608225108225108,1.0,0.3333333333333333,0.2,0.2,0.6,,,,,
bank_marketing,mlp,kshap,1,clean,descriptive_top5,random,0.5755555555555556,1.0,0.3333333333333333,0.6,0.6,0.8,,,,,
bank_marketing,mlp,kshap,1,clean,descriptive_top5,permuted,0.4396717171717172,1.0,0.3333333333333333,0.2,0.2,0.6,,,,,
bank_marketing,mlp,kshap,1,clean,descriptive_top5,constant,0.3125,1.0,1.0,1.0,1.0,1.0,,,,,
bank_marketing,mlp,kshap,1,clean,descriptive_top5,oracle,1.0,1.0,1.0,1.0,1.0,1.0,,,,,
bank_marketing,mlp,kshap,2,clean,descriptive_top5,real,0.4401098901098901,1.0,0.3333333333333333,0.2,0.2,0.4,,,,,
bank_marketing,mlp,kshap,2,clean,descriptive_top5,random,0.3439194139194139,0.0,0.0,0.4,0.4,0.6,,,,,
bank_marketing,mlp,kshap,2,clean,descriptive_top5,permuted,0.2682051282051282,0.0,0.0,0.2,0.2,0.4,,,,,
bank_marketing,mlp,kshap,2,clean,descriptive_top5,constant,0.3125,1.0,1.0,1.0,1.0,1.0,,,,,
bank_marketing,mlp,kshap,2,clean,descriptive_top5,oracle,1.0,1.0,1.0,1.0,1.0,1.0,,,,,
bank_marketing,mlp,kshap,3,clean,descriptive_top5,real,0.4497835497835498,1.0,0.3333333333333333,0.2,0.2,0.4,,,,,
bank_marketing,mlp,kshap,3,clean,descriptive_top5,random,0.6658333333333334,1.0,0.6666666666666666,0.6,0.6,0.6,,,,,
bank_marketing,mlp,kshap,3,clean,descriptive_top5,permuted,0.24869047619047618,0.0,0.0,0.2,0.2,0.4,,,,,
bank_marketing,mlp,kshap,3,clean,descriptive_top5,constant,0.3125,1.0,1.0,1.0,1.0,1.0,,,,,
bank_marketing,mlp,kshap,3,clean,descriptive_top5,oracle,1.0,1.0,1.0,1.0,1.0,1.0,,,,,
bank_marketing,mlp,kshap,4,clean,descriptive_top5,real,0.49246031746031743,1.0,0.3333333333333333,0.2,0.2,0.8,,,,,
bank_marketing,mlp,kshap,4,clean,descriptive_top5,random,0.2715384615384615,0.0,0.0,0.0,0.0,0.6,,,,,
bank_marketing,mlp,kshap,4,clean,descriptive_top5,permuted,0.2682051282051282,0.0,0.0,0.2,0.2,0.4,,,,,
bank_marketing,mlp,kshap,4,clean,descriptive_top5,constant,0.3125,1.0,1.0,1.0,1.0,1.0,,,,,
bank_marketing,mlp,kshap,4,clean,descriptive_top5,oracle,1.0,1.0,1.0,1.0,1.0,1.0,,,,,
ccdefault,logreg,linshap,0,clean,descriptive_top5,real,0.3048841354723708,0.0,0.0,0.2,0.2,0.6,,,,,
ccdefault,logreg,linshap,0,clean,descriptive_top5,random,0.6875598086124401,1.0,1.0,0.6,0.6,0.6,,,,,
ccdefault,logreg,linshap,0,clean,descriptive_top5,permuted,0.23437761069340018,0.0,0.0,0.2,0.2,0.4,,,,,
ccdefault,logreg,linshap,0,clean,descriptive_top5,constant,0.21739130434782608,1.0,1.0,1.0,1.0,1.0,,,,,
ccdefault,logreg,linshap,0,clean,descriptive_top5,oracle,1.0,1.0,1.0,1.0,1.0,1.0,,,,,
ccdefault,logreg,linshap,1,clean,descriptive_top5,real,0.3048841354723708,0.0,0.0,0.2,0.2,0.6,,,,,
ccdefault,logreg,linshap,1,clean,descriptive_top5,random,0.22002426388615648,0.0,0.0,0.0,0.0,0.4,,,,,
ccdefault,logreg,linshap,1,clean,descriptive_top5,permuted,0.2021772345301757,0.0,0.0,0.0,0.0,0.4,,,,,
ccdefault,logreg,linshap,1,clean,descriptive_top5,constant,0.21739130434782608,1.0,1.0,1.0,1.0,1.0,,,,,
ccdefault,logreg,linshap,1,clean,descriptive_top5,oracle,1.0,1.0,1.0,1.0,1.0,1.0,,,,,
ccdefault,logreg,linshap,2,clean,descriptive_top5,real,0.3048841354723708,0.0,0.0,0.2,0.2,0.6,,,,,
ccdefault,logreg,linshap,2,clean,descriptive_top5,random,0.4168115942028985,0.0,0.3333333333333333,0.6,0.6,0.6,,,,,
ccdefault,logreg,linshap,2,clean,descriptive_top5,permuted,0.24423585702223471,0.0,0.0,0.2,0.2,0.4,,,,,
ccdefault,logreg,linshap,2,clean,descriptive_top5,constant,0.21739130434782608,1.0,1.0,1.0,1.0,1.0,,,,,
ccdefault,logreg,linshap,2,clean,descriptive_top5,oracle,1.0,1.0,1.0,1.0,1.0,1.0,,,,,
ccdefault,logreg,linshap,3,clean,descriptive_top5,real,0.3048841354723708,0.0,0.0,0.2,0.2,0.6,,,,,
ccdefault,logreg,linshap,3,clean,descriptive_top5,random,0.45487179487179485,1.0,0.3333333333333333,0.2,0.2,0.6,,,,,
ccdefault,logreg,linshap,3,clean,descriptive_top5,permuted,0.21695970695970695,0.0,0.0,0.2,0.2,0.2,,,,,
ccdefault,logreg,linshap,3,clean,descriptive_top5,constant,0.21739130434782608,1.0,1.0,1.0,1.0,1.0,,,,,
ccdefault,logreg,linshap,3,clean,descriptive_top5,oracle,1.0,1.0,1.0,1.0,1.0,1.0,,,,,
ccdefault,logreg,linshap,4,clean,descriptive_top5,real,0.3048841354723708,0.0,0.0,0.2,0.2,0.6,,,,,
ccdefault,logreg,linshap,4,clean,descriptive_top5,random,0.20080808080808082,0.0,0.0,0.0,0.0,0.2,,,,,
ccdefault,logreg,linshap,4,clean,descriptive_top5,permuted,0.19346889952153112,0.0,0.0,0.0,0.0,0.2,,,,,
ccdefault,logreg,linshap,4,clean,descriptive_top5,constant,0.21739130434782608,1.0,1.0,1.0,1.0,1.0,,,,,
ccdefault,logreg,linshap,4,clean,descriptive_top5,oracle,1.0,1.0,1.0,1.0,1.0,1.0,,,,,
ccdefault,logreg,linshap,0,spur,spurious_feature,real,1.0,1.0,0.3333333333333333,0.2,1.0,1.0,1.0,1.0,1.0,1.0,0.6417565905182926
ccdefault,logreg,linshap,0,spur,spurious_feature,random,1.0,1.0,0.3333333333333333,0.2,1.0,1.0,1.0,1.0,1.0,1.0,0.07626359931373015
ccdefault,logreg,linshap,0,spur,spurious_feature,permuted,0.1,0.0,0.0,0.0,0.0,1.0,10.0,0.0,0.0,0.0,0.015366420951913633
ccdefault,logreg,linshap,0,spur,spurious_feature,constant,0.041666666666666664,0.0,0.0,0.0,0.0,0.0,24.0,0.0,0.0,0.0,0.041666666666666664
ccdefault,logreg,linshap,0,spur,spurious_feature,oracle,1.0,1.0,0.3333333333333333,0.2,1.0,1.0,1.0,1.0,1.0,1.0,1.0
ccdefault,logreg,linshap,1,spur,spurious_feature,real,1.0,1.0,0.3333333333333333,0.2,1.0,1.0,1.0,1.0,1.0,1.0,0.6417565905182926
ccdefault,logreg,linshap,1,spur,spurious_feature,random,0.09090909090909091,0.0,0.0,0.0,0.0,0.0,11.0,0.0,0.0,0.0,0.04625052310671193
ccdefault,logreg,linshap,1,spur,spurious_feature,permuted,0.0625,0.0,0.0,0.0,0.0,0.0,16.0,0.0,0.0,0.0,0.006829074474513581
ccdefault,logreg,linshap,1,spur,spurious_feature,constant,0.041666666666666664,0.0,0.0,0.0,0.0,0.0,24.0,0.0,0.0,0.0,0.041666666666666664
ccdefault,logreg,linshap,1,spur,spurious_feature,oracle,1.0,1.0,0.3333333333333333,0.2,1.0,1.0,1.0,1.0,1.0,1.0,1.0
ccdefault,logreg,linshap,2,spur,spurious_feature,real,1.0,1.0,0.3333333333333333,0.2,1.0,1.0,1.0,1.0,1.0,1.0,0.6417565905182926
ccdefault,logreg,linshap,2,spur,spurious_feature,random,0.3333333333333333,0.0,0.3333333333333333,0.2,1.0,1.0,3.0,0.0,1.0,1.0,0.07506396073251578
ccdefault,logreg,linshap,2,spur,spurious_feature,permuted,0.045454545454545456,0.0,0.0,0.0,0.0,0.0,22.0,0.0,0.0,0.0,0.0013768908932592506
ccdefault,logreg,linshap,2,spur,spurious_feature,constant,0.041666666666666664,0.0,0.0,0.0,0.0,0.0,24.0,0.0,0.0,0.0,0.041666666666666664
ccdefault,logreg,linshap,2,spur,spurious_feature,oracle,1.0,1.0,0.3333333333333333,0.2,1.0,1.0,1.0,1.0,1.0,1.0,1.0
ccdefault,logreg,linshap,3,spur,spurious_feature,real,1.0,1.0,0.3333333333333333,0.2,1.0,1.0,1.0,1.0,1.0,1.0,0.6417565905182926
ccdefault,logreg,linshap,3,spur,spurious_feature,random,0.043478260869565216,0.0,0.0,0.0,0.0,0.0,23.0,0.0,0.0,0.0,0.002007227338649663
ccdefault,logreg,linshap,3,spur,spurious_feature,permuted,0.5,0.0,0.3333333333333333,0.2,1.0,1.0,2.0,0.0,1.0,1.0,0.05961089667394595
ccdefault,logreg,linshap,3,spur,spurious_feature,constant,0.041666666666666664,0.0,0.0,0.0,0.0,0.0,24.0,0.0,0.0,0.0,0.041666666666666664
ccdefault,logreg,linshap,3,spur,spurious_feature,oracle,1.0,1.0,0.3333333333333333,0.2,1.0,1.0,1.0,1.0,1.0,1.0,1.0
ccdefault,logreg,linshap,4,spur,spurious_feature,real,1.0,1.0,0.3333333333333333,0.2,1.0,1.0,1.0,1.0,1.0,1.0,0.6417565905182926
ccdefault,logreg,linshap,4,spur,spurious_feature,random,0.3333333333333333,0.0,0.3333333333333333,0.2,1.0,1.0,3.0,0.0,1.0,1.0,0.095902113550381
ccdefault,logreg,linshap,4,spur,spurious_feature,permuted,0.09090909090909091,0.0,0.0,0.0,0.0,0.0,11.0,0.0,0.0,0.0,0.013680700384023239
ccdefault,logreg,linshap,4,spur,spurious_feature,constant,0.041666666666666664,0.0,0.0,0.0,0.0,0.0,24.0,0.0,0.0,0.0,0.041666666666666664
ccdefault,logreg,linshap,4,spur,spurious_feature,oracle,1.0,1.0,0.3333333333333333,0.2,1.0,1.0,1.0,1.0,1.0,1.0,1.0
ccdefault,logreg,lime,0,clean,descriptive_top5,real,0.2551665725578769,0.0,0.0,0.2,0.2,0.4,,,,,
ccdefault,logreg,lime,0,clean,descriptive_top5,random,0.3373717948717949,0.0,0.3333333333333333,0.4,0.4,0.6,,,,,
ccdefault,logreg,lime,0,clean,descriptive_top5,permuted,0.3707798481711525,1.0,0.3333333333333333,0.2,0.2,0.4,,,,,
ccdefault,logreg,lime,0,clean,descriptive_top5,constant,0.21739130434782608,1.0,1.0,1.0,1.0,1.0,,,,,
ccdefault,logreg,lime,0,clean,descriptive_top5,oracle,1.0,1.0,1.0,1.0,1.0,1.0,,,,,
ccdefault,logreg,lime,1,clean,descriptive_top5,real,0.26724386724386723,0.0,0.0,0.2,0.2,0.4,,,,,
ccdefault,logreg,lime,1,clean,descriptive_top5,random,0.3526315789473684,0.0,0.3333333333333333,0.4,0.4,0.6,,,,,
ccdefault,logreg,lime,1,clean,descriptive_top5,permuted,0.23113275613275613,0.0,0.0,0.0,0.0,0.4,,,,,
ccdefault,logreg,lime,1,clean,descriptive_top5,constant,0.21739130434782608,1.0,1.0,1.0,1.0,1.0,,,,,
ccdefault,logreg,lime,1,clean,descriptive_top5,oracle,1.0,1.0,1.0,1.0,1.0,1.0,,,,,
ccdefault,logreg,lime,2,clean,descriptive_top5,real,0.28830613830613827,0.0,0.0,0.2,0.2,0.4,,,,,
ccdefault,logreg,lime,2,clean,descriptive_top5,random,0.2780112044817927,0.0,0.3333333333333333,0.2,0.2,0.4,,,,,
ccdefault,logreg,lime,2,clean,descriptive_top5,permuted,0.32973856209150326,0.0,0.3333333333333333,0.4,0.4,0.4,,,,,
ccdefault,logreg,lime,2,clean,descriptive_top5,constant,0.21739130434782608,1.0,1.0,1.0,1.0,1.0,,,,,
ccdefault,logreg,lime,2,clean,descriptive_top5,oracle,1.0,1.0,1.0,1.0,1.0,1.0,,,,,
ccdefault,logreg,lime,3,clean,descriptive_top5,real,0.23875124875124878,0.0,0.0,0.2,0.2,0.4,,,,,
ccdefault,logreg,lime,3,clean,descriptive_top5,random,0.5251948051948051,0.0,0.3333333333333333,0.6,0.6,0.8,,,,,
ccdefault,logreg,lime,3,clean,descriptive_top5,permuted,0.4498989898989899,1.0,0.3333333333333333,0.4,0.4,0.6,,,,,
ccdefault,logreg,lime,3,clean,descriptive_top5,constant,0.21739130434782608,1.0,1.0,1.0,1.0,1.0,,,,,
ccdefault,logreg,lime,3,clean,descriptive_top5,oracle,1.0,1.0,1.0,1.0,1.0,1.0,,,,,
ccdefault,logreg,lime,4,clean,descriptive_top5,real,0.22497835497835494,0.0,0.0,0.0,0.0,0.4,,,,,
ccdefault,logreg,lime,4,clean,descriptive_top5,random,0.44291803677992936,1.0,0.3333333333333333,0.2,0.2,0.6,,,,,
ccdefault,logreg,lime,4,clean,descriptive_top5,permuted,0.2976190476190476,0.0,0.3333333333333333,0.2,0.2,0.6,,,,,
ccdefault,logreg,lime,4,clean,descriptive_top5,constant,0.21739130434782608,1.0,1.0,1.0,1.0,1.0,,,,,
ccdefault,logreg,lime,4,clean,descriptive_top5,oracle,1.0,1.0,1.0,1.0,1.0,1.0,,,,,
ccdefault,logreg,lime,0,spur,spurious_feature,real,1.0,1.0,0.3333333333333333,0.2,1.0,1.0,1.0,1.0,1.0,1.0,0.48965165615780926
ccdefault,logreg,lime,0,spur,spurious_feature,random,0.125,0.0,0.0,0.0,0.0,1.0,8.0,0.0,0.0,0.0,0.059341375889239184
ccdefault,logreg,lime,0,spur,spurious_feature,permuted,0.05555555555555555,0.0,0.0,0.0,0.0,0.0,18.0,0.0,0.0,0.0,0.020274278442547207
ccdefault,logreg,lime,0,spur,spurious_feature,constant,0.041666666666666664,0.0,0.0,0.0,0.0,0.0,24.0,0.0,0.0,0.0,0.041666666666666664
ccdefault,logreg,lime,0,spur,spurious_feature,oracle,1.0,1.0,0.3333333333333333,0.2,1.0,1.0,1.0,1.0,1.0,1.0,1.0
ccdefault,logreg,lime,1,spur,spurious_feature,real,1.0,1.0,0.3333333333333333,0.2,1.0,1.0,1.0,1.0,1.0,1.0,0.5003855150516547
ccdefault,logreg,lime,1,spur,spurious_feature,random,0.041666666666666664,0.0,0.0,0.0,0.0,0.0,24.0,0.0,0.0,0.0,0.001449935019705665
ccdefault,logreg,lime,1,spur,spurious_feature,permuted,0.07142857142857142,0.0,0.0,0.0,0.0,0.0,14.0,0.0,0.0,0.0,0.02145368616823788
ccdefault,logreg,lime,1,spur,spurious_feature,constant,0.041666666666666664,0.0,0.0,0.0,0.0,0.0,24.0,0.0,0.0,0.0,0.041666666666666664
ccdefault,logreg,lime,1,spur,spurious_feature,oracle,1.0,1.0,0.3333333333333333,0.2,1.0,1.0,1.0,1.0,1.0,1.0,1.0
ccdefault,logreg,lime,2,spur,spurious_feature,real,1.0,1.0,0.3333333333333333,0.2,1.0,1.0,1.0,1.0,1.0,1.0,0.4966878515257214
ccdefault,logreg,lime,2,spur,spurious_feature,random,0.041666666666666664,0.0,0.0,0.0,0.0,0.0,24.0,0.0,0.0,0.0,0.00013002619742488118
ccdefault,logreg,lime,2,spur,spurious_feature,permuted,0.05555555555555555,0.0,0.0,0.0,0.0,0.0,18.0,0.0,0.0,0.0,0.020138955106751514
ccdefault,logreg,lime,2,spur,spurious_feature,constant,0.041666666666666664,0.0,0.0,0.0,0.0,0.0,24.0,0.0,0.0,0.0,0.041666666666666664
ccdefault,logreg,lime,2,spur,spurious_feature,oracle,1.0,1.0,0.3333333333333333,0.2,1.0,1.0,1.0,1.0,1.0,1.0,1.0
ccdefault,logreg,lime,3,spur,spurious_feature,real,1.0,1.0,0.3333333333333333,0.2,1.0,1.0,1.0,1.0,1.0,1.0,0.5192271732629252
ccdefault,logreg,lime,3,spur,spurious_feature,random,0.08333333333333333,0.0,0.0,0.0,0.0,0.0,12.0,0.0,0.0,0.0,0.04775972362431489
ccdefault,logreg,lime,3,spur,spurious_feature,permuted,0.07692307692307693,0.0,0.0,0.0,0.0,0.0,13.0,0.0,0.0,0.0,0.02057214958939949
ccdefault,logreg,lime,3,spur,spurious_feature,constant,0.041666666666666664,0.0,0.0,0.0,0.0,0.0,24.0,0.0,0.0,0.0,0.041666666666666664
ccdefault,logreg,lime,3,spur,spurious_feature,oracle,1.0,1.0,0.3333333333333333,0.2,1.0,1.0,1.0,1.0,1.0,1.0,1.0
ccdefault,logreg,lime,4,spur,spurious_feature,real,1.0,1.0,0.3333333333333333,0.2,1.0,1.0,1.0,1.0,1.0,1.0,0.49270963714523014
ccdefault,logreg,lime,4,spur,spurious_feature,random,0.08333333333333333,0.0,0.0,0.0,0.0,0.0,12.0,0.0,0.0,0.0,0.04931598732022704
ccdefault,logreg,lime,4,spur,spurious_feature,permuted,0.06666666666666667,0.0,0.0,0.0,0.0,0.0,15.0,0.0,0.0,0.0,0.020446226775351014
ccdefault,logreg,lime,4,spur,spurious_feature,constant,0.041666666666666664,0.0,0.0,0.0,0.0,0.0,24.0,0.0,0.0,0.0,0.041666666666666664
ccdefault,logreg,lime,4,spur,spurious_feature,oracle,1.0,1.0,0.3333333333333333,0.2,1.0,1.0,1.0,1.0,1.0,1.0,1.0
ccdefault,rf,treeshap,0,clean,descriptive_top5,real,0.19730221469351905,0.0,0.3333333333333333,0.2,0.2,0.2,,,,,
ccdefault,rf,treeshap,0,clean,descriptive_top5,random,0.2727272727272727,0.0,0.0,0.2,0.2,0.6,,,,,
ccdefault,rf,treeshap,0,clean,descriptive_top5,permuted,0.38558352402746,0.0,0.6666666666666666,0.4,0.4,0.6,,,,,
ccdefault,rf,treeshap,0,clean,descriptive_top5,constant,0.21739130434782608,1.0,1.0,1.0,1.0,1.0,,,,,
ccdefault,rf,treeshap,0,clean,descriptive_top5,oracle,1.0,1.0,1.0,1.0,1.0,1.0,,,,,
ccdefault,rf,treeshap,1,clean,descriptive_top5,real,0.19613262405024418,0.0,0.3333333333333333,0.2,0.2,0.2,,,,,
ccdefault,rf,treeshap,1,clean,descriptive_top5,random,0.1687080018887799,0.0,0.0,0.0,0.0,0.2,,,,,
ccdefault,rf,treeshap,1,clean,descriptive_top5,permuted,0.23741532976827096,0.0,0.3333333333333333,0.2,0.2,0.4,,,,,
ccdefault,rf,treeshap,1,clean,descriptive_top5,constant,0.21739130434782608,1.0,1.0,1.0,1.0,1.0,,,,,
ccdefault,rf,treeshap,1,clean,descriptive_top5,oracle,1.0,1.0,1.0,1.0,1.0,1.0,,,,,
ccdefault,rf,treeshap,2,clean,descriptive_top5,real,0.1794659573835775,0.0,0.0,0.2,0.2,0.2,,,,,
ccdefault,rf,treeshap,2,clean,descriptive_top5,random,0.318328664799253,0.0,0.0,0.4,0.4,0.6,,,,,
ccdefault,rf,treeshap,2,clean,descriptive_top5,permuted,0.5692982456140351,1.0,0.6666666666666666,0.4,0.4,0.6,,,,,
ccdefault,rf,treeshap,2,clean,descriptive_top5,constant,0.21739130434782608,1.0,1.0,1.0,1.0,1.0,,,,,
ccdefault,rf,treeshap,2,clean,descriptive_top5,oracle,1.0,1.0,1.0,1.0,1.0,1.0,,,,,
ccdefault,rf,treeshap,3,clean,descriptive_top5,real,0.20007999247129682,0.0,0.3333333333333333,0.2,0.2,0.2,,,,,
ccdefault,rf,treeshap,3,clean,descriptive_top5,random,0.4494569757727652,1.0,0.3333333333333333,0.2,0.2,0.6,,,,,
ccdefault,rf,treeshap,3,clean,descriptive_top5,permuted,0.22981911299989105,0.0,0.3333333333333333,0.2,0.2,0.4,,,,,
ccdefault,rf,treeshap,3,clean,descriptive_top5,constant,0.21739130434782608,1.0,1.0,1.0,1.0,1.0,,,,,
ccdefault,rf,treeshap,3,clean,descriptive_top5,oracle,1.0,1.0,1.0,1.0,1.0,1.0,,,,,
ccdefault,rf,treeshap,4,clean,descriptive_top5,real,0.1794659573835775,0.0,0.0,0.2,0.2,0.2,,,,,
ccdefault,rf,treeshap,4,clean,descriptive_top5,random,0.22968253968253965,0.0,0.3333333333333333,0.2,0.2,0.2,,,,,
ccdefault,rf,treeshap,4,clean,descriptive_top5,permuted,0.32374269005847955,0.0,0.3333333333333333,0.2,0.2,0.6,,,,,
ccdefault,rf,treeshap,4,clean,descriptive_top5,constant,0.21739130434782608,1.0,1.0,1.0,1.0,1.0,,,,,
ccdefault,rf,treeshap,4,clean,descriptive_top5,oracle,1.0,1.0,1.0,1.0,1.0,1.0,,,,,
ccdefault,rf,treeshap,0,spur,spurious_feature,real,1.0,1.0,0.3333333333333333,0.2,1.0,1.0,1.0,1.0,1.0,1.0,0.6209169167386183
ccdefault,rf,treeshap,0,spur,spurious_feature,random,0.07692307692307693,0.0,0.0,0.0,0.0,0.0,13.0,0.0,0.0,0.0,0.04154126114997117
ccdefault,rf,treeshap,0,spur,spurious_feature,permuted,0.07692307692307693,0.0,0.0,0.0,0.0,0.0,13.0,0.0,0.0,0.0,0.010585094160662722
ccdefault,rf,treeshap,0,spur,spurious_feature,constant,0.041666666666666664,0.0,0.0,0.0,0.0,0.0,24.0,0.0,0.0,0.0,0.041666666666666664
ccdefault,rf,treeshap,0,spur,spurious_feature,oracle,1.0,1.0,0.3333333333333333,0.2,1.0,1.0,1.0,1.0,1.0,1.0,1.0
ccdefault,rf,treeshap,1,spur,spurious_feature,real,1.0,1.0,0.3333333333333333,0.2,1.0,1.0,1.0,1.0,1.0,1.0,0.6135006276429719
ccdefault,rf,treeshap,1,spur,spurious_feature,random,0.043478260869565216,0.0,0.0,0.0,0.0,0.0,23.0,0.0,0.0,0.0,0.0038256957061463333
ccdefault,rf,treeshap,1,spur,spurious_feature,permuted,0.14285714285714285,0.0,0.0,0.0,0.0,1.0,7.0,0.0,0.0,0.0,0.019952905216353577
ccdefault,rf,treeshap,1,spur,spurious_feature,constant,0.041666666666666664,0.0,0.0,0.0,0.0,0.0,24.0,0.0,0.0,0.0,0.041666666666666664
ccdefault,rf,treeshap,1,spur,spurious_feature,oracle,1.0,1.0,0.3333333333333333,0.2,1.0,1.0,1.0,1.0,1.0,1.0,1.0
ccdefault,rf,treeshap,2,spur,spurious_feature,real,1.0,1.0,0.3333333333333333,0.2,1.0,1.0,1.0,1.0,1.0,1.0,0.5957228316805714
ccdefault,rf,treeshap,2,spur,spurious_feature,random,0.09090909090909091,0.0,0.0,0.0,0.0,0.0,11.0,0.0,0.0,0.0,0.0499501769222405
ccdefault,rf,treeshap,2,spur,spurious_feature,permuted,0.16666666666666666,0.0,0.0,0.0,0.0,1.0,6.0,0.0,0.0,0.0,0.02529483944167556
ccdefault,rf,treeshap,2,spur,spurious_feature,constant,0.041666666666666664,0.0,0.0,0.0,0.0,0.0,24.0,0.0,0.0,0.0,0.041666666666666664
ccdefault,rf,treeshap,2,spur,spurious_feature,oracle,1.0,1.0,0.3333333333333333,0.2,1.0,1.0,1.0,1.0,1.0,1.0,1.0
ccdefault,rf,treeshap,3,spur,spurious_feature,real,1.0,1.0,0.3333333333333333,0.2,1.0,1.0,1.0,1.0,1.0,1.0,0.6093082259580758
ccdefault,rf,treeshap,3,spur,spurious_feature,random,0.25,0.0,0.0,0.2,1.0,1.0,4.0,0.0,0.0,1.0,0.06266962257527042
ccdefault,rf,treeshap,3,spur,spurious_feature,permuted,0.058823529411764705,0.0,0.0,0.0,0.0,0.0,17.0,0.0,0.0,0.0,0.006041841632744353
ccdefault,rf,treeshap,3,spur,spurious_feature,constant,0.041666666666666664,0.0,0.0,0.0,0.0,0.0,24.0,0.0,0.0,0.0,0.041666666666666664
ccdefault,rf,treeshap,3,spur,spurious_feature,oracle,1.0,1.0,0.3333333333333333,0.2,1.0,1.0,1.0,1.0,1.0,1.0,1.0
ccdefault,rf,treeshap,4,spur,spurious_feature,real,1.0,1.0,0.3333333333333333,0.2,1.0,1.0,1.0,1.0,1.0,1.0,0.6213383185953072
ccdefault,rf,treeshap,4,spur,spurious_feature,random,0.14285714285714285,0.0,0.0,0.0,0.0,1.0,7.0,0.0,0.0,0.0,0.05596717113257169
ccdefault,rf,treeshap,4,spur,spurious_feature,permuted,0.041666666666666664,0.0,0.0,0.0,0.0,0.0,24.0,0.0,0.0,0.0,0.0014347530314530307
ccdefault,rf,treeshap,4,spur,spurious_feature,constant,0.041666666666666664,0.0,0.0,0.0,0.0,0.0,24.0,0.0,0.0,0.0,0.041666666666666664
ccdefault,rf,treeshap,4,spur,spurious_feature,oracle,1.0,1.0,0.3333333333333333,0.2,1.0,1.0,1.0,1.0,1.0,1.0,1.0
ccdefault,rf,lime,0,clean,descriptive_top5,real,0.2003097334905115,0.0,0.3333333333333333,0.2,0.2,0.2,,,,,
ccdefault,rf,lime,0,clean,descriptive_top5,random,0.4382051282051282,1.0,0.3333333333333333,0.2,0.2,0.6,,,,,
ccdefault,rf,lime,0,clean,descriptive_top5,permuted,0.46252587991718425,1.0,0.3333333333333333,0.2,0.2,0.6,,,,,
ccdefault,rf,lime,0,clean,descriptive_top5,constant,0.21739130434782608,1.0,1.0,1.0,1.0,1.0,,,,,
ccdefault,rf,lime,0,clean,descriptive_top5,oracle,1.0,1.0,1.0,1.0,1.0,1.0,,,,,
ccdefault,rf,lime,1,clean,descriptive_top5,real,0.21315244633322433,0.0,0.3333333333333333,0.2,0.2,0.2,,,,,
ccdefault,rf,lime,1,clean,descriptive_top5,random,0.20208458208458208,0.0,0.0,0.0,0.0,0.2,,,,,
ccdefault,rf,lime,1,clean,descriptive_top5,permuted,0.5787301587301587,0.0,0.6666666666666666,0.6,0.6,1.0,,,,,
ccdefault,rf,lime,1,clean,descriptive_top5,constant,0.21739130434782608,1.0,1.0,1.0,1.0,1.0,,,,,
ccdefault,rf,lime,1,clean,descriptive_top5,oracle,1.0,1.0,1.0,1.0,1.0,1.0,,,,,
ccdefault,rf,lime,2,clean,descriptive_top5,real,0.22327517963707222,0.0,0.3333333333333333,0.2,0.2,0.2,,,,,
ccdefault,rf,lime,2,clean,descriptive_top5,random,0.2903787878787879,0.0,0.0,0.2,0.2,0.4,,,,,
ccdefault,rf,lime,2,clean,descriptive_top5,permuted,0.2265951439864483,0.0,0.0,0.0,0.0,0.4,,,,,
ccdefault,rf,lime,2,clean,descriptive_top5,constant,0.21739130434782608,1.0,1.0,1.0,1.0,1.0,,,,,
ccdefault,rf,lime,2,clean,descriptive_top5,oracle,1.0,1.0,1.0,1.0,1.0,1.0,,,,,
ccdefault,rf,lime,3,clean,descriptive_top5,real,0.1987307861220905,0.0,0.3333333333333333,0.2,0.2,0.2,,,,,
ccdefault,rf,lime,3,clean,descriptive_top5,random,0.5476190476190477,1.0,0.6666666666666666,0.4,0.4,0.6,,,,,
ccdefault,rf,lime,3,clean,descriptive_top5,permuted,0.5222222222222221,0.0,0.6666666666666666,0.4,0.4,1.0,,,,,
ccdefault,rf,lime,3,clean,descriptive_top5,constant,0.21739130434782608,1.0,1.0,1.0,1.0,1.0,,,,,
ccdefault,rf,lime,3,clean,descriptive_top5,oracle,1.0,1.0,1.0,1.0,1.0,1.0,,,,,
ccdefault,rf,lime,4,clean,descriptive_top5,real,0.1931752305665349,0.0,0.0,0.2,0.2,0.2,,,,,
ccdefault,rf,lime,4,clean,descriptive_top5,random,0.1901931075460487,0.0,0.0,0.0,0.0,0.4,,,,,
ccdefault,rf,lime,4,clean,descriptive_top5,permuted,0.4450167224080268,1.0,0.3333333333333333,0.4,0.4,0.6,,,,,
ccdefault,rf,lime,4,clean,descriptive_top5,constant,0.21739130434782608,1.0,1.0,1.0,1.0,1.0,,,,,
ccdefault,rf,lime,4,clean,descriptive_top5,oracle,1.0,1.0,1.0,1.0,1.0,1.0,,,,,
ccdefault,rf,lime,0,spur,spurious_feature,real,1.0,1.0,0.3333333333333333,0.2,1.0,1.0,1.0,1.0,1.0,1.0,0.4887144939682244
ccdefault,rf,lime,0,spur,spurious_feature,random,0.07142857142857142,0.0,0.0,0.0,0.0,0.0,14.0,0.0,0.0,0.0,0.03456960983376812
ccdefault,rf,lime,0,spur,spurious_feature,permuted,0.0625,0.0,0.0,0.0,0.0,0.0,16.0,0.0,0.0,0.0,0.019137446079793678
ccdefault,rf,lime,0,spur,spurious_feature,constant,0.041666666666666664,0.0,0.0,0.0,0.0,0.0,24.0,0.0,0.0,0.0,0.041666666666666664
ccdefault,rf,lime,0,spur,spurious_feature,oracle,1.0,1.0,0.3333333333333333,0.2,1.0,1.0,1.0,1.0,1.0,1.0,1.0
ccdefault,rf,lime,1,spur,spurious_feature,real,1.0,1.0,0.3333333333333333,0.2,1.0,1.0,1.0,1.0,1.0,1.0,0.4850528642412229
ccdefault,rf,lime,1,spur,spurious_feature,random,0.09090909090909091,0.0,0.0,0.0,0.0,0.0,11.0,0.0,0.0,0.0,0.0409643726142117
ccdefault,rf,lime,1,spur,spurious_feature,permuted,0.25,0.0,0.0,0.2,1.0,1.0,4.0,0.0,0.0,1.0,0.028473793362071932
ccdefault,rf,lime,1,spur,spurious_feature,constant,0.041666666666666664,0.0,0.0,0.0,0.0,0.0,24.0,0.0,0.0,0.0,0.041666666666666664
ccdefault,rf,lime,1,spur,spurious_feature,oracle,1.0,1.0,0.3333333333333333,0.2,1.0,1.0,1.0,1.0,1.0,1.0,1.0
ccdefault,rf,lime,2,spur,spurious_feature,real,1.0,1.0,0.3333333333333333,0.2,1.0,1.0,1.0,1.0,1.0,1.0,0.4831447815313894
ccdefault,rf,lime,2,spur,spurious_feature,random,0.07692307692307693,0.0,0.0,0.0,0.0,0.0,13.0,0.0,0.0,0.0,0.043217659345075224
ccdefault,rf,lime,2,spur,spurious_feature,permuted,0.16666666666666666,0.0,0.0,0.0,0.0,1.0,6.0,0.0,0.0,0.0,0.023619461935209436
ccdefault,rf,lime,2,spur,spurious_feature,constant,0.041666666666666664,0.0,0.0,0.0,0.0,0.0,24.0,0.0,0.0,0.0,0.041666666666666664
ccdefault,rf,lime,2,spur,spurious_feature,oracle,1.0,1.0,0.3333333333333333,0.2,1.0,1.0,1.0,1.0,1.0,1.0,1.0
ccdefault,rf,lime,3,spur,spurious_feature,real,1.0,1.0,0.3333333333333333,0.2,1.0,1.0,1.0,1.0,1.0,1.0,0.5078199072791164
ccdefault,rf,lime,3,spur,spurious_feature,random,0.07142857142857142,0.0,0.0,0.0,0.0,0.0,14.0,0.0,0.0,0.0,0.04105943898097766
ccdefault,rf,lime,3,spur,spurious_feature,permuted,0.043478260869565216,0.0,0.0,0.0,0.0,0.0,23.0,0.0,0.0,0.0,0.013900103493118408
ccdefault,rf,lime,3,spur,spurious_feature,constant,0.041666666666666664,0.0,0.0,0.0,0.0,0.0,24.0,0.0,0.0,0.0,0.041666666666666664
ccdefault,rf,lime,3,spur,spurious_feature,oracle,1.0,1.0,0.3333333333333333,0.2,1.0,1.0,1.0,1.0,1.0,1.0,1.0
ccdefault,rf,lime,4,spur,spurious_feature,real,1.0,1.0,0.3333333333333333,0.2,1.0,1.0,1.0,1.0,1.0,1.0,0.48898294293864714
ccdefault,rf,lime,4,spur,spurious_feature,random,0.0625,0.0,0.0,0.0,0.0,0.0,16.0,0.0,0.0,0.0,0.029384864521053693
ccdefault,rf,lime,4,spur,spurious_feature,permuted,0.043478260869565216,0.0,0.0,0.0,0.0,0.0,23.0,0.0,0.0,0.0,0.01746289204508201
ccdefault,rf,lime,4,spur,spurious_feature,constant,0.041666666666666664,0.0,0.0,0.0,0.0,0.0,24.0,0.0,0.0,0.0,0.041666666666666664
ccdefault,rf,lime,4,spur,spurious_feature,oracle,1.0,1.0,0.3333333333333333,0.2,1.0,1.0,1.0,1.0,1.0,1.0,1.0
ccdefault,hgb,treeshap,0,clean,descriptive_top5,real,0.24590524564949118,0.0,0.3333333333333333,0.2,0.2,0.2,,,,,
ccdefault,hgb,treeshap,0,clean,descriptive_top5,random,0.25825396825396824,0.0,0.3333333333333333,0.2,0.2,0.4,,,,,
ccdefault,hgb,treeshap,0,clean,descriptive_top5,permuted,0.22375859434682965,0.0,0.0,0.0,0.0,0.2,,,,,
ccdefault,hgb,treeshap,0,clean,descriptive_top5,constant,0.21739130434782608,1.0,1.0,1.0,1.0,1.0,,,,,
ccdefault,hgb,treeshap,0,clean,descriptive_top5,oracle,1.0,1.0,1.0,1.0,1.0,1.0,,,,,
ccdefault,hgb,treeshap,1,clean,descriptive_top5,real,0.2543115942028985,0.0,0.3333333333333333,0.2,0.2,0.2,,,,,
ccdefault,hgb,treeshap,1,clean,descriptive_top5,random,0.22629680261259205,0.0,0.0,0.2,0.2,0.2,,,,,
ccdefault,hgb,treeshap,1,clean,descriptive_top5,permuted,0.2234782608695652,0.0,0.0,0.2,0.2,0.4,,,,,
ccdefault,hgb,treeshap,1,clean,descriptive_top5,constant,0.21739130434782608,1.0,1.0,1.0,1.0,1.0,,,,,
ccdefault,hgb,treeshap,1,clean,descriptive_top5,oracle,1.0,1.0,1.0,1.0,1.0,1.0,,,,,
ccdefault,hgb,treeshap,2,clean,descriptive_top5,real,0.25877237851662405,0.0,0.3333333333333333,0.2,0.2,0.4,,,,,
ccdefault,hgb,treeshap,2,clean,descriptive_top5,random,0.22221356065749656,0.0,0.0,0.0,0.0,0.4,,,,,
ccdefault,hgb,treeshap,2,clean,descriptive_top5,permuted,0.54,1.0,0.6666666666666666,0.4,0.4,0.4,,,,,
ccdefault,hgb,treeshap,2,clean,descriptive_top5,constant,0.21739130434782608,1.0,1.0,1.0,1.0,1.0,,,,,
ccdefault,hgb,treeshap,2,clean,descriptive_top5,oracle,1.0,1.0,1.0,1.0,1.0,1.0,,,,,
ccdefault,hgb,treeshap,3,clean,descriptive_top5,real,0.25620553359683795,0.0,0.3333333333333333,0.2,0.2,0.2,,,,,
ccdefault,hgb,treeshap,3,clean,descriptive_top5,random,0.17808751126828928,0.0,0.0,0.0,0.0,0.2,,,,,
ccdefault,hgb,treeshap,3,clean,descriptive_top5,permuted,0.4498989898989899,1.0,0.3333333333333333,0.4,0.4,0.6,,,,,
ccdefault,hgb,treeshap,3,clean,descriptive_top5,constant,0.21739130434782608,1.0,1.0,1.0,1.0,1.0,,,,,
ccdefault,hgb,treeshap,3,clean,descriptive_top5,oracle,1.0,1.0,1.0,1.0,1.0,1.0,,,,,
ccdefault,hgb,treeshap,4,clean,descriptive_top5,real,0.2651360148802604,0.0,0.3333333333333333,0.2,0.2,0.4,,,,,
ccdefault,hgb,treeshap,4,clean,descriptive_top5,random,0.2993073593073593,0.0,0.3333333333333333,0.2,0.2,0.4,,,,,
ccdefault,hgb,treeshap,4,clean,descriptive_top5,permuted,0.24174603174603176,0.0,0.0,0.2,0.2,0.4,,,,,
ccdefault,hgb,treeshap,4,clean,descriptive_top5,constant,0.21739130434782608,1.0,1.0,1.0,1.0,1.0,,,,,
ccdefault,hgb,treeshap,4,clean,descriptive_top5,oracle,1.0,1.0,1.0,1.0,1.0,1.0,,,,,
ccdefault,hgb,treeshap,0,spur,spurious_feature,real,1.0,1.0,0.3333333333333333,0.2,1.0,1.0,1.0,1.0,1.0,1.0,0.7229739834678518
ccdefault,hgb,treeshap,0,spur,spurious_feature,random,1.0,1.0,0.3333333333333333,0.2,1.0,1.0,1.0,1.0,1.0,1.0,0.08215869552006572
ccdefault,hgb,treeshap,0,spur,spurious_feature,permuted,0.1,0.0,0.0,0.0,0.0,1.0,10.0,0.0,0.0,0.0,0.009926379525399178
ccdefault,hgb,treeshap,0,spur,spurious_feature,constant,0.041666666666666664,0.0,0.0,0.0,0.0,0.0,24.0,0.0,0.0,0.0,0.041666666666666664
ccdefault,hgb,treeshap,0,spur,spurious_feature,oracle,1.0,1.0,0.3333333333333333,0.2,1.0,1.0,1.0,1.0,1.0,1.0,1.0
ccdefault,hgb,treeshap,1,spur,spurious_feature,real,1.0,1.0,0.3333333333333333,0.2,1.0,1.0,1.0,1.0,1.0,1.0,0.7244796805724799
ccdefault,hgb,treeshap,1,spur,spurious_feature,random,0.05263157894736842,0.0,0.0,0.0,0.0,0.0,19.0,0.0,0.0,0.0,0.01617428366111146
ccdefault,hgb,treeshap,1,spur,spurious_feature,permuted,0.16666666666666666,0.0,0.0,0.0,0.0,1.0,6.0,0.0,0.0,0.0,0.017191295196751666
ccdefault,hgb,treeshap,1,spur,spurious_feature,constant,0.041666666666666664,0.0,0.0,0.0,0.0,0.0,24.0,0.0,0.0,0.0,0.041666666666666664
ccdefault,hgb,treeshap,1,spur,spurious_feature,oracle,1.0,1.0,0.3333333333333333,0.2,1.0,1.0,1.0,1.0,1.0,1.0,1.0
ccdefault,hgb,treeshap,2,spur,spurious_feature,real,1.0,1.0,0.3333333333333333,0.2,1.0,1.0,1.0,1.0,1.0,1.0,0.68415809478209
ccdefault,hgb,treeshap,2,spur,spurious_feature,random,0.047619047619047616,0.0,0.0,0.0,0.0,0.0,21.0,0.0,0.0,0.0,0.014520741437994393
ccdefault,hgb,treeshap,2,spur,spurious_feature,permuted,0.05263157894736842,0.0,0.0,0.0,0.0,0.0,19.0,0.0,0.0,0.0,0.006783989846251343
ccdefault,hgb,treeshap,2,spur,spurious_feature,constant,0.041666666666666664,0.0,0.0,0.0,0.0,0.0,24.0,0.0,0.0,0.0,0.041666666666666664
ccdefault,hgb,treeshap,2,spur,spurious_feature,oracle,1.0,1.0,0.3333333333333333,0.2,1.0,1.0,1.0,1.0,1.0,1.0,1.0
ccdefault,hgb,treeshap,3,spur,spurious_feature,real,1.0,1.0,0.3333333333333333,0.2,1.0,1.0,1.0,1.0,1.0,1.0,0.7202620950106364
ccdefault,hgb,treeshap,3,spur,spurious_feature,random,0.047619047619047616,0.0,0.0,0.0,0.0,0.0,21.0,0.0,0.0,0.0,0.017712992392652935
ccdefault,hgb,treeshap,3,spur,spurious_feature,permuted,0.058823529411764705,0.0,0.0,0.0,0.0,0.0,17.0,0.0,0.0,0.0,0.007974729905527384
ccdefault,hgb,treeshap,3,spur,spurious_feature,constant,0.041666666666666664,0.0,0.0,0.0,0.0,0.0,24.0,0.0,0.0,0.0,0.041666666666666664
ccdefault,hgb,treeshap,3,spur,spurious_feature,oracle,1.0,1.0,0.3333333333333333,0.2,1.0,1.0,1.0,1.0,1.0,1.0,1.0
ccdefault,hgb,treeshap,4,spur,spurious_feature,real,1.0,1.0,0.3333333333333333,0.2,1.0,1.0,1.0,1.0,1.0,1.0,0.7061044590552784
ccdefault,hgb,treeshap,4,spur,spurious_feature,random,0.05263157894736842,0.0,0.0,0.0,0.0,0.0,19.0,0.0,0.0,0.0,0.01945126131090104
ccdefault,hgb,treeshap,4,spur,spurious_feature,permuted,0.05263157894736842,0.0,0.0,0.0,0.0,0.0,19.0,0.0,0.0,0.0,0.0059644608167760006
ccdefault,hgb,treeshap,4,spur,spurious_feature,constant,0.041666666666666664,0.0,0.0,0.0,0.0,0.0,24.0,0.0,0.0,0.0,0.041666666666666664
ccdefault,hgb,treeshap,4,spur,spurious_feature,oracle,1.0,1.0,0.3333333333333333,0.2,1.0,1.0,1.0,1.0,1.0,1.0,1.0
ccdefault,hgb,lime,0,clean,descriptive_top5,real,0.2722788720231175,0.0,0.3333333333333333,0.2,0.2,0.4,,,,,
ccdefault,hgb,lime,0,clean,descriptive_top5,random,0.2048989898989899,0.0,0.0,0.0,0.0,0.4,,,,,
ccdefault,hgb,lime,0,clean,descriptive_top5,permuted,0.5704273504273505,1.0,0.6666666666666666,0.6,0.6,0.6,,,,,
ccdefault,hgb,lime,0,clean,descriptive_top5,constant,0.21739130434782608,1.0,1.0,1.0,1.0,1.0,,,,,
ccdefault,hgb,lime,0,clean,descriptive_top5,oracle,1.0,1.0,1.0,1.0,1.0,1.0,,,,,
ccdefault,hgb,lime,1,clean,descriptive_top5,real,0.2759957433870478,0.0,0.3333333333333333,0.2,0.2,0.2,,,,,
ccdefault,hgb,lime,1,clean,descriptive_top5,random,0.4417466591379635,1.0,0.6666666666666666,0.4,0.4,0.4,,,,,
ccdefault,hgb,lime,1,clean,descriptive_top5,permuted,0.322156862745098,0.0,0.3333333333333333,0.2,0.2,0.6,,,,,
ccdefault,hgb,lime,1,clean,descriptive_top5,constant,0.21739130434782608,1.0,1.0,1.0,1.0,1.0,,,,,
ccdefault,hgb,lime,1,clean,descriptive_top5,oracle,1.0,1.0,1.0,1.0,1.0,1.0,,,,,
ccdefault,hgb,lime,2,clean,descriptive_top5,real,0.29333333333333333,0.0,0.3333333333333333,0.2,0.2,0.4,,,,,
ccdefault,hgb,lime,2,clean,descriptive_top5,random,0.265974025974026,0.0,0.0,0.2,0.2,0.4,,,,,
ccdefault,hgb,lime,2,clean,descriptive_top5,permuted,0.23656565656565653,0.0,0.0,0.0,0.0,0.6,,,,,
ccdefault,hgb,lime,2,clean,descriptive_top5,constant,0.21739130434782608,1.0,1.0,1.0,1.0,1.0,,,,,
ccdefault,hgb,lime,2,clean,descriptive_top5,oracle,1.0,1.0,1.0,1.0,1.0,1.0,,,,,
ccdefault,hgb,lime,3,clean,descriptive_top5,real,0.2230194214633574,0.0,0.3333333333333333,0.2,0.2,0.2,,,,,
ccdefault,hgb,lime,3,clean,descriptive_top5,random,0.27208937198067634,0.0,0.3333333333333333,0.4,0.4,0.4,,,,,
ccdefault,hgb,lime,3,clean,descriptive_top5,permuted,0.26919799498746866,0.0,0.3333333333333333,0.2,0.2,0.4,,,,,
ccdefault,hgb,lime,3,clean,descriptive_top5,constant,0.21739130434782608,1.0,1.0,1.0,1.0,1.0,,,,,
ccdefault,hgb,lime,3,clean,descriptive_top5,oracle,1.0,1.0,1.0,1.0,1.0,1.0,,,,,
ccdefault,hgb,lime,4,clean,descriptive_top5,real,0.2898418972332016,0.0,0.3333333333333333,0.2,0.2,0.6,,,,,
ccdefault,hgb,lime,4,clean,descriptive_top5,random,0.19069112174375333,0.0,0.0,0.0,0.0,0.2,,,,,
ccdefault,hgb,lime,4,clean,descriptive_top5,permuted,0.4314285714285714,0.0,0.6666666666666666,0.4,0.4,0.6,,,,,
ccdefault,hgb,lime,4,clean,descriptive_top5,constant,0.21739130434782608,1.0,1.0,1.0,1.0,1.0,,,,,
ccdefault,hgb,lime,4,clean,descriptive_top5,oracle,1.0,1.0,1.0,1.0,1.0,1.0,,,,,
ccdefault,hgb,lime,0,spur,spurious_feature,real,1.0,1.0,0.3333333333333333,0.2,1.0,1.0,1.0,1.0,1.0,1.0,0.5013915295768289
ccdefault,hgb,lime,0,spur,spurious_feature,random,0.5,0.0,0.3333333333333333,0.2,1.0,1.0,2.0,0.0,1.0,1.0,0.06969572831923516
ccdefault,hgb,lime,0,spur,spurious_feature,permuted,0.08333333333333333,0.0,0.0,0.0,0.0,0.0,12.0,0.0,0.0,0.0,0.021247855735696708
ccdefault,hgb,lime,0,spur,spurious_feature,constant,0.041666666666666664,0.0,0.0,0.0,0.0,0.0,24.0,0.0,0.0,0.0,0.041666666666666664
ccdefault,hgb,lime,0,spur,spurious_feature,oracle,1.0,1.0,0.3333333333333333,0.2,1.0,1.0,1.0,1.0,1.0,1.0,1.0
ccdefault,hgb,lime,1,spur,spurious_feature,real,1.0,1.0,0.3333333333333333,0.2,1.0,1.0,1.0,1.0,1.0,1.0,0.5109621740440339
ccdefault,hgb,lime,1,spur,spurious_feature,random,0.041666666666666664,0.0,0.0,0.0,0.0,0.0,24.0,0.0,0.0,0.0,0.0005721040909449124
ccdefault,hgb,lime,1,spur,spurious_feature,permuted,0.2,0.0,0.0,0.2,1.0,1.0,5.0,0.0,0.0,1.0,0.025907126052114093
ccdefault,hgb,lime,1,spur,spurious_feature,constant,0.041666666666666664,0.0,0.0,0.0,0.0,0.0,24.0,0.0,0.0,0.0,0.041666666666666664
ccdefault,hgb,lime,1,spur,spurious_feature,oracle,1.0,1.0,0.3333333333333333,0.2,1.0,1.0,1.0,1.0,1.0,1.0,1.0
ccdefault,hgb,lime,2,spur,spurious_feature,real,1.0,1.0,0.3333333333333333,0.2,1.0,1.0,1.0,1.0,1.0,1.0,0.5087339850873288
ccdefault,hgb,lime,2,spur,spurious_feature,random,0.041666666666666664,0.0,0.0,0.0,0.0,0.0,24.0,0.0,0.0,0.0,0.0010439494786781607
ccdefault,hgb,lime,2,spur,spurious_feature,permuted,0.3333333333333333,0.0,0.3333333333333333,0.2,1.0,1.0,3.0,0.0,1.0,1.0,0.02608919701417631
ccdefault,hgb,lime,2,spur,spurious_feature,constant,0.041666666666666664,0.0,0.0,0.0,0.0,0.0,24.0,0.0,0.0,0.0,0.041666666666666664
ccdefault,hgb,lime,2,spur,spurious_feature,oracle,1.0,1.0,0.3333333333333333,0.2,1.0,1.0,1.0,1.0,1.0,1.0,1.0
ccdefault,hgb,lime,3,spur,spurious_feature,real,1.0,1.0,0.3333333333333333,0.2,1.0,1.0,1.0,1.0,1.0,1.0,0.5290936322036646
ccdefault,hgb,lime,3,spur,spurious_feature,random,0.05,0.0,0.0,0.0,0.0,0.0,20.0,0.0,0.0,0.0,0.015967754601364622
ccdefault,hgb,lime,3,spur,spurious_feature,permuted,0.07692307692307693,0.0,0.0,0.0,0.0,0.0,13.0,0.0,0.0,0.0,0.019712402680512154
ccdefault,hgb,lime,3,spur,spurious_feature,constant,0.041666666666666664,0.0,0.0,0.0,0.0,0.0,24.0,0.0,0.0,0.0,0.041666666666666664
ccdefault,hgb,lime,3,spur,spurious_feature,oracle,1.0,1.0,0.3333333333333333,0.2,1.0,1.0,1.0,1.0,1.0,1.0,1.0
ccdefault,hgb,lime,4,spur,spurious_feature,real,1.0,1.0,0.3333333333333333,0.2,1.0,1.0,1.0,1.0,1.0,1.0,0.5113823879295348
ccdefault,hgb,lime,4,spur,spurious_feature,random,0.05263157894736842,0.0,0.0,0.0,0.0,0.0,19.0,0.0,0.0,0.0,0.011872829437329898
ccdefault,hgb,lime,4,spur,spurious_feature,permuted,1.0,1.0,0.3333333333333333,0.2,1.0,1.0,1.0,1.0,1.0,1.0,0.5113823879295349
ccdefault,hgb,lime,4,spur,spurious_feature,constant,0.041666666666666664,0.0,0.0,0.0,0.0,0.0,24.0,0.0,0.0,0.0,0.041666666666666664
ccdefault,hgb,lime,4,spur,spurious_feature,oracle,1.0,1.0,0.3333333333333333,0.2,1.0,1.0,1.0,1.0,1.0,1.0,1.0
ccdefault,mlp,ig,0,clean,descriptive_top5,real,0.5885281385281385,0.0,0.6666666666666666,0.6,0.6,0.8,,,,,
ccdefault,mlp,ig,0,clean,descriptive_top5,random,0.1519581143494187,0.0,0.0,0.0,0.0,0.0,,,,,
ccdefault,mlp,ig,0,clean,descriptive_top5,permuted,0.7033333333333334,1.0,0.6666666666666666,0.6,0.6,0.8,,,,,
ccdefault,mlp,ig,0,clean,descriptive_top5,constant,0.21739130434782608,1.0,1.0,1.0,1.0,1.0,,,,,
ccdefault,mlp,ig,0,clean,descriptive_top5,oracle,1.0,1.0,1.0,1.0,1.0,1.0,,,,,
ccdefault,mlp,ig,1,clean,descriptive_top5,real,0.5214285714285714,0.0,0.6666666666666666,0.6,0.6,0.6,,,,,
ccdefault,mlp,ig,1,clean,descriptive_top5,random,0.31098655730234676,0.0,0.3333333333333333,0.4,0.4,0.4,,,,,
ccdefault,mlp,ig,1,clean,descriptive_top5,permuted,0.27064997804128244,0.0,0.0,0.2,0.2,0.6,,,,,
ccdefault,mlp,ig,1,clean,descriptive_top5,constant,0.21739130434782608,1.0,1.0,1.0,1.0,1.0,,,,,
ccdefault,mlp,ig,1,clean,descriptive_top5,oracle,1.0,1.0,1.0,1.0,1.0,1.0,,,,,
ccdefault,mlp,ig,2,clean,descriptive_top5,real,0.6277777777777778,0.0,0.6666666666666666,0.6,0.6,1.0,,,,,
ccdefault,mlp,ig,2,clean,descriptive_top5,random,0.3526315789473684,0.0,0.3333333333333333,0.4,0.4,0.6,,,,,
ccdefault,mlp,ig,2,clean,descriptive_top5,permuted,0.21258145363408523,0.0,0.0,0.2,0.2,0.4,,,,,
ccdefault,mlp,ig,2,clean,descriptive_top5,constant,0.21739130434782608,1.0,1.0,1.0,1.0,1.0,,,,,
ccdefault,mlp,ig,2,clean,descriptive_top5,oracle,1.0,1.0,1.0,1.0,1.0,1.0,,,,,
ccdefault,mlp,ig,3,clean,descriptive_top5,real,0.6861904761904761,0.0,0.6666666666666666,0.8,0.8,1.0,,,,,
ccdefault,mlp,ig,3,clean,descriptive_top5,random,0.18479520479520478,0.0,0.0,0.0,0.0,0.2,,,,,
ccdefault,mlp,ig,3,clean,descriptive_top5,permuted,0.2854256854256854,0.0,0.0,0.2,0.2,0.6,,,,,
ccdefault,mlp,ig,3,clean,descriptive_top5,constant,0.21739130434782608,1.0,1.0,1.0,1.0,1.0,,,,,
ccdefault,mlp,ig,3,clean,descriptive_top5,oracle,1.0,1.0,1.0,1.0,1.0,1.0,,,,,
ccdefault,mlp,ig,4,clean,descriptive_top5,real,0.6861904761904761,0.0,0.6666666666666666,0.8,0.8,1.0,,,,,
ccdefault,mlp,ig,4,clean,descriptive_top5,random,0.21130631516820775,0.0,0.0,0.2,0.2,0.2,,,,,
ccdefault,mlp,ig,4,clean,descriptive_top5,permuted,0.30666666666666664,0.0,0.3333333333333333,0.2,0.2,0.4,,,,,
ccdefault,mlp,ig,4,clean,descriptive_top5,constant,0.21739130434782608,1.0,1.0,1.0,1.0,1.0,,,,,
ccdefault,mlp,ig,4,clean,descriptive_top5,oracle,1.0,1.0,1.0,1.0,1.0,1.0,,,,,
ccdefault,mlp,ig,0,spur,spurious_feature,real,1.0,1.0,0.3333333333333333,0.2,1.0,1.0,1.0,1.0,1.0,1.0,0.5170086772590023
ccdefault,mlp,ig,0,spur,spurious_feature,random,0.05,0.0,0.0,0.0,0.0,0.0,20.0,0.0,0.0,0.0,0.018698896805758806
ccdefault,mlp,ig,0,spur,spurious_feature,permuted,0.045454545454545456,0.0,0.0,0.0,0.0,0.0,22.0,0.0,0.0,0.0,0.007007668802433707
ccdefault,mlp,ig,0,spur,spurious_feature,constant,0.041666666666666664,0.0,0.0,0.0,0.0,0.0,24.0,0.0,0.0,0.0,0.041666666666666664
ccdefault,mlp,ig,0,spur,spurious_feature,oracle,1.0,1.0,0.3333333333333333,0.2,1.0,1.0,1.0,1.0,1.0,1.0,1.0
ccdefault,mlp,ig,1,spur,spurious_feature,real,1.0,1.0,0.3333333333333333,0.2,1.0,1.0,1.0,1.0,1.0,1.0,0.5175495578440494
ccdefault,mlp,ig,1,spur,spurious_feature,random,0.07142857142857142,0.0,0.0,0.0,0.0,0.0,14.0,0.0,0.0,0.0,0.03488038565564983
ccdefault,mlp,ig,1,spur,spurious_feature,permuted,0.14285714285714285,0.0,0.0,0.0,0.0,1.0,7.0,0.0,0.0,0.0,0.02372131531328832
ccdefault,mlp,ig,1,spur,spurious_feature,constant,0.041666666666666664,0.0,0.0,0.0,0.0,0.0,24.0,0.0,0.0,0.0,0.041666666666666664
ccdefault,mlp,ig,1,spur,spurious_feature,oracle,1.0,1.0,0.3333333333333333,0.2,1.0,1.0,1.0,1.0,1.0,1.0,1.0
ccdefault,mlp,ig,2,spur,spurious_feature,real,1.0,1.0,0.3333333333333333,0.2,1.0,1.0,1.0,1.0,1.0,1.0,0.544252314982359
ccdefault,mlp,ig,2,spur,spurious_feature,random,0.07142857142857142,0.0,0.0,0.0,0.0,0.0,14.0,0.0,0.0,0.0,0.030863400896628687
ccdefault,mlp,ig,2,spur,spurious_feature,permuted,0.045454545454545456,0.0,0.0,0.0,0.0,0.0,22.0,0.0,0.0,0.0,0.010575764654446084
ccdefault,mlp,ig,2,spur,spurious_feature,constant,0.041666666666666664,0.0,0.0,0.0,0.0,0.0,24.0,0.0,0.0,0.0,0.041666666666666664
ccdefault,mlp,ig,2,spur,spurious_feature,oracle,1.0,1.0,0.3333333333333333,0.2,1.0,1.0,1.0,1.0,1.0,1.0,1.0
ccdefault,mlp,ig,3,spur,spurious_feature,real,1.0,1.0,0.3333333333333333,0.2,1.0,1.0,1.0,1.0,1.0,1.0,0.4789150103177204
ccdefault,mlp,ig,3,spur,spurious_feature,random,0.045454545454545456,0.0,0.0,0.0,0.0,0.0,22.0,0.0,0.0,0.0,0.009244598480696638
ccdefault,mlp,ig,3,spur,spurious_feature,permuted,0.16666666666666666,0.0,0.0,0.0,0.0,1.0,6.0,0.0,0.0,0.0,0.034071261746613
ccdefault,mlp,ig,3,spur,spurious_feature,constant,0.041666666666666664,0.0,0.0,0.0,0.0,0.0,24.0,0.0,0.0,0.0,0.041666666666666664
ccdefault,mlp,ig,3,spur,spurious_feature,oracle,1.0,1.0,0.3333333333333333,0.2,1.0,1.0,1.0,1.0,1.0,1.0,1.0
ccdefault,mlp,ig,4,spur,spurious_feature,real,1.0,1.0,0.3333333333333333,0.2,1.0,1.0,1.0,1.0,1.0,1.0,0.5190154299580629
ccdefault,mlp,ig,4,spur,spurious_feature,random,0.3333333333333333,0.0,0.3333333333333333,0.2,1.0,1.0,3.0,0.0,1.0,1.0,0.07999621517735962
ccdefault,mlp,ig,4,spur,spurious_feature,permuted,0.07692307692307693,0.0,0.0,0.0,0.0,0.0,13.0,0.0,0.0,0.0,0.018113526446624253
ccdefault,mlp,ig,4,spur,spurious_feature,constant,0.041666666666666664,0.0,0.0,0.0,0.0,0.0,24.0,0.0,0.0,0.0,0.041666666666666664
ccdefault,mlp,ig,4,spur,spurious_feature,oracle,1.0,1.0,0.3333333333333333,0.2,1.0,1.0,1.0,1.0,1.0,1.0,1.0
ccdefault,mlp,lime,0,clean,descriptive_top5,real,0.2873015873015873,0.0,0.3333333333333333,0.2,0.2,0.4,,,,,
ccdefault,mlp,lime,0,clean,descriptive_top5,random,0.18831168831168832,0.0,0.0,0.0,0.0,0.2,,,,,
ccdefault,mlp,lime,0,clean,descriptive_top5,permuted,0.5396687370600415,1.0,0.6666666666666666,0.4,0.4,0.4,,,,,
ccdefault,mlp,lime,0,clean,descriptive_top5,constant,0.21739130434782608,1.0,1.0,1.0,1.0,1.0,,,,,
ccdefault,mlp,lime,0,clean,descriptive_top5,oracle,1.0,1.0,1.0,1.0,1.0,1.0,,,,,
ccdefault,mlp,lime,1,clean,descriptive_top5,real,0.3202777777777778,0.0,0.3333333333333333,0.2,0.2,0.6,,,,,
ccdefault,mlp,lime,1,clean,descriptive_top5,random,0.3692640692640693,0.0,0.3333333333333333,0.4,0.4,0.6,,,,,
ccdefault,mlp,lime,1,clean,descriptive_top5,permuted,0.2575598086124402,0.0,0.0,0.4,0.4,0.4,,,,,
ccdefault,mlp,lime,1,clean,descriptive_top5,constant,0.21739130434782608,1.0,1.0,1.0,1.0,1.0,,,,,
ccdefault,mlp,lime,1,clean,descriptive_top5,oracle,1.0,1.0,1.0,1.0,1.0,1.0,,,,,
ccdefault,mlp,lime,2,clean,descriptive_top5,real,0.3559523809523809,0.0,0.3333333333333333,0.2,0.2,0.6,,,,,
ccdefault,mlp,lime,2,clean,descriptive_top5,random,0.3345454545454546,0.0,0.3333333333333333,0.4,0.4,0.4,,,,,
ccdefault,mlp,lime,2,clean,descriptive_top5,permuted,0.5168831168831169,1.0,0.6666666666666666,0.4,0.4,0.6,,,,,
ccdefault,mlp,lime,2,clean,descriptive_top5,constant,0.21739130434782608,1.0,1.0,1.0,1.0,1.0,,,,,
ccdefault,mlp,lime,2,clean,descriptive_top5,oracle,1.0,1.0,1.0,1.0,1.0,1.0,,,,,
ccdefault,mlp,lime,3,clean,descriptive_top5,real,0.3721212121212121,0.0,0.3333333333333333,0.4,0.4,0.6,,,,,
ccdefault,mlp,lime,3,clean,descriptive_top5,random,0.24476190476190474,0.0,0.0,0.2,0.2,0.4,,,,,
ccdefault,mlp,lime,3,clean,descriptive_top5,permuted,0.30877192982456136,0.0,0.3333333333333333,0.2,0.2,0.4,,,,,
ccdefault,mlp,lime,3,clean,descriptive_top5,constant,0.21739130434782608,1.0,1.0,1.0,1.0,1.0,,,,,
ccdefault,mlp,lime,3,clean,descriptive_top5,oracle,1.0,1.0,1.0,1.0,1.0,1.0,,,,,
ccdefault,mlp,lime,4,clean,descriptive_top5,real,0.3133942272561199,0.0,0.3333333333333333,0.4,0.4,0.4,,,,,
ccdefault,mlp,lime,4,clean,descriptive_top5,random,0.20603237342367775,0.0,0.0,0.2,0.2,0.2,,,,,
ccdefault,mlp,lime,4,clean,descriptive_top5,permuted,0.207287784679089,0.0,0.0,0.0,0.0,0.4,,,,,
ccdefault,mlp,lime,4,clean,descriptive_top5,constant,0.21739130434782608,1.0,1.0,1.0,1.0,1.0,,,,,
ccdefault,mlp,lime,4,clean,descriptive_top5,oracle,1.0,1.0,1.0,1.0,1.0,1.0,,,,,
ccdefault,mlp,lime,0,spur,spurious_feature,real,1.0,1.0,0.3333333333333333,0.2,1.0,1.0,1.0,1.0,1.0,1.0,0.4880879472609025
ccdefault,mlp,lime,0,spur,spurious_feature,random,0.25,0.0,0.0,0.2,1.0,1.0,4.0,0.0,0.0,1.0,0.07085009146281301
ccdefault,mlp,lime,0,spur,spurious_feature,permuted,0.2,0.0,0.0,0.2,1.0,1.0,5.0,0.0,0.0,1.0,0.026173591233552018
ccdefault,mlp,lime,0,spur,spurious_feature,constant,0.041666666666666664,0.0,0.0,0.0,0.0,0.0,24.0,0.0,0.0,0.0,0.041666666666666664
ccdefault,mlp,lime,0,spur,spurious_feature,oracle,1.0,1.0,0.3333333333333333,0.2,1.0,1.0,1.0,1.0,1.0,1.0,1.0
ccdefault,mlp,lime,1,spur,spurious_feature,real,1.0,1.0,0.3333333333333333,0.2,1.0,1.0,1.0,1.0,1.0,1.0,0.49874457985104287
ccdefault,mlp,lime,1,spur,spurious_feature,random,0.043478260869565216,0.0,0.0,0.0,0.0,0.0,23.0,0.0,0.0,0.0,0.001577108355964538
ccdefault,mlp,lime,1,spur,spurious_feature,permuted,0.058823529411764705,0.0,0.0,0.0,0.0,0.0,17.0,0.0,0.0,0.0,0.020401505527702996
ccdefault,mlp,lime,1,spur,spurious_feature,constant,0.041666666666666664,0.0,0.0,0.0,0.0,0.0,24.0,0.0,0.0,0.0,0.041666666666666664
ccdefault,mlp,lime,1,spur,spurious_feature,oracle,1.0,1.0,0.3333333333333333,0.2,1.0,1.0,1.0,1.0,1.0,1.0,1.0
ccdefault,mlp,lime,2,spur,spurious_feature,real,1.0,1.0,0.3333333333333333,0.2,1.0,1.0,1.0,1.0,1.0,1.0,0.4945672117853012
ccdefault,mlp,lime,2,spur,spurious_feature,random,0.3333333333333333,0.0,0.3333333333333333,0.2,1.0,1.0,3.0,0.0,1.0,1.0,0.06332657728551187
ccdefault,mlp,lime,2,spur,spurious_feature,permuted,0.1,0.0,0.0,0.0,0.0,1.0,10.0,0.0,0.0,0.0,0.022070197394425957
ccdefault,mlp,lime,2,spur,spurious_feature,constant,0.041666666666666664,0.0,0.0,0.0,0.0,0.0,24.0,0.0,0.0,0.0,0.041666666666666664
ccdefault,mlp,lime,2,spur,spurious_feature,oracle,1.0,1.0,0.3333333333333333,0.2,1.0,1.0,1.0,1.0,1.0,1.0,1.0
ccdefault,mlp,lime,3,spur,spurious_feature,real,1.0,1.0,0.3333333333333333,0.2,1.0,1.0,1.0,1.0,1.0,1.0,0.4983109325494402
ccdefault,mlp,lime,3,spur,spurious_feature,random,0.043478260869565216,0.0,0.0,0.0,0.0,0.0,23.0,0.0,0.0,0.0,0.01261712290571384
ccdefault,mlp,lime,3,spur,spurious_feature,permuted,0.045454545454545456,0.0,0.0,0.0,0.0,0.0,22.0,0.0,0.0,0.0,0.017369330366002904
ccdefault,mlp,lime,3,spur,spurious_feature,constant,0.041666666666666664,0.0,0.0,0.0,0.0,0.0,24.0,0.0,0.0,0.0,0.041666666666666664
ccdefault,mlp,lime,3,spur,spurious_feature,oracle,1.0,1.0,0.3333333333333333,0.2,1.0,1.0,1.0,1.0,1.0,1.0,1.0
ccdefault,mlp,lime,4,spur,spurious_feature,real,1.0,1.0,0.3333333333333333,0.2,1.0,1.0,1.0,1.0,1.0,1.0,0.489496670641745
ccdefault,mlp,lime,4,spur,spurious_feature,random,0.2,0.0,0.0,0.2,1.0,1.0,5.0,0.0,0.0,1.0,0.073552985106032
ccdefault,mlp,lime,4,spur,spurious_feature,permuted,0.058823529411764705,0.0,0.0,0.0,0.0,0.0,17.0,0.0,0.0,0.0,0.01931407416734166
ccdefault,mlp,lime,4,spur,spurious_feature,constant,0.041666666666666664,0.0,0.0,0.0,0.0,0.0,24.0,0.0,0.0,0.0,0.041666666666666664
ccdefault,mlp,lime,4,spur,spurious_feature,oracle,1.0,1.0,0.3333333333333333,0.2,1.0,1.0,1.0,1.0,1.0,1.0,1.0
ccdefault,mlp,kshap,0,clean,descriptive_top5,real,0.29518716577540105,0.0,0.3333333333333333,0.2,0.2,0.2,,,,,
ccdefault,mlp,kshap,0,clean,descriptive_top5,random,0.3966666666666666,0.0,0.3333333333333333,0.4,0.4,0.8,,,,,
ccdefault,mlp,kshap,0,clean,descriptive_top5,permuted,0.16157349896480333,0.0,0.0,0.0,0.0,0.2,,,,,
ccdefault,mlp,kshap,0,clean,descriptive_top5,constant,0.21739130434782608,1.0,1.0,1.0,1.0,1.0,,,,,
ccdefault,mlp,kshap,0,clean,descriptive_top5,oracle,1.0,1.0,1.0,1.0,1.0,1.0,,,,,
ccdefault,mlp,kshap,1,clean,descriptive_top5,real,0.3275124875124875,0.0,0.3333333333333333,0.2,0.2,0.4,,,,,
ccdefault,mlp,kshap,1,clean,descriptive_top5,random,0.2945893719806763,0.0,0.3333333333333333,0.4,0.4,0.4,,,,,
ccdefault,mlp,kshap,1,clean,descriptive_top5,permuted,0.2587301587301587,0.0,0.3333333333333333,0.2,0.2,0.4,,,,,
ccdefault,mlp,kshap,1,clean,descriptive_top5,constant,0.21739130434782608,1.0,1.0,1.0,1.0,1.0,,,,,
ccdefault,mlp,kshap,1,clean,descriptive_top5,oracle,1.0,1.0,1.0,1.0,1.0,1.0,,,,,
ccdefault,mlp,kshap,2,clean,descriptive_top5,real,0.34095238095238095,0.0,0.3333333333333333,0.2,0.2,0.6,,,,,
ccdefault,mlp,kshap,2,clean,descriptive_top5,random,0.5272243107769423,1.0,0.6666666666666666,0.4,0.4,0.4,,,,,
ccdefault,mlp,kshap,2,clean,descriptive_top5,permuted,0.213036963036963,0.0,0.0,0.0,0.0,0.4,,,,,
ccdefault,mlp,kshap,2,clean,descriptive_top5,constant,0.21739130434782608,1.0,1.0,1.0,1.0,1.0,,,,,
ccdefault,mlp,kshap,2,clean,descriptive_top5,oracle,1.0,1.0,1.0,1.0,1.0,1.0,,,,,
ccdefault,mlp,kshap,3,clean,descriptive_top5,real,0.3788095238095238,0.0,0.3333333333333333,0.2,0.2,0.8,,,,,
ccdefault,mlp,kshap,3,clean,descriptive_top5,random,0.16193064182194616,0.0,0.0,0.0,0.0,0.0,,,,,
ccdefault,mlp,kshap,3,clean,descriptive_top5,permuted,0.31403381642512085,0.0,0.0,0.2,0.2,0.8,,,,,
ccdefault,mlp,kshap,3,clean,descriptive_top5,constant,0.21739130434782608,1.0,1.0,1.0,1.0,1.0,,,,,
ccdefault,mlp,kshap,3,clean,descriptive_top5,oracle,1.0,1.0,1.0,1.0,1.0,1.0,,,,,
ccdefault,mlp,kshap,4,clean,descriptive_top5,real,0.3063270063270064,0.0,0.3333333333333333,0.2,0.2,0.2,,,,,
ccdefault,mlp,kshap,4,clean,descriptive_top5,random,0.23888888888888887,0.0,0.0,0.0,0.0,0.4,,,,,
ccdefault,mlp,kshap,4,clean,descriptive_top5,permuted,0.21556341834979606,0.0,0.0,0.0,0.0,0.4,,,,,
ccdefault,mlp,kshap,4,clean,descriptive_top5,constant,0.21739130434782608,1.0,1.0,1.0,1.0,1.0,,,,,
ccdefault,mlp,kshap,4,clean,descriptive_top5,oracle,1.0,1.0,1.0,1.0,1.0,1.0,,,,,
electricity,logreg,linshap,0,clean,descriptive_top5,real,0.7892857142857144,1.0,0.6666666666666666,0.6,0.6,1.0,,,,,
electricity,logreg,linshap,0,clean,descriptive_top5,random,0.5059523809523809,0.0,0.3333333333333333,0.4,0.4,1.0,,,,,
electricity,logreg,linshap,0,clean,descriptive_top5,permuted,0.6226190476190476,0.0,0.6666666666666666,0.6,0.6,1.0,,,,,
electricity,logreg,linshap,0,clean,descriptive_top5,constant,0.625,1.0,1.0,1.0,1.0,1.0,,,,,
electricity,logreg,linshap,0,clean,descriptive_top5,oracle,1.0,1.0,1.0,1.0,1.0,1.0,,,,,
electricity,logreg,linshap,1,clean,descriptive_top5,real,0.7892857142857144,1.0,0.6666666666666666,0.6,0.6,1.0,,,,,
electricity,logreg,linshap,1,clean,descriptive_top5,random,0.7892857142857144,1.0,0.6666666666666666,0.6,0.6,1.0,,,,,
electricity,logreg,linshap,1,clean,descriptive_top5,permuted,0.5628571428571427,0.0,0.3333333333333333,0.6,0.6,1.0,,,,,
electricity,logreg,linshap,1,clean,descriptive_top5,constant,0.625,1.0,1.0,1.0,1.0,1.0,,,,,
electricity,logreg,linshap,1,clean,descriptive_top5,oracle,1.0,1.0,1.0,1.0,1.0,1.0,,,,,
electricity,logreg,linshap,2,clean,descriptive_top5,real,0.7892857142857144,1.0,0.6666666666666666,0.6,0.6,1.0,,,,,
electricity,logreg,linshap,2,clean,descriptive_top5,random,0.7783333333333333,1.0,0.6666666666666666,0.6,0.6,1.0,,,,,
electricity,logreg,linshap,2,clean,descriptive_top5,permuted,0.6392857142857143,1.0,0.3333333333333333,0.4,0.4,1.0,,,,,
electricity,logreg,linshap,2,clean,descriptive_top5,constant,0.625,1.0,1.0,1.0,1.0,1.0,,,,,
electricity,logreg,linshap,2,clean,descriptive_top5,oracle,1.0,1.0,1.0,1.0,1.0,1.0,,,,,
electricity,logreg,linshap,3,clean,descriptive_top5,real,0.7892857142857144,1.0,0.6666666666666666,0.6,0.6,1.0,,,,,
electricity,logreg,linshap,3,clean,descriptive_top5,random,0.6595238095238095,0.0,0.6666666666666666,0.6,0.6,1.0,,,,,
electricity,logreg,linshap,3,clean,descriptive_top5,permuted,0.71,0.0,0.6666666666666666,0.8,0.8,1.0,,,,,
electricity,logreg,linshap,3,clean,descriptive_top5,constant,0.625,1.0,1.0,1.0,1.0,1.0,,,,,
electricity,logreg,linshap,3,clean,descriptive_top5,oracle,1.0,1.0,1.0,1.0,1.0,1.0,,,,,
electricity,logreg,linshap,4,clean,descriptive_top5,real,0.7892857142857144,1.0,0.6666666666666666,0.6,0.6,1.0,,,,,
electricity,logreg,linshap,4,clean,descriptive_top5,random,0.7592857142857143,1.0,0.6666666666666666,0.6,0.6,1.0,,,,,
electricity,logreg,linshap,4,clean,descriptive_top5,permuted,0.6592857142857143,1.0,0.3333333333333333,0.6,0.6,1.0,,,,,
electricity,logreg,linshap,4,clean,descriptive_top5,constant,0.625,1.0,1.0,1.0,1.0,1.0,,,,,
electricity,logreg,linshap,4,clean,descriptive_top5,oracle,1.0,1.0,1.0,1.0,1.0,1.0,,,,,
electricity,logreg,linshap,0,spur,spurious_feature,real,1.0,1.0,0.3333333333333333,0.2,1.0,1.0,1.0,1.0,1.0,1.0,0.6164990210541657
electricity,logreg,linshap,0,spur,spurious_feature,random,0.2,0.0,0.0,0.2,1.0,1.0,5.0,0.0,0.0,1.0,0.1380711469919701
electricity,logreg,linshap,0,spur,spurious_feature,permuted,0.14285714285714285,0.0,0.0,0.0,0.0,1.0,7.0,0.0,0.0,0.0,0.015519553540590337
electricity,logreg,linshap,0,spur,spurious_feature,constant,0.1111111111111111,0.0,0.0,0.0,0.0,1.0,9.0,0.0,0.0,0.0,0.1111111111111111
electricity,logreg,linshap,0,spur,spurious_feature,oracle,1.0,1.0,0.3333333333333333,0.2,1.0,1.0,1.0,1.0,1.0,1.0,1.0
electricity,logreg,linshap,1,spur,spurious_feature,real,1.0,1.0,0.3333333333333333,0.2,1.0,1.0,1.0,1.0,1.0,1.0,0.6164990210541657
electricity,logreg,linshap,1,spur,spurious_feature,random,0.3333333333333333,0.0,0.3333333333333333,0.2,1.0,1.0,3.0,0.0,1.0,1.0,0.1611251708819854
electricity,logreg,linshap,1,spur,spurious_feature,permuted,0.25,0.0,0.0,0.2,1.0,1.0,4.0,0.0,0.0,1.0,0.04466846118048356
electricity,logreg,linshap,1,spur,spurious_feature,constant,0.1111111111111111,0.0,0.0,0.0,0.0,1.0,9.0,0.0,0.0,0.0,0.1111111111111111
electricity,logreg,linshap,1,spur,spurious_feature,oracle,1.0,1.0,0.3333333333333333,0.2,1.0,1.0,1.0,1.0,1.0,1.0,1.0
electricity,logreg,linshap,2,spur,spurious_feature,real,1.0,1.0,0.3333333333333333,0.2,1.0,1.0,1.0,1.0,1.0,1.0,0.6164990210541657
electricity,logreg,linshap,2,spur,spurious_feature,random,0.25,0.0,0.0,0.2,1.0,1.0,4.0,0.0,0.0,1.0,0.13425858657810347
electricity,logreg,linshap,2,spur,spurious_feature,permuted,0.16666666666666666,0.0,0.0,0.0,0.0,1.0,6.0,0.0,0.0,0.0,0.016147711850891984
electricity,logreg,linshap,2,spur,spurious_feature,constant,0.1111111111111111,0.0,0.0,0.0,0.0,1.0,9.0,0.0,0.0,0.0,0.1111111111111111
electricity,logreg,linshap,2,spur,spurious_feature,oracle,1.0,1.0,0.3333333333333333,0.2,1.0,1.0,1.0,1.0,1.0,1.0,1.0
electricity,logreg,linshap,3,spur,spurious_feature,real,1.0,1.0,0.3333333333333333,0.2,1.0,1.0,1.0,1.0,1.0,1.0,0.6164990210541657
electricity,logreg,linshap,3,spur,spurious_feature,random,0.2,0.0,0.0,0.2,1.0,1.0,5.0,0.0,0.0,1.0,0.1182631832945727
electricity,logreg,linshap,3,spur,spurious_feature,permuted,1.0,1.0,0.3333333333333333,0.2,1.0,1.0,1.0,1.0,1.0,1.0,0.6164990210541657
electricity,logreg,linshap,3,spur,spurious_feature,constant,0.1111111111111111,0.0,0.0,0.0,0.0,1.0,9.0,0.0,0.0,0.0,0.1111111111111111
electricity,logreg,linshap,3,spur,spurious_feature,oracle,1.0,1.0,0.3333333333333333,0.2,1.0,1.0,1.0,1.0,1.0,1.0,1.0
electricity,logreg,linshap,4,spur,spurious_feature,real,1.0,1.0,0.3333333333333333,0.2,1.0,1.0,1.0,1.0,1.0,1.0,0.6164990210541657
electricity,logreg,linshap,4,spur,spurious_feature,random,0.5,0.0,0.3333333333333333,0.2,1.0,1.0,2.0,0.0,1.0,1.0,0.1829703227784327
electricity,logreg,linshap,4,spur,spurious_feature,permuted,1.0,1.0,0.3333333333333333,0.2,1.0,1.0,1.0,1.0,1.0,1.0,0.6164990210541657
electricity,logreg,linshap,4,spur,spurious_feature,constant,0.1111111111111111,0.0,0.0,0.0,0.0,1.0,9.0,0.0,0.0,0.0,0.1111111111111111
electricity,logreg,linshap,4,spur,spurious_feature,oracle,1.0,1.0,0.3333333333333333,0.2,1.0,1.0,1.0,1.0,1.0,1.0,1.0
electricity,logreg,lime,0,clean,descriptive_top5,real,0.7683333333333333,1.0,0.6666666666666666,0.8,0.8,1.0,,,,,
electricity,logreg,lime,0,clean,descriptive_top5,random,0.9266666666666666,1.0,1.0,0.8,0.8,1.0,,,,,
electricity,logreg,lime,0,clean,descriptive_top5,permuted,0.5926190476190476,0.0,0.6666666666666666,0.6,0.6,1.0,,,,,
electricity,logreg,lime,0,clean,descriptive_top5,constant,0.625,1.0,1.0,1.0,1.0,1.0,,,,,
electricity,logreg,lime,0,clean,descriptive_top5,oracle,1.0,1.0,1.0,1.0,1.0,1.0,,,,,
electricity,logreg,lime,1,clean,descriptive_top5,real,0.7861904761904762,1.0,0.6666666666666666,0.8,0.8,1.0,,,,,
electricity,logreg,lime,1,clean,descriptive_top5,random,0.46928571428571425,0.0,0.0,0.4,0.4,1.0,,,,,
electricity,logreg,lime,1,clean,descriptive_top5,permuted,0.8261904761904763,1.0,0.6666666666666666,0.6,0.6,1.0,,,,,
electricity,logreg,lime,1,clean,descriptive_top5,constant,0.625,1.0,1.0,1.0,1.0,1.0,,,,,
electricity,logreg,lime,1,clean,descriptive_top5,oracle,1.0,1.0,1.0,1.0,1.0,1.0,,,,,
electricity,logreg,lime,2,clean,descriptive_top5,real,0.7683333333333333,1.0,0.6666666666666666,0.8,0.8,1.0,,,,,
electricity,logreg,lime,2,clean,descriptive_top5,random,0.7416666666666667,1.0,0.6666666666666666,0.6,0.6,1.0,,,,,
electricity,logreg,lime,2,clean,descriptive_top5,permuted,0.6926190476190477,1.0,0.6666666666666666,0.6,0.6,1.0,,,,,
electricity,logreg,lime,2,clean,descriptive_top5,constant,0.625,1.0,1.0,1.0,1.0,1.0,,,,,
electricity,logreg,lime,2,clean,descriptive_top5,oracle,1.0,1.0,1.0,1.0,1.0,1.0,,,,,
electricity,logreg,lime,3,clean,descriptive_top5,real,0.7683333333333333,1.0,0.6666666666666666,0.8,0.8,1.0,,,,,
electricity,logreg,lime,3,clean,descriptive_top5,random,0.5783333333333334,0.0,0.3333333333333333,0.6,0.6,1.0,,,,,
electricity,logreg,lime,3,clean,descriptive_top5,permuted,0.5449999999999999,0.0,0.3333333333333333,0.6,0.6,1.0,,,,,
electricity,logreg,lime,3,clean,descriptive_top5,constant,0.625,1.0,1.0,1.0,1.0,1.0,,,,,
electricity,logreg,lime,3,clean,descriptive_top5,oracle,1.0,1.0,1.0,1.0,1.0,1.0,,,,,
electricity,logreg,lime,4,clean,descriptive_top5,real,0.7683333333333333,1.0,0.6666666666666666,0.8,0.8,1.0,,,,,
electricity,logreg,lime,4,clean,descriptive_top5,random,0.6192857142857142,1.0,0.3333333333333333,0.4,0.4,1.0,,,,,
electricity,logreg,lime,4,clean,descriptive_top5,permuted,0.6592857142857143,1.0,0.3333333333333333,0.6,0.6,1.0,,,,,
electricity,logreg,lime,4,clean,descriptive_top5,constant,0.625,1.0,1.0,1.0,1.0,1.0,,,,,
electricity,logreg,lime,4,clean,descriptive_top5,oracle,1.0,1.0,1.0,1.0,1.0,1.0,,,,,
electricity,logreg,lime,0,spur,spurious_feature,real,1.0,1.0,0.3333333333333333,0.2,1.0,1.0,1.0,1.0,1.0,1.0,0.5178752340429574
electricity,logreg,lime,0,spur,spurious_feature,random,0.1111111111111111,0.0,0.0,0.0,0.0,1.0,9.0,0.0,0.0,0.0,0.03711306102691809
electricity,logreg,lime,0,spur,spurious_feature,permuted,0.3333333333333333,0.0,0.3333333333333333,0.2,1.0,1.0,3.0,0.0,1.0,1.0,0.10620002459256557
electricity,logreg,lime,0,spur,spurious_feature,constant,0.1111111111111111,0.0,0.0,0.0,0.0,1.0,9.0,0.0,0.0,0.0,0.1111111111111111
electricity,logreg,lime,0,spur,spurious_feature,oracle,1.0,1.0,0.3333333333333333,0.2,1.0,1.0,1.0,1.0,1.0,1.0,1.0
electricity,logreg,lime,1,spur,spurious_feature,real,1.0,1.0,0.3333333333333333,0.2,1.0,1.0,1.0,1.0,1.0,1.0,0.5338348687445352
electricity,logreg,lime,1,spur,spurious_feature,random,0.1111111111111111,0.0,0.0,0.0,0.0,1.0,9.0,0.0,0.0,0.0,0.01664936913318171
electricity,logreg,lime,1,spur,spurious_feature,permuted,0.16666666666666666,0.0,0.0,0.0,0.0,1.0,6.0,0.0,0.0,0.0,0.03231488882448733
electricity,logreg,lime,1,spur,spurious_feature,constant,0.1111111111111111,0.0,0.0,0.0,0.0,1.0,9.0,0.0,0.0,0.0,0.1111111111111111
electricity,logreg,lime,1,spur,spurious_feature,oracle,1.0,1.0,0.3333333333333333,0.2,1.0,1.0,1.0,1.0,1.0,1.0,1.0
electricity,logreg,lime,2,spur,spurious_feature,real,1.0,1.0,0.3333333333333333,0.2,1.0,1.0,1.0,1.0,1.0,1.0,0.5307207867060516
electricity,logreg,lime,2,spur,spurious_feature,random,0.1111111111111111,0.0,0.0,0.0,0.0,1.0,9.0,0.0,0.0,0.0,0.01257104830662677
electricity,logreg,lime,2,spur,spurious_feature,permuted,0.125,0.0,0.0,0.0,0.0,1.0,8.0,0.0,0.0,0.0,0.02489031794684479
electricity,logreg,lime,2,spur,spurious_feature,constant,0.1111111111111111,0.0,0.0,0.0,0.0,1.0,9.0,0.0,0.0,0.0,0.1111111111111111
electricity,logreg,lime,2,spur,spurious_feature,oracle,1.0,1.0,0.3333333333333333,0.2,1.0,1.0,1.0,1.0,1.0,1.0,1.0
electricity,logreg,lime,3,spur,spurious_feature,real,1.0,1.0,0.3333333333333333,0.2,1.0,1.0,1.0,1.0,1.0,1.0,0.5247014450811008
electricity,logreg,lime,3,spur,spurious_feature,random,0.5,0.0,0.3333333333333333,0.2,1.0,1.0,2.0,0.0,1.0,1.0,0.15593949230291554
electricity,logreg,lime,3,spur,spurious_feature,permuted,0.14285714285714285,0.0,0.0,0.0,0.0,1.0,7.0,0.0,0.0,0.0,0.029043526888780112
electricity,logreg,lime,3,spur,spurious_feature,constant,0.1111111111111111,0.0,0.0,0.0,0.0,1.0,9.0,0.0,0.0,0.0,0.1111111111111111
electricity,logreg,lime,3,spur,spurious_feature,oracle,1.0,1.0,0.3333333333333333,0.2,1.0,1.0,1.0,1.0,1.0,1.0,1.0
electricity,logreg,lime,4,spur,spurious_feature,real,1.0,1.0,0.3333333333333333,0.2,1.0,1.0,1.0,1.0,1.0,1.0,0.512127818044032
electricity,logreg,lime,4,spur,spurious_feature,random,0.1111111111111111,0.0,0.0,0.0,0.0,1.0,9.0,0.0,0.0,0.0,0.011293160212806451
electricity,logreg,lime,4,spur,spurious_feature,permuted,0.14285714285714285,0.0,0.0,0.0,0.0,1.0,7.0,0.0,0.0,0.0,0.0321082521023702
electricity,logreg,lime,4,spur,spurious_feature,constant,0.1111111111111111,0.0,0.0,0.0,0.0,1.0,9.0,0.0,0.0,0.0,0.1111111111111111
electricity,logreg,lime,4,spur,spurious_feature,oracle,1.0,1.0,0.3333333333333333,0.2,1.0,1.0,1.0,1.0,1.0,1.0,1.0
electricity,rf,treeshap,0,clean,descriptive_top5,real,1.0,1.0,1.0,1.0,1.0,1.0,,,,,
electricity,rf,treeshap,0,clean,descriptive_top5,random,0.6726190476190477,1.0,0.6666666666666666,0.4,0.4,1.0,,,,,
electricity,rf,treeshap,0,clean,descriptive_top5,permuted,0.5726190476190476,0.0,0.6666666666666666,0.4,0.4,1.0,,,,,
electricity,rf,treeshap,0,clean,descriptive_top5,constant,0.625,1.0,1.0,1.0,1.0,1.0,,,,,
electricity,rf,treeshap,0,clean,descriptive_top5,oracle,1.0,1.0,1.0,1.0,1.0,1.0,,,,,
electricity,rf,treeshap,1,clean,descriptive_top5,real,1.0,1.0,1.0,1.0,1.0,1.0,,,,,
electricity,rf,treeshap,1,clean,descriptive_top5,random,0.9428571428571428,1.0,1.0,0.8,0.8,1.0,,,,,
electricity,rf,treeshap,1,clean,descriptive_top5,permuted,0.7392857142857143,1.0,0.6666666666666666,0.4,0.4,1.0,,,,,
electricity,rf,treeshap,1,clean,descriptive_top5,constant,0.625,1.0,1.0,1.0,1.0,1.0,,,,,
electricity,rf,treeshap,1,clean,descriptive_top5,oracle,1.0,1.0,1.0,1.0,1.0,1.0,,,,,
electricity,rf,treeshap,2,clean,descriptive_top5,real,1.0,1.0,1.0,1.0,1.0,1.0,,,,,
electricity,rf,treeshap,2,clean,descriptive_top5,random,0.5592857142857143,0.0,0.3333333333333333,0.6,0.6,1.0,,,,,
electricity,rf,treeshap,2,clean,descriptive_top5,permuted,0.81,1.0,0.6666666666666666,0.8,0.8,1.0,,,,,
electricity,rf,treeshap,2,clean,descriptive_top5,constant,0.625,1.0,1.0,1.0,1.0,1.0,,,,,
electricity,rf,treeshap,2,clean,descriptive_top5,oracle,1.0,1.0,1.0,1.0,1.0,1.0,,,,,
electricity,rf,treeshap,3,clean,descriptive_top5,real,1.0,1.0,1.0,1.0,1.0,1.0,,,,,
electricity,rf,treeshap,3,clean,descriptive_top5,random,0.852857142857143,1.0,0.6666666666666666,0.8,0.8,1.0,,,,,
electricity,rf,treeshap,3,clean,descriptive_top5,permuted,0.8392857142857143,1.0,1.0,0.6,0.6,1.0,,,,,
electricity,rf,treeshap,3,clean,descriptive_top5,constant,0.625,1.0,1.0,1.0,1.0,1.0,,,,,
electricity,rf,treeshap,3,clean,descriptive_top5,oracle,1.0,1.0,1.0,1.0,1.0,1.0,,,,,
electricity,rf,treeshap,4,clean,descriptive_top5,real,1.0,1.0,1.0,1.0,1.0,1.0,,,,,
electricity,rf,treeshap,4,clean,descriptive_top5,random,0.7295238095238095,1.0,0.6666666666666666,0.6,0.6,1.0,,,,,
electricity,rf,treeshap,4,clean,descriptive_top5,permuted,0.8083333333333333,1.0,0.6666666666666666,0.6,0.6,1.0,,,,,
electricity,rf,treeshap,4,clean,descriptive_top5,constant,0.625,1.0,1.0,1.0,1.0,1.0,,,,,
electricity,rf,treeshap,4,clean,descriptive_top5,oracle,1.0,1.0,1.0,1.0,1.0,1.0,,,,,
electricity,rf,treeshap,0,spur,spurious_feature,real,1.0,1.0,0.3333333333333333,0.2,1.0,1.0,1.0,1.0,1.0,1.0,0.6195458389987594
electricity,rf,treeshap,0,spur,spurious_feature,random,0.14285714285714285,0.0,0.0,0.0,0.0,1.0,7.0,0.0,0.0,0.0,0.08265981396782274
electricity,rf,treeshap,0,spur,spurious_feature,permuted,0.14285714285714285,0.0,0.0,0.0,0.0,1.0,7.0,0.0,0.0,0.0,0.015585295907957184
electricity,rf,treeshap,0,spur,spurious_feature,constant,0.1111111111111111,0.0,0.0,0.0,0.0,1.0,9.0,0.0,0.0,0.0,0.1111111111111111
electricity,rf,treeshap,0,spur,spurious_feature,oracle,1.0,1.0,0.3333333333333333,0.2,1.0,1.0,1.0,1.0,1.0,1.0,1.0
electricity,rf,treeshap,1,spur,spurious_feature,real,1.0,1.0,0.3333333333333333,0.2,1.0,1.0,1.0,1.0,1.0,1.0,0.5936567103924182
electricity,rf,treeshap,1,spur,spurious_feature,random,1.0,1.0,0.3333333333333333,0.2,1.0,1.0,1.0,1.0,1.0,1.0,0.26714323815101443
electricity,rf,treeshap,1,spur,spurious_feature,permuted,0.1111111111111111,0.0,0.0,0.0,0.0,1.0,9.0,0.0,0.0,0.0,0.007180384835137153
electricity,rf,treeshap,1,spur,spurious_feature,constant,0.1111111111111111,0.0,0.0,0.0,0.0,1.0,9.0,0.0,0.0,0.0,0.1111111111111111
electricity,rf,treeshap,1,spur,spurious_feature,oracle,1.0,1.0,0.3333333333333333,0.2,1.0,1.0,1.0,1.0,1.0,1.0,1.0
electricity,rf,treeshap,2,spur,spurious_feature,real,1.0,1.0,0.3333333333333333,0.2,1.0,1.0,1.0,1.0,1.0,1.0,0.5905654801116581
electricity,rf,treeshap,2,spur,spurious_feature,random,0.2,0.0,0.0,0.2,1.0,1.0,5.0,0.0,0.0,1.0,0.0973591594322761
electricity,rf,treeshap,2,spur,spurious_feature,permuted,1.0,1.0,0.3333333333333333,0.2,1.0,1.0,1.0,1.0,1.0,1.0,0.5905654801116581
electricity,rf,treeshap,2,spur,spurious_feature,constant,0.1111111111111111,0.0,0.0,0.0,0.0,1.0,9.0,0.0,0.0,0.0,0.1111111111111111
electricity,rf,treeshap,2,spur,spurious_feature,oracle,1.0,1.0,0.3333333333333333,0.2,1.0,1.0,1.0,1.0,1.0,1.0,1.0
electricity,rf,treeshap,3,spur,spurious_feature,real,1.0,1.0,0.3333333333333333,0.2,1.0,1.0,1.0,1.0,1.0,1.0,0.6020356340216667
electricity,rf,treeshap,3,spur,spurious_feature,random,0.2,0.0,0.0,0.2,1.0,1.0,5.0,0.0,0.0,1.0,0.11837994770676477
electricity,rf,treeshap,3,spur,spurious_feature,permuted,0.16666666666666666,0.0,0.0,0.0,0.0,1.0,6.0,0.0,0.0,0.0,0.029985418743820925
electricity,rf,treeshap,3,spur,spurious_feature,constant,0.1111111111111111,0.0,0.0,0.0,0.0,1.0,9.0,0.0,0.0,0.0,0.1111111111111111
electricity,rf,treeshap,3,spur,spurious_feature,oracle,1.0,1.0,0.3333333333333333,0.2,1.0,1.0,1.0,1.0,1.0,1.0,1.0
electricity,rf,treeshap,4,spur,spurious_feature,real,1.0,1.0,0.3333333333333333,0.2,1.0,1.0,1.0,1.0,1.0,1.0,0.6162616717075161
electricity,rf,treeshap,4,spur,spurious_feature,random,0.3333333333333333,0.0,0.3333333333333333,0.2,1.0,1.0,3.0,0.0,1.0,1.0,0.1385933070401659
electricity,rf,treeshap,4,spur,spurious_feature,permuted,0.125,0.0,0.0,0.0,0.0,1.0,8.0,0.0,0.0,0.0,0.015906068342715244
electricity,rf,treeshap,4,spur,spurious_feature,constant,0.1111111111111111,0.0,0.0,0.0,0.0,1.0,9.0,0.0,0.0,0.0,0.1111111111111111
electricity,rf,treeshap,4,spur,spurious_feature,oracle,1.0,1.0,0.3333333333333333,0.2,1.0,1.0,1.0,1.0,1.0,1.0,1.0
electricity,rf,lime,0,clean,descriptive_top5,real,0.9266666666666666,1.0,1.0,0.8,0.8,1.0,,,,,
electricity,rf,lime,0,clean,descriptive_top5,random,0.8761904761904762,1.0,1.0,0.6,0.6,1.0,,,,,
electricity,rf,lime,0,clean,descriptive_top5,permuted,0.6683333333333333,0.0,0.6666666666666666,0.8,0.8,1.0,,,,,
electricity,rf,lime,0,clean,descriptive_top5,constant,0.625,1.0,1.0,1.0,1.0,1.0,,,,,
electricity,rf,lime,0,clean,descriptive_top5,oracle,1.0,1.0,1.0,1.0,1.0,1.0,,,,,
electricity,rf,lime,1,clean,descriptive_top5,real,0.8766666666666667,1.0,0.6666666666666666,0.8,0.8,1.0,,,,,
electricity,rf,lime,1,clean,descriptive_top5,random,0.6392857142857143,1.0,0.3333333333333333,0.4,0.4,1.0,,,,,
electricity,rf,lime,1,clean,descriptive_top5,permuted,0.6861904761904762,0.0,0.6666666666666666,0.8,0.8,1.0,,,,,
electricity,rf,lime,1,clean,descriptive_top5,constant,0.625,1.0,1.0,1.0,1.0,1.0,,,,,
electricity,rf,lime,1,clean,descriptive_top5,oracle,1.0,1.0,1.0,1.0,1.0,1.0,,,,,
electricity,rf,lime,2,clean,descriptive_top5,real,0.8766666666666667,1.0,0.6666666666666666,0.8,0.8,1.0,,,,,
electricity,rf,lime,2,clean,descriptive_top5,random,0.5059523809523809,0.0,0.3333333333333333,0.4,0.4,1.0,,,,,
electricity,rf,lime,2,clean,descriptive_top5,permuted,0.6783333333333333,1.0,0.3333333333333333,0.6,0.6,1.0,,,,,
electricity,rf,lime,2,clean,descriptive_top5,constant,0.625,1.0,1.0,1.0,1.0,1.0,,,,,
electricity,rf,lime,2,clean,descriptive_top5,oracle,1.0,1.0,1.0,1.0,1.0,1.0,,,,,
electricity,rf,lime,3,clean,descriptive_top5,real,0.8766666666666667,1.0,0.6666666666666666,0.8,0.8,1.0,,,,,
electricity,rf,lime,3,clean,descriptive_top5,random,0.9666666666666667,1.0,1.0,0.8,0.8,1.0,,,,,
electricity,rf,lime,3,clean,descriptive_top5,permuted,0.8083333333333333,1.0,0.6666666666666666,0.6,0.6,1.0,,,,,
electricity,rf,lime,3,clean,descriptive_top5,constant,0.625,1.0,1.0,1.0,1.0,1.0,,,,,
electricity,rf,lime,3,clean,descriptive_top5,oracle,1.0,1.0,1.0,1.0,1.0,1.0,,,,,
electricity,rf,lime,4,clean,descriptive_top5,real,0.8766666666666667,1.0,0.6666666666666666,0.8,0.8,1.0,,,,,
electricity,rf,lime,4,clean,descriptive_top5,random,0.6392857142857143,1.0,0.3333333333333333,0.4,0.4,1.0,,,,,
electricity,rf,lime,4,clean,descriptive_top5,permuted,0.925,1.0,1.0,0.8,0.8,1.0,,,,,
electricity,rf,lime,4,clean,descriptive_top5,constant,0.625,1.0,1.0,1.0,1.0,1.0,,,,,
electricity,rf,lime,4,clean,descriptive_top5,oracle,1.0,1.0,1.0,1.0,1.0,1.0,,,,,
electricity,rf,lime,0,spur,spurious_feature,real,1.0,1.0,0.3333333333333333,0.2,1.0,1.0,1.0,1.0,1.0,1.0,0.5270966692465973
electricity,rf,lime,0,spur,spurious_feature,random,0.14285714285714285,0.0,0.0,0.0,0.0,1.0,7.0,0.0,0.0,0.0,0.0989051100079452
electricity,rf,lime,0,spur,spurious_feature,permuted,0.25,0.0,0.0,0.2,1.0,1.0,4.0,0.0,0.0,1.0,0.06529860543232655
electricity,rf,lime,0,spur,spurious_feature,constant,0.1111111111111111,0.0,0.0,0.0,0.0,1.0,9.0,0.0,0.0,0.0,0.1111111111111111
electricity,rf,lime,0,spur,spurious_feature,oracle,1.0,1.0,0.3333333333333333,0.2,1.0,1.0,1.0,1.0,1.0,1.0,1.0
electricity,rf,lime,1,spur,spurious_feature,real,1.0,1.0,0.3333333333333333,0.2,1.0,1.0,1.0,1.0,1.0,1.0,0.5360200812171093
electricity,rf,lime,1,spur,spurious_feature,random,0.3333333333333333,0.0,0.3333333333333333,0.2,1.0,1.0,3.0,0.0,1.0,1.0,0.15488928029839089
electricity,rf,lime,1,spur,spurious_feature,permuted,0.5,0.0,0.3333333333333333,0.2,1.0,1.0,2.0,0.0,1.0,1.0,0.14845014264942966
electricity,rf,lime,1,spur,spurious_feature,constant,0.1111111111111111,0.0,0.0,0.0,0.0,1.0,9.0,0.0,0.0,0.0,0.1111111111111111
electricity,rf,lime,1,spur,spurious_feature,oracle,1.0,1.0,0.3333333333333333,0.2,1.0,1.0,1.0,1.0,1.0,1.0,1.0
electricity,rf,lime,2,spur,spurious_feature,real,1.0,1.0,0.3333333333333333,0.2,1.0,1.0,1.0,1.0,1.0,1.0,0.5375122265112936
electricity,rf,lime,2,spur,spurious_feature,random,0.125,0.0,0.0,0.0,0.0,1.0,8.0,0.0,0.0,0.0,0.015305813615519413
electricity,rf,lime,2,spur,spurious_feature,permuted,0.16666666666666666,0.0,0.0,0.0,0.0,1.0,6.0,0.0,0.0,0.0,0.03134673642463473
electricity,rf,lime,2,spur,spurious_feature,constant,0.1111111111111111,0.0,0.0,0.0,0.0,1.0,9.0,0.0,0.0,0.0,0.1111111111111111
electricity,rf,lime,2,spur,spurious_feature,oracle,1.0,1.0,0.3333333333333333,0.2,1.0,1.0,1.0,1.0,1.0,1.0,1.0
electricity,rf,lime,3,spur,spurious_feature,real,1.0,1.0,0.3333333333333333,0.2,1.0,1.0,1.0,1.0,1.0,1.0,0.5491684311017879
electricity,rf,lime,3,spur,spurious_feature,random,0.3333333333333333,0.0,0.3333333333333333,0.2,1.0,1.0,3.0,0.0,1.0,1.0,0.10565071806319233
electricity,rf,lime,3,spur,spurious_feature,permuted,0.5,0.0,0.3333333333333333,0.2,1.0,1.0,2.0,0.0,1.0,1.0,0.1399780682701643
electricity,rf,lime,3,spur,spurious_feature,constant,0.1111111111111111,0.0,0.0,0.0,0.0,1.0,9.0,0.0,0.0,0.0,0.1111111111111111
electricity,rf,lime,3,spur,spurious_feature,oracle,1.0,1.0,0.3333333333333333,0.2,1.0,1.0,1.0,1.0,1.0,1.0,1.0
electricity,rf,lime,4,spur,spurious_feature,real,1.0,1.0,0.3333333333333333,0.2,1.0,1.0,1.0,1.0,1.0,1.0,0.5415148779184102
electricity,rf,lime,4,spur,spurious_feature,random,1.0,1.0,0.3333333333333333,0.2,1.0,1.0,1.0,1.0,1.0,1.0,0.16255276544728542
electricity,rf,lime,4,spur,spurious_feature,permuted,0.25,0.0,0.0,0.2,1.0,1.0,4.0,0.0,0.0,1.0,0.0679655310382664
electricity,rf,lime,4,spur,spurious_feature,constant,0.1111111111111111,0.0,0.0,0.0,0.0,1.0,9.0,0.0,0.0,0.0,0.1111111111111111
electricity,rf,lime,4,spur,spurious_feature,oracle,1.0,1.0,0.3333333333333333,0.2,1.0,1.0,1.0,1.0,1.0,1.0,1.0
electricity,hgb,treeshap,0,clean,descriptive_top5,real,0.8766666666666667,1.0,0.6666666666666666,0.8,0.8,1.0,,,,,
electricity,hgb,treeshap,0,clean,descriptive_top5,random,0.7226190476190476,1.0,0.6666666666666666,0.6,0.6,1.0,,,,,
electricity,hgb,treeshap,0,clean,descriptive_top5,permuted,0.5961904761904762,0.0,0.3333333333333333,0.6,0.6,1.0,,,,,
electricity,hgb,treeshap,0,clean,descriptive_top5,constant,0.625,1.0,1.0,1.0,1.0,1.0,,,,,
electricity,hgb,treeshap,0,clean,descriptive_top5,oracle,1.0,1.0,1.0,1.0,1.0,1.0,,,,,
electricity,hgb,treeshap,1,clean,descriptive_top5,real,0.8766666666666667,1.0,0.6666666666666666,0.8,0.8,1.0,,,,,
electricity,hgb,treeshap,1,clean,descriptive_top5,random,0.6416666666666666,0.0,0.6666666666666666,0.6,0.6,1.0,,,,,
electricity,hgb,treeshap,1,clean,descriptive_top5,permuted,0.7295238095238095,1.0,0.6666666666666666,0.6,0.6,1.0,,,,,
electricity,hgb,treeshap,1,clean,descriptive_top5,constant,0.625,1.0,1.0,1.0,1.0,1.0,,,,,
electricity,hgb,treeshap,1,clean,descriptive_top5,oracle,1.0,1.0,1.0,1.0,1.0,1.0,,,,,
electricity,hgb,treeshap,2,clean,descriptive_top5,real,0.8766666666666667,1.0,0.6666666666666666,0.8,0.8,1.0,,,,,
electricity,hgb,treeshap,2,clean,descriptive_top5,random,0.6926190476190477,1.0,0.6666666666666666,0.6,0.6,1.0,,,,,
electricity,hgb,treeshap,2,clean,descriptive_top5,permuted,0.6726190476190477,1.0,0.6666666666666666,0.4,0.4,1.0,,,,,
electricity,hgb,treeshap,2,clean,descriptive_top5,constant,0.625,1.0,1.0,1.0,1.0,1.0,,,,,
electricity,hgb,treeshap,2,clean,descriptive_top5,oracle,1.0,1.0,1.0,1.0,1.0,1.0,,,,,
electricity,hgb,treeshap,3,clean,descriptive_top5,real,0.8766666666666667,1.0,0.6666666666666666,0.8,0.8,1.0,,,,,
electricity,hgb,treeshap,3,clean,descriptive_top5,random,0.8261904761904763,1.0,0.6666666666666666,0.6,0.6,1.0,,,,,
electricity,hgb,treeshap,3,clean,descriptive_top5,permuted,0.9428571428571428,1.0,1.0,0.8,0.8,1.0,,,,,
electricity,hgb,treeshap,3,clean,descriptive_top5,constant,0.625,1.0,1.0,1.0,1.0,1.0,,,,,
electricity,hgb,treeshap,3,clean,descriptive_top5,oracle,1.0,1.0,1.0,1.0,1.0,1.0,,,,,
electricity,hgb,treeshap,4,clean,descriptive_top5,real,0.8766666666666667,1.0,0.6666666666666666,0.8,0.8,1.0,,,,,
electricity,hgb,treeshap,4,clean,descriptive_top5,random,0.7116666666666667,1.0,0.6666666666666666,0.6,0.6,1.0,,,,,
electricity,hgb,treeshap,4,clean,descriptive_top5,permuted,0.8761904761904762,1.0,1.0,0.6,0.6,1.0,,,,,
electricity,hgb,treeshap,4,clean,descriptive_top5,constant,0.625,1.0,1.0,1.0,1.0,1.0,,,,,
electricity,hgb,treeshap,4,clean,descriptive_top5,oracle,1.0,1.0,1.0,1.0,1.0,1.0,,,,,
electricity,hgb,treeshap,0,spur,spurious_feature,real,1.0,1.0,0.3333333333333333,0.2,1.0,1.0,1.0,1.0,1.0,1.0,0.6727182833196671
electricity,hgb,treeshap,0,spur,spurious_feature,random,0.2,0.0,0.0,0.2,1.0,1.0,5.0,0.0,0.0,1.0,0.08843311956302154
electricity,hgb,treeshap,0,spur,spurious_feature,permuted,0.14285714285714285,0.0,0.0,0.0,0.0,1.0,7.0,0.0,0.0,0.0,0.011531458848354426
electricity,hgb,treeshap,0,spur,spurious_feature,constant,0.1111111111111111,0.0,0.0,0.0,0.0,1.0,9.0,0.0,0.0,0.0,0.1111111111111111
electricity,hgb,treeshap,0,spur,spurious_feature,oracle,1.0,1.0,0.3333333333333333,0.2,1.0,1.0,1.0,1.0,1.0,1.0,1.0
electricity,hgb,treeshap,1,spur,spurious_feature,real,1.0,1.0,0.3333333333333333,0.2,1.0,1.0,1.0,1.0,1.0,1.0,0.6623685644445717
electricity,hgb,treeshap,1,spur,spurious_feature,random,0.25,0.0,0.0,0.2,1.0,1.0,4.0,0.0,0.0,1.0,0.13759990912323658
electricity,hgb,treeshap,1,spur,spurious_feature,permuted,0.125,0.0,0.0,0.0,0.0,1.0,8.0,0.0,0.0,0.0,0.010699729846765921
electricity,hgb,treeshap,1,spur,spurious_feature,constant,0.1111111111111111,0.0,0.0,0.0,0.0,1.0,9.0,0.0,0.0,0.0,0.1111111111111111
electricity,hgb,treeshap,1,spur,spurious_feature,oracle,1.0,1.0,0.3333333333333333,0.2,1.0,1.0,1.0,1.0,1.0,1.0,1.0
electricity,hgb,treeshap,2,spur,spurious_feature,real,1.0,1.0,0.3333333333333333,0.2,1.0,1.0,1.0,1.0,1.0,1.0,0.6113233965893685
electricity,hgb,treeshap,2,spur,spurious_feature,random,0.3333333333333333,0.0,0.3333333333333333,0.2,1.0,1.0,3.0,0.0,1.0,1.0,0.1261204590024509
electricity,hgb,treeshap,2,spur,spurious_feature,permuted,0.16666666666666666,0.0,0.0,0.0,0.0,1.0,6.0,0.0,0.0,0.0,0.023551048448697928
electricity,hgb,treeshap,2,spur,spurious_feature,constant,0.1111111111111111,0.0,0.0,0.0,0.0,1.0,9.0,0.0,0.0,0.0,0.1111111111111111
electricity,hgb,treeshap,2,spur,spurious_feature,oracle,1.0,1.0,0.3333333333333333,0.2,1.0,1.0,1.0,1.0,1.0,1.0,1.0
electricity,hgb,treeshap,3,spur,spurious_feature,real,1.0,1.0,0.3333333333333333,0.2,1.0,1.0,1.0,1.0,1.0,1.0,0.6069976782233965
electricity,hgb,treeshap,3,spur,spurious_feature,random,0.25,0.0,0.0,0.2,1.0,1.0,4.0,0.0,0.0,1.0,0.1357112477798358
electricity,hgb,treeshap,3,spur,spurious_feature,permuted,0.125,0.0,0.0,0.0,0.0,1.0,8.0,0.0,0.0,0.0,0.01172343135821578
electricity,hgb,treeshap,3,spur,spurious_feature,constant,0.1111111111111111,0.0,0.0,0.0,0.0,1.0,9.0,0.0,0.0,0.0,0.1111111111111111
electricity,hgb,treeshap,3,spur,spurious_feature,oracle,1.0,1.0,0.3333333333333333,0.2,1.0,1.0,1.0,1.0,1.0,1.0,1.0
electricity,hgb,treeshap,4,spur,spurious_feature,real,1.0,1.0,0.3333333333333333,0.2,1.0,1.0,1.0,1.0,1.0,1.0,0.6403318571713432
electricity,hgb,treeshap,4,spur,spurious_feature,random,0.16666666666666666,0.0,0.0,0.0,0.0,1.0,6.0,0.0,0.0,0.0,0.09190769300327553
electricity,hgb,treeshap,4,spur,spurious_feature,permuted,1.0,1.0,0.3333333333333333,0.2,1.0,1.0,1.0,1.0,1.0,1.0,0.6403318571713432
electricity,hgb,treeshap,4,spur,spurious_feature,constant,0.1111111111111111,0.0,0.0,0.0,0.0,1.0,9.0,0.0,0.0,0.0,0.1111111111111111
electricity,hgb,treeshap,4,spur,spurious_feature,oracle,1.0,1.0,0.3333333333333333,0.2,1.0,1.0,1.0,1.0,1.0,1.0,1.0
electricity,hgb,lime,0,clean,descriptive_top5,real,0.852857142857143,1.0,0.6666666666666666,0.8,0.8,1.0,,,,,
electricity,hgb,lime,0,clean,descriptive_top5,random,0.5926190476190476,0.0,0.6666666666666666,0.6,0.6,1.0,,,,,
electricity,hgb,lime,0,clean,descriptive_top5,permuted,0.8350000000000001,1.0,0.6666666666666666,0.8,0.8,1.0,,,,,
electricity,hgb,lime,0,clean,descriptive_top5,constant,0.625,1.0,1.0,1.0,1.0,1.0,,,,,
electricity,hgb,lime,0,clean,descriptive_top5,oracle,1.0,1.0,1.0,1.0,1.0,1.0,,,,,
electricity,hgb,lime,1,clean,descriptive_top5,real,0.8350000000000001,1.0,0.6666666666666666,0.8,0.8,1.0,,,,,
electricity,hgb,lime,1,clean,descriptive_top5,random,0.5449999999999999,0.0,0.3333333333333333,0.6,0.6,1.0,,,,,
electricity,hgb,lime,1,clean,descriptive_top5,permuted,0.9428571428571428,1.0,1.0,0.8,0.8,1.0,,,,,
electricity,hgb,lime,1,clean,descriptive_top5,constant,0.625,1.0,1.0,1.0,1.0,1.0,,,,,
electricity,hgb,lime,1,clean,descriptive_top5,oracle,1.0,1.0,1.0,1.0,1.0,1.0,,,,,
electricity,hgb,lime,2,clean,descriptive_top5,real,0.8766666666666667,1.0,0.6666666666666666,0.8,0.8,1.0,,,,,
electricity,hgb,lime,2,clean,descriptive_top5,random,0.5726190476190476,0.0,0.6666666666666666,0.4,0.4,1.0,,,,,
electricity,hgb,lime,2,clean,descriptive_top5,permuted,0.6961904761904761,1.0,0.3333333333333333,0.6,0.6,1.0,,,,,
electricity,hgb,lime,2,clean,descriptive_top5,constant,0.625,1.0,1.0,1.0,1.0,1.0,,,,,
electricity,hgb,lime,2,clean,descriptive_top5,oracle,1.0,1.0,1.0,1.0,1.0,1.0,,,,,
electricity,hgb,lime,3,clean,descriptive_top5,real,0.852857142857143,1.0,0.6666666666666666,0.8,0.8,1.0,,,,,
electricity,hgb,lime,3,clean,descriptive_top5,random,0.5926190476190476,0.0,0.6666666666666666,0.6,0.6,1.0,,,,,
electricity,hgb,lime,3,clean,descriptive_top5,permuted,0.81,1.0,0.6666666666666666,0.8,0.8,1.0,,,,,
electricity,hgb,lime,3,clean,descriptive_top5,constant,0.625,1.0,1.0,1.0,1.0,1.0,,,,,
electricity,hgb,lime,3,clean,descriptive_top5,oracle,1.0,1.0,1.0,1.0,1.0,1.0,,,,,
electricity,hgb,lime,4,clean,descriptive_top5,real,0.7861904761904762,1.0,0.6666666666666666,0.8,0.8,1.0,,,,,
electricity,hgb,lime,4,clean,descriptive_top5,random,0.5449999999999999,0.0,0.3333333333333333,0.6,0.6,1.0,,,,,
electricity,hgb,lime,4,clean,descriptive_top5,permuted,0.5628571428571427,0.0,0.3333333333333333,0.6,0.6,1.0,,,,,
electricity,hgb,lime,4,clean,descriptive_top5,constant,0.625,1.0,1.0,1.0,1.0,1.0,,,,,
electricity,hgb,lime,4,clean,descriptive_top5,oracle,1.0,1.0,1.0,1.0,1.0,1.0,,,,,
electricity,hgb,lime,0,spur,spurious_feature,real,1.0,1.0,0.3333333333333333,0.2,1.0,1.0,1.0,1.0,1.0,1.0,0.491587651500739
electricity,hgb,lime,0,spur,spurious_feature,random,0.2,0.0,0.0,0.2,1.0,1.0,5.0,0.0,0.0,1.0,0.10611457583997881
electricity,hgb,lime,0,spur,spurious_feature,permuted,1.0,1.0,0.3333333333333333,0.2,1.0,1.0,1.0,1.0,1.0,1.0,0.491587651500739
electricity,hgb,lime,0,spur,spurious_feature,constant,0.1111111111111111,0.0,0.0,0.0,0.0,1.0,9.0,0.0,0.0,0.0,0.1111111111111111
electricity,hgb,lime,0,spur,spurious_feature,oracle,1.0,1.0,0.3333333333333333,0.2,1.0,1.0,1.0,1.0,1.0,1.0,1.0
electricity,hgb,lime,1,spur,spurious_feature,real,1.0,1.0,0.3333333333333333,0.2,1.0,1.0,1.0,1.0,1.0,1.0,0.5140970974990918
electricity,hgb,lime,1,spur,spurious_feature,random,0.14285714285714285,0.0,0.0,0.0,0.0,1.0,7.0,0.0,0.0,0.0,0.025833926625875366
electricity,hgb,lime,1,spur,spurious_feature,permuted,0.3333333333333333,0.0,0.3333333333333333,0.2,1.0,1.0,3.0,0.0,1.0,1.0,0.08589796433693764
electricity,hgb,lime,1,spur,spurious_feature,constant,0.1111111111111111,0.0,0.0,0.0,0.0,1.0,9.0,0.0,0.0,0.0,0.1111111111111111
electricity,hgb,lime,1,spur,spurious_feature,oracle,1.0,1.0,0.3333333333333333,0.2,1.0,1.0,1.0,1.0,1.0,1.0,1.0
electricity,hgb,lime,2,spur,spurious_feature,real,1.0,1.0,0.3333333333333333,0.2,1.0,1.0,1.0,1.0,1.0,1.0,0.4912452172813901
electricity,hgb,lime,2,spur,spurious_feature,random,0.14285714285714285,0.0,0.0,0.0,0.0,1.0,7.0,0.0,0.0,0.0,0.0634493221400832
electricity,hgb,lime,2,spur,spurious_feature,permuted,0.1111111111111111,0.0,0.0,0.0,0.0,1.0,9.0,0.0,0.0,0.0,0.027699381352433564
electricity,hgb,lime,2,spur,spurious_feature,constant,0.1111111111111111,0.0,0.0,0.0,0.0,1.0,9.0,0.0,0.0,0.0,0.1111111111111111
electricity,hgb,lime,2,spur,spurious_feature,oracle,1.0,1.0,0.3333333333333333,0.2,1.0,1.0,1.0,1.0,1.0,1.0,1.0
electricity,hgb,lime,3,spur,spurious_feature,real,1.0,1.0,0.3333333333333333,0.2,1.0,1.0,1.0,1.0,1.0,1.0,0.5081822565777485
electricity,hgb,lime,3,spur,spurious_feature,random,0.125,0.0,0.0,0.0,0.0,1.0,8.0,0.0,0.0,0.0,0.029719168056287687
electricity,hgb,lime,3,spur,spurious_feature,permuted,0.2,0.0,0.0,0.2,1.0,1.0,5.0,0.0,0.0,1.0,0.03378012775967791
electricity,hgb,lime,3,spur,spurious_feature,constant,0.1111111111111111,0.0,0.0,0.0,0.0,1.0,9.0,0.0,0.0,0.0,0.1111111111111111
electricity,hgb,lime,3,spur,spurious_feature,oracle,1.0,1.0,0.3333333333333333,0.2,1.0,1.0,1.0,1.0,1.0,1.0,1.0
electricity,hgb,lime,4,spur,spurious_feature,real,1.0,1.0,0.3333333333333333,0.2,1.0,1.0,1.0,1.0,1.0,1.0,0.5037053506105312
electricity,hgb,lime,4,spur,spurious_feature,random,0.25,0.0,0.0,0.2,1.0,1.0,4.0,0.0,0.0,1.0,0.13951189265332972
electricity,hgb,lime,4,spur,spurious_feature,permuted,0.14285714285714285,0.0,0.0,0.0,0.0,1.0,7.0,0.0,0.0,0.0,0.028095310939834365
electricity,hgb,lime,4,spur,spurious_feature,constant,0.1111111111111111,0.0,0.0,0.0,0.0,1.0,9.0,0.0,0.0,0.0,0.1111111111111111
electricity,hgb,lime,4,spur,spurious_feature,oracle,1.0,1.0,0.3333333333333333,0.2,1.0,1.0,1.0,1.0,1.0,1.0,1.0
electricity,mlp,ig,0,clean,descriptive_top5,real,0.885,1.0,1.0,0.8,0.8,1.0,,,,,
electricity,mlp,ig,0,clean,descriptive_top5,random,0.8766666666666667,1.0,0.6666666666666666,0.8,0.8,1.0,,,,,
electricity,mlp,ig,0,clean,descriptive_top5,permuted,0.885,1.0,1.0,0.8,0.8,1.0,,,,,
electricity,mlp,ig,0,clean,descriptive_top5,constant,0.625,1.0,1.0,1.0,1.0,1.0,,,,,
electricity,mlp,ig,0,clean,descriptive_top5,oracle,1.0,1.0,1.0,1.0,1.0,1.0,,,,,
electricity,mlp,ig,1,clean,descriptive_top5,real,0.8350000000000001,1.0,0.6666666666666666,0.8,0.8,1.0,,,,,
electricity,mlp,ig,1,clean,descriptive_top5,random,0.852857142857143,1.0,0.6666666666666666,0.8,0.8,1.0,,,,,
electricity,mlp,ig,1,clean,descriptive_top5,permuted,0.925,1.0,1.0,0.8,0.8,1.0,,,,,
electricity,mlp,ig,1,clean,descriptive_top5,constant,0.625,1.0,1.0,1.0,1.0,1.0,,,,,
electricity,mlp,ig,1,clean,descriptive_top5,oracle,1.0,1.0,1.0,1.0,1.0,1.0,,,,,
electricity,mlp,ig,2,clean,descriptive_top5,real,0.885,1.0,1.0,0.8,0.8,1.0,,,,,
electricity,mlp,ig,2,clean,descriptive_top5,random,0.7861904761904762,1.0,0.6666666666666666,0.8,0.8,1.0,,,,,
electricity,mlp,ig,2,clean,descriptive_top5,permuted,0.8761904761904762,1.0,1.0,0.6,0.6,1.0,,,,,
electricity,mlp,ig,2,clean,descriptive_top5,constant,0.625,1.0,1.0,1.0,1.0,1.0,,,,,
electricity,mlp,ig,2,clean,descriptive_top5,oracle,1.0,1.0,1.0,1.0,1.0,1.0,,,,,
electricity,mlp,ig,3,clean,descriptive_top5,real,0.8350000000000001,1.0,0.6666666666666666,0.8,0.8,1.0,,,,,
electricity,mlp,ig,3,clean,descriptive_top5,random,0.6683333333333333,0.0,0.6666666666666666,0.8,0.8,1.0,,,,,
electricity,mlp,ig,3,clean,descriptive_top5,permuted,0.6295238095238094,0.0,0.6666666666666666,0.6,0.6,1.0,,,,,
electricity,mlp,ig,3,clean,descriptive_top5,constant,0.625,1.0,1.0,1.0,1.0,1.0,,,,,
electricity,mlp,ig,3,clean,descriptive_top5,oracle,1.0,1.0,1.0,1.0,1.0,1.0,,,,,
electricity,mlp,ig,4,clean,descriptive_top5,real,0.885,1.0,1.0,0.8,0.8,1.0,,,,,
electricity,mlp,ig,4,clean,descriptive_top5,random,0.8350000000000001,1.0,0.6666666666666666,0.8,0.8,1.0,,,,,
electricity,mlp,ig,4,clean,descriptive_top5,permuted,0.6683333333333333,0.0,0.6666666666666666,0.8,0.8,1.0,,,,,
electricity,mlp,ig,4,clean,descriptive_top5,constant,0.625,1.0,1.0,1.0,1.0,1.0,,,,,
electricity,mlp,ig,4,clean,descriptive_top5,oracle,1.0,1.0,1.0,1.0,1.0,1.0,,,,,
electricity,mlp,ig,0,spur,spurious_feature,real,1.0,1.0,0.3333333333333333,0.2,1.0,1.0,1.0,1.0,1.0,1.0,0.5719164354028274
electricity,mlp,ig,0,spur,spurious_feature,random,0.3333333333333333,0.0,0.3333333333333333,0.2,1.0,1.0,3.0,0.0,1.0,1.0,0.14318876195064204
electricity,mlp,ig,0,spur,spurious_feature,permuted,0.25,0.0,0.0,0.2,1.0,1.0,4.0,0.0,0.0,1.0,0.0521283314733339
electricity,mlp,ig,0,spur,spurious_feature,constant,0.1111111111111111,0.0,0.0,0.0,0.0,1.0,9.0,0.0,0.0,0.0,0.1111111111111111
electricity,mlp,ig,0,spur,spurious_feature,oracle,1.0,1.0,0.3333333333333333,0.2,1.0,1.0,1.0,1.0,1.0,1.0,1.0
electricity,mlp,ig,1,spur,spurious_feature,real,1.0,1.0,0.3333333333333333,0.2,1.0,1.0,1.0,1.0,1.0,1.0,0.5660576872436225
electricity,mlp,ig,1,spur,spurious_feature,random,0.2,0.0,0.0,0.2,1.0,1.0,5.0,0.0,0.0,1.0,0.10396257966026762
electricity,mlp,ig,1,spur,spurious_feature,permuted,0.1111111111111111,0.0,0.0,0.0,0.0,1.0,9.0,0.0,0.0,0.0,0.0033036297604364232
electricity,mlp,ig,1,spur,spurious_feature,constant,0.1111111111111111,0.0,0.0,0.0,0.0,1.0,9.0,0.0,0.0,0.0,0.1111111111111111
electricity,mlp,ig,1,spur,spurious_feature,oracle,1.0,1.0,0.3333333333333333,0.2,1.0,1.0,1.0,1.0,1.0,1.0,1.0
electricity,mlp,ig,2,spur,spurious_feature,real,1.0,1.0,0.3333333333333333,0.2,1.0,1.0,1.0,1.0,1.0,1.0,0.5564711561877325
electricity,mlp,ig,2,spur,spurious_feature,random,0.125,0.0,0.0,0.0,0.0,1.0,8.0,0.0,0.0,0.0,0.08781386676631474
electricity,mlp,ig,2,spur,spurious_feature,permuted,0.2,0.0,0.0,0.2,1.0,1.0,5.0,0.0,0.0,1.0,0.0504080574915796
electricity,mlp,ig,2,spur,spurious_feature,constant,0.1111111111111111,0.0,0.0,0.0,0.0,1.0,9.0,0.0,0.0,0.0,0.1111111111111111
electricity,mlp,ig,2,spur,spurious_feature,oracle,1.0,1.0,0.3333333333333333,0.2,1.0,1.0,1.0,1.0,1.0,1.0,1.0
electricity,mlp,ig,3,spur,spurious_feature,real,1.0,1.0,0.3333333333333333,0.2,1.0,1.0,1.0,1.0,1.0,1.0,0.557490947319947
electricity,mlp,ig,3,spur,spurious_feature,random,0.2,0.0,0.0,0.2,1.0,1.0,5.0,0.0,0.0,1.0,0.09237276804300924
electricity,mlp,ig,3,spur,spurious_feature,permuted,0.2,0.0,0.0,0.2,1.0,1.0,5.0,0.0,0.0,1.0,0.051948666846583454
electricity,mlp,ig,3,spur,spurious_feature,constant,0.1111111111111111,0.0,0.0,0.0,0.0,1.0,9.0,0.0,0.0,0.0,0.1111111111111111
electricity,mlp,ig,3,spur,spurious_feature,oracle,1.0,1.0,0.3333333333333333,0.2,1.0,1.0,1.0,1.0,1.0,1.0,1.0
electricity,mlp,ig,4,spur,spurious_feature,real,1.0,1.0,0.3333333333333333,0.2,1.0,1.0,1.0,1.0,1.0,1.0,0.5664894878933405
electricity,mlp,ig,4,spur,spurious_feature,random,1.0,1.0,0.3333333333333333,0.2,1.0,1.0,1.0,1.0,1.0,1.0,0.26669432337962307
electricity,mlp,ig,4,spur,spurious_feature,permuted,0.25,0.0,0.0,0.2,1.0,1.0,4.0,0.0,0.0,1.0,0.051086265124999364
electricity,mlp,ig,4,spur,spurious_feature,constant,0.1111111111111111,0.0,0.0,0.0,0.0,1.0,9.0,0.0,0.0,0.0,0.1111111111111111
electricity,mlp,ig,4,spur,spurious_feature,oracle,1.0,1.0,0.3333333333333333,0.2,1.0,1.0,1.0,1.0,1.0,1.0,1.0
electricity,mlp,lime,0,clean,descriptive_top5,real,0.7683333333333333,1.0,0.6666666666666666,0.8,0.8,1.0,,,,,
electricity,mlp,lime,0,clean,descriptive_top5,random,0.9666666666666667,1.0,1.0,0.8,0.8,1.0,,,,,
electricity,mlp,lime,0,clean,descriptive_top5,permuted,0.5726190476190476,0.0,0.6666666666666666,0.4,0.4,1.0,,,,,
electricity,mlp,lime,0,clean,descriptive_top5,constant,0.625,1.0,1.0,1.0,1.0,1.0,,,,,
electricity,mlp,lime,0,clean,descriptive_top5,oracle,1.0,1.0,1.0,1.0,1.0,1.0,,,,,
electricity,mlp,lime,1,clean,descriptive_top5,real,0.7861904761904762,1.0,0.6666666666666666,0.8,0.8,1.0,,,,,
electricity,mlp,lime,1,clean,descriptive_top5,random,0.7392857142857143,1.0,0.6666666666666666,0.4,0.4,1.0,,,,,
electricity,mlp,lime,1,clean,descriptive_top5,permuted,0.4859523809523809,0.0,0.3333333333333333,0.4,0.4,1.0,,,,,
electricity,mlp,lime,1,clean,descriptive_top5,constant,0.625,1.0,1.0,1.0,1.0,1.0,,,,,
electricity,mlp,lime,1,clean,descriptive_top5,oracle,1.0,1.0,1.0,1.0,1.0,1.0,,,,,
electricity,mlp,lime,2,clean,descriptive_top5,real,0.7416666666666667,1.0,0.6666666666666666,0.6,0.6,1.0,,,,,
electricity,mlp,lime,2,clean,descriptive_top5,random,0.5628571428571427,0.0,0.3333333333333333,0.6,0.6,1.0,,,,,
electricity,mlp,lime,2,clean,descriptive_top5,permuted,0.7683333333333333,1.0,0.6666666666666666,0.8,0.8,1.0,,,,,
electricity,mlp,lime,2,clean,descriptive_top5,constant,0.625,1.0,1.0,1.0,1.0,1.0,,,,,
electricity,mlp,lime,2,clean,descriptive_top5,oracle,1.0,1.0,1.0,1.0,1.0,1.0,,,,,
electricity,mlp,lime,3,clean,descriptive_top5,real,0.7595238095238095,1.0,0.6666666666666666,0.6,0.6,1.0,,,,,
electricity,mlp,lime,3,clean,descriptive_top5,random,0.6726190476190477,1.0,0.6666666666666666,0.4,0.4,1.0,,,,,
electricity,mlp,lime,3,clean,descriptive_top5,permuted,0.7592857142857143,1.0,0.6666666666666666,0.6,0.6,1.0,,,,,
electricity,mlp,lime,3,clean,descriptive_top5,constant,0.625,1.0,1.0,1.0,1.0,1.0,,,,,
electricity,mlp,lime,3,clean,descriptive_top5,oracle,1.0,1.0,1.0,1.0,1.0,1.0,,,,,
electricity,mlp,lime,4,clean,descriptive_top5,real,0.7226190476190476,1.0,0.6666666666666666,0.6,0.6,1.0,,,,,
electricity,mlp,lime,4,clean,descriptive_top5,random,0.8350000000000001,1.0,0.6666666666666666,0.8,0.8,1.0,,,,,
electricity,mlp,lime,4,clean,descriptive_top5,permuted,0.5192857142857142,0.0,0.3333333333333333,0.4,0.4,1.0,,,,,
electricity,mlp,lime,4,clean,descriptive_top5,constant,0.625,1.0,1.0,1.0,1.0,1.0,,,,,
electricity,mlp,lime,4,clean,descriptive_top5,oracle,1.0,1.0,1.0,1.0,1.0,1.0,,,,,
electricity,mlp,lime,0,spur,spurious_feature,real,1.0,1.0,0.3333333333333333,0.2,1.0,1.0,1.0,1.0,1.0,1.0,0.5235504651721441
electricity,mlp,lime,0,spur,spurious_feature,random,0.16666666666666666,0.0,0.0,0.0,0.0,1.0,6.0,0.0,0.0,0.0,0.046630129926340975
electricity,mlp,lime,0,spur,spurious_feature,permuted,0.3333333333333333,0.0,0.3333333333333333,0.2,1.0,1.0,3.0,0.0,1.0,1.0,0.10937236939048835
electricity,mlp,lime,0,spur,spurious_feature,constant,0.1111111111111111,0.0,0.0,0.0,0.0,1.0,9.0,0.0,0.0,0.0,0.1111111111111111
electricity,mlp,lime,0,spur,spurious_feature,oracle,1.0,1.0,0.3333333333333333,0.2,1.0,1.0,1.0,1.0,1.0,1.0,1.0
electricity,mlp,lime,1,spur,spurious_feature,real,1.0,1.0,0.3333333333333333,0.2,1.0,1.0,1.0,1.0,1.0,1.0,0.5363944900116834
electricity,mlp,lime,1,spur,spurious_feature,random,1.0,1.0,0.3333333333333333,0.2,1.0,1.0,1.0,1.0,1.0,1.0,0.2559147318907173
electricity,mlp,lime,1,spur,spurious_feature,permuted,1.0,1.0,0.3333333333333333,0.2,1.0,1.0,1.0,1.0,1.0,1.0,0.5363944900116835
electricity,mlp,lime,1,spur,spurious_feature,constant,0.1111111111111111,0.0,0.0,0.0,0.0,1.0,9.0,0.0,0.0,0.0,0.1111111111111111
electricity,mlp,lime,1,spur,spurious_feature,oracle,1.0,1.0,0.3333333333333333,0.2,1.0,1.0,1.0,1.0,1.0,1.0,1.0
electricity,mlp,lime,2,spur,spurious_feature,real,1.0,1.0,0.3333333333333333,0.2,1.0,1.0,1.0,1.0,1.0,1.0,0.5306873489929576
electricity,mlp,lime,2,spur,spurious_feature,random,0.5,0.0,0.3333333333333333,0.2,1.0,1.0,2.0,0.0,1.0,1.0,0.14232337533033979
electricity,mlp,lime,2,spur,spurious_feature,permuted,0.1111111111111111,0.0,0.0,0.0,0.0,1.0,9.0,0.0,0.0,0.0,0.022490326048752004
electricity,mlp,lime,2,spur,spurious_feature,constant,0.1111111111111111,0.0,0.0,0.0,0.0,1.0,9.0,0.0,0.0,0.0,0.1111111111111111
electricity,mlp,lime,2,spur,spurious_feature,oracle,1.0,1.0,0.3333333333333333,0.2,1.0,1.0,1.0,1.0,1.0,1.0,1.0
electricity,mlp,lime,3,spur,spurious_feature,real,1.0,1.0,0.3333333333333333,0.2,1.0,1.0,1.0,1.0,1.0,1.0,0.5231778825303444
electricity,mlp,lime,3,spur,spurious_feature,random,0.3333333333333333,0.0,0.3333333333333333,0.2,1.0,1.0,3.0,0.0,1.0,1.0,0.1796955821144581
electricity,mlp,lime,3,spur,spurious_feature,permuted,0.14285714285714285,0.0,0.0,0.0,0.0,1.0,7.0,0.0,0.0,0.0,0.03136480646226111
electricity,mlp,lime,3,spur,spurious_feature,constant,0.1111111111111111,0.0,0.0,0.0,0.0,1.0,9.0,0.0,0.0,0.0,0.1111111111111111
electricity,mlp,lime,3,spur,spurious_feature,oracle,1.0,1.0,0.3333333333333333,0.2,1.0,1.0,1.0,1.0,1.0,1.0,1.0
electricity,mlp,lime,4,spur,spurious_feature,real,1.0,1.0,0.3333333333333333,0.2,1.0,1.0,1.0,1.0,1.0,1.0,0.5160492486802071
electricity,mlp,lime,4,spur,spurious_feature,random,0.5,0.0,0.3333333333333333,0.2,1.0,1.0,2.0,0.0,1.0,1.0,0.1430862723557434
electricity,mlp,lime,4,spur,spurious_feature,permuted,0.2,0.0,0.0,0.2,1.0,1.0,5.0,0.0,0.0,1.0,0.03436395846182209
electricity,mlp,lime,4,spur,spurious_feature,constant,0.1111111111111111,0.0,0.0,0.0,0.0,1.0,9.0,0.0,0.0,0.0,0.1111111111111111
electricity,mlp,lime,4,spur,spurious_feature,oracle,1.0,1.0,0.3333333333333333,0.2,1.0,1.0,1.0,1.0,1.0,1.0,1.0
electricity,mlp,kshap,0,clean,descriptive_top5,real,0.7416666666666667,1.0,0.6666666666666666,0.6,0.6,1.0,,,,,
electricity,mlp,kshap,0,clean,descriptive_top5,random,0.8261904761904763,1.0,0.6666666666666666,0.6,0.6,1.0,,,,,
electricity,mlp,kshap,0,clean,descriptive_top5,permuted,0.8761904761904762,1.0,1.0,0.6,0.6,1.0,,,,,
electricity,mlp,kshap,0,clean,descriptive_top5,constant,0.625,1.0,1.0,1.0,1.0,1.0,,,,,
electricity,mlp,kshap,0,clean,descriptive_top5,oracle,1.0,1.0,1.0,1.0,1.0,1.0,,,,,
electricity,mlp,kshap,1,clean,descriptive_top5,real,0.8350000000000001,1.0,0.6666666666666666,0.8,0.8,1.0,,,,,
electricity,mlp,kshap,1,clean,descriptive_top5,random,0.6783333333333333,1.0,0.3333333333333333,0.6,0.6,1.0,,,,,
electricity,mlp,kshap,1,clean,descriptive_top5,permuted,0.5392857142857144,0.0,0.3333333333333333,0.4,0.4,1.0,,,,,
electricity,mlp,kshap,1,clean,descriptive_top5,constant,0.625,1.0,1.0,1.0,1.0,1.0,,,,,
electricity,mlp,kshap,1,clean,descriptive_top5,oracle,1.0,1.0,1.0,1.0,1.0,1.0,,,,,
electricity,mlp,kshap,2,clean,descriptive_top5,real,0.8350000000000001,1.0,0.6666666666666666,0.8,0.8,1.0,,,,,
electricity,mlp,kshap,2,clean,descriptive_top5,random,0.7595238095238095,1.0,0.6666666666666666,0.6,0.6,1.0,,,,,
electricity,mlp,kshap,2,clean,descriptive_top5,permuted,0.9666666666666667,1.0,1.0,0.8,0.8,1.0,,,,,
electricity,mlp,kshap,2,clean,descriptive_top5,constant,0.625,1.0,1.0,1.0,1.0,1.0,,,,,
electricity,mlp,kshap,2,clean,descriptive_top5,oracle,1.0,1.0,1.0,1.0,1.0,1.0,,,,,
electricity,mlp,kshap,3,clean,descriptive_top5,real,0.7683333333333333,1.0,0.6666666666666666,0.8,0.8,1.0,,,,,
electricity,mlp,kshap,3,clean,descriptive_top5,random,0.8766666666666667,1.0,0.6666666666666666,0.8,0.8,1.0,,,,,
electricity,mlp,kshap,3,clean,descriptive_top5,permuted,0.6116666666666666,0.0,0.6666666666666666,0.6,0.6,1.0,,,,,
electricity,mlp,kshap,3,clean,descriptive_top5,constant,0.625,1.0,1.0,1.0,1.0,1.0,,,,,
electricity,mlp,kshap,3,clean,descriptive_top5,oracle,1.0,1.0,1.0,1.0,1.0,1.0,,,,,
electricity,mlp,kshap,4,clean,descriptive_top5,real,0.7416666666666667,1.0,0.6666666666666666,0.6,0.6,1.0,,,,,
electricity,mlp,kshap,4,clean,descriptive_top5,random,0.5783333333333334,0.0,0.3333333333333333,0.6,0.6,1.0,,,,,
electricity,mlp,kshap,4,clean,descriptive_top5,permuted,0.8083333333333333,1.0,0.6666666666666666,0.6,0.6,1.0,,,,,
electricity,mlp,kshap,4,clean,descriptive_top5,constant,0.625,1.0,1.0,1.0,1.0,1.0,,,,,
electricity,mlp,kshap,4,clean,descriptive_top5,oracle,1.0,1.0,1.0,1.0,1.0,1.0,,,,,
