dataset,model,method,variant,source,seed_a,seed_b,top3,top5,spearman,cosine,sign5
adult,logreg,linshap,clean,real,0,1,1.0,1.0,1.0,1.0,1.0
adult,logreg,linshap,clean,real,0,2,1.0,1.0,1.0,1.0,1.0
adult,logreg,linshap,clean,real,0,3,1.0,1.0,1.0,1.0,1.0
adult,logreg,linshap,clean,real,0,4,1.0,1.0,1.0,1.0,1.0
adult,logreg,linshap,clean,real,1,2,1.0,1.0,1.0,1.0,1.0
adult,logreg,linshap,clean,real,1,3,1.0,1.0,1.0,1.0,1.0
adult,logreg,linshap,clean,real,1,4,1.0,1.0,1.0,1.0,1.0
adult,logreg,linshap,clean,real,2,3,1.0,1.0,1.0,1.0,1.0
adult,logreg,linshap,clean,real,2,4,1.0,1.0,1.0,1.0,1.0
adult,logreg,linshap,clean,real,3,4,1.0,1.0,1.0,1.0,1.0
adult,logreg,linshap,clean,random,0,1,0.3333333333333333,0.2,0.03736263736263736,0.6589805258922427,1.0
adult,logreg,linshap,clean,random,0,2,0.3333333333333333,0.4,0.054945054945054944,0.7378147569341078,1.0
adult,logreg,linshap,clean,random,0,3,0.3333333333333333,0.6,0.14285714285714285,0.7541511712522408,1.0
adult,logreg,linshap,clean,random,0,4,0.3333333333333333,0.4,-0.12967032967032965,0.68963606154135,1.0
adult,logreg,linshap,clean,random,1,2,0.3333333333333333,0.2,0.1252747252747253,0.8019107354775571,1.0
adult,logreg,linshap,clean,random,1,3,0.3333333333333333,0.4,-0.04175824175824176,0.7655923456736546,1.0
adult,logreg,linshap,clean,random,1,4,0.0,0.4,-0.006593406593406593,0.7771462847193872,1.0
adult,logreg,linshap,clean,random,2,3,0.3333333333333333,0.2,-0.16043956043956045,0.7288123609570067,1.0
adult,logreg,linshap,clean,random,2,4,0.0,0.2,0.12087912087912088,0.7745907547247461,1.0
adult,logreg,linshap,clean,random,3,4,0.0,0.6,0.02417582417582418,0.7690709409827046,1.0
adult,logreg,linshap,clean,permuted,0,1,0.3333333333333333,0.4,0.14285714285714285,0.703888725038287,1.0
adult,logreg,linshap,clean,permuted,0,2,0.0,0.4,-0.16043956043956045,0.5273516833186316,1.0
adult,logreg,linshap,clean,permuted,0,3,0.0,0.2,-0.3054945054945055,0.45113982396620805,1.0
adult,logreg,linshap,clean,permuted,0,4,0.0,0.0,-0.43736263736263736,0.3890850513137318,1.0
adult,logreg,linshap,clean,permuted,1,2,0.3333333333333333,0.4,-0.03736263736263736,0.6040055578548783,1.0
adult,logreg,linshap,clean,permuted,1,3,0.0,0.2,-0.2351648351648352,0.4474865976073296,1.0
adult,logreg,linshap,clean,permuted,1,4,0.0,0.0,-0.16043956043956045,0.4522154020713736,1.0
adult,logreg,linshap,clean,permuted,2,3,0.3333333333333333,0.4,0.2175824175824176,0.622469383720576,1.0
adult,logreg,linshap,clean,permuted,2,4,0.0,0.2,-0.02417582417582418,0.5168873580276249,1.0
adult,logreg,linshap,clean,permuted,3,4,0.3333333333333333,0.6,0.26153846153846155,0.6991325234596255,1.0
adult,logreg,linshap,clean,constant,0,1,1.0,1.0,0.0,1.0,1.0
adult,logreg,linshap,clean,constant,0,2,1.0,1.0,0.0,1.0,1.0
adult,logreg,linshap,clean,constant,0,3,1.0,1.0,0.0,1.0,1.0
adult,logreg,linshap,clean,constant,0,4,1.0,1.0,0.0,1.0,1.0
adult,logreg,linshap,clean,constant,1,2,1.0,1.0,0.0,1.0,1.0
adult,logreg,linshap,clean,constant,1,3,1.0,1.0,0.0,1.0,1.0
adult,logreg,linshap,clean,constant,1,4,1.0,1.0,0.0,1.0,1.0
adult,logreg,linshap,clean,constant,2,3,1.0,1.0,0.0,1.0,1.0
adult,logreg,linshap,clean,constant,2,4,1.0,1.0,0.0,1.0,1.0
adult,logreg,linshap,clean,constant,3,4,1.0,1.0,0.0,1.0,1.0
adult,logreg,linshap,clean,oracle,0,1,1.0,1.0,1.0,0.9999999999999998,1.0
adult,logreg,linshap,clean,oracle,0,2,1.0,1.0,1.0,0.9999999999999998,1.0
adult,logreg,linshap,clean,oracle,0,3,1.0,1.0,1.0,0.9999999999999998,1.0
adult,logreg,linshap,clean,oracle,0,4,1.0,1.0,1.0,0.9999999999999998,1.0
adult,logreg,linshap,clean,oracle,1,2,1.0,1.0,1.0,0.9999999999999998,1.0
adult,logreg,linshap,clean,oracle,1,3,1.0,1.0,1.0,0.9999999999999998,1.0
adult,logreg,linshap,clean,oracle,1,4,1.0,1.0,1.0,0.9999999999999998,1.0
adult,logreg,linshap,clean,oracle,2,3,1.0,1.0,1.0,0.9999999999999998,1.0
adult,logreg,linshap,clean,oracle,2,4,1.0,1.0,1.0,0.9999999999999998,1.0
adult,logreg,linshap,clean,oracle,3,4,1.0,1.0,1.0,0.9999999999999998,1.0
adult,logreg,linshap,spur,real,0,1,1.0,1.0,1.0,0.9999999999999998,1.0
adult,logreg,linshap,spur,real,0,2,1.0,1.0,1.0,0.9999999999999998,1.0
adult,logreg,linshap,spur,real,0,3,1.0,1.0,1.0,0.9999999999999998,1.0
adult,logreg,linshap,spur,real,0,4,1.0,1.0,1.0,0.9999999999999998,1.0
adult,logreg,linshap,spur,real,1,2,1.0,1.0,1.0,0.9999999999999998,1.0
adult,logreg,linshap,spur,real,1,3,1.0,1.0,1.0,0.9999999999999998,1.0
adult,logreg,linshap,spur,real,1,4,1.0,1.0,1.0,0.9999999999999998,1.0
adult,logreg,linshap,spur,real,2,3,1.0,1.0,1.0,0.9999999999999998,1.0
adult,logreg,linshap,spur,real,2,4,1.0,1.0,1.0,0.9999999999999998,1.0
adult,logreg,linshap,spur,real,3,4,1.0,1.0,1.0,0.9999999999999998,1.0
adult,logreg,linshap,spur,random,0,1,0.0,0.0,-0.5678571428571427,0.5956691032258056,1.0
adult,logreg,linshap,spur,random,0,2,0.0,0.0,-0.11071428571428568,0.7645888757589752,1.0
adult,logreg,linshap,spur,random,0,3,0.0,0.0,-0.2714285714285714,0.6890011232646999,1.0
adult,logreg,linshap,spur,random,0,4,0.3333333333333333,0.2,0.4142857142857142,0.8767406044040766,1.0
adult,logreg,linshap,spur,random,1,2,0.3333333333333333,0.4,-0.10714285714285714,0.6955840421651539,1.0
adult,logreg,linshap,spur,random,1,3,0.3333333333333333,0.6,0.3321428571428571,0.8299212291277164,1.0
adult,logreg,linshap,spur,random,1,4,0.3333333333333333,0.6,0.05357142857142857,0.8179807921617304,1.0
adult,logreg,linshap,spur,random,2,3,0.3333333333333333,0.6,0.21071428571428572,0.8121638886000327,1.0
adult,logreg,linshap,spur,random,2,4,0.3333333333333333,0.4,-0.21071428571428572,0.7724184740663265,1.0
adult,logreg,linshap,spur,random,3,4,0.3333333333333333,0.4,-0.014285714285714282,0.7957142556307577,1.0
adult,logreg,linshap,spur,permuted,0,1,0.3333333333333333,0.2,-0.07142857142857141,0.21389187598600604,1.0
adult,logreg,linshap,spur,permuted,0,2,0.0,0.2,-0.06071428571428571,0.16514397662433203,1.0
adult,logreg,linshap,spur,permuted,0,3,0.3333333333333333,0.4,-0.25,0.09017299619683844,1.0
adult,logreg,linshap,spur,permuted,0,4,0.3333333333333333,0.4,-0.04642857142857142,0.20463568572517898,1.0
adult,logreg,linshap,spur,permuted,1,2,0.3333333333333333,0.6,0.1964285714285714,0.19622641039648248,1.0
adult,logreg,linshap,spur,permuted,1,3,0.3333333333333333,0.4,0.17857142857142855,0.22835196597612328,1.0
adult,logreg,linshap,spur,permuted,1,4,0.0,0.2,-0.24285714285714283,0.10962761044490575,1.0
adult,logreg,linshap,spur,permuted,2,3,0.0,0.2,-0.4142857142857142,0.16236573720449565,1.0
adult,logreg,linshap,spur,permuted,2,4,0.0,0.2,0.0,0.12006640643275401,1.0
adult,logreg,linshap,spur,permuted,3,4,0.3333333333333333,0.4,-0.18214285714285713,0.9388781250019427,1.0
adult,logreg,linshap,spur,constant,0,1,1.0,1.0,0.0,0.9999999999999999,1.0
adult,logreg,linshap,spur,constant,0,2,1.0,1.0,0.0,0.9999999999999999,1.0
adult,logreg,linshap,spur,constant,0,3,1.0,1.0,0.0,0.9999999999999999,1.0
adult,logreg,linshap,spur,constant,0,4,1.0,1.0,0.0,0.9999999999999999,1.0
adult,logreg,linshap,spur,constant,1,2,1.0,1.0,0.0,0.9999999999999999,1.0
adult,logreg,linshap,spur,constant,1,3,1.0,1.0,0.0,0.9999999999999999,1.0
adult,logreg,linshap,spur,constant,1,4,1.0,1.0,0.0,0.9999999999999999,1.0
adult,logreg,linshap,spur,constant,2,3,1.0,1.0,0.0,0.9999999999999999,1.0
adult,logreg,linshap,spur,constant,2,4,1.0,1.0,0.0,0.9999999999999999,1.0
adult,logreg,linshap,spur,constant,3,4,1.0,1.0,0.0,0.9999999999999999,1.0
adult,logreg,linshap,spur,oracle,0,1,1.0,1.0,0.9999999999999999,1.0,1.0
adult,logreg,linshap,spur,oracle,0,2,1.0,1.0,0.9999999999999999,1.0,1.0
adult,logreg,linshap,spur,oracle,0,3,1.0,1.0,0.9999999999999999,1.0,1.0
adult,logreg,linshap,spur,oracle,0,4,1.0,1.0,0.9999999999999999,1.0,1.0
adult,logreg,linshap,spur,oracle,1,2,1.0,1.0,0.9999999999999999,1.0,1.0
adult,logreg,linshap,spur,oracle,1,3,1.0,1.0,0.9999999999999999,1.0,1.0
adult,logreg,linshap,spur,oracle,1,4,1.0,1.0,0.9999999999999999,1.0,1.0
adult,logreg,linshap,spur,oracle,2,3,1.0,1.0,0.9999999999999999,1.0,1.0
adult,logreg,linshap,spur,oracle,2,4,1.0,1.0,0.9999999999999999,1.0,1.0
adult,logreg,linshap,spur,oracle,3,4,1.0,1.0,0.9999999999999999,1.0,1.0
adult,logreg,lime,clean,real,0,1,1.0,1.0,0.9912087912087912,0.9555733177148968,1.0
adult,logreg,lime,clean,real,0,2,1.0,1.0,0.9780219780219781,0.9937065593426238,1.0
adult,logreg,lime,clean,real,0,3,1.0,1.0,0.9912087912087912,0.9970454924601773,1.0
adult,logreg,lime,clean,real,0,4,1.0,0.8,0.956043956043956,0.9939716294944538,1.0
adult,logreg,lime,clean,real,1,2,1.0,1.0,0.9736263736263736,0.9808093360163087,1.0
adult,logreg,lime,clean,real,1,3,1.0,1.0,0.9868131868131869,0.9736982693719276,1.0
adult,logreg,lime,clean,real,1,4,1.0,0.8,0.9736263736263736,0.9757708575069595,1.0
adult,logreg,lime,clean,real,2,3,1.0,1.0,0.9868131868131869,0.9991124037418306,1.0
adult,logreg,lime,clean,real,2,4,1.0,0.8,0.9252747252747253,0.9952150188538784,1.0
adult,logreg,lime,clean,real,3,4,1.0,0.8,0.9428571428571428,0.9964281070093328,1.0
adult,logreg,lime,clean,random,0,1,0.3333333333333333,0.2,-0.2087912087912088,0.6660148911010444,1.0
adult,logreg,lime,clean,random,0,2,0.0,0.4,-0.04615384615384615,0.7151492393999086,1.0
adult,logreg,lime,clean,random,0,3,0.0,0.0,-0.4021978021978022,0.6009856232200226,1.0
adult,logreg,lime,clean,random,0,4,0.0,0.4,0.1912087912087912,0.7452484531034783,1.0
adult,logreg,lime,clean,random,1,2,0.0,0.2,-0.4065934065934066,0.7279395734828067,1.0
adult,logreg,lime,clean,random,1,3,0.0,0.2,-0.16043956043956045,0.7330311973696376,1.0
adult,logreg,lime,clean,random,1,4,0.6666666666666666,0.6,0.07692307692307693,0.7734024741341128,1.0
adult,logreg,lime,clean,random,2,3,0.3333333333333333,0.2,0.05054945054945055,0.8314538191075702,1.0
adult,logreg,lime,clean,random,2,4,0.0,0.2,-0.2923076923076923,0.7190304592353964,1.0
adult,logreg,lime,clean,random,3,4,0.0,0.4,-0.12967032967032965,0.7039381355526975,1.0
adult,logreg,lime,clean,permuted,0,1,0.6666666666666666,0.8,0.745054945054945,0.6074064658923277,1.0
adult,logreg,lime,clean,permuted,0,2,0.3333333333333333,0.6,0.3934065934065934,0.45362034151722047,1.0
adult,logreg,lime,clean,permuted,0,3,0.0,0.0,-0.3142857142857143,0.37329330602346417,1.0
adult,logreg,lime,clean,permuted,0,4,0.0,0.2,-0.3098901098901099,0.3309831916816131,1.0
adult,logreg,lime,clean,permuted,1,2,0.3333333333333333,0.4,0.2879120879120879,0.5933846425611107,1.0
adult,logreg,lime,clean,permuted,1,3,0.0,0.2,0.03736263736263736,0.3762902610134067,1.0
adult,logreg,lime,clean,permuted,1,4,0.0,0.2,-0.27912087912087913,0.36796150465113187,1.0
adult,logreg,lime,clean,permuted,2,3,0.0,0.0,-0.432967032967033,0.3403237126364092,1.0
adult,logreg,lime,clean,permuted,2,4,0.3333333333333333,0.2,-0.1912087912087912,0.5470656898516181,1.0
adult,logreg,lime,clean,permuted,3,4,0.0,0.4,-0.12967032967032965,0.3829345622098437,1.0
adult,logreg,lime,clean,constant,0,1,1.0,1.0,0.0,1.0,1.0
adult,logreg,lime,clean,constant,0,2,1.0,1.0,0.0,1.0,1.0
adult,logreg,lime,clean,constant,0,3,1.0,1.0,0.0,1.0,1.0
adult,logreg,lime,clean,constant,0,4,1.0,1.0,0.0,1.0,1.0
adult,logreg,lime,clean,constant,1,2,1.0,1.0,0.0,1.0,1.0
adult,logreg,lime,clean,constant,1,3,1.0,1.0,0.0,1.0,1.0
adult,logreg,lime,clean,constant,1,4,1.0,1.0,0.0,1.0,1.0
adult,logreg,lime,clean,constant,2,3,1.0,1.0,0.0,1.0,1.0
adult,logreg,lime,clean,constant,2,4,1.0,1.0,0.0,1.0,1.0
adult,logreg,lime,clean,constant,3,4,1.0,1.0,0.0,1.0,1.0
adult,logreg,lime,clean,oracle,0,1,1.0,1.0,1.0,0.9999999999999998,1.0
adult,logreg,lime,clean,oracle,0,2,1.0,1.0,1.0,0.9999999999999998,1.0
adult,logreg,lime,clean,oracle,0,3,1.0,1.0,1.0,0.9999999999999998,1.0
adult,logreg,lime,clean,oracle,0,4,1.0,1.0,1.0,0.9999999999999998,1.0
adult,logreg,lime,clean,oracle,1,2,1.0,1.0,1.0,0.9999999999999998,1.0
adult,logreg,lime,clean,oracle,1,3,1.0,1.0,1.0,0.9999999999999998,1.0
adult,logreg,lime,clean,oracle,1,4,1.0,1.0,1.0,0.9999999999999998,1.0
adult,logreg,lime,clean,oracle,2,3,1.0,1.0,1.0,0.9999999999999998,1.0
adult,logreg,lime,clean,oracle,2,4,1.0,1.0,1.0,0.9999999999999998,1.0
adult,logreg,lime,clean,oracle,3,4,1.0,1.0,1.0,0.9999999999999998,1.0
adult,logreg,lime,spur,real,0,1,1.0,0.8,0.95,0.9787915263646644,1.0
adult,logreg,lime,spur,real,0,2,1.0,0.8,0.9607142857142855,0.9934019794619738,1.0
adult,logreg,lime,spur,real,0,3,1.0,1.0,0.9749999999999999,0.9850567226607839,1.0
adult,logreg,lime,spur,real,0,4,1.0,0.8,0.914285714285714,0.9835306145458618,1.0
adult,logreg,lime,spur,real,1,2,1.0,0.8,0.9857142857142854,0.9817660100427109,1.0
adult,logreg,lime,spur,real,1,3,1.0,0.8,0.9857142857142854,0.993973237049995,1.0
adult,logreg,lime,spur,real,1,4,1.0,0.6,0.9357142857142854,0.9612918379470058,1.0
adult,logreg,lime,spur,real,2,3,1.0,0.8,0.9785714285714284,0.981517016314877,1.0
adult,logreg,lime,spur,real,2,4,1.0,0.8,0.932142857142857,0.9856665574237656,1.0
adult,logreg,lime,spur,real,3,4,1.0,0.8,0.9428571428571427,0.9662567963058462,1.0
adult,logreg,lime,spur,random,0,1,0.3333333333333333,0.6,0.16785714285714282,0.8285532089484786,1.0
adult,logreg,lime,spur,random,0,2,0.0,0.2,-0.2928571428571428,0.6810294016903741,1.0
adult,logreg,lime,spur,random,0,3,0.3333333333333333,0.2,-0.09285714285714285,0.7720498198746061,1.0
adult,logreg,lime,spur,random,0,4,0.0,0.4,-0.04642857142857142,0.6249916888418299,1.0
adult,logreg,lime,spur,random,1,2,0.3333333333333333,0.2,-0.03214285714285714,0.7663594964876345,1.0
adult,logreg,lime,spur,random,1,3,0.0,0.0,-0.6964285714285713,0.6024425175038444,1.0
adult,logreg,lime,spur,random,1,4,0.0,0.2,-0.3142857142857143,0.5261765771794589,1.0
adult,logreg,lime,spur,random,2,3,0.0,0.2,-0.3142857142857143,0.7087379562194746,1.0
adult,logreg,lime,spur,random,2,4,0.6666666666666666,0.6,0.3714285714285714,0.760381266981697,1.0
adult,logreg,lime,spur,random,3,4,0.3333333333333333,0.6,0.2642857142857143,0.7874411099969402,1.0
adult,logreg,lime,spur,permuted,0,1,0.3333333333333333,0.4,0.3,0.5701216808242615,1.0
adult,logreg,lime,spur,permuted,0,2,0.0,0.2,-0.049999999999999996,0.4938300969287994,1.0
adult,logreg,lime,spur,permuted,0,3,0.3333333333333333,0.6,0.3607142857142856,0.6439738496630083,1.0
adult,logreg,lime,spur,permuted,0,4,0.3333333333333333,0.2,0.0,0.5793347250099254,1.0
adult,logreg,lime,spur,permuted,1,2,0.3333333333333333,0.6,0.4535714285714285,0.765748396472362,1.0
adult,logreg,lime,spur,permuted,1,3,0.0,0.4,0.22499999999999998,0.44496145821550015,1.0
adult,logreg,lime,spur,permuted,1,4,0.3333333333333333,0.2,0.30357142857142855,0.5673749006677867,1.0
adult,logreg,lime,spur,permuted,2,3,0.3333333333333333,0.6,0.3857142857142856,0.6090712432103614,1.0
adult,logreg,lime,spur,permuted,2,4,0.0,0.2,-0.0857142857142857,0.4262276345846305,1.0
adult,logreg,lime,spur,permuted,3,4,0.0,0.4,-0.075,0.37958659496081104,1.0
adult,logreg,lime,spur,constant,0,1,1.0,1.0,0.0,0.9999999999999999,1.0
adult,logreg,lime,spur,constant,0,2,1.0,1.0,0.0,0.9999999999999999,1.0
adult,logreg,lime,spur,constant,0,3,1.0,1.0,0.0,0.9999999999999999,1.0
adult,logreg,lime,spur,constant,0,4,1.0,1.0,0.0,0.9999999999999999,1.0
adult,logreg,lime,spur,constant,1,2,1.0,1.0,0.0,0.9999999999999999,1.0
adult,logreg,lime,spur,constant,1,3,1.0,1.0,0.0,0.9999999999999999,1.0
adult,logreg,lime,spur,constant,1,4,1.0,1.0,0.0,0.9999999999999999,1.0
adult,logreg,lime,spur,constant,2,3,1.0,1.0,0.0,0.9999999999999999,1.0
adult,logreg,lime,spur,constant,2,4,1.0,1.0,0.0,0.9999999999999999,1.0
adult,logreg,lime,spur,constant,3,4,1.0,1.0,0.0,0.9999999999999999,1.0
adult,logreg,lime,spur,oracle,0,1,1.0,1.0,0.9999999999999999,1.0,1.0
adult,logreg,lime,spur,oracle,0,2,1.0,1.0,0.9999999999999999,1.0,1.0
adult,logreg,lime,spur,oracle,0,3,1.0,1.0,0.9999999999999999,1.0,1.0
adult,logreg,lime,spur,oracle,0,4,1.0,1.0,0.9999999999999999,1.0,1.0
adult,logreg,lime,spur,oracle,1,2,1.0,1.0,0.9999999999999999,1.0,1.0
adult,logreg,lime,spur,oracle,1,3,1.0,1.0,0.9999999999999999,1.0,1.0
adult,logreg,lime,spur,oracle,1,4,1.0,1.0,0.9999999999999999,1.0,1.0
adult,logreg,lime,spur,oracle,2,3,1.0,1.0,0.9999999999999999,1.0,1.0
adult,logreg,lime,spur,oracle,2,4,1.0,1.0,0.9999999999999999,1.0,1.0
adult,logreg,lime,spur,oracle,3,4,1.0,1.0,0.9999999999999999,1.0,1.0
adult,rf,treeshap,clean,real,0,1,1.0,1.0,0.9912087912087912,0.9955740150355376,1.0
adult,rf,treeshap,clean,real,0,2,1.0,1.0,0.9956043956043955,0.9868071291526007,1.0
adult,rf,treeshap,clean,real,0,3,1.0,1.0,0.9780219780219781,0.9945115582855979,1.0
adult,rf,treeshap,clean,real,0,4,1.0,1.0,0.9956043956043955,0.9947397132408449,1.0
adult,rf,treeshap,clean,real,1,2,1.0,1.0,0.9956043956043955,0.9881474352666413,1.0
adult,rf,treeshap,clean,real,1,3,1.0,1.0,0.9604395604395607,0.9914131400271177,1.0
adult,rf,treeshap,clean,real,1,4,1.0,1.0,0.9956043956043955,0.9961302267403155,1.0
adult,rf,treeshap,clean,real,2,3,1.0,1.0,0.9692307692307693,0.9946708351957144,1.0
adult,rf,treeshap,clean,real,2,4,1.0,1.0,1.0,0.9966913676090551,1.0
adult,rf,treeshap,clean,real,3,4,1.0,1.0,0.9692307692307693,0.9966379656683629,1.0
adult,rf,treeshap,clean,random,0,1,0.0,0.2,0.13406593406593406,0.8306390598713179,1.0
adult,rf,treeshap,clean,random,0,2,0.3333333333333333,0.2,-0.06813186813186813,0.797784596089722,1.0
adult,rf,treeshap,clean,random,0,3,0.3333333333333333,0.2,-0.002197802197802198,0.7773096581582623,1.0
adult,rf,treeshap,clean,random,0,4,0.0,0.4,-0.1384615384615385,0.766669352681267,1.0
adult,rf,treeshap,clean,random,1,2,0.3333333333333333,0.4,-0.14285714285714285,0.6313840073420708,1.0
adult,rf,treeshap,clean,random,1,3,0.3333333333333333,0.6,0.38461538461538464,0.8271061062187676,1.0
adult,rf,treeshap,clean,random,1,4,0.3333333333333333,0.6,0.16043956043956045,0.7735296767710721,1.0
adult,rf,treeshap,clean,random,2,3,0.0,0.4,0.27472527472527475,0.794639411400029,1.0
adult,rf,treeshap,clean,random,2,4,0.3333333333333333,0.4,-0.04615384615384615,0.7404754276826251,1.0
adult,rf,treeshap,clean,random,3,4,0.3333333333333333,0.2,-0.22637362637362637,0.6963364818308401,1.0
adult,rf,treeshap,clean,permuted,0,1,0.3333333333333333,0.4,-0.17362637362637365,0.3821571306776071,1.0
adult,rf,treeshap,clean,permuted,0,2,0.0,0.2,-0.1912087912087912,0.48084915392231126,1.0
adult,rf,treeshap,clean,permuted,0,3,0.0,0.4,0.04615384615384615,0.45454246777231083,1.0
adult,rf,treeshap,clean,permuted,0,4,0.0,0.2,-0.2527472527472528,0.47976368362493826,1.0
adult,rf,treeshap,clean,permuted,1,2,0.0,0.4,-0.2175824175824176,0.4408469594598324,1.0
adult,rf,treeshap,clean,permuted,1,3,0.0,0.2,-0.15164835164835166,0.4032406494669101,1.0
adult,rf,treeshap,clean,permuted,1,4,0.3333333333333333,0.4,0.06373626373626373,0.5457939873217674,1.0
adult,rf,treeshap,clean,permuted,2,3,0.3333333333333333,0.4,-0.1252747252747253,0.5611892140170737,1.0
adult,rf,treeshap,clean,permuted,2,4,0.3333333333333333,0.4,0.24835164835164836,0.7708926253892443,1.0
adult,rf,treeshap,clean,permuted,3,4,0.6666666666666666,0.4,0.221978021978022,0.6213098643442834,1.0
adult,rf,treeshap,clean,constant,0,1,1.0,1.0,0.0,1.0,1.0
adult,rf,treeshap,clean,constant,0,2,1.0,1.0,0.0,1.0,1.0
adult,rf,treeshap,clean,constant,0,3,1.0,1.0,0.0,1.0,1.0
adult,rf,treeshap,clean,constant,0,4,1.0,1.0,0.0,1.0,1.0
adult,rf,treeshap,clean,constant,1,2,1.0,1.0,0.0,1.0,1.0
adult,rf,treeshap,clean,constant,1,3,1.0,1.0,0.0,1.0,1.0
adult,rf,treeshap,clean,constant,1,4,1.0,1.0,0.0,1.0,1.0
adult,rf,treeshap,clean,constant,2,3,1.0,1.0,0.0,1.0,1.0
adult,rf,treeshap,clean,constant,2,4,1.0,1.0,0.0,1.0,1.0
adult,rf,treeshap,clean,constant,3,4,1.0,1.0,0.0,1.0,1.0
adult,rf,treeshap,clean,oracle,0,1,1.0,1.0,1.0,0.9999999999999998,1.0
adult,rf,treeshap,clean,oracle,0,2,1.0,1.0,1.0,0.9999999999999998,1.0
adult,rf,treeshap,clean,oracle,0,3,1.0,1.0,1.0,0.9999999999999998,1.0
adult,rf,treeshap,clean,oracle,0,4,1.0,1.0,1.0,0.9999999999999998,1.0
adult,rf,treeshap,clean,oracle,1,2,1.0,1.0,1.0,0.9999999999999998,1.0
adult,rf,treeshap,clean,oracle,1,3,1.0,1.0,1.0,0.9999999999999998,1.0
adult,rf,treeshap,clean,oracle,1,4,1.0,1.0,1.0,0.9999999999999998,1.0
adult,rf,treeshap,clean,oracle,2,3,1.0,1.0,1.0,0.9999999999999998,1.0
adult,rf,treeshap,clean,oracle,2,4,1.0,1.0,1.0,0.9999999999999998,1.0
adult,rf,treeshap,clean,oracle,3,4,1.0,1.0,1.0,0.9999999999999998,1.0
adult,rf,treeshap,spur,real,0,1,1.0,1.0,0.9964285714285712,0.9979875670954379,1.0
adult,rf,treeshap,spur,real,0,2,1.0,1.0,0.9892857142857142,0.9971854651226578,1.0
adult,rf,treeshap,spur,real,0,3,1.0,1.0,0.9928571428571428,0.9984863764574937,1.0
adult,rf,treeshap,spur,real,0,4,1.0,1.0,0.982142857142857,0.9992410631836529,1.0
adult,rf,treeshap,spur,real,1,2,1.0,1.0,0.9857142857142854,0.9987763998386414,1.0
adult,rf,treeshap,spur,real,1,3,1.0,1.0,0.9964285714285712,0.9985475812290412,1.0
adult,rf,treeshap,spur,real,1,4,1.0,1.0,0.9857142857142854,0.996835783508746,1.0
adult,rf,treeshap,spur,real,2,3,1.0,1.0,0.9749999999999999,0.9987328487554531,1.0
adult,rf,treeshap,spur,real,2,4,1.0,1.0,0.9571428571428571,0.9949656377135526,1.0
adult,rf,treeshap,spur,real,3,4,1.0,1.0,0.9892857142857142,0.9967216743474003,1.0
adult,rf,treeshap,spur,random,0,1,0.0,0.4,-0.10357142857142855,0.639897738711813,1.0
adult,rf,treeshap,spur,random,0,2,0.0,0.2,-0.05357142857142857,0.8159805416598157,1.0
adult,rf,treeshap,spur,random,0,3,0.0,0.4,-0.1464285714285714,0.7987779954145025,1.0
adult,rf,treeshap,spur,random,0,4,0.0,0.2,-0.475,0.8183862937452194,1.0
adult,rf,treeshap,spur,random,1,2,0.0,0.0,-0.5964285714285712,0.41656353548584724,1.0
adult,rf,treeshap,spur,random,1,3,0.3333333333333333,0.4,-0.1857142857142857,0.5630912864286077,1.0
adult,rf,treeshap,spur,random,1,4,0.3333333333333333,0.2,0.05357142857142857,0.677921390427849,1.0
adult,rf,treeshap,spur,random,2,3,0.0,0.4,0.039285714285714285,0.7624739225950261,1.0
adult,rf,treeshap,spur,random,2,4,0.0,0.2,-0.039285714285714285,0.7802469144554279,1.0
adult,rf,treeshap,spur,random,3,4,0.0,0.2,-0.4142857142857142,0.6725783922514357,1.0
adult,rf,treeshap,spur,permuted,0,1,0.3333333333333333,0.2,0.0035714285714285704,0.45301434506172306,1.0
adult,rf,treeshap,spur,permuted,0,2,0.0,0.2,-0.007142857142857141,0.20674403736200886,1.0
adult,rf,treeshap,spur,permuted,0,3,0.3333333333333333,0.4,0.2178571428571428,0.3534482051650823,1.0
adult,rf,treeshap,spur,permuted,0,4,0.3333333333333333,0.4,0.075,0.4124536749968697,1.0
adult,rf,treeshap,spur,permuted,1,2,0.3333333333333333,0.4,-0.06785714285714285,0.31105925673921186,1.0
adult,rf,treeshap,spur,permuted,1,3,0.3333333333333333,0.4,-0.13214285714285715,0.2559025401037779,1.0
adult,rf,treeshap,spur,permuted,1,4,0.3333333333333333,0.6,0.11071428571428568,0.3321840605748624,1.0
adult,rf,treeshap,spur,permuted,2,3,0.0,0.2,-0.0857142857142857,0.16562994042139748,1.0
adult,rf,treeshap,spur,permuted,2,4,0.0,0.4,0.32499999999999996,0.2714125746755968,1.0
adult,rf,treeshap,spur,permuted,3,4,0.3333333333333333,0.4,0.07142857142857141,0.305063042197471,1.0
adult,rf,treeshap,spur,constant,0,1,1.0,1.0,0.0,0.9999999999999999,1.0
adult,rf,treeshap,spur,constant,0,2,1.0,1.0,0.0,0.9999999999999999,1.0
adult,rf,treeshap,spur,constant,0,3,1.0,1.0,0.0,0.9999999999999999,1.0
adult,rf,treeshap,spur,constant,0,4,1.0,1.0,0.0,0.9999999999999999,1.0
adult,rf,treeshap,spur,constant,1,2,1.0,1.0,0.0,0.9999999999999999,1.0
adult,rf,treeshap,spur,constant,1,3,1.0,1.0,0.0,0.9999999999999999,1.0
adult,rf,treeshap,spur,constant,1,4,1.0,1.0,0.0,0.9999999999999999,1.0
adult,rf,treeshap,spur,constant,2,3,1.0,1.0,0.0,0.9999999999999999,1.0
adult,rf,treeshap,spur,constant,2,4,1.0,1.0,0.0,0.9999999999999999,1.0
adult,rf,treeshap,spur,constant,3,4,1.0,1.0,0.0,0.9999999999999999,1.0
adult,rf,treeshap,spur,oracle,0,1,1.0,1.0,0.9999999999999999,1.0,1.0
adult,rf,treeshap,spur,oracle,0,2,1.0,1.0,0.9999999999999999,1.0,1.0
adult,rf,treeshap,spur,oracle,0,3,1.0,1.0,0.9999999999999999,1.0,1.0
adult,rf,treeshap,spur,oracle,0,4,1.0,1.0,0.9999999999999999,1.0,1.0
adult,rf,treeshap,spur,oracle,1,2,1.0,1.0,0.9999999999999999,1.0,1.0
adult,rf,treeshap,spur,oracle,1,3,1.0,1.0,0.9999999999999999,1.0,1.0
adult,rf,treeshap,spur,oracle,1,4,1.0,1.0,0.9999999999999999,1.0,1.0
adult,rf,treeshap,spur,oracle,2,3,1.0,1.0,0.9999999999999999,1.0,1.0
adult,rf,treeshap,spur,oracle,2,4,1.0,1.0,0.9999999999999999,1.0,1.0
adult,rf,treeshap,spur,oracle,3,4,1.0,1.0,0.9999999999999999,1.0,1.0
adult,rf,lime,clean,real,0,1,0.6666666666666666,1.0,0.9692307692307693,0.9934349051928967,1.0
adult,rf,lime,clean,real,0,2,1.0,1.0,0.9868131868131869,0.9933901114497974,1.0
adult,rf,lime,clean,real,0,3,1.0,1.0,0.9780219780219781,0.9939127605531064,1.0
adult,rf,lime,clean,real,0,4,0.6666666666666666,1.0,0.9340659340659341,0.9917241534573611,1.0
adult,rf,lime,clean,real,1,2,0.6666666666666666,1.0,0.9780219780219781,0.9964407982576141,1.0
adult,rf,lime,clean,real,1,3,0.6666666666666666,1.0,0.956043956043956,0.9920461228037992,1.0
adult,rf,lime,clean,real,1,4,0.6666666666666666,1.0,0.9472527472527472,0.9947117900600735,1.0
adult,rf,lime,clean,real,2,3,1.0,1.0,0.9780219780219781,0.9954687243427971,1.0
adult,rf,lime,clean,real,2,4,0.6666666666666666,1.0,0.9428571428571428,0.9952738696354316,1.0
adult,rf,lime,clean,real,3,4,0.6666666666666666,1.0,0.956043956043956,0.9967966223232619,1.0
adult,rf,lime,clean,random,0,1,0.6666666666666666,0.6,0.15604395604395604,0.837451111970808,1.0
adult,rf,lime,clean,random,0,2,0.3333333333333333,0.4,0.05054945054945055,0.7558568697287203,1.0
adult,rf,lime,clean,random,0,3,0.0,0.2,-0.3098901098901099,0.77542251408306,1.0
adult,rf,lime,clean,random,0,4,0.0,0.2,-0.5164835164835165,0.6455779385099549,1.0
adult,rf,lime,clean,random,1,2,0.3333333333333333,0.4,-0.18681318681318684,0.7221047727228824,1.0
adult,rf,lime,clean,random,1,3,0.0,0.2,-0.47252747252747257,0.7753452737808096,1.0
adult,rf,lime,clean,random,1,4,0.0,0.2,-0.4021978021978022,0.7100572586970094,1.0
adult,rf,lime,clean,random,2,3,0.0,0.4,0.14725274725274726,0.8201876754316666,1.0
adult,rf,lime,clean,random,2,4,0.0,0.6,0.002197802197802198,0.7513738392002933,1.0
adult,rf,lime,clean,random,3,4,0.0,0.0,0.15164835164835166,0.8819312002609905,1.0
adult,rf,lime,clean,permuted,0,1,0.0,0.0,0.06373626373626373,0.4360834762846619,1.0
adult,rf,lime,clean,permuted,0,2,0.0,0.2,-0.18681318681318684,0.43601574503473883,1.0
adult,rf,lime,clean,permuted,0,3,0.0,0.6,0.26153846153846155,0.5862729693572729,1.0
adult,rf,lime,clean,permuted,0,4,0.6666666666666666,0.6,0.24395604395604395,0.7286408401826193,1.0
adult,rf,lime,clean,permuted,1,2,0.3333333333333333,0.4,-0.3494505494505495,0.4756831238089089,1.0
adult,rf,lime,clean,permuted,1,3,0.3333333333333333,0.2,0.1956043956043956,0.8285544764339766,1.0
adult,rf,lime,clean,permuted,1,4,0.0,0.2,0.059340659340659345,0.4820412586806575,1.0
adult,rf,lime,clean,permuted,2,3,0.0,0.2,-0.3142857142857143,0.3819145348691205,1.0
adult,rf,lime,clean,permuted,2,4,0.0,0.2,-0.3494505494505495,0.42593906425650135,1.0
adult,rf,lime,clean,permuted,3,4,0.0,0.4,-0.1912087912087912,0.4371684526570515,1.0
adult,rf,lime,clean,constant,0,1,1.0,1.0,0.0,1.0,1.0
adult,rf,lime,clean,constant,0,2,1.0,1.0,0.0,1.0,1.0
adult,rf,lime,clean,constant,0,3,1.0,1.0,0.0,1.0,1.0
adult,rf,lime,clean,constant,0,4,1.0,1.0,0.0,1.0,1.0
adult,rf,lime,clean,constant,1,2,1.0,1.0,0.0,1.0,1.0
adult,rf,lime,clean,constant,1,3,1.0,1.0,0.0,1.0,1.0
adult,rf,lime,clean,constant,1,4,1.0,1.0,0.0,1.0,1.0
adult,rf,lime,clean,constant,2,3,1.0,1.0,0.0,1.0,1.0
adult,rf,lime,clean,constant,2,4,1.0,1.0,0.0,1.0,1.0
adult,rf,lime,clean,constant,3,4,1.0,1.0,0.0,1.0,1.0
adult,rf,lime,clean,oracle,0,1,1.0,1.0,1.0,0.9999999999999998,1.0
adult,rf,lime,clean,oracle,0,2,1.0,1.0,1.0,0.9999999999999998,1.0
adult,rf,lime,clean,oracle,0,3,1.0,1.0,1.0,0.9999999999999998,1.0
adult,rf,lime,clean,oracle,0,4,1.0,1.0,1.0,0.9999999999999998,1.0
adult,rf,lime,clean,oracle,1,2,1.0,1.0,1.0,0.9999999999999998,1.0
adult,rf,lime,clean,oracle,1,3,1.0,1.0,1.0,0.9999999999999998,1.0
adult,rf,lime,clean,oracle,1,4,1.0,1.0,1.0,0.9999999999999998,1.0
adult,rf,lime,clean,oracle,2,3,1.0,1.0,1.0,0.9999999999999998,1.0
adult,rf,lime,clean,oracle,2,4,1.0,1.0,1.0,0.9999999999999998,1.0
adult,rf,lime,clean,oracle,3,4,1.0,1.0,1.0,0.9999999999999998,1.0
adult,rf,lime,spur,real,0,1,1.0,0.8,0.9535714285714283,0.9762911016130592,1.0
adult,rf,lime,spur,real,0,2,1.0,1.0,0.9678571428571429,0.9820370757217182,1.0
adult,rf,lime,spur,real,0,3,1.0,1.0,0.9785714285714284,0.9829828198951479,1.0
adult,rf,lime,spur,real,0,4,1.0,1.0,0.9607142857142855,0.98776875918076,1.0
adult,rf,lime,spur,real,1,2,1.0,0.8,0.9642857142857141,0.9833975403309825,1.0
adult,rf,lime,spur,real,1,3,1.0,0.8,0.982142857142857,0.996594313142639,1.0
adult,rf,lime,spur,real,1,4,1.0,0.8,0.9535714285714283,0.9791053632831787,1.0
adult,rf,lime,spur,real,2,3,1.0,1.0,0.9785714285714284,0.9893467749910868,1.0
adult,rf,lime,spur,real,2,4,1.0,1.0,0.9642857142857141,0.9896821742011835,1.0
adult,rf,lime,spur,real,3,4,1.0,1.0,0.9785714285714284,0.9848140096194857,1.0
adult,rf,lime,spur,random,0,1,0.0,0.4,-0.18928571428571428,0.6530851100920577,1.0
adult,rf,lime,spur,random,0,2,0.3333333333333333,0.4,0.25357142857142856,0.7841594214770246,1.0
adult,rf,lime,spur,random,0,3,0.0,0.2,-0.5428571428571428,0.6917548894548429,1.0
adult,rf,lime,spur,random,0,4,0.3333333333333333,0.4,-0.04642857142857142,0.691176711863699,1.0
adult,rf,lime,spur,random,1,2,0.3333333333333333,0.4,-0.175,0.7536480235697685,1.0
adult,rf,lime,spur,random,1,3,0.3333333333333333,0.4,0.017857142857142853,0.8396311045555049,1.0
adult,rf,lime,spur,random,1,4,0.3333333333333333,0.4,0.07142857142857141,0.7874089821713774,1.0
adult,rf,lime,spur,random,2,3,0.0,0.0,-0.4035714285714285,0.8263535894896424,1.0
adult,rf,lime,spur,random,2,4,0.6666666666666666,0.4,0.42499999999999993,0.8711803690634131,1.0
adult,rf,lime,spur,random,3,4,0.0,0.4,0.09285714285714285,0.8502099124470592,1.0
adult,rf,lime,spur,permuted,0,1,0.6666666666666666,0.4,0.09999999999999999,0.7284068802919249,1.0
adult,rf,lime,spur,permuted,0,2,0.3333333333333333,0.2,0.007142857142857141,0.5793560898884221,1.0
adult,rf,lime,spur,permuted,0,3,0.0,0.0,-0.25,0.4069423122361788,1.0
adult,rf,lime,spur,permuted,0,4,0.3333333333333333,0.4,0.27499999999999997,0.6920393196973943,1.0
adult,rf,lime,spur,permuted,1,2,0.0,0.0,-0.3714285714285714,0.3899882155112375,1.0
adult,rf,lime,spur,permuted,1,3,0.3333333333333333,0.4,0.04285714285714285,0.6245731478176424,1.0
adult,rf,lime,spur,permuted,1,4,0.3333333333333333,0.4,-0.028571428571428564,0.6336604341977876,1.0
adult,rf,lime,spur,permuted,2,3,0.0,0.2,0.021428571428571425,0.48143659205618455,1.0
adult,rf,lime,spur,permuted,2,4,0.0,0.4,-0.15714285714285714,0.4772333748263174,1.0
adult,rf,lime,spur,permuted,3,4,0.3333333333333333,0.2,-0.38214285714285706,0.4570487815884676,1.0
adult,rf,lime,spur,constant,0,1,1.0,1.0,0.0,0.9999999999999999,1.0
adult,rf,lime,spur,constant,0,2,1.0,1.0,0.0,0.9999999999999999,1.0
adult,rf,lime,spur,constant,0,3,1.0,1.0,0.0,0.9999999999999999,1.0
adult,rf,lime,spur,constant,0,4,1.0,1.0,0.0,0.9999999999999999,1.0
adult,rf,lime,spur,constant,1,2,1.0,1.0,0.0,0.9999999999999999,1.0
adult,rf,lime,spur,constant,1,3,1.0,1.0,0.0,0.9999999999999999,1.0
adult,rf,lime,spur,constant,1,4,1.0,1.0,0.0,0.9999999999999999,1.0
adult,rf,lime,spur,constant,2,3,1.0,1.0,0.0,0.9999999999999999,1.0
adult,rf,lime,spur,constant,2,4,1.0,1.0,0.0,0.9999999999999999,1.0
adult,rf,lime,spur,constant,3,4,1.0,1.0,0.0,0.9999999999999999,1.0
adult,rf,lime,spur,oracle,0,1,1.0,1.0,0.9999999999999999,1.0,1.0
adult,rf,lime,spur,oracle,0,2,1.0,1.0,0.9999999999999999,1.0,1.0
adult,rf,lime,spur,oracle,0,3,1.0,1.0,0.9999999999999999,1.0,1.0
adult,rf,lime,spur,oracle,0,4,1.0,1.0,0.9999999999999999,1.0,1.0
adult,rf,lime,spur,oracle,1,2,1.0,1.0,0.9999999999999999,1.0,1.0
adult,rf,lime,spur,oracle,1,3,1.0,1.0,0.9999999999999999,1.0,1.0
adult,rf,lime,spur,oracle,1,4,1.0,1.0,0.9999999999999999,1.0,1.0
adult,rf,lime,spur,oracle,2,3,1.0,1.0,0.9999999999999999,1.0,1.0
adult,rf,lime,spur,oracle,2,4,1.0,1.0,0.9999999999999999,1.0,1.0
adult,rf,lime,spur,oracle,3,4,1.0,1.0,0.9999999999999999,1.0,1.0
adult,hgb,treeshap,clean,real,0,1,1.0,0.8,0.9824175824175824,0.9974324852050709,1.0
adult,hgb,treeshap,clean,real,0,2,1.0,0.8,0.9780219780219781,0.9948279108421823,1.0
adult,hgb,treeshap,clean,real,0,3,1.0,1.0,0.9824175824175824,0.9974581323282685,1.0
adult,hgb,treeshap,clean,real,0,4,1.0,1.0,0.9868131868131869,0.9990402604988021,1.0
adult,hgb,treeshap,clean,real,1,2,1.0,1.0,0.9604395604395607,0.9967919297456453,1.0
adult,hgb,treeshap,clean,real,1,3,1.0,0.8,0.9912087912087912,0.9981869159873248,1.0
adult,hgb,treeshap,clean,real,1,4,1.0,0.8,0.9516483516483516,0.9977770055292955,1.0
adult,hgb,treeshap,clean,real,2,3,1.0,0.8,0.9648351648351648,0.9981752218124301,1.0
adult,hgb,treeshap,clean,real,2,4,1.0,0.8,0.9780219780219781,0.9966431005861388,1.0
adult,hgb,treeshap,clean,real,3,4,1.0,1.0,0.9516483516483516,0.9976840933896123,1.0
adult,hgb,treeshap,clean,random,0,1,0.0,0.6,0.23956043956043957,0.7721806674605453,1.0
adult,hgb,treeshap,clean,random,0,2,0.3333333333333333,0.6,0.1076923076923077,0.7401017310656497,1.0
adult,hgb,treeshap,clean,random,0,3,0.3333333333333333,0.4,-0.0945054945054945,0.6877463124954744,1.0
adult,hgb,treeshap,clean,random,0,4,0.0,0.4,-0.24395604395604395,0.7708389089102741,1.0
adult,hgb,treeshap,clean,random,1,2,0.0,0.4,0.01098901098901099,0.8081320270320611,1.0
adult,hgb,treeshap,clean,random,1,3,0.3333333333333333,0.4,0.4593406593406593,0.8289196715497792,1.0
adult,hgb,treeshap,clean,random,1,4,0.0,0.4,-0.07692307692307693,0.8253737398074814,1.0
adult,hgb,treeshap,clean,random,2,3,0.0,0.2,-0.4681318681318682,0.6371012396845553,1.0
adult,hgb,treeshap,clean,random,2,4,0.6666666666666666,0.4,0.03736263736263736,0.8558538915427654,1.0
adult,hgb,treeshap,clean,random,3,4,0.0,0.4,-0.032967032967032975,0.7384952087636242,1.0
adult,hgb,treeshap,clean,permuted,0,1,0.0,0.0,-0.7186813186813187,0.21095447764890476,1.0
adult,hgb,treeshap,clean,permuted,0,2,0.6666666666666666,0.6,0.0945054945054945,0.6942871144520277,1.0
adult,hgb,treeshap,clean,permuted,0,3,0.3333333333333333,0.6,0.16923076923076924,0.5217485973623046,1.0
adult,hgb,treeshap,clean,permuted,0,4,0.3333333333333333,0.2,0.01098901098901099,0.42573563269306575,1.0
adult,hgb,treeshap,clean,permuted,1,2,0.3333333333333333,0.2,-0.3318681318681319,0.3888918329843848,1.0
adult,hgb,treeshap,clean,permuted,1,3,0.0,0.2,-0.45054945054945056,0.22268752441924317,1.0
adult,hgb,treeshap,clean,permuted,1,4,0.3333333333333333,0.6,-0.02417582417582418,0.43730084383443224,1.0
adult,hgb,treeshap,clean,permuted,2,3,0.3333333333333333,0.2,-0.24395604395604395,0.7009386458588674,1.0
adult,hgb,treeshap,clean,permuted,2,4,0.0,0.2,-0.3010989010989011,0.2788709076289109,1.0
adult,hgb,treeshap,clean,permuted,3,4,0.3333333333333333,0.2,-0.1384615384615385,0.46024778839012115,1.0
adult,hgb,treeshap,clean,constant,0,1,1.0,1.0,0.0,1.0,1.0
adult,hgb,treeshap,clean,constant,0,2,1.0,1.0,0.0,1.0,1.0
adult,hgb,treeshap,clean,constant,0,3,1.0,1.0,0.0,1.0,1.0
adult,hgb,treeshap,clean,constant,0,4,1.0,1.0,0.0,1.0,1.0
adult,hgb,treeshap,clean,constant,1,2,1.0,1.0,0.0,1.0,1.0
adult,hgb,treeshap,clean,constant,1,3,1.0,1.0,0.0,1.0,1.0
adult,hgb,treeshap,clean,constant,1,4,1.0,1.0,0.0,1.0,1.0
adult,hgb,treeshap,clean,constant,2,3,1.0,1.0,0.0,1.0,1.0
adult,hgb,treeshap,clean,constant,2,4,1.0,1.0,0.0,1.0,1.0
adult,hgb,treeshap,clean,constant,3,4,1.0,1.0,0.0,1.0,1.0
adult,hgb,treeshap,clean,oracle,0,1,1.0,1.0,1.0,0.9999999999999998,1.0
adult,hgb,treeshap,clean,oracle,0,2,1.0,1.0,1.0,0.9999999999999998,1.0
adult,hgb,treeshap,clean,oracle,0,3,1.0,1.0,1.0,0.9999999999999998,1.0
adult,hgb,treeshap,clean,oracle,0,4,1.0,1.0,1.0,0.9999999999999998,1.0
adult,hgb,treeshap,clean,oracle,1,2,1.0,1.0,1.0,0.9999999999999998,1.0
adult,hgb,treeshap,clean,oracle,1,3,1.0,1.0,1.0,0.9999999999999998,1.0
adult,hgb,treeshap,clean,oracle,1,4,1.0,1.0,1.0,0.9999999999999998,1.0
adult,hgb,treeshap,clean,oracle,2,3,1.0,1.0,1.0,0.9999999999999998,1.0
adult,hgb,treeshap,clean,oracle,2,4,1.0,1.0,1.0,0.9999999999999998,1.0
adult,hgb,treeshap,clean,oracle,3,4,1.0,1.0,1.0,0.9999999999999998,1.0
adult,hgb,treeshap,spur,real,0,1,1.0,1.0,0.982142857142857,0.9979591947942813,1.0
adult,hgb,treeshap,spur,real,0,2,1.0,1.0,0.907142857142857,0.9968519026457019,1.0
adult,hgb,treeshap,spur,real,0,3,1.0,1.0,0.9642857142857141,0.9994941248289934,1.0
adult,hgb,treeshap,spur,real,0,4,1.0,1.0,0.9642857142857141,0.996161882406911,1.0
adult,hgb,treeshap,spur,real,1,2,1.0,1.0,0.914285714285714,0.9994033192420329,1.0
adult,hgb,treeshap,spur,real,1,3,1.0,1.0,0.9928571428571428,0.999118694371871,1.0
adult,hgb,treeshap,spur,real,1,4,1.0,1.0,0.95,0.9992477553110216,1.0
adult,hgb,treeshap,spur,real,2,3,1.0,1.0,0.9249999999999998,0.9979302480124126,1.0
adult,hgb,treeshap,spur,real,2,4,1.0,1.0,0.9357142857142854,0.9994131621999207,1.0
adult,hgb,treeshap,spur,real,3,4,1.0,1.0,0.95,0.9976548791710622,1.0
adult,hgb,treeshap,spur,random,0,1,0.3333333333333333,0.4,0.028571428571428564,0.7533198403773964,1.0
adult,hgb,treeshap,spur,random,0,2,0.3333333333333333,0.8,0.5499999999999999,0.8758499119053615,1.0
adult,hgb,treeshap,spur,random,0,3,0.0,0.0,0.024999999999999998,0.7554363880958465,1.0
adult,hgb,treeshap,spur,random,0,4,0.3333333333333333,0.2,0.039285714285714285,0.7271586911515175,1.0
adult,hgb,treeshap,spur,random,1,2,0.6666666666666666,0.6,0.4357142857142856,0.8663278946990522,1.0
adult,hgb,treeshap,spur,random,1,3,0.3333333333333333,0.2,-0.2821428571428571,0.6984506923465775,1.0
adult,hgb,treeshap,spur,random,1,4,0.3333333333333333,0.4,0.37857142857142856,0.8216825096638201,1.0
adult,hgb,treeshap,spur,random,2,3,0.3333333333333333,0.2,-0.024999999999999998,0.7795509225868489,1.0
adult,hgb,treeshap,spur,random,2,4,0.3333333333333333,0.2,0.19999999999999998,0.7867733765064193,1.0
adult,hgb,treeshap,spur,random,3,4,0.3333333333333333,0.2,-0.3607142857142856,0.6159151676026365,1.0
adult,hgb,treeshap,spur,permuted,0,1,0.0,0.4,-0.010714285714285713,0.0921866453132998,1.0
adult,hgb,treeshap,spur,permuted,0,2,0.6666666666666666,0.6,0.13214285714285715,0.3067172089446867,1.0
adult,hgb,treeshap,spur,permuted,0,3,0.0,0.0,-0.6285714285714286,0.022670917766879586,1.0
adult,hgb,treeshap,spur,permuted,0,4,0.0,0.4,0.039285714285714285,0.08727822486599955,1.0
adult,hgb,treeshap,spur,permuted,1,2,0.3333333333333333,0.2,-0.04642857142857142,0.1592228834752636,1.0
adult,hgb,treeshap,spur,permuted,1,3,0.0,0.2,-0.06428571428571428,0.0603902471418042,1.0
adult,hgb,treeshap,spur,permuted,1,4,0.6666666666666666,0.4,0.05357142857142857,0.20827869794375384,1.0
adult,hgb,treeshap,spur,permuted,2,3,0.0,0.0,-0.39999999999999997,0.06045301044182108,1.0
adult,hgb,treeshap,spur,permuted,2,4,0.3333333333333333,0.4,0.28571428571428564,0.25197728174109535,1.0
adult,hgb,treeshap,spur,permuted,3,4,0.3333333333333333,0.4,-0.1607142857142857,0.21675583731004866,1.0
adult,hgb,treeshap,spur,constant,0,1,1.0,1.0,0.0,0.9999999999999999,1.0
adult,hgb,treeshap,spur,constant,0,2,1.0,1.0,0.0,0.9999999999999999,1.0
adult,hgb,treeshap,spur,constant,0,3,1.0,1.0,0.0,0.9999999999999999,1.0
adult,hgb,treeshap,spur,constant,0,4,1.0,1.0,0.0,0.9999999999999999,1.0
adult,hgb,treeshap,spur,constant,1,2,1.0,1.0,0.0,0.9999999999999999,1.0
adult,hgb,treeshap,spur,constant,1,3,1.0,1.0,0.0,0.9999999999999999,1.0
adult,hgb,treeshap,spur,constant,1,4,1.0,1.0,0.0,0.9999999999999999,1.0
adult,hgb,treeshap,spur,constant,2,3,1.0,1.0,0.0,0.9999999999999999,1.0
adult,hgb,treeshap,spur,constant,2,4,1.0,1.0,0.0,0.9999999999999999,1.0
adult,hgb,treeshap,spur,constant,3,4,1.0,1.0,0.0,0.9999999999999999,1.0
adult,hgb,treeshap,spur,oracle,0,1,1.0,1.0,0.9999999999999999,1.0,1.0
adult,hgb,treeshap,spur,oracle,0,2,1.0,1.0,0.9999999999999999,1.0,1.0
adult,hgb,treeshap,spur,oracle,0,3,1.0,1.0,0.9999999999999999,1.0,1.0
adult,hgb,treeshap,spur,oracle,0,4,1.0,1.0,0.9999999999999999,1.0,1.0
adult,hgb,treeshap,spur,oracle,1,2,1.0,1.0,0.9999999999999999,1.0,1.0
adult,hgb,treeshap,spur,oracle,1,3,1.0,1.0,0.9999999999999999,1.0,1.0
adult,hgb,treeshap,spur,oracle,1,4,1.0,1.0,0.9999999999999999,1.0,1.0
adult,hgb,treeshap,spur,oracle,2,3,1.0,1.0,0.9999999999999999,1.0,1.0
adult,hgb,treeshap,spur,oracle,2,4,1.0,1.0,0.9999999999999999,1.0,1.0
adult,hgb,treeshap,spur,oracle,3,4,1.0,1.0,0.9999999999999999,1.0,1.0
adult,hgb,lime,clean,real,0,1,0.6666666666666666,0.8,0.9296703296703297,0.9851412268426086,1.0
adult,hgb,lime,clean,real,0,2,1.0,1.0,0.9164835164835166,0.9806081393909187,1.0
adult,hgb,lime,clean,real,0,3,0.6666666666666666,0.8,0.956043956043956,0.9902877140353729,1.0
adult,hgb,lime,clean,real,0,4,0.6666666666666666,0.8,0.9208791208791209,0.9909823192661155,1.0
adult,hgb,lime,clean,real,1,2,0.6666666666666666,0.8,0.9868131868131869,0.9989917318244348,1.0
adult,hgb,lime,clean,real,1,3,1.0,1.0,0.8945054945054945,0.9979451474059455,1.0
adult,hgb,lime,clean,real,1,4,1.0,1.0,0.9164835164835166,0.9926784007436283,1.0
adult,hgb,lime,clean,real,2,3,0.6666666666666666,0.8,0.8725274725274725,0.9964742440143713,1.0
adult,hgb,lime,clean,real,2,4,0.6666666666666666,0.8,0.8681318681318682,0.9910963745713394,1.0
adult,hgb,lime,clean,real,3,4,1.0,1.0,0.9252747252747253,0.9969488378485342,1.0
adult,hgb,lime,clean,random,0,1,0.0,0.2,-0.01098901098901099,0.8662669308868692,1.0
adult,hgb,lime,clean,random,0,2,0.3333333333333333,0.2,0.015384615384615385,0.7479812364212985,1.0
adult,hgb,lime,clean,random,0,3,0.3333333333333333,0.6,0.002197802197802198,0.8586182053577021,1.0
adult,hgb,lime,clean,random,0,4,0.0,0.4,0.01978021978021978,0.8956636941732823,1.0
adult,hgb,lime,clean,random,1,2,0.6666666666666666,0.6,0.5428571428571429,0.8280398695345611,1.0
adult,hgb,lime,clean,random,1,3,0.3333333333333333,0.4,0.07252747252747253,0.8440709839549236,1.0
adult,hgb,lime,clean,random,1,4,0.3333333333333333,0.4,-0.006593406593406593,0.8814848906746674,1.0
adult,hgb,lime,clean,random,2,3,0.6666666666666666,0.4,0.015384615384615385,0.7291357757601884,1.0
adult,hgb,lime,clean,random,2,4,0.3333333333333333,0.4,0.2087912087912088,0.821480948111824,1.0
adult,hgb,lime,clean,random,3,4,0.3333333333333333,0.6,0.3142857142857143,0.877303411040069,1.0
adult,hgb,lime,clean,permuted,0,1,0.3333333333333333,0.2,-0.2879120879120879,0.12013851437800413,1.0
adult,hgb,lime,clean,permuted,0,2,0.0,0.4,-0.11208791208791209,0.18486657018318195,1.0
adult,hgb,lime,clean,permuted,0,3,0.6666666666666666,0.4,0.1032967032967033,0.564194383325122,1.0
adult,hgb,lime,clean,permuted,0,4,0.3333333333333333,0.4,-0.02417582417582418,0.18937183960540063,1.0
adult,hgb,lime,clean,permuted,1,2,0.0,0.0,-0.5472527472527472,0.14664408115382457,1.0
adult,hgb,lime,clean,permuted,1,3,0.3333333333333333,0.2,-0.5516483516483517,0.12994678964183123,1.0
adult,hgb,lime,clean,permuted,1,4,0.0,0.0,-0.2043956043956044,0.1742299226672443,1.0
adult,hgb,lime,clean,permuted,2,3,0.0,0.6,0.3274725274725274,0.24449518477669718,1.0
adult,hgb,lime,clean,permuted,2,4,0.3333333333333333,0.6,0.3934065934065934,0.24446278259726067,1.0
adult,hgb,lime,clean,permuted,3,4,0.3333333333333333,0.4,0.3230769230769231,0.4118807670711757,1.0
adult,hgb,lime,clean,constant,0,1,1.0,1.0,0.0,1.0,1.0
adult,hgb,lime,clean,constant,0,2,1.0,1.0,0.0,1.0,1.0
adult,hgb,lime,clean,constant,0,3,1.0,1.0,0.0,1.0,1.0
adult,hgb,lime,clean,constant,0,4,1.0,1.0,0.0,1.0,1.0
adult,hgb,lime,clean,constant,1,2,1.0,1.0,0.0,1.0,1.0
adult,hgb,lime,clean,constant,1,3,1.0,1.0,0.0,1.0,1.0
adult,hgb,lime,clean,constant,1,4,1.0,1.0,0.0,1.0,1.0
adult,hgb,lime,clean,constant,2,3,1.0,1.0,0.0,1.0,1.0
adult,hgb,lime,clean,constant,2,4,1.0,1.0,0.0,1.0,1.0
adult,hgb,lime,clean,constant,3,4,1.0,1.0,0.0,1.0,1.0
adult,hgb,lime,clean,oracle,0,1,1.0,1.0,1.0,0.9999999999999998,1.0
adult,hgb,lime,clean,oracle,0,2,1.0,1.0,1.0,0.9999999999999998,1.0
adult,hgb,lime,clean,oracle,0,3,1.0,1.0,1.0,0.9999999999999998,1.0
adult,hgb,lime,clean,oracle,0,4,1.0,1.0,1.0,0.9999999999999998,1.0
adult,hgb,lime,clean,oracle,1,2,1.0,1.0,1.0,0.9999999999999998,1.0
adult,hgb,lime,clean,oracle,1,3,1.0,1.0,1.0,0.9999999999999998,1.0
adult,hgb,lime,clean,oracle,1,4,1.0,1.0,1.0,0.9999999999999998,1.0
adult,hgb,lime,clean,oracle,2,3,1.0,1.0,1.0,0.9999999999999998,1.0
adult,hgb,lime,clean,oracle,2,4,1.0,1.0,1.0,0.9999999999999998,1.0
adult,hgb,lime,clean,oracle,3,4,1.0,1.0,1.0,0.9999999999999998,1.0
adult,hgb,lime,spur,real,0,1,0.6666666666666666,0.8,0.9571428571428571,0.990224525529,1.0
adult,hgb,lime,spur,real,0,2,0.6666666666666666,0.8,0.9857142857142854,0.9935839583064968,1.0
adult,hgb,lime,spur,real,0,3,0.6666666666666666,1.0,0.9607142857142855,0.9836593311042006,1.0
adult,hgb,lime,spur,real,0,4,0.6666666666666666,0.8,0.9607142857142855,0.9758714324587999,1.0
adult,hgb,lime,spur,real,1,2,0.6666666666666666,0.8,0.9642857142857141,0.9853727647360361,1.0
adult,hgb,lime,spur,real,1,3,0.6666666666666666,0.8,0.9642857142857141,0.991555019435341,1.0
adult,hgb,lime,spur,real,1,4,0.6666666666666666,0.8,0.9464285714285712,0.9629870829100188,1.0
adult,hgb,lime,spur,real,2,3,1.0,0.8,0.9607142857142855,0.9720870753242056,1.0
adult,hgb,lime,spur,real,2,4,1.0,1.0,0.9714285714285713,0.9912247964202185,1.0
adult,hgb,lime,spur,real,3,4,1.0,0.8,0.9714285714285713,0.9395727881891712,1.0
adult,hgb,lime,spur,random,0,1,0.3333333333333333,0.6,0.6785714285714285,0.9165660870095255,1.0
adult,hgb,lime,spur,random,0,2,0.0,0.4,-0.021428571428571425,0.7082663112582726,1.0
adult,hgb,lime,spur,random,0,3,0.3333333333333333,0.6,0.27499999999999997,0.7517701939922585,1.0
adult,hgb,lime,spur,random,0,4,0.0,0.2,-0.1357142857142857,0.7159548396420405,1.0
adult,hgb,lime,spur,random,1,2,0.0,0.6,0.37857142857142856,0.8343550673297804,1.0
adult,hgb,lime,spur,random,1,3,0.6666666666666666,0.8,0.3178571428571428,0.8144198800670209,1.0
adult,hgb,lime,spur,random,1,4,0.0,0.0,-0.0964285714285714,0.8002989580836704,1.0
adult,hgb,lime,spur,random,2,3,0.0,0.4,0.13214285714285715,0.7442102487599223,1.0
adult,hgb,lime,spur,random,2,4,0.0,0.2,-0.37857142857142856,0.6424707141480953,1.0
adult,hgb,lime,spur,random,3,4,0.0,0.0,-0.175,0.7089962834969793,1.0
adult,hgb,lime,spur,permuted,0,1,0.0,0.4,0.2571428571428571,0.5100142152263951,1.0
adult,hgb,lime,spur,permuted,0,2,0.3333333333333333,0.6,0.05714285714285713,0.6528336606267979,1.0
adult,hgb,lime,spur,permuted,0,3,0.3333333333333333,0.2,-0.13214285714285715,0.3698148136496743,1.0
adult,hgb,lime,spur,permuted,0,4,0.0,0.4,-0.16785714285714282,0.42647044823085045,1.0
adult,hgb,lime,spur,permuted,1,2,0.0,0.2,-0.08928571428571427,0.42276477250617084,1.0
adult,hgb,lime,spur,permuted,1,3,0.6666666666666666,0.6,0.23571428571428568,0.697664561045725,1.0
adult,hgb,lime,spur,permuted,1,4,0.3333333333333333,0.4,-0.021428571428571425,0.5353816678609734,1.0
adult,hgb,lime,spur,permuted,2,3,0.0,0.4,-0.12142857142857141,0.37455354747259606,1.0
adult,hgb,lime,spur,permuted,2,4,0.0,0.2,-0.125,0.45012069903879154,1.0
adult,hgb,lime,spur,permuted,3,4,0.0,0.2,0.3107142857142856,0.48594394843077643,1.0
adult,hgb,lime,spur,constant,0,1,1.0,1.0,0.0,0.9999999999999999,1.0
adult,hgb,lime,spur,constant,0,2,1.0,1.0,0.0,0.9999999999999999,1.0
adult,hgb,lime,spur,constant,0,3,1.0,1.0,0.0,0.9999999999999999,1.0
adult,hgb,lime,spur,constant,0,4,1.0,1.0,0.0,0.9999999999999999,1.0
adult,hgb,lime,spur,constant,1,2,1.0,1.0,0.0,0.9999999999999999,1.0
adult,hgb,lime,spur,constant,1,3,1.0,1.0,0.0,0.9999999999999999,1.0
adult,hgb,lime,spur,constant,1,4,1.0,1.0,0.0,0.9999999999999999,1.0
adult,hgb,lime,spur,constant,2,3,1.0,1.0,0.0,0.9999999999999999,1.0
adult,hgb,lime,spur,constant,2,4,1.0,1.0,0.0,0.9999999999999999,1.0
adult,hgb,lime,spur,constant,3,4,1.0,1.0,0.0,0.9999999999999999,1.0
adult,hgb,lime,spur,oracle,0,1,1.0,1.0,0.9999999999999999,1.0,1.0
adult,hgb,lime,spur,oracle,0,2,1.0,1.0,0.9999999999999999,1.0,1.0
adult,hgb,lime,spur,oracle,0,3,1.0,1.0,0.9999999999999999,1.0,1.0
adult,hgb,lime,spur,oracle,0,4,1.0,1.0,0.9999999999999999,1.0,1.0
adult,hgb,lime,spur,oracle,1,2,1.0,1.0,0.9999999999999999,1.0,1.0
adult,hgb,lime,spur,oracle,1,3,1.0,1.0,0.9999999999999999,1.0,1.0
adult,hgb,lime,spur,oracle,1,4,1.0,1.0,0.9999999999999999,1.0,1.0
adult,hgb,lime,spur,oracle,2,3,1.0,1.0,0.9999999999999999,1.0,1.0
adult,hgb,lime,spur,oracle,2,4,1.0,1.0,0.9999999999999999,1.0,1.0
adult,hgb,lime,spur,oracle,3,4,1.0,1.0,0.9999999999999999,1.0,1.0
adult,mlp,ig,clean,real,0,1,1.0,1.0,0.9868131868131869,0.9934810352783328,1.0
adult,mlp,ig,clean,real,0,2,1.0,1.0,0.9868131868131869,0.9966083273688218,1.0
adult,mlp,ig,clean,real,0,3,0.6666666666666666,1.0,0.9648351648351648,0.9877850999138517,1.0
adult,mlp,ig,clean,real,0,4,1.0,1.0,0.9692307692307693,0.9976845177763267,1.0
adult,mlp,ig,clean,real,1,2,1.0,1.0,0.9692307692307693,0.9927904070215772,1.0
adult,mlp,ig,clean,real,1,3,0.6666666666666666,1.0,0.9736263736263736,0.9973328863523889,1.0
adult,mlp,ig,clean,real,1,4,1.0,1.0,0.956043956043956,0.9940294106723722,1.0
adult,mlp,ig,clean,real,2,3,0.6666666666666666,1.0,0.9604395604395607,0.9865310762505444,1.0
adult,mlp,ig,clean,real,2,4,1.0,1.0,0.9648351648351648,0.9972786160296253,1.0
adult,mlp,ig,clean,real,3,4,0.6666666666666666,1.0,0.9340659340659341,0.9868963807912619,1.0
adult,mlp,ig,clean,random,0,1,0.0,0.4,-0.11208791208791209,0.6467505728389361,1.0
adult,mlp,ig,clean,random,0,2,0.3333333333333333,0.4,-0.26153846153846155,0.6833200506007806,1.0
adult,mlp,ig,clean,random,0,3,0.3333333333333333,0.6,0.1824175824175824,0.8314213134166556,1.0
adult,mlp,ig,clean,random,0,4,0.0,0.4,-0.2703296703296703,0.7131874684902944,1.0
adult,mlp,ig,clean,random,1,2,0.3333333333333333,0.6,0.13406593406593406,0.7340362692980599,1.0
adult,mlp,ig,clean,random,1,3,0.0,0.4,0.1164835164835165,0.7571805239250414,1.0
adult,mlp,ig,clean,random,1,4,0.3333333333333333,0.6,0.26153846153846155,0.7394376459475722,1.0
adult,mlp,ig,clean,random,2,3,0.0,0.2,-0.5208791208791209,0.7300794787812823,1.0
adult,mlp,ig,clean,random,2,4,0.6666666666666666,0.6,0.3450549450549451,0.8466043349897836,1.0
adult,mlp,ig,clean,random,3,4,0.0,0.2,-0.12967032967032965,0.7961841475107141,1.0
adult,mlp,ig,clean,permuted,0,1,0.3333333333333333,0.6,0.2527472527472528,0.7613888074226691,1.0
adult,mlp,ig,clean,permuted,0,2,0.6666666666666666,0.4,0.3538461538461538,0.7942853077231244,1.0
adult,mlp,ig,clean,permuted,0,3,0.0,0.2,-0.3186813186813187,0.5917925612827346,1.0
adult,mlp,ig,clean,permuted,0,4,0.6666666666666666,0.4,0.01978021978021978,0.7046650248945818,1.0
adult,mlp,ig,clean,permuted,1,2,0.3333333333333333,0.2,-0.08131868131868132,0.6359823673051824,1.0
adult,mlp,ig,clean,permuted,1,3,0.0,0.2,0.015384615384615385,0.6573772464854952,1.0
adult,mlp,ig,clean,permuted,1,4,0.3333333333333333,0.4,0.2879120879120879,0.7414968079494233,1.0
adult,mlp,ig,clean,permuted,2,3,0.0,0.6,0.3054945054945055,0.8178166283577559,1.0
adult,mlp,ig,clean,permuted,2,4,0.6666666666666666,0.4,0.11208791208791209,0.7157539299332425,1.0
adult,mlp,ig,clean,permuted,3,4,0.3333333333333333,0.4,-0.032967032967032975,0.6769328805834265,1.0
adult,mlp,ig,clean,constant,0,1,1.0,1.0,0.0,1.0,1.0
adult,mlp,ig,clean,constant,0,2,1.0,1.0,0.0,1.0,1.0
adult,mlp,ig,clean,constant,0,3,1.0,1.0,0.0,1.0,1.0
adult,mlp,ig,clean,constant,0,4,1.0,1.0,0.0,1.0,1.0
adult,mlp,ig,clean,constant,1,2,1.0,1.0,0.0,1.0,1.0
adult,mlp,ig,clean,constant,1,3,1.0,1.0,0.0,1.0,1.0
adult,mlp,ig,clean,constant,1,4,1.0,1.0,0.0,1.0,1.0
adult,mlp,ig,clean,constant,2,3,1.0,1.0,0.0,1.0,1.0
adult,mlp,ig,clean,constant,2,4,1.0,1.0,0.0,1.0,1.0
adult,mlp,ig,clean,constant,3,4,1.0,1.0,0.0,1.0,1.0
adult,mlp,ig,clean,oracle,0,1,1.0,1.0,1.0,0.9999999999999998,1.0
adult,mlp,ig,clean,oracle,0,2,1.0,1.0,1.0,0.9999999999999998,1.0
adult,mlp,ig,clean,oracle,0,3,1.0,1.0,1.0,0.9999999999999998,1.0
adult,mlp,ig,clean,oracle,0,4,1.0,1.0,1.0,0.9999999999999998,1.0
adult,mlp,ig,clean,oracle,1,2,1.0,1.0,1.0,0.9999999999999998,1.0
adult,mlp,ig,clean,oracle,1,3,1.0,1.0,1.0,0.9999999999999998,1.0
adult,mlp,ig,clean,oracle,1,4,1.0,1.0,1.0,0.9999999999999998,1.0
adult,mlp,ig,clean,oracle,2,3,1.0,1.0,1.0,0.9999999999999998,1.0
adult,mlp,ig,clean,oracle,2,4,1.0,1.0,1.0,0.9999999999999998,1.0
adult,mlp,ig,clean,oracle,3,4,1.0,1.0,1.0,0.9999999999999998,1.0
adult,mlp,ig,spur,real,0,1,0.3333333333333333,0.8,0.9107142857142855,0.9932669197585879,1.0
adult,mlp,ig,spur,real,0,2,0.6666666666666666,0.8,0.9357142857142854,0.9966603534868227,1.0
adult,mlp,ig,spur,real,0,3,0.6666666666666666,0.8,0.9607142857142855,0.9964876629226728,1.0
adult,mlp,ig,spur,real,0,4,1.0,0.8,0.9357142857142854,0.9982199942600044,1.0
adult,mlp,ig,spur,real,1,2,0.6666666666666666,1.0,0.9642857142857141,0.9970779210696722,1.0
adult,mlp,ig,spur,real,1,3,0.6666666666666666,1.0,0.9749999999999999,0.9986077977525076,1.0
adult,mlp,ig,spur,real,1,4,0.3333333333333333,1.0,0.95,0.9963039263510729,1.0
adult,mlp,ig,spur,real,2,3,1.0,1.0,0.9714285714285713,0.998054398251871,1.0
adult,mlp,ig,spur,real,2,4,0.6666666666666666,1.0,0.9535714285714283,0.9976962354398375,1.0
adult,mlp,ig,spur,real,3,4,0.6666666666666666,1.0,0.9464285714285712,0.9978387521322258,1.0
adult,mlp,ig,spur,random,0,1,0.3333333333333333,0.2,0.42857142857142855,0.8217294525438905,1.0
adult,mlp,ig,spur,random,0,2,0.0,0.2,0.1357142857142857,0.7260975862733262,1.0
adult,mlp,ig,spur,random,0,3,0.0,0.4,0.024999999999999998,0.7662755152130838,1.0
adult,mlp,ig,spur,random,0,4,0.0,0.2,-0.1928571428571428,0.7864387371947384,1.0
adult,mlp,ig,spur,random,1,2,0.3333333333333333,0.6,0.35,0.7577966710404094,1.0
adult,mlp,ig,spur,random,1,3,0.3333333333333333,0.4,-0.07857142857142857,0.6867167582880104,1.0
adult,mlp,ig,spur,random,1,4,0.6666666666666666,0.4,0.07142857142857141,0.8023736982191888,1.0
adult,mlp,ig,spur,random,2,3,0.6666666666666666,0.4,0.2821428571428571,0.769819306186725,1.0
adult,mlp,ig,spur,random,2,4,0.3333333333333333,0.4,0.08928571428571427,0.7586133168927923,1.0
adult,mlp,ig,spur,random,3,4,0.3333333333333333,0.4,0.010714285714285713,0.7736334168127154,1.0
adult,mlp,ig,spur,permuted,0,1,0.0,0.4,0.12142857142857141,0.40208178945853507,1.0
adult,mlp,ig,spur,permuted,0,2,0.3333333333333333,0.4,-0.2928571428571428,0.21961568638611295,1.0
adult,mlp,ig,spur,permuted,0,3,0.3333333333333333,0.4,0.08928571428571427,0.37311531465751074,1.0
adult,mlp,ig,spur,permuted,0,4,0.0,0.6,0.3142857142857143,0.3220698382219132,1.0
adult,mlp,ig,spur,permuted,1,2,0.0,0.0,-0.6428571428571428,0.17033783824657195,1.0
adult,mlp,ig,spur,permuted,1,3,0.6666666666666666,0.4,0.07857142857142857,0.3229396568444452,1.0
adult,mlp,ig,spur,permuted,1,4,0.6666666666666666,0.6,0.3571428571428571,0.4506578067827932,1.0
adult,mlp,ig,spur,permuted,2,3,0.3333333333333333,0.4,0.06428571428571428,0.3389826599318856,1.0
adult,mlp,ig,spur,permuted,2,4,0.3333333333333333,0.4,-0.06785714285714285,0.3516515975352127,1.0
adult,mlp,ig,spur,permuted,3,4,0.3333333333333333,0.4,0.25357142857142856,0.4012932316290249,1.0
adult,mlp,ig,spur,constant,0,1,1.0,1.0,0.0,0.9999999999999999,1.0
adult,mlp,ig,spur,constant,0,2,1.0,1.0,0.0,0.9999999999999999,1.0
adult,mlp,ig,spur,constant,0,3,1.0,1.0,0.0,0.9999999999999999,1.0
adult,mlp,ig,spur,constant,0,4,1.0,1.0,0.0,0.9999999999999999,1.0
adult,mlp,ig,spur,constant,1,2,1.0,1.0,0.0,0.9999999999999999,1.0
adult,mlp,ig,spur,constant,1,3,1.0,1.0,0.0,0.9999999999999999,1.0
adult,mlp,ig,spur,constant,1,4,1.0,1.0,0.0,0.9999999999999999,1.0
adult,mlp,ig,spur,constant,2,3,1.0,1.0,0.0,0.9999999999999999,1.0
adult,mlp,ig,spur,constant,2,4,1.0,1.0,0.0,0.9999999999999999,1.0
adult,mlp,ig,spur,constant,3,4,1.0,1.0,0.0,0.9999999999999999,1.0
adult,mlp,ig,spur,oracle,0,1,1.0,1.0,0.9999999999999999,1.0,1.0
adult,mlp,ig,spur,oracle,0,2,1.0,1.0,0.9999999999999999,1.0,1.0
adult,mlp,ig,spur,oracle,0,3,1.0,1.0,0.9999999999999999,1.0,1.0
adult,mlp,ig,spur,oracle,0,4,1.0,1.0,0.9999999999999999,1.0,1.0
adult,mlp,ig,spur,oracle,1,2,1.0,1.0,0.9999999999999999,1.0,1.0
adult,mlp,ig,spur,oracle,1,3,1.0,1.0,0.9999999999999999,1.0,1.0
adult,mlp,ig,spur,oracle,1,4,1.0,1.0,0.9999999999999999,1.0,1.0
adult,mlp,ig,spur,oracle,2,3,1.0,1.0,0.9999999999999999,1.0,1.0
adult,mlp,ig,spur,oracle,2,4,1.0,1.0,0.9999999999999999,1.0,1.0
adult,mlp,ig,spur,oracle,3,4,1.0,1.0,0.9999999999999999,1.0,1.0
adult,mlp,lime,clean,real,0,1,1.0,1.0,0.9912087912087912,0.9960350346604318,1.0
adult,mlp,lime,clean,real,0,2,1.0,1.0,0.9736263736263736,0.9964345429054456,1.0
adult,mlp,lime,clean,real,0,3,1.0,1.0,0.9868131868131869,0.9821479345346541,1.0
adult,mlp,lime,clean,real,0,4,0.6666666666666666,1.0,0.9604395604395607,0.9798335496784686,1.0
adult,mlp,lime,clean,real,1,2,1.0,1.0,0.9736263736263736,0.9957240848029872,1.0
adult,mlp,lime,clean,real,1,3,1.0,1.0,0.9868131868131869,0.9919552585573356,1.0
adult,mlp,lime,clean,real,1,4,0.6666666666666666,1.0,0.9736263736263736,0.9805971032482879,1.0
adult,mlp,lime,clean,real,2,3,1.0,1.0,0.9780219780219781,0.9866355631345356,1.0
adult,mlp,lime,clean,real,2,4,0.6666666666666666,1.0,0.9208791208791209,0.9756902245360203,1.0
adult,mlp,lime,clean,real,3,4,0.6666666666666666,1.0,0.9516483516483516,0.9874302562438863,1.0
adult,mlp,lime,clean,random,0,1,0.3333333333333333,0.4,0.12967032967032965,0.8418656393846774,1.0
adult,mlp,lime,clean,random,0,2,0.3333333333333333,0.4,0.06813186813186813,0.7912108516443971,1.0
adult,mlp,lime,clean,random,0,3,0.3333333333333333,0.4,-0.1164835164835165,0.7074923994208763,1.0
adult,mlp,lime,clean,random,0,4,0.3333333333333333,0.4,0.1032967032967033,0.8259176017081833,1.0
adult,mlp,lime,clean,random,1,2,0.0,0.2,-0.1384615384615385,0.7578353088822932,1.0
adult,mlp,lime,clean,random,1,3,0.0,0.2,-0.4241758241758242,0.6869494837536848,1.0
adult,mlp,lime,clean,random,1,4,0.6666666666666666,0.6,0.2527472527472528,0.8755377270902596,1.0
adult,mlp,lime,clean,random,2,3,0.3333333333333333,0.4,0.21318681318681318,0.8009212192994166,1.0
adult,mlp,lime,clean,random,2,4,0.0,0.2,-0.09010989010989012,0.7882917157978396,1.0
adult,mlp,lime,clean,random,3,4,0.0,0.4,0.5164835164835165,0.8930377713425118,1.0
adult,mlp,lime,clean,permuted,0,1,0.3333333333333333,0.4,0.2,0.356341161808084,1.0
adult,mlp,lime,clean,permuted,0,2,0.0,0.2,0.02857142857142857,0.3728820203308356,1.0
adult,mlp,lime,clean,permuted,0,3,0.3333333333333333,0.4,0.221978021978022,0.5252958861901449,1.0
adult,mlp,lime,clean,permuted,0,4,0.0,0.2,-0.5736263736263736,0.31402445288029934,1.0
adult,mlp,lime,clean,permuted,1,2,0.3333333333333333,0.2,0.05054945054945055,0.6154383361993434,1.0
adult,mlp,lime,clean,permuted,1,3,0.3333333333333333,0.2,0.1076923076923077,0.4597223290592055,1.0
adult,mlp,lime,clean,permuted,1,4,0.3333333333333333,0.6,-0.1076923076923077,0.691930144364394,1.0
adult,mlp,lime,clean,permuted,2,3,0.0,0.6,0.4681318681318682,0.505639676826097,1.0
adult,mlp,lime,clean,permuted,2,4,0.3333333333333333,0.2,0.2175824175824176,0.7283128870614441,1.0
adult,mlp,lime,clean,permuted,3,4,0.0,0.2,-0.12087912087912088,0.4277426566252793,1.0
adult,mlp,lime,clean,constant,0,1,1.0,1.0,0.0,1.0,1.0
adult,mlp,lime,clean,constant,0,2,1.0,1.0,0.0,1.0,1.0
adult,mlp,lime,clean,constant,0,3,1.0,1.0,0.0,1.0,1.0
adult,mlp,lime,clean,constant,0,4,1.0,1.0,0.0,1.0,1.0
adult,mlp,lime,clean,constant,1,2,1.0,1.0,0.0,1.0,1.0
adult,mlp,lime,clean,constant,1,3,1.0,1.0,0.0,1.0,1.0
adult,mlp,lime,clean,constant,1,4,1.0,1.0,0.0,1.0,1.0
adult,mlp,lime,clean,constant,2,3,1.0,1.0,0.0,1.0,1.0
adult,mlp,lime,clean,constant,2,4,1.0,1.0,0.0,1.0,1.0
adult,mlp,lime,clean,constant,3,4,1.0,1.0,0.0,1.0,1.0
adult,mlp,lime,clean,oracle,0,1,1.0,1.0,1.0,0.9999999999999998,1.0
adult,mlp,lime,clean,oracle,0,2,1.0,1.0,1.0,0.9999999999999998,1.0
adult,mlp,lime,clean,oracle,0,3,1.0,1.0,1.0,0.9999999999999998,1.0
adult,mlp,lime,clean,oracle,0,4,1.0,1.0,1.0,0.9999999999999998,1.0
adult,mlp,lime,clean,oracle,1,2,1.0,1.0,1.0,0.9999999999999998,1.0
adult,mlp,lime,clean,oracle,1,3,1.0,1.0,1.0,0.9999999999999998,1.0
adult,mlp,lime,clean,oracle,1,4,1.0,1.0,1.0,0.9999999999999998,1.0
adult,mlp,lime,clean,oracle,2,3,1.0,1.0,1.0,0.9999999999999998,1.0
adult,mlp,lime,clean,oracle,2,4,1.0,1.0,1.0,0.9999999999999998,1.0
adult,mlp,lime,clean,oracle,3,4,1.0,1.0,1.0,0.9999999999999998,1.0
adult,mlp,lime,spur,real,0,1,1.0,0.8,0.9785714285714284,0.9787229515561778,1.0
adult,mlp,lime,spur,real,0,2,1.0,0.8,0.9749999999999999,0.9935769357567106,1.0
adult,mlp,lime,spur,real,0,3,1.0,1.0,0.9464285714285712,0.982518526425043,1.0
adult,mlp,lime,spur,real,0,4,1.0,1.0,0.9107142857142855,0.989527865144872,1.0
adult,mlp,lime,spur,real,1,2,1.0,1.0,0.982142857142857,0.9897184865408756,1.0
adult,mlp,lime,spur,real,1,3,1.0,0.8,0.9535714285714283,0.9927327249325044,1.0
adult,mlp,lime,spur,real,1,4,1.0,0.8,0.9285714285714284,0.9829713393574744,1.0
adult,mlp,lime,spur,real,2,3,1.0,0.8,0.9357142857142854,0.9876199904064689,1.0
adult,mlp,lime,spur,real,2,4,1.0,0.8,0.9107142857142855,0.9885504564200087,1.0
adult,mlp,lime,spur,real,3,4,1.0,1.0,0.9392857142857142,0.9917305073345933,1.0
adult,mlp,lime,spur,random,0,1,0.3333333333333333,0.4,0.021428571428571425,0.8211657842385169,1.0
adult,mlp,lime,spur,random,0,2,0.3333333333333333,0.4,0.05357142857142857,0.8372606543106209,1.0
adult,mlp,lime,spur,random,0,3,0.3333333333333333,0.4,0.3428571428571428,0.8319540952988863,1.0
adult,mlp,lime,spur,random,0,4,0.3333333333333333,0.4,-0.21071428571428572,0.7594197332507788,1.0
adult,mlp,lime,spur,random,1,2,0.3333333333333333,0.2,-0.08928571428571427,0.7867408087516586,1.0
adult,mlp,lime,spur,random,1,3,0.6666666666666666,0.4,0.3428571428571428,0.8202528865025301,1.0
adult,mlp,lime,spur,random,1,4,0.3333333333333333,0.4,-0.0857142857142857,0.7761708654002029,1.0
adult,mlp,lime,spur,random,2,3,0.3333333333333333,0.2,-0.125,0.7693497347868866,1.0
adult,mlp,lime,spur,random,2,4,0.6666666666666666,0.4,0.14285714285714282,0.7947636175172547,1.0
adult,mlp,lime,spur,random,3,4,0.3333333333333333,0.6,-0.05714285714285713,0.7483685045218584,1.0
adult,mlp,lime,spur,permuted,0,1,0.0,0.2,-0.33571428571428563,0.35508752302008795,1.0
adult,mlp,lime,spur,permuted,0,2,0.0,0.0,-0.18214285714285713,0.40187151849632674,1.0
adult,mlp,lime,spur,permuted,0,3,0.3333333333333333,0.4,0.10357142857142855,0.5482254458500677,1.0
adult,mlp,lime,spur,permuted,0,4,0.0,0.4,-0.2321428571428571,0.4288149938846042,1.0
adult,mlp,lime,spur,permuted,1,2,0.3333333333333333,0.4,-0.024999999999999998,0.46997311650682666,1.0
adult,mlp,lime,spur,permuted,1,3,0.3333333333333333,0.4,0.05714285714285713,0.5851994951654421,1.0
adult,mlp,lime,spur,permuted,1,4,0.0,0.0,-0.17857142857142855,0.40991594263814585,1.0
adult,mlp,lime,spur,permuted,2,3,0.3333333333333333,0.2,-0.007142857142857141,0.6931764363870296,1.0
adult,mlp,lime,spur,permuted,2,4,0.0,0.2,-0.1357142857142857,0.4519803791251507,1.0
adult,mlp,lime,spur,permuted,3,4,0.3333333333333333,0.4,0.021428571428571425,0.540673222457376,1.0
adult,mlp,lime,spur,constant,0,1,1.0,1.0,0.0,0.9999999999999999,1.0
adult,mlp,lime,spur,constant,0,2,1.0,1.0,0.0,0.9999999999999999,1.0
adult,mlp,lime,spur,constant,0,3,1.0,1.0,0.0,0.9999999999999999,1.0
adult,mlp,lime,spur,constant,0,4,1.0,1.0,0.0,0.9999999999999999,1.0
adult,mlp,lime,spur,constant,1,2,1.0,1.0,0.0,0.9999999999999999,1.0
adult,mlp,lime,spur,constant,1,3,1.0,1.0,0.0,0.9999999999999999,1.0
adult,mlp,lime,spur,constant,1,4,1.0,1.0,0.0,0.9999999999999999,1.0
adult,mlp,lime,spur,constant,2,3,1.0,1.0,0.0,0.9999999999999999,1.0
adult,mlp,lime,spur,constant,2,4,1.0,1.0,0.0,0.9999999999999999,1.0
adult,mlp,lime,spur,constant,3,4,1.0,1.0,0.0,0.9999999999999999,1.0
adult,mlp,lime,spur,oracle,0,1,1.0,1.0,0.9999999999999999,1.0,1.0
adult,mlp,lime,spur,oracle,0,2,1.0,1.0,0.9999999999999999,1.0,1.0
adult,mlp,lime,spur,oracle,0,3,1.0,1.0,0.9999999999999999,1.0,1.0
adult,mlp,lime,spur,oracle,0,4,1.0,1.0,0.9999999999999999,1.0,1.0
adult,mlp,lime,spur,oracle,1,2,1.0,1.0,0.9999999999999999,1.0,1.0
adult,mlp,lime,spur,oracle,1,3,1.0,1.0,0.9999999999999999,1.0,1.0
adult,mlp,lime,spur,oracle,1,4,1.0,1.0,0.9999999999999999,1.0,1.0
adult,mlp,lime,spur,oracle,2,3,1.0,1.0,0.9999999999999999,1.0,1.0
adult,mlp,lime,spur,oracle,2,4,1.0,1.0,0.9999999999999999,1.0,1.0
adult,mlp,lime,spur,oracle,3,4,1.0,1.0,0.9999999999999999,1.0,1.0
adult,mlp,kshap,clean,real,0,1,0.6666666666666666,0.8,0.9692307692307693,0.9940384255838695,1.0
adult,mlp,kshap,clean,real,0,2,1.0,0.8,0.9692307692307693,0.9949109572829243,1.0
adult,mlp,kshap,clean,real,0,3,0.6666666666666666,0.8,0.9296703296703297,0.9826715843452983,1.0
adult,mlp,kshap,clean,real,0,4,0.6666666666666666,0.8,0.956043956043956,0.9971120884099756,1.0
adult,mlp,kshap,clean,real,1,2,0.6666666666666666,1.0,0.9604395604395607,0.9957018707914029,1.0
adult,mlp,kshap,clean,real,1,3,0.6666666666666666,0.8,0.9692307692307693,0.9953710671804878,1.0
adult,mlp,kshap,clean,real,1,4,1.0,1.0,0.9692307692307693,0.9975673788748177,1.0
adult,mlp,kshap,clean,real,2,3,0.6666666666666666,0.8,0.9384615384615385,0.9870649344726437,1.0
adult,mlp,kshap,clean,real,2,4,0.6666666666666666,1.0,0.9780219780219781,0.9961352898214616,1.0
adult,mlp,kshap,clean,real,3,4,0.6666666666666666,0.8,0.9428571428571428,0.9899784784186041,1.0
adult,mlp,kshap,clean,random,0,1,0.0,0.2,-0.11208791208791209,0.6035848331151579,1.0
adult,mlp,kshap,clean,random,0,2,0.0,0.6,-0.05054945054945055,0.661670887936464,1.0
adult,mlp,kshap,clean,random,0,3,0.0,0.2,-0.01978021978021978,0.7215920867285514,1.0
adult,mlp,kshap,clean,random,0,4,0.3333333333333333,0.2,-0.5692307692307692,0.5807597535647989,1.0
adult,mlp,kshap,clean,random,1,2,0.0,0.2,-0.054945054945054944,0.6972920417123233,1.0
adult,mlp,kshap,clean,random,1,3,0.3333333333333333,0.4,-0.16483516483516483,0.6916018276007317,1.0
adult,mlp,kshap,clean,random,1,4,0.0,0.2,-0.054945054945054944,0.7201988157252117,1.0
adult,mlp,kshap,clean,random,2,3,0.0,0.2,-0.1384615384615385,0.7166477675778195,1.0
adult,mlp,kshap,clean,random,2,4,0.3333333333333333,0.4,0.42857142857142855,0.8736228608226592,1.0
adult,mlp,kshap,clean,random,3,4,0.0,0.2,-0.032967032967032975,0.7636516305760436,1.0
adult,mlp,kshap,clean,permuted,0,1,0.6666666666666666,0.6,0.3494505494505495,0.7790277522609405,1.0
adult,mlp,kshap,clean,permuted,0,2,0.0,0.0,-0.4461538461538462,0.411787912834105,1.0
adult,mlp,kshap,clean,permuted,0,3,0.3333333333333333,0.4,-0.2087912087912088,0.6237746857650786,1.0
adult,mlp,kshap,clean,permuted,0,4,0.3333333333333333,0.2,-0.1164835164835165,0.6087989337990615,1.0
adult,mlp,kshap,clean,permuted,1,2,0.0,0.4,0.3142857142857143,0.6987192513905193,1.0
adult,mlp,kshap,clean,permuted,1,3,0.0,0.2,-0.054945054945054944,0.5944257392828234,1.0
adult,mlp,kshap,clean,permuted,1,4,0.6666666666666666,0.6,0.367032967032967,0.8752811813886479,1.0
adult,mlp,kshap,clean,permuted,2,3,0.3333333333333333,0.6,0.3450549450549451,0.7611973909413826,1.0
adult,mlp,kshap,clean,permuted,2,4,0.3333333333333333,0.6,0.3802197802197802,0.6648320456236074,1.0
adult,mlp,kshap,clean,permuted,3,4,0.0,0.2,-0.4241758241758242,0.4747060749741517,1.0
adult,mlp,kshap,clean,constant,0,1,1.0,1.0,0.0,1.0,1.0
adult,mlp,kshap,clean,constant,0,2,1.0,1.0,0.0,1.0,1.0
adult,mlp,kshap,clean,constant,0,3,1.0,1.0,0.0,1.0,1.0
adult,mlp,kshap,clean,constant,0,4,1.0,1.0,0.0,1.0,1.0
adult,mlp,kshap,clean,constant,1,2,1.0,1.0,0.0,1.0,1.0
adult,mlp,kshap,clean,constant,1,3,1.0,1.0,0.0,1.0,1.0
adult,mlp,kshap,clean,constant,1,4,1.0,1.0,0.0,1.0,1.0
adult,mlp,kshap,clean,constant,2,3,1.0,1.0,0.0,1.0,1.0
adult,mlp,kshap,clean,constant,2,4,1.0,1.0,0.0,1.0,1.0
adult,mlp,kshap,clean,constant,3,4,1.0,1.0,0.0,1.0,1.0
adult,mlp,kshap,clean,oracle,0,1,1.0,1.0,1.0,0.9999999999999998,1.0
adult,mlp,kshap,clean,oracle,0,2,1.0,1.0,1.0,0.9999999999999998,1.0
adult,mlp,kshap,clean,oracle,0,3,1.0,1.0,1.0,0.9999999999999998,1.0
adult,mlp,kshap,clean,oracle,0,4,1.0,1.0,1.0,0.9999999999999998,1.0
adult,mlp,kshap,clean,oracle,1,2,1.0,1.0,1.0,0.9999999999999998,1.0
adult,mlp,kshap,clean,oracle,1,3,1.0,1.0,1.0,0.9999999999999998,1.0
adult,mlp,kshap,clean,oracle,1,4,1.0,1.0,1.0,0.9999999999999998,1.0
adult,mlp,kshap,clean,oracle,2,3,1.0,1.0,1.0,0.9999999999999998,1.0
adult,mlp,kshap,clean,oracle,2,4,1.0,1.0,1.0,0.9999999999999998,1.0
adult,mlp,kshap,clean,oracle,3,4,1.0,1.0,1.0,0.9999999999999998,1.0
credit_g,logreg,linshap,clean,real,0,1,1.0,1.0,1.0,1.0,1.0
credit_g,logreg,linshap,clean,real,0,2,1.0,1.0,1.0,1.0,1.0
credit_g,logreg,linshap,clean,real,0,3,1.0,1.0,1.0,1.0,1.0
credit_g,logreg,linshap,clean,real,0,4,1.0,1.0,1.0,1.0,1.0
credit_g,logreg,linshap,clean,real,1,2,1.0,1.0,1.0,1.0,1.0
credit_g,logreg,linshap,clean,real,1,3,1.0,1.0,1.0,1.0,1.0
credit_g,logreg,linshap,clean,real,1,4,1.0,1.0,1.0,1.0,1.0
credit_g,logreg,linshap,clean,real,2,3,1.0,1.0,1.0,1.0,1.0
credit_g,logreg,linshap,clean,real,2,4,1.0,1.0,1.0,1.0,1.0
credit_g,logreg,linshap,clean,real,3,4,1.0,1.0,1.0,1.0,1.0
credit_g,logreg,linshap,clean,random,0,1,0.0,0.4,0.09774436090225563,0.8007119453335013,1.0
credit_g,logreg,linshap,clean,random,0,2,0.3333333333333333,0.4,0.39999999999999997,0.8730169316410628,1.0
credit_g,logreg,linshap,clean,random,0,3,0.0,0.2,-0.3443609022556391,0.636714393727055,1.0
credit_g,logreg,linshap,clean,random,0,4,0.3333333333333333,0.4,-0.06466165413533834,0.7153271855927316,1.0
credit_g,logreg,linshap,clean,random,1,2,0.0,0.2,-0.004511278195488721,0.7936387391991023,1.0
credit_g,logreg,linshap,clean,random,1,3,0.0,0.2,0.05413533834586466,0.7047875076220053,1.0
credit_g,logreg,linshap,clean,random,1,4,0.0,0.0,-0.3654135338345864,0.6297577534876047,1.0
credit_g,logreg,linshap,clean,random,2,3,0.0,0.2,-0.6330827067669172,0.57591568067215,1.0
credit_g,logreg,linshap,clean,random,2,4,0.3333333333333333,0.2,-0.3984962406015037,0.6257189088854391,1.0
credit_g,logreg,linshap,clean,random,3,4,0.3333333333333333,0.2,0.29774436090225564,0.7361145047643333,1.0
credit_g,logreg,linshap,clean,permuted,0,1,0.0,0.2,-0.15789473684210525,0.6185069078228408,1.0
credit_g,logreg,linshap,clean,permuted,0,2,0.0,0.2,0.09624060150375939,0.6764648079216775,1.0
credit_g,logreg,linshap,clean,permuted,0,3,0.0,0.0,-0.1789473684210526,0.6271998777736143,1.0
credit_g,logreg,linshap,clean,permuted,0,4,0.3333333333333333,0.4,-0.12932330827067667,0.6729259456996824,1.0
credit_g,logreg,linshap,clean,permuted,1,2,0.3333333333333333,0.6,0.3699248120300751,0.7446393919005858,1.0
credit_g,logreg,linshap,clean,permuted,1,3,0.3333333333333333,0.2,-0.10075187969924812,0.6936853737810494,1.0
credit_g,logreg,linshap,clean,permuted,1,4,0.0,0.0,-0.3954887218045112,0.6290058189194957,1.0
credit_g,logreg,linshap,clean,permuted,2,3,0.0,0.2,-0.28120300751879695,0.5808750665911278,1.0
credit_g,logreg,linshap,clean,permuted,2,4,0.0,0.0,-0.0015037593984962405,0.6426680180785896,1.0
credit_g,logreg,linshap,clean,permuted,3,4,0.0,0.2,0.29473684210526313,0.6830277995817154,1.0
credit_g,logreg,linshap,clean,constant,0,1,1.0,1.0,0.0,0.9999999999999998,1.0
credit_g,logreg,linshap,clean,constant,0,2,1.0,1.0,0.0,0.9999999999999998,1.0
credit_g,logreg,linshap,clean,constant,0,3,1.0,1.0,0.0,0.9999999999999998,1.0
credit_g,logreg,linshap,clean,constant,0,4,1.0,1.0,0.0,0.9999999999999998,1.0
credit_g,logreg,linshap,clean,constant,1,2,1.0,1.0,0.0,0.9999999999999998,1.0
credit_g,logreg,linshap,clean,constant,1,3,1.0,1.0,0.0,0.9999999999999998,1.0
credit_g,logreg,linshap,clean,constant,1,4,1.0,1.0,0.0,0.9999999999999998,1.0
credit_g,logreg,linshap,clean,constant,2,3,1.0,1.0,0.0,0.9999999999999998,1.0
credit_g,logreg,linshap,clean,constant,2,4,1.0,1.0,0.0,0.9999999999999998,1.0
credit_g,logreg,linshap,clean,constant,3,4,1.0,1.0,0.0,0.9999999999999998,1.0
credit_g,logreg,linshap,clean,oracle,0,1,1.0,1.0,1.0,0.9999999999999998,1.0
credit_g,logreg,linshap,clean,oracle,0,2,1.0,1.0,1.0,0.9999999999999998,1.0
credit_g,logreg,linshap,clean,oracle,0,3,1.0,1.0,1.0,0.9999999999999998,1.0
credit_g,logreg,linshap,clean,oracle,0,4,1.0,1.0,1.0,0.9999999999999998,1.0
credit_g,logreg,linshap,clean,oracle,1,2,1.0,1.0,1.0,0.9999999999999998,1.0
credit_g,logreg,linshap,clean,oracle,1,3,1.0,1.0,1.0,0.9999999999999998,1.0
credit_g,logreg,linshap,clean,oracle,1,4,1.0,1.0,1.0,0.9999999999999998,1.0
credit_g,logreg,linshap,clean,oracle,2,3,1.0,1.0,1.0,0.9999999999999998,1.0
credit_g,logreg,linshap,clean,oracle,2,4,1.0,1.0,1.0,0.9999999999999998,1.0
credit_g,logreg,linshap,clean,oracle,3,4,1.0,1.0,1.0,0.9999999999999998,1.0
credit_g,logreg,linshap,spur,real,0,1,1.0,1.0,1.0,1.0000000000000002,1.0
credit_g,logreg,linshap,spur,real,0,2,1.0,1.0,1.0,1.0000000000000002,1.0
credit_g,logreg,linshap,spur,real,0,3,1.0,1.0,1.0,1.0000000000000002,1.0
credit_g,logreg,linshap,spur,real,0,4,1.0,1.0,1.0,1.0000000000000002,1.0
credit_g,logreg,linshap,spur,real,1,2,1.0,1.0,1.0,1.0000000000000002,1.0
credit_g,logreg,linshap,spur,real,1,3,1.0,1.0,1.0,1.0000000000000002,1.0
credit_g,logreg,linshap,spur,real,1,4,1.0,1.0,1.0,1.0000000000000002,1.0
credit_g,logreg,linshap,spur,real,2,3,1.0,1.0,1.0,1.0000000000000002,1.0
credit_g,logreg,linshap,spur,real,2,4,1.0,1.0,1.0,1.0000000000000002,1.0
credit_g,logreg,linshap,spur,real,3,4,1.0,1.0,1.0,1.0000000000000002,1.0
credit_g,logreg,linshap,spur,random,0,1,0.3333333333333333,0.2,-0.07012987012987014,0.8250451329071818,1.0
credit_g,logreg,linshap,spur,random,0,2,0.3333333333333333,0.2,-0.2155844155844156,0.7345224107756633,1.0
credit_g,logreg,linshap,spur,random,0,3,0.3333333333333333,0.2,0.16233766233766234,0.8718260823832719,1.0
credit_g,logreg,linshap,spur,random,0,4,0.0,0.2,-0.2350649350649351,0.7349275862704793,1.0
credit_g,logreg,linshap,spur,random,1,2,0.3333333333333333,0.4,0.2857142857142857,0.8263150916925133,1.0
credit_g,logreg,linshap,spur,random,1,3,0.0,0.4,0.22597402597402597,0.8859129916367615,1.0
credit_g,logreg,linshap,spur,random,1,4,0.0,0.2,-0.045454545454545456,0.7596486445292874,1.0
credit_g,logreg,linshap,spur,random,2,3,0.3333333333333333,0.2,-0.13506493506493505,0.7667828762851572,1.0
credit_g,logreg,linshap,spur,random,2,4,0.0,0.2,0.21428571428571425,0.7765309939745668,1.0
credit_g,logreg,linshap,spur,random,3,4,0.0,0.2,0.05064935064935065,0.779534007875781,1.0
credit_g,logreg,linshap,spur,permuted,0,1,0.3333333333333333,0.2,-0.07792207792207792,0.06761338400845228,1.0
credit_g,logreg,linshap,spur,permuted,0,2,0.3333333333333333,0.2,-0.21818181818181817,0.054691465145100975,1.0
credit_g,logreg,linshap,spur,permuted,0,3,0.3333333333333333,0.4,0.3025974025974026,0.11018441689184987,1.0
credit_g,logreg,linshap,spur,permuted,0,4,0.0,0.0,-0.2506493506493506,0.06346316875739579,1.0
credit_g,logreg,linshap,spur,permuted,1,2,0.0,0.4,0.13116883116883118,0.19067375608613715,1.0
credit_g,logreg,linshap,spur,permuted,1,3,0.0,0.0,-0.39350649350649347,0.06614464985249419,1.0
credit_g,logreg,linshap,spur,permuted,1,4,0.0,0.2,0.14935064935064934,0.06968395897978122,1.0
credit_g,logreg,linshap,spur,permuted,2,3,0.3333333333333333,0.2,0.0,0.09251338957193368,1.0
credit_g,logreg,linshap,spur,permuted,2,4,0.3333333333333333,0.4,0.005194805194805195,0.16541027111038187,1.0
credit_g,logreg,linshap,spur,permuted,3,4,0.3333333333333333,0.2,-0.1935064935064935,0.9488466447906612,1.0
credit_g,logreg,linshap,spur,constant,0,1,1.0,1.0,0.0,1.0,1.0
credit_g,logreg,linshap,spur,constant,0,2,1.0,1.0,0.0,1.0,1.0
credit_g,logreg,linshap,spur,constant,0,3,1.0,1.0,0.0,1.0,1.0
credit_g,logreg,linshap,spur,constant,0,4,1.0,1.0,0.0,1.0,1.0
credit_g,logreg,linshap,spur,constant,1,2,1.0,1.0,0.0,1.0,1.0
credit_g,logreg,linshap,spur,constant,1,3,1.0,1.0,0.0,1.0,1.0
credit_g,logreg,linshap,spur,constant,1,4,1.0,1.0,0.0,1.0,1.0
credit_g,logreg,linshap,spur,constant,2,3,1.0,1.0,0.0,1.0,1.0
credit_g,logreg,linshap,spur,constant,2,4,1.0,1.0,0.0,1.0,1.0
credit_g,logreg,linshap,spur,constant,3,4,1.0,1.0,0.0,1.0,1.0
credit_g,logreg,linshap,spur,oracle,0,1,1.0,1.0,1.0,1.0,1.0
credit_g,logreg,linshap,spur,oracle,0,2,1.0,1.0,1.0,1.0,1.0
credit_g,logreg,linshap,spur,oracle,0,3,1.0,1.0,1.0,1.0,1.0
credit_g,logreg,linshap,spur,oracle,0,4,1.0,1.0,1.0,1.0,1.0
credit_g,logreg,linshap,spur,oracle,1,2,1.0,1.0,1.0,1.0,1.0
credit_g,logreg,linshap,spur,oracle,1,3,1.0,1.0,1.0,1.0,1.0
credit_g,logreg,linshap,spur,oracle,1,4,1.0,1.0,1.0,1.0,1.0
credit_g,logreg,linshap,spur,oracle,2,3,1.0,1.0,1.0,1.0,1.0
credit_g,logreg,linshap,spur,oracle,2,4,1.0,1.0,1.0,1.0,1.0
credit_g,logreg,linshap,spur,oracle,3,4,1.0,1.0,1.0,1.0,1.0
credit_g,logreg,lime,clean,real,0,1,0.6666666666666666,1.0,0.9924812030075187,0.9985270732574536,1.0
credit_g,logreg,lime,clean,real,0,2,0.6666666666666666,1.0,0.9924812030075187,0.9992381983998657,1.0
credit_g,logreg,lime,clean,real,0,3,0.6666666666666666,1.0,0.9864661654135337,0.9990942734765134,1.0
credit_g,logreg,lime,clean,real,0,4,0.6666666666666666,1.0,0.9864661654135337,0.9986837976744558,1.0
credit_g,logreg,lime,clean,real,1,2,1.0,1.0,0.9969924812030074,0.9993701633101016,1.0
credit_g,logreg,lime,clean,real,1,3,1.0,1.0,0.9879699248120299,0.9983848438344742,1.0
credit_g,logreg,lime,clean,real,1,4,1.0,1.0,0.9834586466165413,0.99891255418249,1.0
credit_g,logreg,lime,clean,real,2,3,1.0,1.0,0.9924812030075187,0.9990970244399893,1.0
credit_g,logreg,lime,clean,real,2,4,1.0,1.0,0.9849624060150375,0.9990386715073138,1.0
credit_g,logreg,lime,clean,real,3,4,1.0,1.0,0.9804511278195487,0.9990431690736982,1.0
credit_g,logreg,lime,clean,random,0,1,0.3333333333333333,0.4,0.08571428571428572,0.8023674251947523,1.0
credit_g,logreg,lime,clean,random,0,2,0.0,0.4,-0.14887218045112782,0.7651138257727296,1.0
credit_g,logreg,lime,clean,random,0,3,0.3333333333333333,0.2,0.05413533834586466,0.774856136047951,1.0
credit_g,logreg,lime,clean,random,0,4,0.0,0.4,0.16541353383458643,0.860071163999312,1.0
credit_g,logreg,lime,clean,random,1,2,0.0,0.4,0.08721804511278194,0.7400584456316119,1.0
credit_g,logreg,lime,clean,random,1,3,0.6666666666666666,0.8,0.437593984962406,0.8259630162221449,1.0
credit_g,logreg,lime,clean,random,1,4,0.3333333333333333,0.6,0.29774436090225564,0.8401857283819006,1.0
credit_g,logreg,lime,clean,random,2,3,0.0,0.2,-0.12481203007518797,0.6656488045983957,1.0
credit_g,logreg,lime,clean,random,2,4,0.0,0.2,-0.10827067669172932,0.7736629435365402,1.0
credit_g,logreg,lime,clean,random,3,4,0.3333333333333333,0.4,0.35939849624060144,0.845349569567959,1.0
credit_g,logreg,lime,clean,permuted,0,1,0.0,0.2,-0.11428571428571428,0.6955931425409453,1.0
credit_g,logreg,lime,clean,permuted,0,2,0.0,0.0,-0.193984962406015,0.6374511497691848,1.0
credit_g,logreg,lime,clean,permuted,0,3,0.0,0.2,-0.24360902255639094,0.7072113292381373,1.0
credit_g,logreg,lime,clean,permuted,0,4,0.0,0.4,-0.0706766917293233,0.6796820217582635,1.0
credit_g,logreg,lime,clean,permuted,1,2,0.0,0.0,0.19548872180451127,0.7394683691670658,1.0
credit_g,logreg,lime,clean,permuted,1,3,0.0,0.0,0.07969924812030074,0.6957537438745486,1.0
credit_g,logreg,lime,clean,permuted,1,4,0.6666666666666666,0.4,0.26315789473684204,0.8120892935781718,1.0
credit_g,logreg,lime,clean,permuted,2,3,0.3333333333333333,0.4,0.19248120300751878,0.8002136098385592,1.0
credit_g,logreg,lime,clean,permuted,2,4,0.0,0.0,-0.33383458646616543,0.6194484021100173,1.0
credit_g,logreg,lime,clean,permuted,3,4,0.3333333333333333,0.2,-0.45714285714285713,0.6182027366234376,1.0
credit_g,logreg,lime,clean,constant,0,1,1.0,1.0,0.0,0.9999999999999998,1.0
credit_g,logreg,lime,clean,constant,0,2,1.0,1.0,0.0,0.9999999999999998,1.0
credit_g,logreg,lime,clean,constant,0,3,1.0,1.0,0.0,0.9999999999999998,1.0
credit_g,logreg,lime,clean,constant,0,4,1.0,1.0,0.0,0.9999999999999998,1.0
credit_g,logreg,lime,clean,constant,1,2,1.0,1.0,0.0,0.9999999999999998,1.0
credit_g,logreg,lime,clean,constant,1,3,1.0,1.0,0.0,0.9999999999999998,1.0
credit_g,logreg,lime,clean,constant,1,4,1.0,1.0,0.0,0.9999999999999998,1.0
credit_g,logreg,lime,clean,constant,2,3,1.0,1.0,0.0,0.9999999999999998,1.0
credit_g,logreg,lime,clean,constant,2,4,1.0,1.0,0.0,0.9999999999999998,1.0
credit_g,logreg,lime,clean,constant,3,4,1.0,1.0,0.0,0.9999999999999998,1.0
credit_g,logreg,lime,clean,oracle,0,1,1.0,1.0,1.0,0.9999999999999998,1.0
credit_g,logreg,lime,clean,oracle,0,2,1.0,1.0,1.0,0.9999999999999998,1.0
credit_g,logreg,lime,clean,oracle,0,3,1.0,1.0,1.0,0.9999999999999998,1.0
credit_g,logreg,lime,clean,oracle,0,4,1.0,1.0,1.0,0.9999999999999998,1.0
credit_g,logreg,lime,clean,oracle,1,2,1.0,1.0,1.0,0.9999999999999998,1.0
credit_g,logreg,lime,clean,oracle,1,3,1.0,1.0,1.0,0.9999999999999998,1.0
credit_g,logreg,lime,clean,oracle,1,4,1.0,1.0,1.0,0.9999999999999998,1.0
credit_g,logreg,lime,clean,oracle,2,3,1.0,1.0,1.0,0.9999999999999998,1.0
credit_g,logreg,lime,clean,oracle,2,4,1.0,1.0,1.0,0.9999999999999998,1.0
credit_g,logreg,lime,clean,oracle,3,4,1.0,1.0,1.0,0.9999999999999998,1.0
credit_g,logreg,lime,spur,real,0,1,0.6666666666666666,0.6,0.9038961038961039,0.9884246193293683,1.0
credit_g,logreg,lime,spur,real,0,2,0.6666666666666666,0.8,0.922077922077922,0.9941732514662531,1.0
credit_g,logreg,lime,spur,real,0,3,0.6666666666666666,1.0,0.9532467532467532,0.9961194499781375,1.0
credit_g,logreg,lime,spur,real,0,4,0.6666666666666666,0.6,0.9376623376623376,0.9957753959374577,1.0
credit_g,logreg,lime,spur,real,1,2,1.0,0.8,0.9116883116883117,0.9835884873810594,1.0
credit_g,logreg,lime,spur,real,1,3,1.0,0.6,0.8844155844155844,0.9805556170353867,1.0
credit_g,logreg,lime,spur,real,1,4,1.0,0.8,0.9025974025974025,0.9930685683112946,1.0
credit_g,logreg,lime,spur,real,2,3,1.0,0.8,0.9285714285714285,0.9946236327377653,1.0
credit_g,logreg,lime,spur,real,2,4,1.0,0.8,0.8883116883116883,0.9944574231217629,1.0
credit_g,logreg,lime,spur,real,3,4,1.0,0.6,0.9376623376623376,0.9924978924852876,1.0
credit_g,logreg,lime,spur,random,0,1,0.3333333333333333,0.4,-0.18051948051948052,0.7861993681322903,1.0
credit_g,logreg,lime,spur,random,0,2,0.3333333333333333,0.4,0.08571428571428572,0.8593972810194519,1.0
credit_g,logreg,lime,spur,random,0,3,0.0,0.2,0.2584415584415584,0.8341234251947888,1.0
credit_g,logreg,lime,spur,random,0,4,0.3333333333333333,0.4,0.14285714285714285,0.8141288558667279,1.0
credit_g,logreg,lime,spur,random,1,2,0.3333333333333333,0.2,0.16103896103896104,0.8365341958933875,1.0
credit_g,logreg,lime,spur,random,1,3,0.0,0.0,0.16623376623376623,0.736670864790612,1.0
credit_g,logreg,lime,spur,random,1,4,0.3333333333333333,0.4,0.2636363636363636,0.8247804108257455,1.0
credit_g,logreg,lime,spur,random,2,3,0.0,0.2,-0.14805194805194805,0.7344981032454827,1.0
credit_g,logreg,lime,spur,random,2,4,0.0,0.2,0.011688311688311687,0.8183488252383112,1.0
credit_g,logreg,lime,spur,random,3,4,0.0,0.0,-0.04805194805194805,0.6999495293659204,1.0
credit_g,logreg,lime,spur,permuted,0,1,0.3333333333333333,0.6,0.22207792207792207,0.46291159841194823,1.0
credit_g,logreg,lime,spur,permuted,0,2,0.3333333333333333,0.2,-0.06623376623376624,0.34314773965912254,1.0
credit_g,logreg,lime,spur,permuted,0,3,0.0,0.2,-0.36623376623376624,0.30070682146506816,1.0
credit_g,logreg,lime,spur,permuted,0,4,0.3333333333333333,0.2,-0.13766233766233765,0.8866135931039373,1.0
credit_g,logreg,lime,spur,permuted,1,2,0.3333333333333333,0.4,0.41038961038961036,0.45287986415893927,1.0
credit_g,logreg,lime,spur,permuted,1,3,0.0,0.4,0.0961038961038961,0.3255605580925381,1.0
credit_g,logreg,lime,spur,permuted,1,4,0.0,0.4,0.1974025974025974,0.41993333312783265,1.0
credit_g,logreg,lime,spur,permuted,2,3,0.0,0.0,-0.05454545454545454,0.34450000185445917,1.0
credit_g,logreg,lime,spur,permuted,2,4,0.3333333333333333,0.6,0.5766233766233767,0.44876372719935037,1.0
credit_g,logreg,lime,spur,permuted,3,4,0.0,0.2,-0.15064935064935067,0.31163519252832755,1.0
credit_g,logreg,lime,spur,constant,0,1,1.0,1.0,0.0,1.0,1.0
credit_g,logreg,lime,spur,constant,0,2,1.0,1.0,0.0,1.0,1.0
credit_g,logreg,lime,spur,constant,0,3,1.0,1.0,0.0,1.0,1.0
credit_g,logreg,lime,spur,constant,0,4,1.0,1.0,0.0,1.0,1.0
credit_g,logreg,lime,spur,constant,1,2,1.0,1.0,0.0,1.0,1.0
credit_g,logreg,lime,spur,constant,1,3,1.0,1.0,0.0,1.0,1.0
credit_g,logreg,lime,spur,constant,1,4,1.0,1.0,0.0,1.0,1.0
credit_g,logreg,lime,spur,constant,2,3,1.0,1.0,0.0,1.0,1.0
credit_g,logreg,lime,spur,constant,2,4,1.0,1.0,0.0,1.0,1.0
credit_g,logreg,lime,spur,constant,3,4,1.0,1.0,0.0,1.0,1.0
credit_g,logreg,lime,spur,oracle,0,1,1.0,1.0,1.0,1.0,1.0
credit_g,logreg,lime,spur,oracle,0,2,1.0,1.0,1.0,1.0,1.0
credit_g,logreg,lime,spur,oracle,0,3,1.0,1.0,1.0,1.0,1.0
credit_g,logreg,lime,spur,oracle,0,4,1.0,1.0,1.0,1.0,1.0
credit_g,logreg,lime,spur,oracle,1,2,1.0,1.0,1.0,1.0,1.0
credit_g,logreg,lime,spur,oracle,1,3,1.0,1.0,1.0,1.0,1.0
credit_g,logreg,lime,spur,oracle,1,4,1.0,1.0,1.0,1.0,1.0
credit_g,logreg,lime,spur,oracle,2,3,1.0,1.0,1.0,1.0,1.0
credit_g,logreg,lime,spur,oracle,2,4,1.0,1.0,1.0,1.0,1.0
credit_g,logreg,lime,spur,oracle,3,4,1.0,1.0,1.0,1.0,1.0
credit_g,rf,treeshap,clean,real,0,1,1.0,0.8,0.9593984962406013,0.9978355540634297,1.0
credit_g,rf,treeshap,clean,real,0,2,1.0,0.6,0.9443609022556391,0.9961845990554263,1.0
credit_g,rf,treeshap,clean,real,0,3,1.0,0.6,0.9248120300751879,0.9966046996933675,1.0
credit_g,rf,treeshap,clean,real,0,4,1.0,0.8,0.9593984962406013,0.9973181534861112,1.0
credit_g,rf,treeshap,clean,real,1,2,1.0,0.8,0.9774436090225563,0.9968770503771172,1.0
credit_g,rf,treeshap,clean,real,1,3,1.0,0.6,0.9398496240601503,0.9953847443904197,1.0
credit_g,rf,treeshap,clean,real,1,4,1.0,1.0,0.9774436090225563,0.9959911385632734,1.0
credit_g,rf,treeshap,clean,real,2,3,1.0,0.6,0.956390977443609,0.9957546897402567,1.0
credit_g,rf,treeshap,clean,real,2,4,1.0,0.8,0.9578947368421054,0.9939493479114595,1.0
credit_g,rf,treeshap,clean,real,3,4,1.0,0.6,0.9263157894736842,0.9955429620566906,1.0
credit_g,rf,treeshap,clean,random,0,1,0.0,0.4,0.10225563909774435,0.7525737760472545,1.0
credit_g,rf,treeshap,clean,random,0,2,0.3333333333333333,0.4,0.1894736842105263,0.7756516195897205,1.0
credit_g,rf,treeshap,clean,random,0,3,0.3333333333333333,0.4,0.20300751879699244,0.757350906211144,1.0
credit_g,rf,treeshap,clean,random,0,4,0.0,0.2,-0.16541353383458643,0.6807800828490315,1.0
credit_g,rf,treeshap,clean,random,1,2,0.0,0.4,-0.019548872180451125,0.6877405412718026,1.0
credit_g,rf,treeshap,clean,random,1,3,0.3333333333333333,0.4,0.09323308270676692,0.7010405558435788,1.0
credit_g,rf,treeshap,clean,random,1,4,0.3333333333333333,0.2,0.16842105263157892,0.7634718769501164,1.0
credit_g,rf,treeshap,clean,random,2,3,0.0,0.2,0.19999999999999998,0.7585665552941075,1.0
credit_g,rf,treeshap,clean,random,2,4,0.3333333333333333,0.4,0.33533834586466166,0.8352251851799045,1.0
credit_g,rf,treeshap,clean,random,3,4,0.3333333333333333,0.2,0.17142857142857143,0.7507970505153955,1.0
credit_g,rf,treeshap,clean,permuted,0,1,0.3333333333333333,0.4,-0.06917293233082707,0.47857646581846236,1.0
credit_g,rf,treeshap,clean,permuted,0,2,0.0,0.0,0.28421052631578947,0.4035831787868688,1.0
credit_g,rf,treeshap,clean,permuted,0,3,0.0,0.0,-0.06616541353383458,0.3328960866507266,1.0
credit_g,rf,treeshap,clean,permuted,0,4,0.0,0.0,-0.21353383458646616,0.2891874802267609,1.0
credit_g,rf,treeshap,clean,permuted,1,2,0.0,0.2,-0.23157894736842105,0.3069177839044588,1.0
credit_g,rf,treeshap,clean,permuted,1,3,0.0,0.2,-0.15488721804511277,0.25471458542705894,1.0
credit_g,rf,treeshap,clean,permuted,1,4,0.0,0.2,0.1518796992481203,0.3513848347448311,1.0
credit_g,rf,treeshap,clean,permuted,2,3,0.3333333333333333,0.2,0.024060150375939848,0.8865912191751886,1.0
credit_g,rf,treeshap,clean,permuted,2,4,0.0,0.4,0.10827067669172932,0.4023791585089507,1.0
credit_g,rf,treeshap,clean,permuted,3,4,0.0,0.2,-0.1533834586466165,0.3415139922674246,1.0
credit_g,rf,treeshap,clean,constant,0,1,1.0,1.0,0.0,0.9999999999999998,1.0
credit_g,rf,treeshap,clean,constant,0,2,1.0,1.0,0.0,0.9999999999999998,1.0
credit_g,rf,treeshap,clean,constant,0,3,1.0,1.0,0.0,0.9999999999999998,1.0
credit_g,rf,treeshap,clean,constant,0,4,1.0,1.0,0.0,0.9999999999999998,1.0
credit_g,rf,treeshap,clean,constant,1,2,1.0,1.0,0.0,0.9999999999999998,1.0
credit_g,rf,treeshap,clean,constant,1,3,1.0,1.0,0.0,0.9999999999999998,1.0
credit_g,rf,treeshap,clean,constant,1,4,1.0,1.0,0.0,0.9999999999999998,1.0
credit_g,rf,treeshap,clean,constant,2,3,1.0,1.0,0.0,0.9999999999999998,1.0
credit_g,rf,treeshap,clean,constant,2,4,1.0,1.0,0.0,0.9999999999999998,1.0
credit_g,rf,treeshap,clean,constant,3,4,1.0,1.0,0.0,0.9999999999999998,1.0
credit_g,rf,treeshap,clean,oracle,0,1,1.0,1.0,1.0,0.9999999999999998,1.0
credit_g,rf,treeshap,clean,oracle,0,2,1.0,1.0,1.0,0.9999999999999998,1.0
credit_g,rf,treeshap,clean,oracle,0,3,1.0,1.0,1.0,0.9999999999999998,1.0
credit_g,rf,treeshap,clean,oracle,0,4,1.0,1.0,1.0,0.9999999999999998,1.0
credit_g,rf,treeshap,clean,oracle,1,2,1.0,1.0,1.0,0.9999999999999998,1.0
credit_g,rf,treeshap,clean,oracle,1,3,1.0,1.0,1.0,0.9999999999999998,1.0
credit_g,rf,treeshap,clean,oracle,1,4,1.0,1.0,1.0,0.9999999999999998,1.0
credit_g,rf,treeshap,clean,oracle,2,3,1.0,1.0,1.0,0.9999999999999998,1.0
credit_g,rf,treeshap,clean,oracle,2,4,1.0,1.0,1.0,0.9999999999999998,1.0
credit_g,rf,treeshap,clean,oracle,3,4,1.0,1.0,1.0,0.9999999999999998,1.0
credit_g,rf,treeshap,spur,real,0,1,1.0,1.0,0.9623376623376624,0.9981277288165784,1.0
credit_g,rf,treeshap,spur,real,0,2,0.6666666666666666,0.8,0.9376623376623376,0.9988573298978639,1.0
credit_g,rf,treeshap,spur,real,0,3,0.6666666666666666,1.0,0.9649350649350649,0.9988045237604409,1.0
credit_g,rf,treeshap,spur,real,0,4,0.6666666666666666,1.0,0.9441558441558441,0.9992162359092859,1.0
credit_g,rf,treeshap,spur,real,1,2,0.6666666666666666,0.8,0.9545454545454546,0.9970269805654652,1.0
credit_g,rf,treeshap,spur,real,1,3,0.6666666666666666,1.0,0.9519480519480519,0.9992248020928826,1.0
credit_g,rf,treeshap,spur,real,1,4,0.6666666666666666,1.0,0.9792207792207792,0.9991633438719603,1.0
credit_g,rf,treeshap,spur,real,2,3,1.0,0.8,0.9714285714285713,0.9983556965826176,1.0
credit_g,rf,treeshap,spur,real,2,4,1.0,0.8,0.9701298701298702,0.9991723020575408,1.0
credit_g,rf,treeshap,spur,real,3,4,1.0,1.0,0.9753246753246754,0.9994681035077957,1.0
credit_g,rf,treeshap,spur,random,0,1,0.6666666666666666,0.6,0.17922077922077922,0.8212927414149174,1.0
credit_g,rf,treeshap,spur,random,0,2,0.0,0.2,-0.387012987012987,0.7216601690483723,1.0
credit_g,rf,treeshap,spur,random,0,3,0.0,0.0,-0.2909090909090909,0.7257107114133022,1.0
credit_g,rf,treeshap,spur,random,0,4,0.0,0.2,-0.015584415584415586,0.7567515791019497,1.0
credit_g,rf,treeshap,spur,random,1,2,0.0,0.4,-0.04025974025974026,0.8250872638807538,1.0
credit_g,rf,treeshap,spur,random,1,3,0.0,0.0,-0.4194805194805195,0.7370537882612838,1.0
credit_g,rf,treeshap,spur,random,1,4,0.0,0.2,-0.08571428571428572,0.7617836758366381,1.0
credit_g,rf,treeshap,spur,random,2,3,0.0,0.2,-0.044155844155844164,0.7925238176284638,1.0
credit_g,rf,treeshap,spur,random,2,4,0.3333333333333333,0.2,0.02727272727272727,0.7907199288679516,1.0
credit_g,rf,treeshap,spur,random,3,4,0.0,0.0,-0.24415584415584415,0.7064508789010223,1.0
credit_g,rf,treeshap,spur,permuted,0,1,0.0,0.4,-0.07792207792207792,0.06817821503567668,1.0
credit_g,rf,treeshap,spur,permuted,0,2,0.0,0.2,-0.03766233766233767,0.07038531560604065,1.0
credit_g,rf,treeshap,spur,permuted,0,3,0.0,0.4,0.014285714285714285,0.05899321481946514,1.0
credit_g,rf,treeshap,spur,permuted,0,4,0.3333333333333333,0.2,-0.12207792207792208,0.08951517430885104,1.0
credit_g,rf,treeshap,spur,permuted,1,2,0.0,0.2,-0.12857142857142856,0.08876332364481444,1.0
credit_g,rf,treeshap,spur,permuted,1,3,0.3333333333333333,0.4,0.11948051948051949,0.07485393349374586,1.0
credit_g,rf,treeshap,spur,permuted,1,4,0.0,0.2,0.2636363636363636,0.14151707896582336,1.0
credit_g,rf,treeshap,spur,permuted,2,3,0.6666666666666666,0.4,0.4584415584415585,0.3865874655209722,1.0
credit_g,rf,treeshap,spur,permuted,2,4,0.0,0.0,-0.2675324675324675,0.10316356225563332,1.0
credit_g,rf,treeshap,spur,permuted,3,4,0.0,0.0,-0.2545454545454545,0.07431351669600979,1.0
credit_g,rf,treeshap,spur,constant,0,1,1.0,1.0,0.0,1.0,1.0
credit_g,rf,treeshap,spur,constant,0,2,1.0,1.0,0.0,1.0,1.0
credit_g,rf,treeshap,spur,constant,0,3,1.0,1.0,0.0,1.0,1.0
credit_g,rf,treeshap,spur,constant,0,4,1.0,1.0,0.0,1.0,1.0
credit_g,rf,treeshap,spur,constant,1,2,1.0,1.0,0.0,1.0,1.0
credit_g,rf,treeshap,spur,constant,1,3,1.0,1.0,0.0,1.0,1.0
credit_g,rf,treeshap,spur,constant,1,4,1.0,1.0,0.0,1.0,1.0
credit_g,rf,treeshap,spur,constant,2,3,1.0,1.0,0.0,1.0,1.0
credit_g,rf,treeshap,spur,constant,2,4,1.0,1.0,0.0,1.0,1.0
credit_g,rf,treeshap,spur,constant,3,4,1.0,1.0,0.0,1.0,1.0
credit_g,rf,treeshap,spur,oracle,0,1,1.0,1.0,1.0,1.0,1.0
credit_g,rf,treeshap,spur,oracle,0,2,1.0,1.0,1.0,1.0,1.0
credit_g,rf,treeshap,spur,oracle,0,3,1.0,1.0,1.0,1.0,1.0
credit_g,rf,treeshap,spur,oracle,0,4,1.0,1.0,1.0,1.0,1.0
credit_g,rf,treeshap,spur,oracle,1,2,1.0,1.0,1.0,1.0,1.0
credit_g,rf,treeshap,spur,oracle,1,3,1.0,1.0,1.0,1.0,1.0
credit_g,rf,treeshap,spur,oracle,1,4,1.0,1.0,1.0,1.0,1.0
credit_g,rf,treeshap,spur,oracle,2,3,1.0,1.0,1.0,1.0,1.0
credit_g,rf,treeshap,spur,oracle,2,4,1.0,1.0,1.0,1.0,1.0
credit_g,rf,treeshap,spur,oracle,3,4,1.0,1.0,1.0,1.0,1.0
credit_g,rf,lime,clean,real,0,1,1.0,0.8,0.9533834586466164,0.9762185276669388,1.0
credit_g,rf,lime,clean,real,0,2,1.0,0.8,0.9428571428571428,0.9937987208803362,1.0
credit_g,rf,lime,clean,real,0,3,1.0,0.8,0.9609022556390976,0.9848128961818594,1.0
credit_g,rf,lime,clean,real,0,4,1.0,1.0,0.9639097744360902,0.9907479480842143,1.0
credit_g,rf,lime,clean,real,1,2,1.0,0.8,0.9699248120300751,0.9837562487567023,1.0
credit_g,rf,lime,clean,real,1,3,1.0,1.0,0.9699248120300751,0.9946254660263094,1.0
credit_g,rf,lime,clean,real,1,4,1.0,0.8,0.9578947368421054,0.990871313953068,1.0
credit_g,rf,lime,clean,real,2,3,1.0,0.8,0.9654135338345864,0.993177472720364,1.0
credit_g,rf,lime,clean,real,2,4,1.0,0.8,0.9518796992481202,0.9932791280778991,1.0
credit_g,rf,lime,clean,real,3,4,1.0,0.8,0.9473684210526315,0.9932822661331273,1.0
credit_g,rf,lime,clean,random,0,1,0.0,0.0,-0.23308270676691725,0.6462201498427834,1.0
credit_g,rf,lime,clean,random,0,2,0.3333333333333333,0.2,-0.2601503759398496,0.724367246004389,1.0
credit_g,rf,lime,clean,random,0,3,0.3333333333333333,0.2,-0.20902255639097742,0.6351427508536018,1.0
credit_g,rf,lime,clean,random,0,4,0.0,0.0,-0.38646616541353385,0.5279901935221627,1.0
credit_g,rf,lime,clean,random,1,2,0.0,0.4,-0.07218045112781954,0.7034324611222171,1.0
credit_g,rf,lime,clean,random,1,3,0.0,0.2,-0.09624060150375939,0.6142292331164609,1.0
credit_g,rf,lime,clean,random,1,4,0.3333333333333333,0.2,-0.06917293233082707,0.5936975639044775,1.0
credit_g,rf,lime,clean,random,2,3,0.3333333333333333,0.4,0.021052631578947364,0.7375897767082927,1.0
credit_g,rf,lime,clean,random,2,4,0.3333333333333333,0.4,0.12330827067669171,0.7413683668535559,1.0
credit_g,rf,lime,clean,random,3,4,0.0,0.2,-0.13984962406015036,0.5655105881127066,1.0
credit_g,rf,lime,clean,permuted,0,1,0.3333333333333333,0.6,0.35939849624060144,0.5631384982539772,1.0
credit_g,rf,lime,clean,permuted,0,2,0.3333333333333333,0.6,0.05714285714285714,0.4841235273403576,1.0
credit_g,rf,lime,clean,permuted,0,3,0.3333333333333333,0.2,0.2992481203007519,0.8020079457255513,1.0
credit_g,rf,lime,clean,permuted,0,4,0.3333333333333333,0.2,0.4586466165413533,0.5021502051215937,1.0
credit_g,rf,lime,clean,permuted,1,2,0.0,0.2,-0.13684210526315788,0.390109778310811,1.0
credit_g,rf,lime,clean,permuted,1,3,0.6666666666666666,0.6,0.31729323308270674,0.6197125105058483,1.0
credit_g,rf,lime,clean,permuted,1,4,0.3333333333333333,0.2,-0.024060150375939848,0.40720713302202266,1.0
credit_g,rf,lime,clean,permuted,2,3,0.0,0.0,-0.16240601503759397,0.38346813170104377,1.0
credit_g,rf,lime,clean,permuted,2,4,0.0,0.0,-0.3082706766917293,0.3459976468065055,1.0
credit_g,rf,lime,clean,permuted,3,4,0.3333333333333333,0.4,0.051127819548872175,0.47504507327199136,1.0
credit_g,rf,lime,clean,constant,0,1,1.0,1.0,0.0,0.9999999999999998,1.0
credit_g,rf,lime,clean,constant,0,2,1.0,1.0,0.0,0.9999999999999998,1.0
credit_g,rf,lime,clean,constant,0,3,1.0,1.0,0.0,0.9999999999999998,1.0
credit_g,rf,lime,clean,constant,0,4,1.0,1.0,0.0,0.9999999999999998,1.0
credit_g,rf,lime,clean,constant,1,2,1.0,1.0,0.0,0.9999999999999998,1.0
credit_g,rf,lime,clean,constant,1,3,1.0,1.0,0.0,0.9999999999999998,1.0
credit_g,rf,lime,clean,constant,1,4,1.0,1.0,0.0,0.9999999999999998,1.0
credit_g,rf,lime,clean,constant,2,3,1.0,1.0,0.0,0.9999999999999998,1.0
credit_g,rf,lime,clean,constant,2,4,1.0,1.0,0.0,0.9999999999999998,1.0
credit_g,rf,lime,clean,constant,3,4,1.0,1.0,0.0,0.9999999999999998,1.0
credit_g,rf,lime,clean,oracle,0,1,1.0,1.0,1.0,0.9999999999999998,1.0
credit_g,rf,lime,clean,oracle,0,2,1.0,1.0,1.0,0.9999999999999998,1.0
credit_g,rf,lime,clean,oracle,0,3,1.0,1.0,1.0,0.9999999999999998,1.0
credit_g,rf,lime,clean,oracle,0,4,1.0,1.0,1.0,0.9999999999999998,1.0
credit_g,rf,lime,clean,oracle,1,2,1.0,1.0,1.0,0.9999999999999998,1.0
credit_g,rf,lime,clean,oracle,1,3,1.0,1.0,1.0,0.9999999999999998,1.0
credit_g,rf,lime,clean,oracle,1,4,1.0,1.0,1.0,0.9999999999999998,1.0
credit_g,rf,lime,clean,oracle,2,3,1.0,1.0,1.0,0.9999999999999998,1.0
credit_g,rf,lime,clean,oracle,2,4,1.0,1.0,1.0,0.9999999999999998,1.0
credit_g,rf,lime,clean,oracle,3,4,1.0,1.0,1.0,0.9999999999999998,1.0
credit_g,rf,lime,spur,real,0,1,1.0,0.8,0.9103896103896105,0.9891208173604951,1.0
credit_g,rf,lime,spur,real,0,2,1.0,0.8,0.9636363636363635,0.9963185962220572,1.0
credit_g,rf,lime,spur,real,0,3,1.0,0.8,0.9701298701298702,0.994472503113239,1.0
credit_g,rf,lime,spur,real,0,4,1.0,0.8,0.9519480519480519,0.9929569273760989,1.0
credit_g,rf,lime,spur,real,1,2,1.0,1.0,0.8792207792207792,0.9878291479656003,1.0
credit_g,rf,lime,spur,real,1,3,1.0,0.6,0.8883116883116883,0.9755374007374875,1.0
credit_g,rf,lime,spur,real,1,4,1.0,1.0,0.9194805194805193,0.9881644436187789,1.0
credit_g,rf,lime,spur,real,2,3,1.0,0.6,0.9558441558441559,0.992788698989115,1.0
credit_g,rf,lime,spur,real,2,4,1.0,1.0,0.9376623376623376,0.9955296842774904,1.0
credit_g,rf,lime,spur,real,3,4,1.0,0.6,0.9337662337662337,0.9891269627978451,1.0
credit_g,rf,lime,spur,random,0,1,0.3333333333333333,0.4,0.12467532467532469,0.7922968267029235,1.0
credit_g,rf,lime,spur,random,0,2,0.3333333333333333,0.4,0.12857142857142856,0.7348661941382632,1.0
credit_g,rf,lime,spur,random,0,3,0.3333333333333333,0.2,-0.14805194805194805,0.7309410160218134,1.0
credit_g,rf,lime,spur,random,0,4,0.0,0.0,-0.42727272727272725,0.6745186507890675,1.0
credit_g,rf,lime,spur,random,1,2,0.3333333333333333,0.4,0.2597402597402597,0.7414549147747207,1.0
credit_g,rf,lime,spur,random,1,3,0.3333333333333333,0.4,0.17272727272727273,0.7934800150494841,1.0
credit_g,rf,lime,spur,random,1,4,0.0,0.2,0.18961038961038962,0.7608730945460278,1.0
credit_g,rf,lime,spur,random,2,3,0.3333333333333333,0.4,0.24025974025974026,0.7672068698107538,1.0
credit_g,rf,lime,spur,random,2,4,0.3333333333333333,0.2,-0.09480519480519481,0.6017713226258342,1.0
credit_g,rf,lime,spur,random,3,4,0.0,0.2,0.09220779220779221,0.7523101640834023,1.0
credit_g,rf,lime,spur,permuted,0,1,0.3333333333333333,0.2,-0.05064935064935065,0.5447999052049902,1.0
credit_g,rf,lime,spur,permuted,0,2,0.3333333333333333,0.2,0.02077922077922078,0.8632884254958262,1.0
credit_g,rf,lime,spur,permuted,0,3,0.3333333333333333,0.4,0.3116883116883117,0.5026599499438595,1.0
credit_g,rf,lime,spur,permuted,0,4,0.0,0.2,0.10909090909090909,0.4064353828232609,1.0
credit_g,rf,lime,spur,permuted,1,2,0.3333333333333333,0.4,0.025974025974025972,0.5871417383858981,1.0
credit_g,rf,lime,spur,permuted,1,3,0.0,0.4,0.12987012987012986,0.48407077540741816,1.0
credit_g,rf,lime,spur,permuted,1,4,0.3333333333333333,0.2,-0.312987012987013,0.36054893189975734,1.0
credit_g,rf,lime,spur,permuted,2,3,0.3333333333333333,0.4,0.059740259740259746,0.4498898357669229,1.0
credit_g,rf,lime,spur,permuted,2,4,0.0,0.2,-0.14155844155844155,0.4257250559221037,1.0
credit_g,rf,lime,spur,permuted,3,4,0.0,0.0,0.031168831168831172,0.4078763518986829,1.0
credit_g,rf,lime,spur,constant,0,1,1.0,1.0,0.0,1.0,1.0
credit_g,rf,lime,spur,constant,0,2,1.0,1.0,0.0,1.0,1.0
credit_g,rf,lime,spur,constant,0,3,1.0,1.0,0.0,1.0,1.0
credit_g,rf,lime,spur,constant,0,4,1.0,1.0,0.0,1.0,1.0
credit_g,rf,lime,spur,constant,1,2,1.0,1.0,0.0,1.0,1.0
credit_g,rf,lime,spur,constant,1,3,1.0,1.0,0.0,1.0,1.0
credit_g,rf,lime,spur,constant,1,4,1.0,1.0,0.0,1.0,1.0
credit_g,rf,lime,spur,constant,2,3,1.0,1.0,0.0,1.0,1.0
credit_g,rf,lime,spur,constant,2,4,1.0,1.0,0.0,1.0,1.0
credit_g,rf,lime,spur,constant,3,4,1.0,1.0,0.0,1.0,1.0
credit_g,rf,lime,spur,oracle,0,1,1.0,1.0,1.0,1.0,1.0
credit_g,rf,lime,spur,oracle,0,2,1.0,1.0,1.0,1.0,1.0
credit_g,rf,lime,spur,oracle,0,3,1.0,1.0,1.0,1.0,1.0
credit_g,rf,lime,spur,oracle,0,4,1.0,1.0,1.0,1.0,1.0
credit_g,rf,lime,spur,oracle,1,2,1.0,1.0,1.0,1.0,1.0
credit_g,rf,lime,spur,oracle,1,3,1.0,1.0,1.0,1.0,1.0
credit_g,rf,lime,spur,oracle,1,4,1.0,1.0,1.0,1.0,1.0
credit_g,rf,lime,spur,oracle,2,3,1.0,1.0,1.0,1.0,1.0
credit_g,rf,lime,spur,oracle,2,4,1.0,1.0,1.0,1.0,1.0
credit_g,rf,lime,spur,oracle,3,4,1.0,1.0,1.0,1.0,1.0
credit_g,hgb,treeshap,clean,real,0,1,1.0,0.6,0.8872180451127819,0.9879127208471024,1.0
credit_g,hgb,treeshap,clean,real,0,2,1.0,0.8,0.8992481203007519,0.9782258598789716,1.0
credit_g,hgb,treeshap,clean,real,0,3,1.0,0.6,0.8571428571428572,0.9647372986804718,1.0
credit_g,hgb,treeshap,clean,real,0,4,0.6666666666666666,0.8,0.9127819548872179,0.9554532500227098,1.0
credit_g,hgb,treeshap,clean,real,1,2,1.0,0.8,0.8466165413533834,0.9904244720030763,1.0
credit_g,hgb,treeshap,clean,real,1,3,1.0,1.0,0.8902255639097743,0.9846089628407815,1.0
credit_g,hgb,treeshap,clean,real,1,4,0.6666666666666666,0.8,0.8947368421052632,0.9736831729343758,1.0
credit_g,hgb,treeshap,clean,real,2,3,1.0,0.8,0.8586466165413533,0.9887061603137999,1.0
credit_g,hgb,treeshap,clean,real,2,4,0.6666666666666666,0.6,0.9097744360902256,0.980811699089814,1.0
credit_g,hgb,treeshap,clean,real,3,4,0.6666666666666666,0.8,0.8330827067669173,0.9792617549673509,1.0
credit_g,hgb,treeshap,clean,random,0,1,0.3333333333333333,0.4,0.2781954887218045,0.8535743250970004,1.0
credit_g,hgb,treeshap,clean,random,0,2,0.0,0.2,-0.1894736842105263,0.7222681461626362,1.0
credit_g,hgb,treeshap,clean,random,0,3,0.0,0.6,0.2556390977443609,0.8666179059499063,1.0
credit_g,hgb,treeshap,clean,random,0,4,0.0,0.0,-0.22406015037593985,0.7218469539079838,1.0
credit_g,hgb,treeshap,clean,random,1,2,0.0,0.2,-0.09473684210526315,0.7238620598184468,1.0
credit_g,hgb,treeshap,clean,random,1,3,0.3333333333333333,0.6,0.4541353383458646,0.9009541192312266,1.0
credit_g,hgb,treeshap,clean,random,1,4,0.0,0.0,-0.23458646616541348,0.7089905356711583,1.0
credit_g,hgb,treeshap,clean,random,2,3,0.3333333333333333,0.2,-0.22406015037593985,0.7029280327589607,1.0
credit_g,hgb,treeshap,clean,random,2,4,0.3333333333333333,0.4,-0.08270676691729321,0.707109096515184,1.0
credit_g,hgb,treeshap,clean,random,3,4,0.0,0.0,-0.04360902255639097,0.7445672256120625,1.0
credit_g,hgb,treeshap,clean,permuted,0,1,0.0,0.0,-0.5969924812030075,0.22957564655321178,0.8
credit_g,hgb,treeshap,clean,permuted,0,2,0.3333333333333333,0.4,-0.02857142857142857,0.32084347052584455,1.0
credit_g,hgb,treeshap,clean,permuted,0,3,0.0,0.2,0.045112781954887216,0.34331993299960517,1.0
credit_g,hgb,treeshap,clean,permuted,0,4,0.0,0.0,-0.19999999999999998,0.3330515707993362,1.0
credit_g,hgb,treeshap,clean,permuted,1,2,0.0,0.0,0.1609022556390977,0.3795174972835804,1.0
credit_g,hgb,treeshap,clean,permuted,1,3,0.0,0.2,-0.03308270676691729,0.43359644113764173,1.0
credit_g,hgb,treeshap,clean,permuted,1,4,0.0,0.2,0.07669172932330826,0.4286807389699421,1.0
credit_g,hgb,treeshap,clean,permuted,2,3,0.0,0.2,0.29473684210526313,0.4719860120756122,1.0
credit_g,hgb,treeshap,clean,permuted,2,4,0.0,0.4,0.09022556390977443,0.4654598924968023,1.0
credit_g,hgb,treeshap,clean,permuted,3,4,0.0,0.4,-0.15789473684210525,0.5575164084481632,1.0
credit_g,hgb,treeshap,clean,constant,0,1,1.0,1.0,0.0,0.9999999999999998,1.0
credit_g,hgb,treeshap,clean,constant,0,2,1.0,1.0,0.0,0.9999999999999998,1.0
credit_g,hgb,treeshap,clean,constant,0,3,1.0,1.0,0.0,0.9999999999999998,1.0
credit_g,hgb,treeshap,clean,constant,0,4,1.0,1.0,0.0,0.9999999999999998,1.0
credit_g,hgb,treeshap,clean,constant,1,2,1.0,1.0,0.0,0.9999999999999998,1.0
credit_g,hgb,treeshap,clean,constant,1,3,1.0,1.0,0.0,0.9999999999999998,1.0
credit_g,hgb,treeshap,clean,constant,1,4,1.0,1.0,0.0,0.9999999999999998,1.0
credit_g,hgb,treeshap,clean,constant,2,3,1.0,1.0,0.0,0.9999999999999998,1.0
credit_g,hgb,treeshap,clean,constant,2,4,1.0,1.0,0.0,0.9999999999999998,1.0
credit_g,hgb,treeshap,clean,constant,3,4,1.0,1.0,0.0,0.9999999999999998,1.0
credit_g,hgb,treeshap,clean,oracle,0,1,1.0,1.0,1.0,0.9999999999999998,1.0
credit_g,hgb,treeshap,clean,oracle,0,2,1.0,1.0,1.0,0.9999999999999998,1.0
credit_g,hgb,treeshap,clean,oracle,0,3,1.0,1.0,1.0,0.9999999999999998,1.0
credit_g,hgb,treeshap,clean,oracle,0,4,1.0,1.0,1.0,0.9999999999999998,1.0
credit_g,hgb,treeshap,clean,oracle,1,2,1.0,1.0,1.0,0.9999999999999998,1.0
credit_g,hgb,treeshap,clean,oracle,1,3,1.0,1.0,1.0,0.9999999999999998,1.0
credit_g,hgb,treeshap,clean,oracle,1,4,1.0,1.0,1.0,0.9999999999999998,1.0
credit_g,hgb,treeshap,clean,oracle,2,3,1.0,1.0,1.0,0.9999999999999998,1.0
credit_g,hgb,treeshap,clean,oracle,2,4,1.0,1.0,1.0,0.9999999999999998,1.0
credit_g,hgb,treeshap,clean,oracle,3,4,1.0,1.0,1.0,0.9999999999999998,1.0
credit_g,hgb,treeshap,spur,real,0,1,1.0,0.6,0.8218472488442731,0.9986771679666363,1.0
credit_g,hgb,treeshap,spur,real,0,2,0.6666666666666666,0.6,0.8554726011434005,0.9986471201518238,1.0
credit_g,hgb,treeshap,spur,real,0,3,0.6666666666666666,0.6,0.8209325674171234,0.9986013274486536,1.0
credit_g,hgb,treeshap,spur,real,0,4,0.6666666666666666,0.8,0.9314713060285772,0.9993504116621075,1.0
credit_g,hgb,treeshap,spur,real,1,2,0.6666666666666666,0.6,0.858536993949886,0.9994089522432603,1.0
credit_g,hgb,treeshap,spur,real,1,3,0.6666666666666666,0.6,0.8835199628027953,0.9991373649741232,1.0
credit_g,hgb,treeshap,spur,real,1,4,0.6666666666666666,0.8,0.8494312985595085,0.9989459701349616,1.0
credit_g,hgb,treeshap,spur,real,2,3,0.6666666666666666,0.6,0.8028922445525561,0.9986583657767013,1.0
credit_g,hgb,treeshap,spur,real,2,4,0.6666666666666666,0.6,0.8703703703703703,0.9990135688800965,1.0
credit_g,hgb,treeshap,spur,real,3,4,1.0,0.8,0.8120457391972921,0.9980577527698615,1.0
credit_g,hgb,treeshap,spur,random,0,1,0.6666666666666666,0.4,0.7025974025974026,0.934447179171542,1.0
credit_g,hgb,treeshap,spur,random,0,2,0.0,0.2,0.12987012987012986,0.7742674631429776,1.0
credit_g,hgb,treeshap,spur,random,0,3,0.0,0.2,-0.3649350649350649,0.5725669060369694,1.0
credit_g,hgb,treeshap,spur,random,0,4,0.3333333333333333,0.2,0.33506493506493507,0.8853694265820858,1.0
credit_g,hgb,treeshap,spur,random,1,2,0.0,0.0,-0.14805194805194805,0.6817166791912612,1.0
credit_g,hgb,treeshap,spur,random,1,3,0.0,0.4,-0.22207792207792207,0.6020881659204719,1.0
credit_g,hgb,treeshap,spur,random,1,4,0.6666666666666666,0.4,0.509090909090909,0.9014481694756277,1.0
credit_g,hgb,treeshap,spur,random,2,3,0.0,0.0,-0.4051948051948052,0.43874395393661675,1.0
credit_g,hgb,treeshap,spur,random,2,4,0.0,0.2,0.01818181818181818,0.7436823055292778,1.0
credit_g,hgb,treeshap,spur,random,3,4,0.0,0.0,-0.1922077922077922,0.5584269764221036,1.0
credit_g,hgb,treeshap,spur,permuted,0,1,0.3333333333333333,0.4,0.17035124936487306,0.9878884469065549,0.6
credit_g,hgb,treeshap,spur,permuted,0,2,0.3333333333333333,0.2,0.13965573974626505,0.05145507425873846,1.0
credit_g,hgb,treeshap,spur,permuted,0,3,0.3333333333333333,0.6,0.25098575309568105,0.06247237026803293,0.8
credit_g,hgb,treeshap,spur,permuted,0,4,0.3333333333333333,0.4,0.3046443811209224,0.13589377847218276,0.8
credit_g,hgb,treeshap,spur,permuted,1,2,0.3333333333333333,0.2,-0.17560983967156762,0.051842174367632596,1.0
credit_g,hgb,treeshap,spur,permuted,1,3,0.0,0.2,-0.3691150066820567,0.007119841888252894,0.4
credit_g,hgb,treeshap,spur,permuted,1,4,0.0,0.2,-0.08390247895419341,0.030413472403173457,0.8
credit_g,hgb,treeshap,spur,permuted,2,3,0.0,0.0,-0.07388177820394043,0.03244779840425094,0.6
credit_g,hgb,treeshap,spur,permuted,2,4,0.0,0.0,-0.2975958414554906,0.018506418634452244,0.6
credit_g,hgb,treeshap,spur,permuted,3,4,0.6666666666666666,0.6,0.2804892287565526,0.14689956895320794,1.0
credit_g,hgb,treeshap,spur,constant,0,1,1.0,1.0,0.0,1.0,1.0
credit_g,hgb,treeshap,spur,constant,0,2,1.0,1.0,0.0,1.0,1.0
credit_g,hgb,treeshap,spur,constant,0,3,1.0,1.0,0.0,1.0,1.0
credit_g,hgb,treeshap,spur,constant,0,4,1.0,1.0,0.0,1.0,1.0
credit_g,hgb,treeshap,spur,constant,1,2,1.0,1.0,0.0,1.0,1.0
credit_g,hgb,treeshap,spur,constant,1,3,1.0,1.0,0.0,1.0,1.0
credit_g,hgb,treeshap,spur,constant,1,4,1.0,1.0,0.0,1.0,1.0
credit_g,hgb,treeshap,spur,constant,2,3,1.0,1.0,0.0,1.0,1.0
credit_g,hgb,treeshap,spur,constant,2,4,1.0,1.0,0.0,1.0,1.0
credit_g,hgb,treeshap,spur,constant,3,4,1.0,1.0,0.0,1.0,1.0
credit_g,hgb,treeshap,spur,oracle,0,1,1.0,1.0,1.0,1.0,1.0
credit_g,hgb,treeshap,spur,oracle,0,2,1.0,1.0,1.0,1.0,1.0
credit_g,hgb,treeshap,spur,oracle,0,3,1.0,1.0,1.0,1.0,1.0
credit_g,hgb,treeshap,spur,oracle,0,4,1.0,1.0,1.0,1.0,1.0
credit_g,hgb,treeshap,spur,oracle,1,2,1.0,1.0,1.0,1.0,1.0
credit_g,hgb,treeshap,spur,oracle,1,3,1.0,1.0,1.0,1.0,1.0
credit_g,hgb,treeshap,spur,oracle,1,4,1.0,1.0,1.0,1.0,1.0
credit_g,hgb,treeshap,spur,oracle,2,3,1.0,1.0,1.0,1.0,1.0
credit_g,hgb,treeshap,spur,oracle,2,4,1.0,1.0,1.0,1.0,1.0
credit_g,hgb,treeshap,spur,oracle,3,4,1.0,1.0,1.0,1.0,1.0
credit_g,hgb,lime,clean,real,0,1,0.6666666666666666,0.6,0.8601503759398496,0.9706255149242917,1.0
credit_g,hgb,lime,clean,real,0,2,0.6666666666666666,0.8,0.9067669172932331,0.9667093393537639,1.0
credit_g,hgb,lime,clean,real,0,3,0.6666666666666666,0.8,0.837593984962406,0.9428065099797119,1.0
credit_g,hgb,lime,clean,real,0,4,0.3333333333333333,0.8,0.8842105263157894,0.9392678389319811,1.0
credit_g,hgb,lime,clean,real,1,2,0.6666666666666666,0.8,0.9082706766917292,0.9779812925374417,1.0
credit_g,hgb,lime,clean,real,1,3,0.6666666666666666,0.8,0.8947368421052632,0.9590925866151491,1.0
credit_g,hgb,lime,clean,real,1,4,0.6666666666666666,0.8,0.900751879699248,0.9482135702035867,1.0
credit_g,hgb,lime,clean,real,2,3,1.0,1.0,0.9022556390977443,0.9741672637768636,1.0
credit_g,hgb,lime,clean,real,2,4,0.6666666666666666,0.8,0.8796992481203006,0.9631626273801507,1.0
credit_g,hgb,lime,clean,real,3,4,0.6666666666666666,0.8,0.806015037593985,0.966338888963727,1.0
credit_g,hgb,lime,clean,random,0,1,0.3333333333333333,0.2,0.04661654135338346,0.7189628402099766,1.0
credit_g,hgb,lime,clean,random,0,2,0.0,0.6,0.16992481203007515,0.829030795480196,1.0
credit_g,hgb,lime,clean,random,0,3,0.3333333333333333,0.6,0.31879699248120297,0.8306941856359991,1.0
credit_g,hgb,lime,clean,random,0,4,0.3333333333333333,0.4,0.18796992481203004,0.8119808799924034,1.0
credit_g,hgb,lime,clean,random,1,2,0.0,0.0,-0.3278195488721804,0.7376209455223239,1.0
credit_g,hgb,lime,clean,random,1,3,0.0,0.2,0.1609022556390977,0.8148348159402438,1.0
credit_g,hgb,lime,clean,random,1,4,0.0,0.0,0.021052631578947364,0.7711948279734195,1.0
credit_g,hgb,lime,clean,random,2,3,0.6666666666666666,0.6,-0.10375939849624059,0.8009048209122938,1.0
credit_g,hgb,lime,clean,random,2,4,0.3333333333333333,0.4,-0.2646616541353383,0.7991118316867494,1.0
credit_g,hgb,lime,clean,random,3,4,0.6666666666666666,0.4,0.31879699248120297,0.8659868274349763,1.0
credit_g,hgb,lime,clean,permuted,0,1,0.0,0.2,-0.29172932330827067,0.3917877330868461,1.0
credit_g,hgb,lime,clean,permuted,0,2,0.0,0.0,-0.3398496240601503,0.36807921429770474,1.0
credit_g,hgb,lime,clean,permuted,0,3,0.3333333333333333,0.4,0.1639097744360902,0.8194540105802263,1.0
credit_g,hgb,lime,clean,permuted,0,4,0.3333333333333333,0.4,0.29323308270676685,0.6836040731463624,1.0
credit_g,hgb,lime,clean,permuted,1,2,0.3333333333333333,0.2,0.012030075187969924,0.7798214753121638,1.0
credit_g,hgb,lime,clean,permuted,1,3,0.3333333333333333,0.2,-0.030075187969924807,0.5654873290019135,1.0
credit_g,hgb,lime,clean,permuted,1,4,0.0,0.2,-0.34586466165413526,0.5661412243654809,1.0
credit_g,hgb,lime,clean,permuted,2,3,0.0,0.2,-0.26917293233082706,0.4980258401250792,1.0
credit_g,hgb,lime,clean,permuted,2,4,0.0,0.4,0.17744360902255638,0.6621028330990671,1.0
credit_g,hgb,lime,clean,permuted,3,4,0.0,0.2,0.3142857142857143,0.713328284191582,1.0
credit_g,hgb,lime,clean,constant,0,1,1.0,1.0,0.0,0.9999999999999998,1.0
credit_g,hgb,lime,clean,constant,0,2,1.0,1.0,0.0,0.9999999999999998,1.0
credit_g,hgb,lime,clean,constant,0,3,1.0,1.0,0.0,0.9999999999999998,1.0
credit_g,hgb,lime,clean,constant,0,4,1.0,1.0,0.0,0.9999999999999998,1.0
credit_g,hgb,lime,clean,constant,1,2,1.0,1.0,0.0,0.9999999999999998,1.0
credit_g,hgb,lime,clean,constant,1,3,1.0,1.0,0.0,0.9999999999999998,1.0
credit_g,hgb,lime,clean,constant,1,4,1.0,1.0,0.0,0.9999999999999998,1.0
credit_g,hgb,lime,clean,constant,2,3,1.0,1.0,0.0,0.9999999999999998,1.0
credit_g,hgb,lime,clean,constant,2,4,1.0,1.0,0.0,0.9999999999999998,1.0
credit_g,hgb,lime,clean,constant,3,4,1.0,1.0,0.0,0.9999999999999998,1.0
credit_g,hgb,lime,clean,oracle,0,1,1.0,1.0,1.0,0.9999999999999998,1.0
credit_g,hgb,lime,clean,oracle,0,2,1.0,1.0,1.0,0.9999999999999998,1.0
credit_g,hgb,lime,clean,oracle,0,3,1.0,1.0,1.0,0.9999999999999998,1.0
credit_g,hgb,lime,clean,oracle,0,4,1.0,1.0,1.0,0.9999999999999998,1.0
credit_g,hgb,lime,clean,oracle,1,2,1.0,1.0,1.0,0.9999999999999998,1.0
credit_g,hgb,lime,clean,oracle,1,3,1.0,1.0,1.0,0.9999999999999998,1.0
credit_g,hgb,lime,clean,oracle,1,4,1.0,1.0,1.0,0.9999999999999998,1.0
credit_g,hgb,lime,clean,oracle,2,3,1.0,1.0,1.0,0.9999999999999998,1.0
credit_g,hgb,lime,clean,oracle,2,4,1.0,1.0,1.0,0.9999999999999998,1.0
credit_g,hgb,lime,clean,oracle,3,4,1.0,1.0,1.0,0.9999999999999998,1.0
credit_g,hgb,lime,spur,real,0,1,0.6666666666666666,0.6,0.8363636363636363,0.986104128649609,1.0
credit_g,hgb,lime,spur,real,0,2,1.0,0.6,0.9064935064935065,0.9939618906730164,1.0
credit_g,hgb,lime,spur,real,0,3,0.6666666666666666,0.8,0.9324675324675323,0.9931694267952852,1.0
credit_g,hgb,lime,spur,real,0,4,0.6666666666666666,0.8,0.9116883116883117,0.9943265508080614,1.0
credit_g,hgb,lime,spur,real,1,2,0.6666666666666666,0.6,0.8311688311688311,0.984732673274802,1.0
credit_g,hgb,lime,spur,real,1,3,0.6666666666666666,0.6,0.9064935064935065,0.9711076704710262,1.0
credit_g,hgb,lime,spur,real,1,4,0.6666666666666666,0.8,0.8805194805194804,0.9911833267659216,1.0
credit_g,hgb,lime,spur,real,2,3,0.6666666666666666,0.6,0.9051948051948051,0.9899239545280242,1.0
credit_g,hgb,lime,spur,real,2,4,0.6666666666666666,0.6,0.8363636363636363,0.9940554732310974,1.0
credit_g,hgb,lime,spur,real,3,4,0.6666666666666666,0.8,0.9480519480519479,0.9887756556717388,1.0
credit_g,hgb,lime,spur,random,0,1,0.0,0.2,-0.12727272727272726,0.7126224088521981,1.0
credit_g,hgb,lime,spur,random,0,2,0.0,0.2,-0.2324675324675325,0.7074393928401368,1.0
credit_g,hgb,lime,spur,random,0,3,0.0,0.2,-0.14545454545454545,0.7039215789776775,1.0
credit_g,hgb,lime,spur,random,0,4,0.0,0.2,0.1155844155844156,0.7623086487820054,1.0
credit_g,hgb,lime,spur,random,1,2,0.3333333333333333,0.6,0.2909090909090909,0.807482549485455,1.0
credit_g,hgb,lime,spur,random,1,3,0.0,0.2,0.06623376623376624,0.6983765901690577,1.0
credit_g,hgb,lime,spur,random,1,4,0.3333333333333333,0.2,0.11038961038961038,0.7139251652713141,1.0
credit_g,hgb,lime,spur,random,2,3,0.0,0.2,0.174025974025974,0.7498954178324585,1.0
credit_g,hgb,lime,spur,random,2,4,0.0,0.2,-0.0012987012987012987,0.700733140637381,1.0
credit_g,hgb,lime,spur,random,3,4,0.0,0.2,0.1883116883116883,0.7066306878843274,1.0
credit_g,hgb,lime,spur,permuted,0,1,0.3333333333333333,0.4,0.05714285714285714,0.42971018971430996,1.0
credit_g,hgb,lime,spur,permuted,0,2,0.0,0.2,-0.2194805194805195,0.31797417017014795,1.0
credit_g,hgb,lime,spur,permuted,0,3,0.0,0.0,-0.11428571428571428,0.4189478934480875,1.0
credit_g,hgb,lime,spur,permuted,0,4,0.0,0.2,-0.33246753246753247,0.3270225444866603,1.0
credit_g,hgb,lime,spur,permuted,1,2,0.0,0.0,-0.18181818181818182,0.31486364138199585,1.0
credit_g,hgb,lime,spur,permuted,1,3,0.3333333333333333,0.2,0.10909090909090909,0.39315423939931865,1.0
credit_g,hgb,lime,spur,permuted,1,4,0.0,0.2,0.015584415584415586,0.31850433367446146,1.0
credit_g,hgb,lime,spur,permuted,2,3,0.0,0.2,0.03766233766233767,0.32225601567086865,1.0
credit_g,hgb,lime,spur,permuted,2,4,0.3333333333333333,0.2,-0.12987012987012986,0.3050913361142919,1.0
credit_g,hgb,lime,spur,permuted,3,4,0.0,0.2,-0.087012987012987,0.3273192209880853,1.0
credit_g,hgb,lime,spur,constant,0,1,1.0,1.0,0.0,1.0,1.0
credit_g,hgb,lime,spur,constant,0,2,1.0,1.0,0.0,1.0,1.0
credit_g,hgb,lime,spur,constant,0,3,1.0,1.0,0.0,1.0,1.0
credit_g,hgb,lime,spur,constant,0,4,1.0,1.0,0.0,1.0,1.0
credit_g,hgb,lime,spur,constant,1,2,1.0,1.0,0.0,1.0,1.0
credit_g,hgb,lime,spur,constant,1,3,1.0,1.0,0.0,1.0,1.0
credit_g,hgb,lime,spur,constant,1,4,1.0,1.0,0.0,1.0,1.0
credit_g,hgb,lime,spur,constant,2,3,1.0,1.0,0.0,1.0,1.0
credit_g,hgb,lime,spur,constant,2,4,1.0,1.0,0.0,1.0,1.0
credit_g,hgb,lime,spur,constant,3,4,1.0,1.0,0.0,1.0,1.0
credit_g,hgb,lime,spur,oracle,0,1,1.0,1.0,1.0,1.0,1.0
credit_g,hgb,lime,spur,oracle,0,2,1.0,1.0,1.0,1.0,1.0
credit_g,hgb,lime,spur,oracle,0,3,1.0,1.0,1.0,1.0,1.0
credit_g,hgb,lime,spur,oracle,0,4,1.0,1.0,1.0,1.0,1.0
credit_g,hgb,lime,spur,oracle,1,2,1.0,1.0,1.0,1.0,1.0
credit_g,hgb,lime,spur,oracle,1,3,1.0,1.0,1.0,1.0,1.0
credit_g,hgb,lime,spur,oracle,1,4,1.0,1.0,1.0,1.0,1.0
credit_g,hgb,lime,spur,oracle,2,3,1.0,1.0,1.0,1.0,1.0
credit_g,hgb,lime,spur,oracle,2,4,1.0,1.0,1.0,1.0,1.0
credit_g,hgb,lime,spur,oracle,3,4,1.0,1.0,1.0,1.0,1.0
credit_g,mlp,ig,clean,real,0,1,0.6666666666666666,0.8,0.7684210526315788,0.9701983018551749,1.0
credit_g,mlp,ig,clean,real,0,2,0.6666666666666666,0.8,0.8075187969924811,0.9789928371598468,1.0
credit_g,mlp,ig,clean,real,0,3,0.6666666666666666,0.6,0.6090225563909774,0.9634023749462673,1.0
credit_g,mlp,ig,clean,real,0,4,0.3333333333333333,0.8,0.6766917293233082,0.9585827101339969,1.0
credit_g,mlp,ig,clean,real,1,2,0.6666666666666666,0.8,0.8511278195488721,0.9804985277624981,1.0
credit_g,mlp,ig,clean,real,1,3,1.0,0.6,0.7849624060150376,0.9733453102501942,1.0
credit_g,mlp,ig,clean,real,1,4,0.6666666666666666,0.8,0.669172932330827,0.954343950098251,1.0
credit_g,mlp,ig,clean,real,2,3,0.6666666666666666,0.8,0.6601503759398496,0.9664812101003725,1.0
credit_g,mlp,ig,clean,real,2,4,0.3333333333333333,1.0,0.7353383458646616,0.9732065478576231,1.0
credit_g,mlp,ig,clean,real,3,4,0.6666666666666666,0.8,0.5067669172932331,0.9498691206766966,1.0
credit_g,mlp,ig,clean,random,0,1,0.3333333333333333,0.2,0.3759398496240601,0.8770834026270291,1.0
credit_g,mlp,ig,clean,random,0,2,0.0,0.0,-0.13684210526315788,0.7658632051808214,1.0
credit_g,mlp,ig,clean,random,0,3,0.0,0.0,-0.1263157894736842,0.7751418024218042,1.0
credit_g,mlp,ig,clean,random,0,4,0.3333333333333333,0.4,0.3413533834586466,0.8771301681303978,1.0
credit_g,mlp,ig,clean,random,1,2,0.0,0.6,0.2857142857142857,0.8155855651457002,1.0
credit_g,mlp,ig,clean,random,1,3,0.0,0.4,0.4360902255639097,0.8590272559749658,1.0
credit_g,mlp,ig,clean,random,1,4,0.0,0.0,-0.060150375939849614,0.7366770369038768,1.0
credit_g,mlp,ig,clean,random,2,3,0.3333333333333333,0.4,0.2857142857142857,0.7990066557005921,1.0
credit_g,mlp,ig,clean,random,2,4,0.0,0.0,-0.2270676691729323,0.6502507643113073,1.0
credit_g,mlp,ig,clean,random,3,4,0.0,0.2,-0.29172932330827067,0.6660604397296523,1.0
credit_g,mlp,ig,clean,permuted,0,1,0.0,0.2,-0.193984962406015,0.5888324410620849,1.0
credit_g,mlp,ig,clean,permuted,0,2,0.0,0.0,0.013533834586466165,0.6460084280362639,1.0
credit_g,mlp,ig,clean,permuted,0,3,0.3333333333333333,0.4,0.20150375939849624,0.6682976904170606,1.0
credit_g,mlp,ig,clean,permuted,0,4,0.0,0.0,-0.1744360902255639,0.667842683996984,1.0
credit_g,mlp,ig,clean,permuted,1,2,0.3333333333333333,0.2,0.0631578947368421,0.6356144264231954,1.0
credit_g,mlp,ig,clean,permuted,1,3,0.3333333333333333,0.4,-0.007518796992481202,0.8710710733765136,1.0
credit_g,mlp,ig,clean,permuted,1,4,0.0,0.0,-0.15789473684210525,0.6307932188650316,1.0
credit_g,mlp,ig,clean,permuted,2,3,0.0,0.0,-0.22857142857142856,0.5837987803794308,1.0
credit_g,mlp,ig,clean,permuted,2,4,0.3333333333333333,0.2,0.06466165413533834,0.6933031430839335,1.0
credit_g,mlp,ig,clean,permuted,3,4,0.0,0.0,0.016541353383458645,0.6619852253369389,1.0
credit_g,mlp,ig,clean,constant,0,1,1.0,1.0,0.0,0.9999999999999998,1.0
credit_g,mlp,ig,clean,constant,0,2,1.0,1.0,0.0,0.9999999999999998,1.0
credit_g,mlp,ig,clean,constant,0,3,1.0,1.0,0.0,0.9999999999999998,1.0
credit_g,mlp,ig,clean,constant,0,4,1.0,1.0,0.0,0.9999999999999998,1.0
credit_g,mlp,ig,clean,constant,1,2,1.0,1.0,0.0,0.9999999999999998,1.0
credit_g,mlp,ig,clean,constant,1,3,1.0,1.0,0.0,0.9999999999999998,1.0
credit_g,mlp,ig,clean,constant,1,4,1.0,1.0,0.0,0.9999999999999998,1.0
credit_g,mlp,ig,clean,constant,2,3,1.0,1.0,0.0,0.9999999999999998,1.0
credit_g,mlp,ig,clean,constant,2,4,1.0,1.0,0.0,0.9999999999999998,1.0
credit_g,mlp,ig,clean,constant,3,4,1.0,1.0,0.0,0.9999999999999998,1.0
credit_g,mlp,ig,clean,oracle,0,1,1.0,1.0,1.0,0.9999999999999998,1.0
credit_g,mlp,ig,clean,oracle,0,2,1.0,1.0,1.0,0.9999999999999998,1.0
credit_g,mlp,ig,clean,oracle,0,3,1.0,1.0,1.0,0.9999999999999998,1.0
credit_g,mlp,ig,clean,oracle,0,4,1.0,1.0,1.0,0.9999999999999998,1.0
credit_g,mlp,ig,clean,oracle,1,2,1.0,1.0,1.0,0.9999999999999998,1.0
credit_g,mlp,ig,clean,oracle,1,3,1.0,1.0,1.0,0.9999999999999998,1.0
credit_g,mlp,ig,clean,oracle,1,4,1.0,1.0,1.0,0.9999999999999998,1.0
credit_g,mlp,ig,clean,oracle,2,3,1.0,1.0,1.0,0.9999999999999998,1.0
credit_g,mlp,ig,clean,oracle,2,4,1.0,1.0,1.0,0.9999999999999998,1.0
credit_g,mlp,ig,clean,oracle,3,4,1.0,1.0,1.0,0.9999999999999998,1.0
credit_g,mlp,ig,spur,real,0,1,0.6666666666666666,0.6,0.6415584415584416,0.9848523027413406,1.0
credit_g,mlp,ig,spur,real,0,2,0.6666666666666666,0.6,0.5792207792207792,0.9777694922859709,1.0
credit_g,mlp,ig,spur,real,0,3,1.0,0.8,0.8766233766233766,0.9938252776911491,1.0
credit_g,mlp,ig,spur,real,0,4,0.6666666666666666,0.8,0.7298701298701298,0.9855872653129043,1.0
credit_g,mlp,ig,spur,real,1,2,1.0,0.6,0.696103896103896,0.9869154055559626,1.0
credit_g,mlp,ig,spur,real,1,3,0.6666666666666666,0.6,0.7298701298701298,0.9802675317705367,1.0
credit_g,mlp,ig,spur,real,1,4,1.0,0.6,0.6051948051948052,0.9877461958471264,1.0
credit_g,mlp,ig,spur,real,2,3,0.6666666666666666,0.6,0.5922077922077922,0.9704828969561745,1.0
credit_g,mlp,ig,spur,real,2,4,1.0,0.6,0.7181818181818181,0.9804103932442964,1.0
credit_g,mlp,ig,spur,real,3,4,0.6666666666666666,0.6,0.612987012987013,0.9788222568691219,1.0
credit_g,mlp,ig,spur,random,0,1,0.3333333333333333,0.6,-0.07402597402597402,0.7280190085994781,1.0
credit_g,mlp,ig,spur,random,0,2,0.0,0.0,-0.11948051948051949,0.7658037622651017,1.0
credit_g,mlp,ig,spur,random,0,3,0.0,0.0,-0.44675324675324674,0.6348276609817324,1.0
credit_g,mlp,ig,spur,random,0,4,0.3333333333333333,0.2,0.16103896103896104,0.7684193939616024,1.0
credit_g,mlp,ig,spur,random,1,2,0.3333333333333333,0.2,0.04025974025974026,0.8004209876300573,1.0
credit_g,mlp,ig,spur,random,1,3,0.3333333333333333,0.4,0.28831168831168835,0.8266064899490044,1.0
credit_g,mlp,ig,spur,random,1,4,0.0,0.0,-0.3168831168831169,0.6225253757606908,1.0
credit_g,mlp,ig,spur,random,2,3,0.3333333333333333,0.6,0.42727272727272725,0.8680722554405326,1.0
credit_g,mlp,ig,spur,random,2,4,0.0,0.0,0.18311688311688312,0.8171982386770336,1.0
credit_g,mlp,ig,spur,random,3,4,0.3333333333333333,0.2,0.06493506493506493,0.6972503725537633,1.0
credit_g,mlp,ig,spur,permuted,0,1,0.0,0.2,0.06363636363636363,0.2980159733351702,1.0
credit_g,mlp,ig,spur,permuted,0,2,0.0,0.2,-0.15194805194805194,0.2755875076509564,1.0
credit_g,mlp,ig,spur,permuted,0,3,0.0,0.0,-0.10259740259740259,0.2339859936423064,1.0
credit_g,mlp,ig,spur,permuted,0,4,0.0,0.0,-0.3207792207792208,0.1946597359391167,1.0
credit_g,mlp,ig,spur,permuted,1,2,0.0,0.4,0.16883116883116883,0.30768112232583056,1.0
credit_g,mlp,ig,spur,permuted,1,3,0.0,0.2,0.22857142857142856,0.33635188475357614,1.0
credit_g,mlp,ig,spur,permuted,1,4,0.3333333333333333,0.4,0.03766233766233767,0.2566918137419281,1.0
credit_g,mlp,ig,spur,permuted,2,3,0.0,0.0,0.023376623376623374,0.19724306241365355,1.0
credit_g,mlp,ig,spur,permuted,2,4,0.0,0.0,-0.509090909090909,0.15876846765520658,1.0
credit_g,mlp,ig,spur,permuted,3,4,0.0,0.4,-0.014285714285714285,0.21733834364578072,1.0
credit_g,mlp,ig,spur,constant,0,1,1.0,1.0,0.0,1.0,1.0
credit_g,mlp,ig,spur,constant,0,2,1.0,1.0,0.0,1.0,1.0
credit_g,mlp,ig,spur,constant,0,3,1.0,1.0,0.0,1.0,1.0
credit_g,mlp,ig,spur,constant,0,4,1.0,1.0,0.0,1.0,1.0
credit_g,mlp,ig,spur,constant,1,2,1.0,1.0,0.0,1.0,1.0
credit_g,mlp,ig,spur,constant,1,3,1.0,1.0,0.0,1.0,1.0
credit_g,mlp,ig,spur,constant,1,4,1.0,1.0,0.0,1.0,1.0
credit_g,mlp,ig,spur,constant,2,3,1.0,1.0,0.0,1.0,1.0
credit_g,mlp,ig,spur,constant,2,4,1.0,1.0,0.0,1.0,1.0
credit_g,mlp,ig,spur,constant,3,4,1.0,1.0,0.0,1.0,1.0
credit_g,mlp,ig,spur,oracle,0,1,1.0,1.0,1.0,1.0,1.0
credit_g,mlp,ig,spur,oracle,0,2,1.0,1.0,1.0,1.0,1.0
credit_g,mlp,ig,spur,oracle,0,3,1.0,1.0,1.0,1.0,1.0
credit_g,mlp,ig,spur,oracle,0,4,1.0,1.0,1.0,1.0,1.0
credit_g,mlp,ig,spur,oracle,1,2,1.0,1.0,1.0,1.0,1.0
credit_g,mlp,ig,spur,oracle,1,3,1.0,1.0,1.0,1.0,1.0
credit_g,mlp,ig,spur,oracle,1,4,1.0,1.0,1.0,1.0,1.0
credit_g,mlp,ig,spur,oracle,2,3,1.0,1.0,1.0,1.0,1.0
credit_g,mlp,ig,spur,oracle,2,4,1.0,1.0,1.0,1.0,1.0
credit_g,mlp,ig,spur,oracle,3,4,1.0,1.0,1.0,1.0,1.0
credit_g,mlp,lime,clean,real,0,1,1.0,0.8,0.831578947368421,0.9705073885555068,1.0
credit_g,mlp,lime,clean,real,0,2,1.0,0.8,0.8075187969924811,0.9805782283025761,1.0
credit_g,mlp,lime,clean,real,0,3,0.3333333333333333,0.6,0.7684210526315788,0.9458028626338604,1.0
credit_g,mlp,lime,clean,real,0,4,1.0,0.6,0.6902255639097743,0.9532459001025935,1.0
credit_g,mlp,lime,clean,real,1,2,1.0,0.8,0.8586466165413533,0.9762720990571666,1.0
credit_g,mlp,lime,clean,real,1,3,0.3333333333333333,0.8,0.837593984962406,0.9557882509515292,1.0
credit_g,mlp,lime,clean,real,1,4,1.0,0.6,0.6390977443609022,0.930571759866959,1.0
credit_g,mlp,lime,clean,real,2,3,0.3333333333333333,0.8,0.8120300751879698,0.9541637060343273,1.0
credit_g,mlp,lime,clean,real,2,4,1.0,0.8,0.706766917293233,0.9502901466647764,1.0
credit_g,mlp,lime,clean,real,3,4,0.3333333333333333,0.6,0.7458646616541353,0.9641817374392546,1.0
credit_g,mlp,lime,clean,random,0,1,0.3333333333333333,0.2,-0.31729323308270674,0.7426913594864685,1.0
credit_g,mlp,lime,clean,random,0,2,0.0,0.2,-0.04661654135338346,0.7989844069119354,1.0
credit_g,mlp,lime,clean,random,0,3,0.0,0.0,-0.39999999999999997,0.7962634426473442,1.0
credit_g,mlp,lime,clean,random,0,4,0.3333333333333333,0.4,-0.12030075187969923,0.7951357679559046,1.0
credit_g,mlp,lime,clean,random,1,2,0.0,0.2,-0.0706766917293233,0.769256115510841,1.0
credit_g,mlp,lime,clean,random,1,3,0.0,0.2,-0.02706766917293233,0.8150681915741786,1.0
credit_g,mlp,lime,clean,random,1,4,0.0,0.0,-0.06165413533834586,0.7633244244678953,1.0
credit_g,mlp,lime,clean,random,2,3,0.0,0.2,-0.19097744360902258,0.7750745677458635,1.0
credit_g,mlp,lime,clean,random,2,4,0.6666666666666666,0.4,0.5203007518796992,0.9045716361329452,1.0
credit_g,mlp,lime,clean,random,3,4,0.0,0.2,-0.024060150375939848,0.807747503784634,1.0
credit_g,mlp,lime,clean,permuted,0,1,0.0,0.2,0.3278195488721804,0.7235408686688363,1.0
credit_g,mlp,lime,clean,permuted,0,2,0.0,0.0,-0.1413533834586466,0.5990000341378305,1.0
credit_g,mlp,lime,clean,permuted,0,3,0.0,0.2,-0.27669172932330827,0.5865177527247984,1.0
credit_g,mlp,lime,clean,permuted,0,4,0.0,0.0,-0.34736842105263155,0.6406049889368718,1.0
credit_g,mlp,lime,clean,permuted,1,2,0.0,0.2,-0.04661654135338346,0.5880306671872293,1.0
credit_g,mlp,lime,clean,permuted,1,3,0.0,0.0,-0.17593984962406017,0.5811489939941991,1.0
credit_g,mlp,lime,clean,permuted,1,4,0.3333333333333333,0.2,-0.09624060150375939,0.6791481707513384,1.0
credit_g,mlp,lime,clean,permuted,2,3,0.6666666666666666,0.4,-0.18796992481203004,0.7094683739377532,1.0
credit_g,mlp,lime,clean,permuted,2,4,0.3333333333333333,0.4,0.19849624060150375,0.8552612098235182,1.0
credit_g,mlp,lime,clean,permuted,3,4,0.0,0.4,0.0631578947368421,0.6941289154608826,1.0
credit_g,mlp,lime,clean,constant,0,1,1.0,1.0,0.0,0.9999999999999998,1.0
credit_g,mlp,lime,clean,constant,0,2,1.0,1.0,0.0,0.9999999999999998,1.0
credit_g,mlp,lime,clean,constant,0,3,1.0,1.0,0.0,0.9999999999999998,1.0
credit_g,mlp,lime,clean,constant,0,4,1.0,1.0,0.0,0.9999999999999998,1.0
credit_g,mlp,lime,clean,constant,1,2,1.0,1.0,0.0,0.9999999999999998,1.0
credit_g,mlp,lime,clean,constant,1,3,1.0,1.0,0.0,0.9999999999999998,1.0
credit_g,mlp,lime,clean,constant,1,4,1.0,1.0,0.0,0.9999999999999998,1.0
credit_g,mlp,lime,clean,constant,2,3,1.0,1.0,0.0,0.9999999999999998,1.0
credit_g,mlp,lime,clean,constant,2,4,1.0,1.0,0.0,0.9999999999999998,1.0
credit_g,mlp,lime,clean,constant,3,4,1.0,1.0,0.0,0.9999999999999998,1.0
credit_g,mlp,lime,clean,oracle,0,1,1.0,1.0,1.0,0.9999999999999998,1.0
credit_g,mlp,lime,clean,oracle,0,2,1.0,1.0,1.0,0.9999999999999998,1.0
credit_g,mlp,lime,clean,oracle,0,3,1.0,1.0,1.0,0.9999999999999998,1.0
credit_g,mlp,lime,clean,oracle,0,4,1.0,1.0,1.0,0.9999999999999998,1.0
credit_g,mlp,lime,clean,oracle,1,2,1.0,1.0,1.0,0.9999999999999998,1.0
credit_g,mlp,lime,clean,oracle,1,3,1.0,1.0,1.0,0.9999999999999998,1.0
credit_g,mlp,lime,clean,oracle,1,4,1.0,1.0,1.0,0.9999999999999998,1.0
credit_g,mlp,lime,clean,oracle,2,3,1.0,1.0,1.0,0.9999999999999998,1.0
credit_g,mlp,lime,clean,oracle,2,4,1.0,1.0,1.0,0.9999999999999998,1.0
credit_g,mlp,lime,clean,oracle,3,4,1.0,1.0,1.0,0.9999999999999998,1.0
credit_g,mlp,lime,spur,real,0,1,0.6666666666666666,0.8,0.8662337662337661,0.9726371479552284,1.0
credit_g,mlp,lime,spur,real,0,2,0.6666666666666666,0.6,0.9116883116883117,0.9837340388454355,1.0
credit_g,mlp,lime,spur,real,0,3,0.6666666666666666,0.8,0.8792207792207792,0.9721311226565902,1.0
credit_g,mlp,lime,spur,real,0,4,0.6666666666666666,1.0,0.9077922077922078,0.9859298433868126,1.0
credit_g,mlp,lime,spur,real,1,2,1.0,0.6,0.8688311688311688,0.9884864219112668,1.0
credit_g,mlp,lime,spur,real,1,3,0.6666666666666666,0.8,0.8493506493506494,0.9755893704740085,1.0
credit_g,mlp,lime,spur,real,1,4,1.0,0.8,0.8363636363636363,0.988597769391062,1.0
credit_g,mlp,lime,spur,real,2,3,0.6666666666666666,0.6,0.8701298701298701,0.9677162879841215,1.0
credit_g,mlp,lime,spur,real,2,4,1.0,0.6,0.8896103896103895,0.9910458271683638,1.0
credit_g,mlp,lime,spur,real,3,4,0.6666666666666666,0.8,0.8,0.962076643316805,1.0
credit_g,mlp,lime,spur,random,0,1,0.0,0.2,-0.07792207792207792,0.7958974827884623,1.0
credit_g,mlp,lime,spur,random,0,2,0.0,0.4,0.2831168831168831,0.8396478357379641,1.0
credit_g,mlp,lime,spur,random,0,3,0.0,0.2,-0.09090909090909091,0.6899127577755798,1.0
credit_g,mlp,lime,spur,random,0,4,0.3333333333333333,0.2,-0.012987012987012986,0.720713211945776,1.0
credit_g,mlp,lime,spur,random,1,2,0.0,0.2,0.12987012987012986,0.831860794892802,1.0
credit_g,mlp,lime,spur,random,1,3,0.0,0.2,-0.2571428571428571,0.6824273008911476,1.0
credit_g,mlp,lime,spur,random,1,4,0.0,0.0,-0.464935064935065,0.668847053596158,1.0
credit_g,mlp,lime,spur,random,2,3,0.3333333333333333,0.4,-0.087012987012987,0.6574539944250265,1.0
credit_g,mlp,lime,spur,random,2,4,0.0,0.2,0.16103896103896104,0.7452006277742942,1.0
credit_g,mlp,lime,spur,random,3,4,0.0,0.4,0.04675324675324675,0.7204403425274546,1.0
credit_g,mlp,lime,spur,permuted,0,1,0.0,0.2,0.4636363636363636,0.5117333840611029,1.0
credit_g,mlp,lime,spur,permuted,0,2,0.0,0.0,-0.11948051948051949,0.5100903443092641,1.0
credit_g,mlp,lime,spur,permuted,0,3,0.3333333333333333,0.2,-0.12467532467532469,0.48722559777685975,1.0
credit_g,mlp,lime,spur,permuted,0,4,0.0,0.0,-0.44675324675324674,0.36525384134369926,1.0
credit_g,mlp,lime,spur,permuted,1,2,0.0,0.2,-0.21168831168831168,0.41652059930987406,1.0
credit_g,mlp,lime,spur,permuted,1,3,0.0,0.2,-0.07142857142857142,0.42990897283049234,1.0
credit_g,mlp,lime,spur,permuted,1,4,0.3333333333333333,0.2,-0.26493506493506497,0.4232900336723328,1.0
credit_g,mlp,lime,spur,permuted,2,3,0.3333333333333333,0.4,-0.12987012987012986,0.5900911257707769,1.0
credit_g,mlp,lime,spur,permuted,2,4,0.0,0.4,0.014285714285714285,0.4503986597861648,1.0
credit_g,mlp,lime,spur,permuted,3,4,0.3333333333333333,0.2,-0.07922077922077922,0.4491365070768409,1.0
credit_g,mlp,lime,spur,constant,0,1,1.0,1.0,0.0,1.0,1.0
credit_g,mlp,lime,spur,constant,0,2,1.0,1.0,0.0,1.0,1.0
credit_g,mlp,lime,spur,constant,0,3,1.0,1.0,0.0,1.0,1.0
credit_g,mlp,lime,spur,constant,0,4,1.0,1.0,0.0,1.0,1.0
credit_g,mlp,lime,spur,constant,1,2,1.0,1.0,0.0,1.0,1.0
credit_g,mlp,lime,spur,constant,1,3,1.0,1.0,0.0,1.0,1.0
credit_g,mlp,lime,spur,constant,1,4,1.0,1.0,0.0,1.0,1.0
credit_g,mlp,lime,spur,constant,2,3,1.0,1.0,0.0,1.0,1.0
credit_g,mlp,lime,spur,constant,2,4,1.0,1.0,0.0,1.0,1.0
credit_g,mlp,lime,spur,constant,3,4,1.0,1.0,0.0,1.0,1.0
credit_g,mlp,lime,spur,oracle,0,1,1.0,1.0,1.0,1.0,1.0
credit_g,mlp,lime,spur,oracle,0,2,1.0,1.0,1.0,1.0,1.0
credit_g,mlp,lime,spur,oracle,0,3,1.0,1.0,1.0,1.0,1.0
credit_g,mlp,lime,spur,oracle,0,4,1.0,1.0,1.0,1.0,1.0
credit_g,mlp,lime,spur,oracle,1,2,1.0,1.0,1.0,1.0,1.0
credit_g,mlp,lime,spur,oracle,1,3,1.0,1.0,1.0,1.0,1.0
credit_g,mlp,lime,spur,oracle,1,4,1.0,1.0,1.0,1.0,1.0
credit_g,mlp,lime,spur,oracle,2,3,1.0,1.0,1.0,1.0,1.0
credit_g,mlp,lime,spur,oracle,2,4,1.0,1.0,1.0,1.0,1.0
credit_g,mlp,lime,spur,oracle,3,4,1.0,1.0,1.0,1.0,1.0
credit_g,mlp,kshap,clean,real,0,1,0.6666666666666666,0.6,0.7518796992481201,0.934474201882897,1.0
credit_g,mlp,kshap,clean,real,0,2,0.3333333333333333,0.6,0.882706766917293,0.9601650963089163,1.0
credit_g,mlp,kshap,clean,real,0,3,0.3333333333333333,0.6,0.7413533834586465,0.9182138735874504,1.0
credit_g,mlp,kshap,clean,real,0,4,1.0,0.8,0.7353383458646616,0.9518847445023817,1.0
credit_g,mlp,kshap,clean,real,1,2,0.6666666666666666,0.8,0.8240601503759398,0.9718387006179978,1.0
credit_g,mlp,kshap,clean,real,1,3,0.6666666666666666,0.8,0.8120300751879698,0.9665397469678574,1.0
credit_g,mlp,kshap,clean,real,1,4,0.6666666666666666,0.6,0.6406015037593984,0.9233899535251798,1.0
credit_g,mlp,kshap,clean,real,2,3,0.6666666666666666,0.6,0.7563909774436091,0.9530688654385296,1.0
credit_g,mlp,kshap,clean,real,2,4,0.3333333333333333,0.8,0.793984962406015,0.9560391515169877,1.0
credit_g,mlp,kshap,clean,real,3,4,0.3333333333333333,0.6,0.7563909774436091,0.9339896394504594,1.0
credit_g,mlp,kshap,clean,random,0,1,0.3333333333333333,0.2,0.03458646616541353,0.818979531921197,1.0
credit_g,mlp,kshap,clean,random,0,2,0.0,0.2,-0.13233082706766916,0.8318456272460572,1.0
credit_g,mlp,kshap,clean,random,0,3,0.3333333333333333,0.2,-0.14285714285714285,0.7844368705227993,1.0
credit_g,mlp,kshap,clean,random,0,4,0.3333333333333333,0.2,0.06917293233082707,0.8275275758989664,1.0
credit_g,mlp,kshap,clean,random,1,2,0.3333333333333333,0.2,0.08872180451127819,0.8429991214428443,1.0
credit_g,mlp,kshap,clean,random,1,3,0.3333333333333333,0.4,-0.05413533834586466,0.8108907288576168,1.0
credit_g,mlp,kshap,clean,random,1,4,0.0,0.2,-0.31729323308270674,0.6985984640720041,1.0
credit_g,mlp,kshap,clean,random,2,3,0.0,0.2,-0.016541353383458645,0.8265449017310916,1.0
credit_g,mlp,kshap,clean,random,2,4,0.0,0.0,0.20601503759398496,0.847885155956097,1.0
credit_g,mlp,kshap,clean,random,3,4,0.0,0.4,0.024060150375939848,0.7602634967332126,1.0
credit_g,mlp,kshap,clean,permuted,0,1,0.3333333333333333,0.2,0.18646616541353384,0.48030878182319864,1.0
credit_g,mlp,kshap,clean,permuted,0,2,0.0,0.4,-0.006015037593984962,0.4848056260001769,1.0
credit_g,mlp,kshap,clean,permuted,0,3,0.0,0.0,-0.07669172932330826,0.34325415014205857,1.0
credit_g,mlp,kshap,clean,permuted,0,4,0.0,0.2,-0.07518796992481201,0.42099866692735377,1.0
credit_g,mlp,kshap,clean,permuted,1,2,0.0,0.0,-0.4330827067669173,0.3204694748866357,1.0
credit_g,mlp,kshap,clean,permuted,1,3,0.0,0.2,0.0015037593984962405,0.41021604694400626,1.0
credit_g,mlp,kshap,clean,permuted,1,4,0.0,0.4,0.47368421052631576,0.5911025316869295,1.0
credit_g,mlp,kshap,clean,permuted,2,3,0.0,0.4,-0.3278195488721804,0.3883628001615686,1.0
credit_g,mlp,kshap,clean,permuted,2,4,0.0,0.0,-0.2571428571428572,0.4442596373190948,1.0
credit_g,mlp,kshap,clean,permuted,3,4,0.3333333333333333,0.4,0.30225563909774433,0.5453099018801715,1.0
credit_g,mlp,kshap,clean,constant,0,1,1.0,1.0,0.0,0.9999999999999998,1.0
credit_g,mlp,kshap,clean,constant,0,2,1.0,1.0,0.0,0.9999999999999998,1.0
credit_g,mlp,kshap,clean,constant,0,3,1.0,1.0,0.0,0.9999999999999998,1.0
credit_g,mlp,kshap,clean,constant,0,4,1.0,1.0,0.0,0.9999999999999998,1.0
credit_g,mlp,kshap,clean,constant,1,2,1.0,1.0,0.0,0.9999999999999998,1.0
credit_g,mlp,kshap,clean,constant,1,3,1.0,1.0,0.0,0.9999999999999998,1.0
credit_g,mlp,kshap,clean,constant,1,4,1.0,1.0,0.0,0.9999999999999998,1.0
credit_g,mlp,kshap,clean,constant,2,3,1.0,1.0,0.0,0.9999999999999998,1.0
credit_g,mlp,kshap,clean,constant,2,4,1.0,1.0,0.0,0.9999999999999998,1.0
credit_g,mlp,kshap,clean,constant,3,4,1.0,1.0,0.0,0.9999999999999998,1.0
credit_g,mlp,kshap,clean,oracle,0,1,1.0,1.0,1.0,0.9999999999999998,1.0
credit_g,mlp,kshap,clean,oracle,0,2,1.0,1.0,1.0,0.9999999999999998,1.0
credit_g,mlp,kshap,clean,oracle,0,3,1.0,1.0,1.0,0.9999999999999998,1.0
credit_g,mlp,kshap,clean,oracle,0,4,1.0,1.0,1.0,0.9999999999999998,1.0
credit_g,mlp,kshap,clean,oracle,1,2,1.0,1.0,1.0,0.9999999999999998,1.0
credit_g,mlp,kshap,clean,oracle,1,3,1.0,1.0,1.0,0.9999999999999998,1.0
credit_g,mlp,kshap,clean,oracle,1,4,1.0,1.0,1.0,0.9999999999999998,1.0
credit_g,mlp,kshap,clean,oracle,2,3,1.0,1.0,1.0,0.9999999999999998,1.0
credit_g,mlp,kshap,clean,oracle,2,4,1.0,1.0,1.0,0.9999999999999998,1.0
credit_g,mlp,kshap,clean,oracle,3,4,1.0,1.0,1.0,0.9999999999999998,1.0
bank_marketing,logreg,linshap,clean,real,0,1,1.0,1.0,1.0,1.0,1.0
bank_marketing,logreg,linshap,clean,real,0,2,1.0,1.0,1.0,1.0,1.0
bank_marketing,logreg,linshap,clean,real,0,3,1.0,1.0,1.0,1.0,1.0
bank_marketing,logreg,linshap,clean,real,0,4,1.0,1.0,1.0,1.0,1.0
bank_marketing,logreg,linshap,clean,real,1,2,1.0,1.0,1.0,1.0,1.0
bank_marketing,logreg,linshap,clean,real,1,3,1.0,1.0,1.0,1.0,1.0
bank_marketing,logreg,linshap,clean,real,1,4,1.0,1.0,1.0,1.0,1.0
bank_marketing,logreg,linshap,clean,real,2,3,1.0,1.0,1.0,1.0,1.0
bank_marketing,logreg,linshap,clean,real,2,4,1.0,1.0,1.0,1.0,1.0
bank_marketing,logreg,linshap,clean,real,3,4,1.0,1.0,1.0,1.0,1.0
bank_marketing,logreg,linshap,clean,random,0,1,0.3333333333333333,0.4,-0.11176470588235293,0.7102623563247681,1.0
bank_marketing,logreg,linshap,clean,random,0,2,0.3333333333333333,0.4,-0.09705882352941177,0.7463799539679208,1.0
bank_marketing,logreg,linshap,clean,random,0,3,0.3333333333333333,0.4,-0.06470588235294117,0.6862368879424496,1.0
bank_marketing,logreg,linshap,clean,random,0,4,0.3333333333333333,0.6,0.18823529411764706,0.7905553390167546,1.0
bank_marketing,logreg,linshap,clean,random,1,2,0.0,0.4,0.17352941176470588,0.7573813053420194,1.0
bank_marketing,logreg,linshap,clean,random,1,3,0.0,0.2,0.047058823529411764,0.7026376320503744,1.0
bank_marketing,logreg,linshap,clean,random,1,4,0.3333333333333333,0.6,0.29705882352941176,0.8541817178444326,1.0
bank_marketing,logreg,linshap,clean,random,2,3,0.3333333333333333,0.6,0.19411764705882353,0.7529667442193405,1.0
bank_marketing,logreg,linshap,clean,random,2,4,0.3333333333333333,0.2,0.3147058823529411,0.8114778663520473,1.0
bank_marketing,logreg,linshap,clean,random,3,4,0.3333333333333333,0.2,0.1176470588235294,0.7016924133597584,1.0
bank_marketing,logreg,linshap,clean,permuted,0,1,0.0,0.0,-0.17941176470588235,0.3229641897698677,1.0
bank_marketing,logreg,linshap,clean,permuted,0,2,0.0,0.2,-0.17058823529411765,0.36596736274077046,1.0
bank_marketing,logreg,linshap,clean,permuted,0,3,0.0,0.2,-0.4676470588235294,0.27428519644457683,1.0
bank_marketing,logreg,linshap,clean,permuted,0,4,0.3333333333333333,0.2,0.06176470588235294,0.47854466438837717,1.0
bank_marketing,logreg,linshap,clean,permuted,1,2,0.0,0.0,-0.5058823529411764,0.27185556889743484,1.0
bank_marketing,logreg,linshap,clean,permuted,1,3,0.0,0.2,-0.06470588235294117,0.4425253201754008,1.0
bank_marketing,logreg,linshap,clean,permuted,1,4,0.6666666666666666,0.6,0.4058823529411764,0.7354367600827086,1.0
bank_marketing,logreg,linshap,clean,permuted,2,3,0.3333333333333333,0.2,-0.047058823529411764,0.42065665939519037,1.0
bank_marketing,logreg,linshap,clean,permuted,2,4,0.0,0.2,0.02941176470588235,0.4517715539286812,1.0
bank_marketing,logreg,linshap,clean,permuted,3,4,0.0,0.2,-0.16176470588235295,0.3543292784186319,1.0
bank_marketing,logreg,linshap,clean,constant,0,1,1.0,1.0,0.0,1.0,1.0
bank_marketing,logreg,linshap,clean,constant,0,2,1.0,1.0,0.0,1.0,1.0
bank_marketing,logreg,linshap,clean,constant,0,3,1.0,1.0,0.0,1.0,1.0
bank_marketing,logreg,linshap,clean,constant,0,4,1.0,1.0,0.0,1.0,1.0
bank_marketing,logreg,linshap,clean,constant,1,2,1.0,1.0,0.0,1.0,1.0
bank_marketing,logreg,linshap,clean,constant,1,3,1.0,1.0,0.0,1.0,1.0
bank_marketing,logreg,linshap,clean,constant,1,4,1.0,1.0,0.0,1.0,1.0
bank_marketing,logreg,linshap,clean,constant,2,3,1.0,1.0,0.0,1.0,1.0
bank_marketing,logreg,linshap,clean,constant,2,4,1.0,1.0,0.0,1.0,1.0
bank_marketing,logreg,linshap,clean,constant,3,4,1.0,1.0,0.0,1.0,1.0
bank_marketing,logreg,linshap,clean,oracle,0,1,1.0,1.0,1.0,0.9999999999999998,1.0
bank_marketing,logreg,linshap,clean,oracle,0,2,1.0,1.0,1.0,0.9999999999999998,1.0
bank_marketing,logreg,linshap,clean,oracle,0,3,1.0,1.0,1.0,0.9999999999999998,1.0
bank_marketing,logreg,linshap,clean,oracle,0,4,1.0,1.0,1.0,0.9999999999999998,1.0
bank_marketing,logreg,linshap,clean,oracle,1,2,1.0,1.0,1.0,0.9999999999999998,1.0
bank_marketing,logreg,linshap,clean,oracle,1,3,1.0,1.0,1.0,0.9999999999999998,1.0
bank_marketing,logreg,linshap,clean,oracle,1,4,1.0,1.0,1.0,0.9999999999999998,1.0
bank_marketing,logreg,linshap,clean,oracle,2,3,1.0,1.0,1.0,0.9999999999999998,1.0
bank_marketing,logreg,linshap,clean,oracle,2,4,1.0,1.0,1.0,0.9999999999999998,1.0
bank_marketing,logreg,linshap,clean,oracle,3,4,1.0,1.0,1.0,0.9999999999999998,1.0
bank_marketing,logreg,linshap,spur,real,0,1,1.0,1.0,1.0,1.0,1.0
bank_marketing,logreg,linshap,spur,real,0,2,1.0,1.0,1.0,1.0,1.0
bank_marketing,logreg,linshap,spur,real,0,3,1.0,1.0,1.0,1.0,1.0
bank_marketing,logreg,linshap,spur,real,0,4,1.0,1.0,1.0,1.0,1.0
bank_marketing,logreg,linshap,spur,real,1,2,1.0,1.0,1.0,1.0,1.0
bank_marketing,logreg,linshap,spur,real,1,3,1.0,1.0,1.0,1.0,1.0
bank_marketing,logreg,linshap,spur,real,1,4,1.0,1.0,1.0,1.0,1.0
bank_marketing,logreg,linshap,spur,real,2,3,1.0,1.0,1.0,1.0,1.0
bank_marketing,logreg,linshap,spur,real,2,4,1.0,1.0,1.0,1.0,1.0
bank_marketing,logreg,linshap,spur,real,3,4,1.0,1.0,1.0,1.0,1.0
bank_marketing,logreg,linshap,spur,random,0,1,0.0,0.4,-0.03676470588235294,0.7985629294777433,1.0
bank_marketing,logreg,linshap,spur,random,0,2,0.6666666666666666,0.4,0.3602941176470589,0.845570108568592,1.0
bank_marketing,logreg,linshap,spur,random,0,3,0.0,0.4,0.21078431372549022,0.8628811620724837,1.0
bank_marketing,logreg,linshap,spur,random,0,4,0.3333333333333333,0.4,0.13480392156862747,0.8287236357541324,1.0
bank_marketing,logreg,linshap,spur,random,1,2,0.3333333333333333,0.4,0.13725490196078433,0.7288491466349715,1.0
bank_marketing,logreg,linshap,spur,random,1,3,0.3333333333333333,0.2,0.03921568627450981,0.7749591989048045,1.0
bank_marketing,logreg,linshap,spur,random,1,4,0.0,0.0,-0.04166666666666667,0.6463716314076745,1.0
bank_marketing,logreg,linshap,spur,random,2,3,0.0,0.2,0.40196078431372556,0.810125772004512,1.0
bank_marketing,logreg,linshap,spur,random,2,4,0.3333333333333333,0.4,0.03921568627450981,0.6961432779228217,1.0
bank_marketing,logreg,linshap,spur,random,3,4,0.3333333333333333,0.4,-0.21568627450980393,0.7306114368875242,1.0
bank_marketing,logreg,linshap,spur,permuted,0,1,0.6666666666666666,0.6,0.19117647058823534,0.38457934235098373,1.0
bank_marketing,logreg,linshap,spur,permuted,0,2,0.3333333333333333,0.4,-0.04656862745098039,0.10950101730215832,1.0
bank_marketing,logreg,linshap,spur,permuted,0,3,0.0,0.6,0.3504901960784314,0.2262735815266309,1.0
bank_marketing,logreg,linshap,spur,permuted,0,4,0.0,0.0,-0.019607843137254905,0.11631847813497577,1.0
bank_marketing,logreg,linshap,spur,permuted,1,2,0.0,0.6,0.40441176470588236,0.16354688915423368,1.0
bank_marketing,logreg,linshap,spur,permuted,1,3,0.3333333333333333,0.4,-0.19607843137254904,0.11390546015471914,1.0
bank_marketing,logreg,linshap,spur,permuted,1,4,0.0,0.2,0.14215686274509806,0.1502804951521373,1.0
bank_marketing,logreg,linshap,spur,permuted,2,3,0.0,0.4,-0.12990196078431374,0.08380899075658846,1.0
bank_marketing,logreg,linshap,spur,permuted,2,4,0.0,0.4,0.38480392156862747,0.22408625404714025,1.0
bank_marketing,logreg,linshap,spur,permuted,3,4,0.0,0.0,-0.28186274509803927,0.12308419526998592,1.0
bank_marketing,logreg,linshap,spur,constant,0,1,1.0,1.0,0.0,1.0,1.0
bank_marketing,logreg,linshap,spur,constant,0,2,1.0,1.0,0.0,1.0,1.0
bank_marketing,logreg,linshap,spur,constant,0,3,1.0,1.0,0.0,1.0,1.0
bank_marketing,logreg,linshap,spur,constant,0,4,1.0,1.0,0.0,1.0,1.0
bank_marketing,logreg,linshap,spur,constant,1,2,1.0,1.0,0.0,1.0,1.0
bank_marketing,logreg,linshap,spur,constant,1,3,1.0,1.0,0.0,1.0,1.0
bank_marketing,logreg,linshap,spur,constant,1,4,1.0,1.0,0.0,1.0,1.0
bank_marketing,logreg,linshap,spur,constant,2,3,1.0,1.0,0.0,1.0,1.0
bank_marketing,logreg,linshap,spur,constant,2,4,1.0,1.0,0.0,1.0,1.0
bank_marketing,logreg,linshap,spur,constant,3,4,1.0,1.0,0.0,1.0,1.0
bank_marketing,logreg,linshap,spur,oracle,0,1,1.0,1.0,1.0,1.0,1.0
bank_marketing,logreg,linshap,spur,oracle,0,2,1.0,1.0,1.0,1.0,1.0
bank_marketing,logreg,linshap,spur,oracle,0,3,1.0,1.0,1.0,1.0,1.0
bank_marketing,logreg,linshap,spur,oracle,0,4,1.0,1.0,1.0,1.0,1.0
bank_marketing,logreg,linshap,spur,oracle,1,2,1.0,1.0,1.0,1.0,1.0
bank_marketing,logreg,linshap,spur,oracle,1,3,1.0,1.0,1.0,1.0,1.0
bank_marketing,logreg,linshap,spur,oracle,1,4,1.0,1.0,1.0,1.0,1.0
bank_marketing,logreg,linshap,spur,oracle,2,3,1.0,1.0,1.0,1.0,1.0
bank_marketing,logreg,linshap,spur,oracle,2,4,1.0,1.0,1.0,1.0,1.0
bank_marketing,logreg,linshap,spur,oracle,3,4,1.0,1.0,1.0,1.0,1.0
bank_marketing,logreg,lime,clean,real,0,1,1.0,1.0,0.9529411764705882,0.9934118212720282,1.0
bank_marketing,logreg,lime,clean,real,0,2,1.0,1.0,0.9794117647058824,0.9803043231593861,1.0
bank_marketing,logreg,lime,clean,real,0,3,1.0,1.0,0.976470588235294,0.9956107610953456,1.0
bank_marketing,logreg,lime,clean,real,0,4,1.0,1.0,0.9852941176470588,0.996721614950929,1.0
bank_marketing,logreg,lime,clean,real,1,2,1.0,1.0,0.9705882352941176,0.9873806984461881,1.0
bank_marketing,logreg,lime,clean,real,1,3,1.0,1.0,0.9823529411764707,0.9831166149942154,1.0
bank_marketing,logreg,lime,clean,real,1,4,1.0,1.0,0.9558823529411766,0.9908980598987074,1.0
bank_marketing,logreg,lime,clean,real,2,3,1.0,1.0,0.9852941176470588,0.9684477011198431,1.0
bank_marketing,logreg,lime,clean,real,2,4,1.0,1.0,0.9823529411764707,0.9708900767174847,1.0
bank_marketing,logreg,lime,clean,real,3,4,1.0,1.0,0.9823529411764707,0.9940654336863585,1.0
bank_marketing,logreg,lime,clean,random,0,1,0.3333333333333333,0.4,-0.1264705882352941,0.7083799903006215,1.0
bank_marketing,logreg,lime,clean,random,0,2,0.0,0.6,0.0,0.7601421622716005,1.0
bank_marketing,logreg,lime,clean,random,0,3,0.3333333333333333,0.2,0.0058823529411764705,0.7477362009940117,1.0
bank_marketing,logreg,lime,clean,random,0,4,0.0,0.0,-0.55,0.7441397918868257,1.0
bank_marketing,logreg,lime,clean,random,1,2,0.3333333333333333,0.4,-0.07352941176470588,0.6954908329735231,1.0
bank_marketing,logreg,lime,clean,random,1,3,0.3333333333333333,0.2,-0.02941176470588235,0.7135701365983799,1.0
bank_marketing,logreg,lime,clean,random,1,4,0.3333333333333333,0.6,0.0588235294117647,0.8079056190528363,1.0
bank_marketing,logreg,lime,clean,random,2,3,0.0,0.2,-0.4176470588235294,0.6439923978319071,1.0
bank_marketing,logreg,lime,clean,random,2,4,0.3333333333333333,0.4,-0.023529411764705882,0.7960833356610071,1.0
bank_marketing,logreg,lime,clean,random,3,4,0.0,0.4,0.35000000000000003,0.8736680907424297,1.0
bank_marketing,logreg,lime,clean,permuted,0,1,0.3333333333333333,0.4,-0.19117647058823528,0.4985142233574917,1.0
bank_marketing,logreg,lime,clean,permuted,0,2,0.3333333333333333,0.4,0.22058823529411767,0.5753567108649272,1.0
bank_marketing,logreg,lime,clean,permuted,0,3,0.3333333333333333,0.2,0.31764705882352945,0.6008503027013604,1.0
bank_marketing,logreg,lime,clean,permuted,0,4,0.0,0.0,-0.5558823529411765,0.32482473058011807,1.0
bank_marketing,logreg,lime,clean,permuted,1,2,0.3333333333333333,0.4,0.25,0.5872666946060308,1.0
bank_marketing,logreg,lime,clean,permuted,1,3,0.3333333333333333,0.4,-0.09411764705882353,0.5639370678553953,1.0
bank_marketing,logreg,lime,clean,permuted,1,4,0.0,0.2,-0.16764705882352943,0.429858334985782,1.0
bank_marketing,logreg,lime,clean,permuted,2,3,0.0,0.4,0.1764705882352941,0.4530401736901204,1.0
bank_marketing,logreg,lime,clean,permuted,2,4,0.0,0.2,0.21176470588235297,0.5094776066119462,1.0
bank_marketing,logreg,lime,clean,permuted,3,4,0.0,0.2,0.023529411764705882,0.46805945959349077,1.0
bank_marketing,logreg,lime,clean,constant,0,1,1.0,1.0,0.0,1.0,1.0
bank_marketing,logreg,lime,clean,constant,0,2,1.0,1.0,0.0,1.0,1.0
bank_marketing,logreg,lime,clean,constant,0,3,1.0,1.0,0.0,1.0,1.0
bank_marketing,logreg,lime,clean,constant,0,4,1.0,1.0,0.0,1.0,1.0
bank_marketing,logreg,lime,clean,constant,1,2,1.0,1.0,0.0,1.0,1.0
bank_marketing,logreg,lime,clean,constant,1,3,1.0,1.0,0.0,1.0,1.0
bank_marketing,logreg,lime,clean,constant,1,4,1.0,1.0,0.0,1.0,1.0
bank_marketing,logreg,lime,clean,constant,2,3,1.0,1.0,0.0,1.0,1.0
bank_marketing,logreg,lime,clean,constant,2,4,1.0,1.0,0.0,1.0,1.0
bank_marketing,logreg,lime,clean,constant,3,4,1.0,1.0,0.0,1.0,1.0
bank_marketing,logreg,lime,clean,oracle,0,1,1.0,1.0,1.0,0.9999999999999998,1.0
bank_marketing,logreg,lime,clean,oracle,0,2,1.0,1.0,1.0,0.9999999999999998,1.0
bank_marketing,logreg,lime,clean,oracle,0,3,1.0,1.0,1.0,0.9999999999999998,1.0
bank_marketing,logreg,lime,clean,oracle,0,4,1.0,1.0,1.0,0.9999999999999998,1.0
bank_marketing,logreg,lime,clean,oracle,1,2,1.0,1.0,1.0,0.9999999999999998,1.0
bank_marketing,logreg,lime,clean,oracle,1,3,1.0,1.0,1.0,0.9999999999999998,1.0
bank_marketing,logreg,lime,clean,oracle,1,4,1.0,1.0,1.0,0.9999999999999998,1.0
bank_marketing,logreg,lime,clean,oracle,2,3,1.0,1.0,1.0,0.9999999999999998,1.0
bank_marketing,logreg,lime,clean,oracle,2,4,1.0,1.0,1.0,0.9999999999999998,1.0
bank_marketing,logreg,lime,clean,oracle,3,4,1.0,1.0,1.0,0.9999999999999998,1.0
bank_marketing,logreg,lime,spur,real,0,1,1.0,1.0,0.9534313725490198,0.9851209961318774,1.0
bank_marketing,logreg,lime,spur,real,0,2,1.0,0.8,0.911764705882353,0.9956782890851215,1.0
bank_marketing,logreg,lime,spur,real,0,3,1.0,0.8,0.8823529411764707,0.9950780786204171,1.0
bank_marketing,logreg,lime,spur,real,0,4,1.0,1.0,0.9387254901960785,0.9943269542962223,1.0
bank_marketing,logreg,lime,spur,real,1,2,1.0,0.8,0.9215686274509804,0.9861836413976139,1.0
bank_marketing,logreg,lime,spur,real,1,3,1.0,0.8,0.877450980392157,0.9743476535768554,1.0
bank_marketing,logreg,lime,spur,real,1,4,1.0,1.0,0.948529411764706,0.9908489124087947,1.0
bank_marketing,logreg,lime,spur,real,2,3,1.0,0.8,0.911764705882353,0.9925332571915071,1.0
bank_marketing,logreg,lime,spur,real,2,4,1.0,0.8,0.9142156862745098,0.9918188874718152,1.0
bank_marketing,logreg,lime,spur,real,3,4,1.0,0.8,0.931372549019608,0.9875559843582491,1.0
bank_marketing,logreg,lime,spur,random,0,1,0.0,0.2,-0.29901960784313725,0.6433489239890897,1.0
bank_marketing,logreg,lime,spur,random,0,2,0.6666666666666666,0.6,0.24019607843137256,0.8217879929586649,1.0
bank_marketing,logreg,lime,spur,random,0,3,0.3333333333333333,0.4,-0.009803921568627453,0.8171317332757787,1.0
bank_marketing,logreg,lime,spur,random,0,4,0.0,0.2,-0.5710784313725491,0.6767148903561356,1.0
bank_marketing,logreg,lime,spur,random,1,2,0.0,0.2,0.18872549019607845,0.7343714714725594,1.0
bank_marketing,logreg,lime,spur,random,1,3,0.0,0.0,-0.28186274509803927,0.6846444748445696,1.0
bank_marketing,logreg,lime,spur,random,1,4,0.0,0.2,0.38480392156862747,0.801133750114104,1.0
bank_marketing,logreg,lime,spur,random,2,3,0.3333333333333333,0.2,-0.007352941176470588,0.788726657164062,1.0
bank_marketing,logreg,lime,spur,random,2,4,0.0,0.4,0.08333333333333334,0.7979258443446682,1.0
bank_marketing,logreg,lime,spur,random,3,4,0.0,0.6,0.2132352941176471,0.8568025656048457,1.0
bank_marketing,logreg,lime,spur,permuted,0,1,0.6666666666666666,0.4,0.2524509803921569,0.7145083826990462,1.0
bank_marketing,logreg,lime,spur,permuted,0,2,0.0,0.2,-0.03431372549019608,0.3329283718549913,1.0
bank_marketing,logreg,lime,spur,permuted,0,3,0.0,0.2,-0.03676470588235294,0.30886169960773335,1.0
bank_marketing,logreg,lime,spur,permuted,0,4,0.0,0.2,0.05392156862745098,0.30209147324775515,1.0
bank_marketing,logreg,lime,spur,permuted,1,2,0.3333333333333333,0.2,-0.03186274509803922,0.4395672322234873,1.0
bank_marketing,logreg,lime,spur,permuted,1,3,0.0,0.4,0.20098039215686278,0.3159266941882297,1.0
bank_marketing,logreg,lime,spur,permuted,1,4,0.0,0.2,-0.03676470588235294,0.3211456268936507,1.0
bank_marketing,logreg,lime,spur,permuted,2,3,0.0,0.2,-0.33333333333333337,0.31184689935528065,1.0
bank_marketing,logreg,lime,spur,permuted,2,4,0.3333333333333333,0.2,-0.37500000000000006,0.40916868289605324,1.0
bank_marketing,logreg,lime,spur,permuted,3,4,0.0,0.2,0.5539215686274511,0.46446759990372805,1.0
bank_marketing,logreg,lime,spur,constant,0,1,1.0,1.0,0.0,1.0,1.0
bank_marketing,logreg,lime,spur,constant,0,2,1.0,1.0,0.0,1.0,1.0
bank_marketing,logreg,lime,spur,constant,0,3,1.0,1.0,0.0,1.0,1.0
bank_marketing,logreg,lime,spur,constant,0,4,1.0,1.0,0.0,1.0,1.0
bank_marketing,logreg,lime,spur,constant,1,2,1.0,1.0,0.0,1.0,1.0
bank_marketing,logreg,lime,spur,constant,1,3,1.0,1.0,0.0,1.0,1.0
bank_marketing,logreg,lime,spur,constant,1,4,1.0,1.0,0.0,1.0,1.0
bank_marketing,logreg,lime,spur,constant,2,3,1.0,1.0,0.0,1.0,1.0
bank_marketing,logreg,lime,spur,constant,2,4,1.0,1.0,0.0,1.0,1.0
bank_marketing,logreg,lime,spur,constant,3,4,1.0,1.0,0.0,1.0,1.0
bank_marketing,logreg,lime,spur,oracle,0,1,1.0,1.0,1.0,1.0,1.0
bank_marketing,logreg,lime,spur,oracle,0,2,1.0,1.0,1.0,1.0,1.0
bank_marketing,logreg,lime,spur,oracle,0,3,1.0,1.0,1.0,1.0,1.0
bank_marketing,logreg,lime,spur,oracle,0,4,1.0,1.0,1.0,1.0,1.0
bank_marketing,logreg,lime,spur,oracle,1,2,1.0,1.0,1.0,1.0,1.0
bank_marketing,logreg,lime,spur,oracle,1,3,1.0,1.0,1.0,1.0,1.0
bank_marketing,logreg,lime,spur,oracle,1,4,1.0,1.0,1.0,1.0,1.0
bank_marketing,logreg,lime,spur,oracle,2,3,1.0,1.0,1.0,1.0,1.0
bank_marketing,logreg,lime,spur,oracle,2,4,1.0,1.0,1.0,1.0,1.0
bank_marketing,logreg,lime,spur,oracle,3,4,1.0,1.0,1.0,1.0,1.0
bank_marketing,rf,treeshap,clean,real,0,1,1.0,1.0,0.9411764705882352,0.9973145649454693,1.0
bank_marketing,rf,treeshap,clean,real,0,2,1.0,1.0,0.9264705882352942,0.9970580070749158,1.0
bank_marketing,rf,treeshap,clean,real,0,3,1.0,1.0,0.9705882352941176,0.998395832813651,1.0
bank_marketing,rf,treeshap,clean,real,0,4,1.0,1.0,0.9705882352941176,0.9976469919806646,1.0
bank_marketing,rf,treeshap,clean,real,1,2,1.0,1.0,0.9676470588235294,0.9988628872262496,1.0
bank_marketing,rf,treeshap,clean,real,1,3,1.0,1.0,0.9441176470588234,0.99849193088632,1.0
bank_marketing,rf,treeshap,clean,real,1,4,1.0,1.0,0.9205882352941176,0.9974485438842857,1.0
bank_marketing,rf,treeshap,clean,real,2,3,1.0,1.0,0.95,0.9987795677203024,1.0
bank_marketing,rf,treeshap,clean,real,2,4,1.0,1.0,0.9382352941176471,0.9989987762329837,1.0
bank_marketing,rf,treeshap,clean,real,3,4,1.0,1.0,0.9823529411764707,0.9988467351958179,1.0
bank_marketing,rf,treeshap,clean,random,0,1,0.0,0.2,0.06176470588235294,0.7490617140778524,1.0
bank_marketing,rf,treeshap,clean,random,0,2,0.6666666666666666,0.4,0.19999999999999998,0.7602117852291022,1.0
bank_marketing,rf,treeshap,clean,random,0,3,0.0,0.0,-0.17352941176470588,0.5813180232111748,1.0
bank_marketing,rf,treeshap,clean,random,0,4,0.3333333333333333,0.2,-0.10294117647058824,0.6641507657183258,1.0
bank_marketing,rf,treeshap,clean,random,1,2,0.0,0.4,0.055882352941176466,0.7423312643314037,1.0
bank_marketing,rf,treeshap,clean,random,1,3,0.3333333333333333,0.4,0.049999999999999996,0.7123258413862572,1.0
bank_marketing,rf,treeshap,clean,random,1,4,0.0,0.4,0.10294117647058824,0.7712745964892804,1.0
bank_marketing,rf,treeshap,clean,random,2,3,0.0,0.2,0.22352941176470587,0.7099030424431202,1.0
bank_marketing,rf,treeshap,clean,random,2,4,0.0,0.0,-0.43529411764705883,0.5782910378868462,1.0
bank_marketing,rf,treeshap,clean,random,3,4,0.3333333333333333,0.4,-0.3235294117647059,0.5912840858370741,1.0
bank_marketing,rf,treeshap,clean,permuted,0,1,0.3333333333333333,0.6,0.25588235294117645,0.5663495837583384,1.0
bank_marketing,rf,treeshap,clean,permuted,0,2,0.3333333333333333,0.2,0.19705882352941176,0.41474687730485466,1.0
bank_marketing,rf,treeshap,clean,permuted,0,3,0.0,0.0,-0.2411764705882353,0.32236673411387906,1.0
bank_marketing,rf,treeshap,clean,permuted,0,4,0.3333333333333333,0.4,-0.31764705882352945,0.4062475377826177,1.0
bank_marketing,rf,treeshap,clean,permuted,1,2,0.0,0.2,-0.3205882352941176,0.2695957557018591,1.0
bank_marketing,rf,treeshap,clean,permuted,1,3,0.0,0.2,-0.18235294117647058,0.30287628922746646,1.0
bank_marketing,rf,treeshap,clean,permuted,1,4,0.0,0.2,-0.23823529411764705,0.2931417253897185,1.0
bank_marketing,rf,treeshap,clean,permuted,2,3,0.3333333333333333,0.4,-0.07941176470588236,0.489730446675015,1.0
bank_marketing,rf,treeshap,clean,permuted,2,4,0.3333333333333333,0.2,0.07352941176470588,0.4749513418291767,1.0
bank_marketing,rf,treeshap,clean,permuted,3,4,0.0,0.2,-0.055882352941176466,0.34238885859025747,1.0
bank_marketing,rf,treeshap,clean,constant,0,1,1.0,1.0,0.0,1.0,1.0
bank_marketing,rf,treeshap,clean,constant,0,2,1.0,1.0,0.0,1.0,1.0
bank_marketing,rf,treeshap,clean,constant,0,3,1.0,1.0,0.0,1.0,1.0
bank_marketing,rf,treeshap,clean,constant,0,4,1.0,1.0,0.0,1.0,1.0
bank_marketing,rf,treeshap,clean,constant,1,2,1.0,1.0,0.0,1.0,1.0
bank_marketing,rf,treeshap,clean,constant,1,3,1.0,1.0,0.0,1.0,1.0
bank_marketing,rf,treeshap,clean,constant,1,4,1.0,1.0,0.0,1.0,1.0
bank_marketing,rf,treeshap,clean,constant,2,3,1.0,1.0,0.0,1.0,1.0
bank_marketing,rf,treeshap,clean,constant,2,4,1.0,1.0,0.0,1.0,1.0
bank_marketing,rf,treeshap,clean,constant,3,4,1.0,1.0,0.0,1.0,1.0
bank_marketing,rf,treeshap,clean,oracle,0,1,1.0,1.0,1.0,0.9999999999999998,1.0
bank_marketing,rf,treeshap,clean,oracle,0,2,1.0,1.0,1.0,0.9999999999999998,1.0
bank_marketing,rf,treeshap,clean,oracle,0,3,1.0,1.0,1.0,0.9999999999999998,1.0
bank_marketing,rf,treeshap,clean,oracle,0,4,1.0,1.0,1.0,0.9999999999999998,1.0
bank_marketing,rf,treeshap,clean,oracle,1,2,1.0,1.0,1.0,0.9999999999999998,1.0
bank_marketing,rf,treeshap,clean,oracle,1,3,1.0,1.0,1.0,0.9999999999999998,1.0
bank_marketing,rf,treeshap,clean,oracle,1,4,1.0,1.0,1.0,0.9999999999999998,1.0
bank_marketing,rf,treeshap,clean,oracle,2,3,1.0,1.0,1.0,0.9999999999999998,1.0
bank_marketing,rf,treeshap,clean,oracle,2,4,1.0,1.0,1.0,0.9999999999999998,1.0
bank_marketing,rf,treeshap,clean,oracle,3,4,1.0,1.0,1.0,0.9999999999999998,1.0
bank_marketing,rf,treeshap,spur,real,0,1,0.6666666666666666,1.0,0.9730392156862747,0.9984668359725543,1.0
bank_marketing,rf,treeshap,spur,real,0,2,0.6666666666666666,1.0,0.9901960784313727,0.9991623844192354,1.0
bank_marketing,rf,treeshap,spur,real,0,3,1.0,1.0,0.9950980392156863,0.9994255445938718,1.0
bank_marketing,rf,treeshap,spur,real,0,4,0.6666666666666666,1.0,0.9950980392156863,0.9995423957934223,1.0
bank_marketing,rf,treeshap,spur,real,1,2,1.0,1.0,0.9705882352941178,0.9989685905987593,1.0
bank_marketing,rf,treeshap,spur,real,1,3,0.6666666666666666,1.0,0.9877450980392157,0.9986396592092889,1.0
bank_marketing,rf,treeshap,spur,real,1,4,1.0,1.0,0.982843137254902,0.9985384681912238,1.0
bank_marketing,rf,treeshap,spur,real,2,3,0.6666666666666666,1.0,0.9877450980392157,0.9995292560611552,1.0
bank_marketing,rf,treeshap,spur,real,2,4,1.0,1.0,0.9877450980392157,0.9988697521935135,1.0
bank_marketing,rf,treeshap,spur,real,3,4,0.6666666666666666,1.0,0.9950980392156863,0.9988009574085372,1.0
bank_marketing,rf,treeshap,spur,random,0,1,0.0,0.2,-0.17892156862745098,0.5949876645551284,1.0
bank_marketing,rf,treeshap,spur,random,0,2,0.3333333333333333,0.2,0.022058823529411766,0.7101705526169928,1.0
bank_marketing,rf,treeshap,spur,random,0,3,0.0,0.2,-0.4264705882352942,0.6484591324332604,1.0
bank_marketing,rf,treeshap,spur,random,0,4,0.0,0.2,-0.3137254901960785,0.6630483254916427,1.0
bank_marketing,rf,treeshap,spur,random,1,2,0.3333333333333333,0.6,0.18137254901960786,0.7794840634294554,1.0
bank_marketing,rf,treeshap,spur,random,1,3,0.0,0.0,-0.16176470588235298,0.7223655301333489,1.0
bank_marketing,rf,treeshap,spur,random,1,4,0.3333333333333333,0.2,0.25980392156862747,0.8189411620686928,1.0
bank_marketing,rf,treeshap,spur,random,2,3,0.3333333333333333,0.4,0.03921568627450981,0.7720979213832653,1.0
bank_marketing,rf,treeshap,spur,random,2,4,0.3333333333333333,0.4,0.10784313725490197,0.8053520180170997,1.0
bank_marketing,rf,treeshap,spur,random,3,4,0.0,0.4,0.21813725490196081,0.8678134614356661,1.0
bank_marketing,rf,treeshap,spur,permuted,0,1,0.3333333333333333,0.2,-0.09068627450980393,0.3660281074983236,1.0
bank_marketing,rf,treeshap,spur,permuted,0,2,0.0,0.2,-0.25980392156862747,0.1692255053272119,1.0
bank_marketing,rf,treeshap,spur,permuted,0,3,0.3333333333333333,0.4,-0.01715686274509804,0.36583722568114224,1.0
bank_marketing,rf,treeshap,spur,permuted,0,4,0.3333333333333333,0.2,-0.06862745098039216,0.8803835419476901,1.0
bank_marketing,rf,treeshap,spur,permuted,1,2,0.0,0.4,-0.012254901960784315,0.11573980457297697,1.0
bank_marketing,rf,treeshap,spur,permuted,1,3,0.3333333333333333,0.4,0.29656862745098045,0.27510799128215574,1.0
bank_marketing,rf,treeshap,spur,permuted,1,4,0.3333333333333333,0.4,0.18872549019607845,0.3824906494871234,1.0
bank_marketing,rf,treeshap,spur,permuted,2,3,0.0,0.2,0.01715686274509804,0.16508249324865437,1.0
bank_marketing,rf,treeshap,spur,permuted,2,4,0.3333333333333333,0.6,0.14705882352941177,0.1699963354540452,1.0
bank_marketing,rf,treeshap,spur,permuted,3,4,0.6666666666666666,0.4,0.5343137254901961,0.6289163852163382,1.0
bank_marketing,rf,treeshap,spur,constant,0,1,1.0,1.0,0.0,1.0,1.0
bank_marketing,rf,treeshap,spur,constant,0,2,1.0,1.0,0.0,1.0,1.0
bank_marketing,rf,treeshap,spur,constant,0,3,1.0,1.0,0.0,1.0,1.0
bank_marketing,rf,treeshap,spur,constant,0,4,1.0,1.0,0.0,1.0,1.0
bank_marketing,rf,treeshap,spur,constant,1,2,1.0,1.0,0.0,1.0,1.0
bank_marketing,rf,treeshap,spur,constant,1,3,1.0,1.0,0.0,1.0,1.0
bank_marketing,rf,treeshap,spur,constant,1,4,1.0,1.0,0.0,1.0,1.0
bank_marketing,rf,treeshap,spur,constant,2,3,1.0,1.0,0.0,1.0,1.0
bank_marketing,rf,treeshap,spur,constant,2,4,1.0,1.0,0.0,1.0,1.0
bank_marketing,rf,treeshap,spur,constant,3,4,1.0,1.0,0.0,1.0,1.0
bank_marketing,rf,treeshap,spur,oracle,0,1,1.0,1.0,1.0,1.0,1.0
bank_marketing,rf,treeshap,spur,oracle,0,2,1.0,1.0,1.0,1.0,1.0
bank_marketing,rf,treeshap,spur,oracle,0,3,1.0,1.0,1.0,1.0,1.0
bank_marketing,rf,treeshap,spur,oracle,0,4,1.0,1.0,1.0,1.0,1.0
bank_marketing,rf,treeshap,spur,oracle,1,2,1.0,1.0,1.0,1.0,1.0
bank_marketing,rf,treeshap,spur,oracle,1,3,1.0,1.0,1.0,1.0,1.0
bank_marketing,rf,treeshap,spur,oracle,1,4,1.0,1.0,1.0,1.0,1.0
bank_marketing,rf,treeshap,spur,oracle,2,3,1.0,1.0,1.0,1.0,1.0
bank_marketing,rf,treeshap,spur,oracle,2,4,1.0,1.0,1.0,1.0,1.0
bank_marketing,rf,treeshap,spur,oracle,3,4,1.0,1.0,1.0,1.0,1.0
bank_marketing,rf,lime,clean,real,0,1,1.0,0.8,0.9558823529411766,0.9922969010253592,1.0
bank_marketing,rf,lime,clean,real,0,2,1.0,1.0,0.9705882352941176,0.9688401091180917,1.0
bank_marketing,rf,lime,clean,real,0,3,1.0,1.0,0.976470588235294,0.9900665711677638,1.0
bank_marketing,rf,lime,clean,real,0,4,1.0,0.8,0.9735294117647059,0.9891870033787087,1.0
bank_marketing,rf,lime,clean,real,1,2,1.0,0.8,0.9823529411764707,0.9892449943399947,1.0
bank_marketing,rf,lime,clean,real,1,3,1.0,0.8,0.9705882352941176,0.9972793024247445,1.0
bank_marketing,rf,lime,clean,real,1,4,1.0,1.0,0.9735294117647059,0.9992616298791133,1.0
bank_marketing,rf,lime,clean,real,2,3,1.0,1.0,0.9823529411764707,0.9904876032798992,1.0
bank_marketing,rf,lime,clean,real,2,4,1.0,0.8,0.9676470588235294,0.9919913403753797,1.0
bank_marketing,rf,lime,clean,real,3,4,1.0,0.8,0.9794117647058824,0.9975701770655052,1.0
bank_marketing,rf,lime,clean,random,0,1,0.3333333333333333,0.4,0.12941176470588234,0.7250873616761434,1.0
bank_marketing,rf,lime,clean,random,0,2,0.3333333333333333,0.2,0.044117647058823525,0.753555704198903,1.0
bank_marketing,rf,lime,clean,random,0,3,0.0,0.0,-0.3529411764705882,0.6667863725298498,1.0
bank_marketing,rf,lime,clean,random,0,4,0.3333333333333333,0.4,-0.2029411764705882,0.7113134171604166,1.0
bank_marketing,rf,lime,clean,random,1,2,0.6666666666666666,0.6,0.42352941176470593,0.8299627133334125,1.0
bank_marketing,rf,lime,clean,random,1,3,0.0,0.0,-0.26176470588235295,0.6584816738423969,1.0
bank_marketing,rf,lime,clean,random,1,4,0.3333333333333333,0.2,-0.1764705882352941,0.7176868347342853,1.0
bank_marketing,rf,lime,clean,random,2,3,0.0,0.2,0.06470588235294117,0.7754268626429651,1.0
bank_marketing,rf,lime,clean,random,2,4,0.3333333333333333,0.4,0.19411764705882353,0.7919133482770276,1.0
bank_marketing,rf,lime,clean,random,3,4,0.0,0.2,-0.06470588235294117,0.792347807457045,1.0
bank_marketing,rf,lime,clean,permuted,0,1,0.3333333333333333,0.2,-0.3558823529411765,0.2163058179535708,1.0
bank_marketing,rf,lime,clean,permuted,0,2,0.0,0.4,-0.06470588235294117,0.2543557634649606,1.0
bank_marketing,rf,lime,clean,permuted,0,3,0.0,0.2,0.1411764705882353,0.3343265764783434,1.0
bank_marketing,rf,lime,clean,permuted,0,4,0.3333333333333333,0.2,0.19411764705882353,0.2995850940386367,1.0
bank_marketing,rf,lime,clean,permuted,1,2,0.3333333333333333,0.2,0.4441176470588235,0.6300347153573842,1.0
bank_marketing,rf,lime,clean,permuted,1,3,0.0,0.4,-0.28529411764705886,0.23341196388166568,1.0
bank_marketing,rf,lime,clean,permuted,1,4,0.3333333333333333,0.2,-0.33529411764705885,0.5542295314599008,1.0
bank_marketing,rf,lime,clean,permuted,2,3,0.0,0.4,0.08529411764705883,0.2735957773865184,1.0
bank_marketing,rf,lime,clean,permuted,2,4,0.0,0.2,-0.21176470588235297,0.19087892303931278,1.0
bank_marketing,rf,lime,clean,permuted,3,4,0.0,0.2,-0.19705882352941176,0.21343133027585187,1.0
bank_marketing,rf,lime,clean,constant,0,1,1.0,1.0,0.0,1.0,1.0
bank_marketing,rf,lime,clean,constant,0,2,1.0,1.0,0.0,1.0,1.0
bank_marketing,rf,lime,clean,constant,0,3,1.0,1.0,0.0,1.0,1.0
bank_marketing,rf,lime,clean,constant,0,4,1.0,1.0,0.0,1.0,1.0
bank_marketing,rf,lime,clean,constant,1,2,1.0,1.0,0.0,1.0,1.0
bank_marketing,rf,lime,clean,constant,1,3,1.0,1.0,0.0,1.0,1.0
bank_marketing,rf,lime,clean,constant,1,4,1.0,1.0,0.0,1.0,1.0
bank_marketing,rf,lime,clean,constant,2,3,1.0,1.0,0.0,1.0,1.0
bank_marketing,rf,lime,clean,constant,2,4,1.0,1.0,0.0,1.0,1.0
bank_marketing,rf,lime,clean,constant,3,4,1.0,1.0,0.0,1.0,1.0
bank_marketing,rf,lime,clean,oracle,0,1,1.0,1.0,1.0,0.9999999999999998,1.0
bank_marketing,rf,lime,clean,oracle,0,2,1.0,1.0,1.0,0.9999999999999998,1.0
bank_marketing,rf,lime,clean,oracle,0,3,1.0,1.0,1.0,0.9999999999999998,1.0
bank_marketing,rf,lime,clean,oracle,0,4,1.0,1.0,1.0,0.9999999999999998,1.0
bank_marketing,rf,lime,clean,oracle,1,2,1.0,1.0,1.0,0.9999999999999998,1.0
bank_marketing,rf,lime,clean,oracle,1,3,1.0,1.0,1.0,0.9999999999999998,1.0
bank_marketing,rf,lime,clean,oracle,1,4,1.0,1.0,1.0,0.9999999999999998,1.0
bank_marketing,rf,lime,clean,oracle,2,3,1.0,1.0,1.0,0.9999999999999998,1.0
bank_marketing,rf,lime,clean,oracle,2,4,1.0,1.0,1.0,0.9999999999999998,1.0
bank_marketing,rf,lime,clean,oracle,3,4,1.0,1.0,1.0,0.9999999999999998,1.0
bank_marketing,rf,lime,spur,real,0,1,0.6666666666666666,1.0,0.948529411764706,0.9877797220977551,1.0
bank_marketing,rf,lime,spur,real,0,2,0.6666666666666666,1.0,0.9436274509803922,0.9886093747991844,1.0
bank_marketing,rf,lime,spur,real,0,3,0.6666666666666666,1.0,0.9681372549019608,0.9868158265983756,1.0
bank_marketing,rf,lime,spur,real,0,4,0.6666666666666666,1.0,0.9387254901960785,0.9705897989505373,1.0
bank_marketing,rf,lime,spur,real,1,2,1.0,1.0,0.985294117647059,0.9969879741186155,1.0
bank_marketing,rf,lime,spur,real,1,3,1.0,1.0,0.928921568627451,0.9862208870526025,1.0
bank_marketing,rf,lime,spur,real,1,4,1.0,1.0,0.9632352941176472,0.9939818149303203,1.0
bank_marketing,rf,lime,spur,real,2,3,1.0,1.0,0.9411764705882353,0.9849580773074188,1.0
bank_marketing,rf,lime,spur,real,2,4,1.0,1.0,0.9632352941176472,0.991794168015025,1.0
bank_marketing,rf,lime,spur,real,3,4,1.0,1.0,0.9191176470588237,0.9755513681577578,1.0
bank_marketing,rf,lime,spur,random,0,1,0.0,0.0,-0.24754901960784317,0.663544173159181,1.0
bank_marketing,rf,lime,spur,random,0,2,0.3333333333333333,0.4,0.3602941176470589,0.8077224446837701,1.0
bank_marketing,rf,lime,spur,random,0,3,0.0,0.0,-0.26470588235294124,0.5661765826899915,1.0
bank_marketing,rf,lime,spur,random,0,4,0.3333333333333333,0.2,0.18872549019607845,0.6854845657448615,1.0
bank_marketing,rf,lime,spur,random,1,2,0.0,0.0,-0.41421568627450983,0.7026105564303685,1.0
bank_marketing,rf,lime,spur,random,1,3,0.3333333333333333,0.4,0.16176470588235298,0.7994711125348261,1.0
bank_marketing,rf,lime,spur,random,1,4,0.0,0.6,0.43137254901960786,0.8665939165414126,1.0
bank_marketing,rf,lime,spur,random,2,3,0.0,0.2,0.30147058823529416,0.8083580309480412,1.0
bank_marketing,rf,lime,spur,random,2,4,0.3333333333333333,0.2,-0.21568627450980393,0.651562110472696,1.0
bank_marketing,rf,lime,spur,random,3,4,0.0,0.2,-0.04656862745098039,0.6868827085991926,1.0
bank_marketing,rf,lime,spur,permuted,0,1,0.0,0.4,0.14215686274509806,0.43028906208486273,1.0
bank_marketing,rf,lime,spur,permuted,0,2,0.3333333333333333,0.4,0.18872549019607845,0.7721499216728783,1.0
bank_marketing,rf,lime,spur,permuted,0,3,0.3333333333333333,0.6,-0.07598039215686275,0.4722603538502245,1.0
bank_marketing,rf,lime,spur,permuted,0,4,0.0,0.2,-0.012254901960784315,0.3562154197895861,1.0
bank_marketing,rf,lime,spur,permuted,1,2,0.3333333333333333,0.4,0.35784313725490197,0.6044276556242402,1.0
bank_marketing,rf,lime,spur,permuted,1,3,0.0,0.2,-0.21568627450980393,0.34832670172610836,1.0
bank_marketing,rf,lime,spur,permuted,1,4,0.0,0.0,-0.07107843137254903,0.35663113142977754,1.0
bank_marketing,rf,lime,spur,permuted,2,3,0.3333333333333333,0.4,-0.056372549019607844,0.4156039943441336,1.0
bank_marketing,rf,lime,spur,permuted,2,4,0.0,0.0,-0.31617647058823534,0.2889323328922607,1.0
bank_marketing,rf,lime,spur,permuted,3,4,0.0,0.2,-0.4068627450980392,0.228772084387337,1.0
bank_marketing,rf,lime,spur,constant,0,1,1.0,1.0,0.0,1.0,1.0
bank_marketing,rf,lime,spur,constant,0,2,1.0,1.0,0.0,1.0,1.0
bank_marketing,rf,lime,spur,constant,0,3,1.0,1.0,0.0,1.0,1.0
bank_marketing,rf,lime,spur,constant,0,4,1.0,1.0,0.0,1.0,1.0
bank_marketing,rf,lime,spur,constant,1,2,1.0,1.0,0.0,1.0,1.0
bank_marketing,rf,lime,spur,constant,1,3,1.0,1.0,0.0,1.0,1.0
bank_marketing,rf,lime,spur,constant,1,4,1.0,1.0,0.0,1.0,1.0
bank_marketing,rf,lime,spur,constant,2,3,1.0,1.0,0.0,1.0,1.0
bank_marketing,rf,lime,spur,constant,2,4,1.0,1.0,0.0,1.0,1.0
bank_marketing,rf,lime,spur,constant,3,4,1.0,1.0,0.0,1.0,1.0
bank_marketing,rf,lime,spur,oracle,0,1,1.0,1.0,1.0,1.0,1.0
bank_marketing,rf,lime,spur,oracle,0,2,1.0,1.0,1.0,1.0,1.0
bank_marketing,rf,lime,spur,oracle,0,3,1.0,1.0,1.0,1.0,1.0
bank_marketing,rf,lime,spur,oracle,0,4,1.0,1.0,1.0,1.0,1.0
bank_marketing,rf,lime,spur,oracle,1,2,1.0,1.0,1.0,1.0,1.0
bank_marketing,rf,lime,spur,oracle,1,3,1.0,1.0,1.0,1.0,1.0
bank_marketing,rf,lime,spur,oracle,1,4,1.0,1.0,1.0,1.0,1.0
bank_marketing,rf,lime,spur,oracle,2,3,1.0,1.0,1.0,1.0,1.0
bank_marketing,rf,lime,spur,oracle,2,4,1.0,1.0,1.0,1.0,1.0
bank_marketing,rf,lime,spur,oracle,3,4,1.0,1.0,1.0,1.0,1.0
bank_marketing,hgb,treeshap,clean,real,0,1,1.0,1.0,0.9823529411764707,0.9984119980095993,1.0
bank_marketing,hgb,treeshap,clean,real,0,2,1.0,1.0,0.9647058823529412,0.9979061077493668,1.0
bank_marketing,hgb,treeshap,clean,real,0,3,1.0,1.0,0.9235294117647058,0.9917970491265132,1.0
bank_marketing,hgb,treeshap,clean,real,0,4,0.6666666666666666,1.0,0.95,0.9939897700421485,1.0
bank_marketing,hgb,treeshap,clean,real,1,2,1.0,1.0,0.9794117647058824,0.9970971658712992,1.0
bank_marketing,hgb,treeshap,clean,real,1,3,1.0,1.0,0.9529411764705882,0.9939129551023712,1.0
bank_marketing,hgb,treeshap,clean,real,1,4,0.6666666666666666,1.0,0.9441176470588234,0.9955154128381576,1.0
bank_marketing,hgb,treeshap,clean,real,2,3,1.0,1.0,0.9735294117647059,0.995008814108596,1.0
bank_marketing,hgb,treeshap,clean,real,2,4,0.6666666666666666,1.0,0.961764705882353,0.9972160269416289,1.0
bank_marketing,hgb,treeshap,clean,real,3,4,0.6666666666666666,1.0,0.9470588235294116,0.9967984251692625,1.0
bank_marketing,hgb,treeshap,clean,random,0,1,0.3333333333333333,0.2,-0.2764705882352941,0.7493319049600706,1.0
bank_marketing,hgb,treeshap,clean,random,0,2,0.0,0.2,-0.07058823529411765,0.7214651242988799,1.0
bank_marketing,hgb,treeshap,clean,random,0,3,0.3333333333333333,0.4,0.27058823529411763,0.7795486696764131,1.0
bank_marketing,hgb,treeshap,clean,random,0,4,0.0,0.2,-0.3,0.6417449859055927,1.0
bank_marketing,hgb,treeshap,clean,random,1,2,0.6666666666666666,0.6,0.3588235294117647,0.9020430143940678,1.0
bank_marketing,hgb,treeshap,clean,random,1,3,0.0,0.4,-0.06764705882352941,0.7669440643788085,1.0
bank_marketing,hgb,treeshap,clean,random,1,4,0.3333333333333333,0.6,0.5264705882352941,0.8694724640968106,1.0
bank_marketing,hgb,treeshap,clean,random,2,3,0.0,0.2,0.08823529411764705,0.7710945937001192,1.0
bank_marketing,hgb,treeshap,clean,random,2,4,0.3333333333333333,0.2,-0.03529411764705882,0.7168313124605094,1.0
bank_marketing,hgb,treeshap,clean,random,3,4,0.0,0.4,-0.31764705882352945,0.6118118615233042,1.0
bank_marketing,hgb,treeshap,clean,permuted,0,1,0.0,0.2,-0.2441176470588235,0.31533126547254275,1.0
bank_marketing,hgb,treeshap,clean,permuted,0,2,0.0,0.0,-0.16764705882352943,0.24360990381427777,0.8
bank_marketing,hgb,treeshap,clean,permuted,0,3,0.3333333333333333,0.2,-0.08823529411764705,0.29534586879510594,1.0
bank_marketing,hgb,treeshap,clean,permuted,0,4,0.6666666666666666,0.4,0.26176470588235295,0.9548612302666825,1.0
bank_marketing,hgb,treeshap,clean,permuted,1,2,0.0,0.4,0.28823529411764703,0.34788848280002505,1.0
bank_marketing,hgb,treeshap,clean,permuted,1,3,0.6666666666666666,0.4,0.3852941176470588,0.9505955689307288,1.0
bank_marketing,hgb,treeshap,clean,permuted,1,4,0.0,0.2,-0.22647058823529412,0.3083092232179648,0.8
bank_marketing,hgb,treeshap,clean,permuted,2,3,0.0,0.2,-0.19705882352941176,0.3102572415112021,1.0
bank_marketing,hgb,treeshap,clean,permuted,2,4,0.0,0.2,-0.2411764705882353,0.31485100870321703,0.8
bank_marketing,hgb,treeshap,clean,permuted,3,4,0.3333333333333333,0.4,0.06470588235294117,0.27458208306928444,1.0
bank_marketing,hgb,treeshap,clean,constant,0,1,1.0,1.0,0.0,1.0,1.0
bank_marketing,hgb,treeshap,clean,constant,0,2,1.0,1.0,0.0,1.0,1.0
bank_marketing,hgb,treeshap,clean,constant,0,3,1.0,1.0,0.0,1.0,1.0
bank_marketing,hgb,treeshap,clean,constant,0,4,1.0,1.0,0.0,1.0,1.0
bank_marketing,hgb,treeshap,clean,constant,1,2,1.0,1.0,0.0,1.0,1.0
bank_marketing,hgb,treeshap,clean,constant,1,3,1.0,1.0,0.0,1.0,1.0
bank_marketing,hgb,treeshap,clean,constant,1,4,1.0,1.0,0.0,1.0,1.0
bank_marketing,hgb,treeshap,clean,constant,2,3,1.0,1.0,0.0,1.0,1.0
bank_marketing,hgb,treeshap,clean,constant,2,4,1.0,1.0,0.0,1.0,1.0
bank_marketing,hgb,treeshap,clean,constant,3,4,1.0,1.0,0.0,1.0,1.0
bank_marketing,hgb,treeshap,clean,oracle,0,1,1.0,1.0,1.0,0.9999999999999998,1.0
bank_marketing,hgb,treeshap,clean,oracle,0,2,1.0,1.0,1.0,0.9999999999999998,1.0
bank_marketing,hgb,treeshap,clean,oracle,0,3,1.0,1.0,1.0,0.9999999999999998,1.0
bank_marketing,hgb,treeshap,clean,oracle,0,4,1.0,1.0,1.0,0.9999999999999998,1.0
bank_marketing,hgb,treeshap,clean,oracle,1,2,1.0,1.0,1.0,0.9999999999999998,1.0
bank_marketing,hgb,treeshap,clean,oracle,1,3,1.0,1.0,1.0,0.9999999999999998,1.0
bank_marketing,hgb,treeshap,clean,oracle,1,4,1.0,1.0,1.0,0.9999999999999998,1.0
bank_marketing,hgb,treeshap,clean,oracle,2,3,1.0,1.0,1.0,0.9999999999999998,1.0
bank_marketing,hgb,treeshap,clean,oracle,2,4,1.0,1.0,1.0,0.9999999999999998,1.0
bank_marketing,hgb,treeshap,clean,oracle,3,4,1.0,1.0,1.0,0.9999999999999998,1.0
bank_marketing,hgb,treeshap,spur,real,0,1,1.0,1.0,0.9632352941176472,0.9982234389309871,1.0
bank_marketing,hgb,treeshap,spur,real,0,2,1.0,0.8,0.9558823529411765,0.998818425053255,1.0
bank_marketing,hgb,treeshap,spur,real,0,3,1.0,1.0,0.9730392156862747,0.9982592926360101,1.0
bank_marketing,hgb,treeshap,spur,real,0,4,1.0,0.8,0.9166666666666667,0.9989044476053927,1.0
bank_marketing,hgb,treeshap,spur,real,1,2,1.0,0.8,0.9411764705882353,0.999222699041895,1.0
bank_marketing,hgb,treeshap,spur,real,1,3,1.0,1.0,0.9730392156862747,0.9992550554576274,1.0
bank_marketing,hgb,treeshap,spur,real,1,4,1.0,0.8,0.931372549019608,0.9987968425598086,1.0
bank_marketing,hgb,treeshap,spur,real,2,3,1.0,0.8,0.9534313725490198,0.9996357747819278,1.0
bank_marketing,hgb,treeshap,spur,real,2,4,1.0,0.8,0.8970588235294119,0.9994361793536608,1.0
bank_marketing,hgb,treeshap,spur,real,3,4,1.0,0.8,0.9558823529411765,0.9996356410310515,1.0
bank_marketing,hgb,treeshap,spur,random,0,1,0.0,0.2,-0.13235294117647062,0.822677118790262,1.0
bank_marketing,hgb,treeshap,spur,random,0,2,0.3333333333333333,0.4,0.28186274509803927,0.8002908157979185,1.0
bank_marketing,hgb,treeshap,spur,random,0,3,0.0,0.6,0.22058823529411767,0.7628416351436995,1.0
bank_marketing,hgb,treeshap,spur,random,0,4,0.3333333333333333,0.2,-0.004901960784313726,0.7374593513112992,1.0
bank_marketing,hgb,treeshap,spur,random,1,2,0.0,0.2,-0.13970588235294118,0.7779590824279977,1.0
bank_marketing,hgb,treeshap,spur,random,1,3,0.0,0.0,-0.4387254901960785,0.6889201309120702,1.0
bank_marketing,hgb,treeshap,spur,random,1,4,0.0,0.2,-0.2843137254901961,0.7383472842983333,1.0
bank_marketing,hgb,treeshap,spur,random,2,3,0.6666666666666666,0.6,0.536764705882353,0.8190850490688062,1.0
bank_marketing,hgb,treeshap,spur,random,2,4,0.0,0.2,0.07107843137254903,0.7524375832156971,1.0
bank_marketing,hgb,treeshap,spur,random,3,4,0.0,0.2,-0.17892156862745098,0.6207286975173442,1.0
bank_marketing,hgb,treeshap,spur,permuted,0,1,0.0,0.4,0.12254901960784316,0.0663472216097102,1.0
bank_marketing,hgb,treeshap,spur,permuted,0,2,0.0,0.4,0.012254901960784315,0.08326502656572768,1.0
bank_marketing,hgb,treeshap,spur,permuted,0,3,0.0,0.0,0.009803921568627453,0.03861544653783871,1.0
bank_marketing,hgb,treeshap,spur,permuted,0,4,0.0,0.2,0.002450980392156863,0.08055666170919881,1.0
bank_marketing,hgb,treeshap,spur,permuted,1,2,0.0,0.6,0.14705882352941177,0.1071801202072204,1.0
bank_marketing,hgb,treeshap,spur,permuted,1,3,0.3333333333333333,0.4,0.40441176470588236,0.07735426463658604,1.0
bank_marketing,hgb,treeshap,spur,permuted,1,4,0.0,0.4,0.11764705882352941,0.07212708630994424,1.0
bank_marketing,hgb,treeshap,spur,permuted,2,3,0.3333333333333333,0.4,0.08823529411764706,0.28948318122165856,1.0
bank_marketing,hgb,treeshap,spur,permuted,2,4,0.0,0.4,-0.33333333333333337,0.06564371775283966,1.0
bank_marketing,hgb,treeshap,spur,permuted,3,4,0.3333333333333333,0.4,0.27941176470588236,0.25346866576194876,1.0
bank_marketing,hgb,treeshap,spur,constant,0,1,1.0,1.0,0.0,1.0,1.0
bank_marketing,hgb,treeshap,spur,constant,0,2,1.0,1.0,0.0,1.0,1.0
bank_marketing,hgb,treeshap,spur,constant,0,3,1.0,1.0,0.0,1.0,1.0
bank_marketing,hgb,treeshap,spur,constant,0,4,1.0,1.0,0.0,1.0,1.0
bank_marketing,hgb,treeshap,spur,constant,1,2,1.0,1.0,0.0,1.0,1.0
bank_marketing,hgb,treeshap,spur,constant,1,3,1.0,1.0,0.0,1.0,1.0
bank_marketing,hgb,treeshap,spur,constant,1,4,1.0,1.0,0.0,1.0,1.0
bank_marketing,hgb,treeshap,spur,constant,2,3,1.0,1.0,0.0,1.0,1.0
bank_marketing,hgb,treeshap,spur,constant,2,4,1.0,1.0,0.0,1.0,1.0
bank_marketing,hgb,treeshap,spur,constant,3,4,1.0,1.0,0.0,1.0,1.0
bank_marketing,hgb,treeshap,spur,oracle,0,1,1.0,1.0,1.0,1.0,1.0
bank_marketing,hgb,treeshap,spur,oracle,0,2,1.0,1.0,1.0,1.0,1.0
bank_marketing,hgb,treeshap,spur,oracle,0,3,1.0,1.0,1.0,1.0,1.0
bank_marketing,hgb,treeshap,spur,oracle,0,4,1.0,1.0,1.0,1.0,1.0
bank_marketing,hgb,treeshap,spur,oracle,1,2,1.0,1.0,1.0,1.0,1.0
bank_marketing,hgb,treeshap,spur,oracle,1,3,1.0,1.0,1.0,1.0,1.0
bank_marketing,hgb,treeshap,spur,oracle,1,4,1.0,1.0,1.0,1.0,1.0
bank_marketing,hgb,treeshap,spur,oracle,2,3,1.0,1.0,1.0,1.0,1.0
bank_marketing,hgb,treeshap,spur,oracle,2,4,1.0,1.0,1.0,1.0,1.0
bank_marketing,hgb,treeshap,spur,oracle,3,4,1.0,1.0,1.0,1.0,1.0
bank_marketing,hgb,lime,clean,real,0,1,1.0,1.0,0.9735294117647059,0.9830159691383176,1.0
bank_marketing,hgb,lime,clean,real,0,2,1.0,1.0,0.9264705882352942,0.973924361692535,1.0
bank_marketing,hgb,lime,clean,real,0,3,1.0,1.0,0.9411764705882352,0.9409980755943966,1.0
bank_marketing,hgb,lime,clean,real,0,4,1.0,1.0,0.8970588235294116,0.9836106189906169,1.0
bank_marketing,hgb,lime,clean,real,1,2,1.0,1.0,0.9264705882352942,0.9879604598382028,1.0
bank_marketing,hgb,lime,clean,real,1,3,1.0,1.0,0.9382352941176471,0.973446511606703,1.0
bank_marketing,hgb,lime,clean,real,1,4,1.0,1.0,0.9323529411764706,0.9923294290618944,1.0
bank_marketing,hgb,lime,clean,real,2,3,1.0,1.0,0.8558823529411764,0.9890044698445798,1.0
bank_marketing,hgb,lime,clean,real,2,4,1.0,1.0,0.8941176470588235,0.996381739161348,1.0
bank_marketing,hgb,lime,clean,real,3,4,1.0,1.0,0.9264705882352942,0.9821870666834931,1.0
bank_marketing,hgb,lime,clean,random,0,1,0.3333333333333333,0.6,0.3294117647058824,0.8216106526837538,1.0
bank_marketing,hgb,lime,clean,random,0,2,0.3333333333333333,0.2,0.2441176470588235,0.8345687287074471,1.0
bank_marketing,hgb,lime,clean,random,0,3,0.3333333333333333,0.2,0.29705882352941176,0.8515070702422333,1.0
bank_marketing,hgb,lime,clean,random,0,4,0.0,0.4,0.014705882352941175,0.767195990572829,1.0
bank_marketing,hgb,lime,clean,random,1,2,0.3333333333333333,0.2,0.14411764705882352,0.7931226385096337,1.0
bank_marketing,hgb,lime,clean,random,1,3,0.3333333333333333,0.4,0.2441176470588235,0.823163655072598,1.0
bank_marketing,hgb,lime,clean,random,1,4,0.0,0.2,0.03823529411764706,0.7100335950804065,1.0
bank_marketing,hgb,lime,clean,random,2,3,0.0,0.4,0.18529411764705883,0.8324905900969745,1.0
bank_marketing,hgb,lime,clean,random,2,4,0.0,0.2,-0.09117647058823529,0.7440231628395728,1.0
bank_marketing,hgb,lime,clean,random,3,4,0.3333333333333333,0.2,0.3029411764705882,0.8402020756837527,1.0
bank_marketing,hgb,lime,clean,permuted,0,1,0.0,0.2,0.14705882352941177,0.229685887557008,1.0
bank_marketing,hgb,lime,clean,permuted,0,2,0.6666666666666666,0.4,0.3382352941176471,0.7829890700202466,1.0
bank_marketing,hgb,lime,clean,permuted,0,3,0.0,0.4,0.1647058823529412,0.24766382484867608,1.0
bank_marketing,hgb,lime,clean,permuted,0,4,0.3333333333333333,0.4,-0.07352941176470588,0.3815212426220981,1.0
bank_marketing,hgb,lime,clean,permuted,1,2,0.3333333333333333,0.4,-0.12941176470588234,0.4040693781204226,1.0
bank_marketing,hgb,lime,clean,permuted,1,3,0.3333333333333333,0.4,0.3147058823529411,0.51450167772351,1.0
bank_marketing,hgb,lime,clean,permuted,1,4,0.0,0.2,0.023529411764705882,0.22001677377183065,1.0
bank_marketing,hgb,lime,clean,permuted,2,3,0.0,0.2,-0.3323529411764706,0.17059750205578783,1.0
bank_marketing,hgb,lime,clean,permuted,2,4,0.3333333333333333,0.2,0.0058823529411764705,0.35718821422724445,1.0
bank_marketing,hgb,lime,clean,permuted,3,4,0.0,0.2,-0.4588235294117647,0.22091583358021344,1.0
bank_marketing,hgb,lime,clean,constant,0,1,1.0,1.0,0.0,1.0,1.0
bank_marketing,hgb,lime,clean,constant,0,2,1.0,1.0,0.0,1.0,1.0
bank_marketing,hgb,lime,clean,constant,0,3,1.0,1.0,0.0,1.0,1.0
bank_marketing,hgb,lime,clean,constant,0,4,1.0,1.0,0.0,1.0,1.0
bank_marketing,hgb,lime,clean,constant,1,2,1.0,1.0,0.0,1.0,1.0
bank_marketing,hgb,lime,clean,constant,1,3,1.0,1.0,0.0,1.0,1.0
bank_marketing,hgb,lime,clean,constant,1,4,1.0,1.0,0.0,1.0,1.0
bank_marketing,hgb,lime,clean,constant,2,3,1.0,1.0,0.0,1.0,1.0
bank_marketing,hgb,lime,clean,constant,2,4,1.0,1.0,0.0,1.0,1.0
bank_marketing,hgb,lime,clean,constant,3,4,1.0,1.0,0.0,1.0,1.0
bank_marketing,hgb,lime,clean,oracle,0,1,1.0,1.0,1.0,0.9999999999999998,1.0
bank_marketing,hgb,lime,clean,oracle,0,2,1.0,1.0,1.0,0.9999999999999998,1.0
bank_marketing,hgb,lime,clean,oracle,0,3,1.0,1.0,1.0,0.9999999999999998,1.0
bank_marketing,hgb,lime,clean,oracle,0,4,1.0,1.0,1.0,0.9999999999999998,1.0
bank_marketing,hgb,lime,clean,oracle,1,2,1.0,1.0,1.0,0.9999999999999998,1.0
bank_marketing,hgb,lime,clean,oracle,1,3,1.0,1.0,1.0,0.9999999999999998,1.0
bank_marketing,hgb,lime,clean,oracle,1,4,1.0,1.0,1.0,0.9999999999999998,1.0
bank_marketing,hgb,lime,clean,oracle,2,3,1.0,1.0,1.0,0.9999999999999998,1.0
bank_marketing,hgb,lime,clean,oracle,2,4,1.0,1.0,1.0,0.9999999999999998,1.0
bank_marketing,hgb,lime,clean,oracle,3,4,1.0,1.0,1.0,0.9999999999999998,1.0
bank_marketing,hgb,lime,spur,real,0,1,1.0,0.8,0.9632352941176472,0.9769029847693922,1.0
bank_marketing,hgb,lime,spur,real,0,2,1.0,1.0,0.9681372549019608,0.9863309768430352,1.0
bank_marketing,hgb,lime,spur,real,0,3,1.0,1.0,0.9436274509803922,0.9870231760534787,1.0
bank_marketing,hgb,lime,spur,real,0,4,1.0,0.8,0.9142156862745098,0.9853918663194349,1.0
bank_marketing,hgb,lime,spur,real,1,2,1.0,0.8,0.9583333333333335,0.9948929065336393,1.0
bank_marketing,hgb,lime,spur,real,1,3,1.0,0.8,0.9264705882352943,0.983734623405562,1.0
bank_marketing,hgb,lime,spur,real,1,4,1.0,0.8,0.8823529411764707,0.9941499324081263,1.0
bank_marketing,hgb,lime,spur,real,2,3,1.0,1.0,0.9681372549019608,0.9890281200726052,1.0
bank_marketing,hgb,lime,spur,real,2,4,1.0,0.8,0.9068627450980394,0.9944596251313969,1.0
bank_marketing,hgb,lime,spur,real,3,4,1.0,0.8,0.9093137254901962,0.9850556255069889,1.0
bank_marketing,hgb,lime,spur,random,0,1,0.0,0.2,-0.36764705882352944,0.6417853830772081,1.0
bank_marketing,hgb,lime,spur,random,0,2,0.0,0.2,0.08823529411764706,0.7829164748847987,1.0
bank_marketing,hgb,lime,spur,random,0,3,0.0,0.2,0.04901960784313726,0.7846725969648457,1.0
bank_marketing,hgb,lime,spur,random,0,4,0.3333333333333333,0.4,0.22794117647058826,0.7934869580085951,1.0
bank_marketing,hgb,lime,spur,random,1,2,0.0,0.4,0.019607843137254905,0.6738168306835374,1.0
bank_marketing,hgb,lime,spur,random,1,3,0.3333333333333333,0.4,-0.14215686274509806,0.6793485774002381,1.0
bank_marketing,hgb,lime,spur,random,1,4,0.3333333333333333,0.2,0.09803921568627452,0.8115731094720918,1.0
bank_marketing,hgb,lime,spur,random,2,3,0.0,0.2,-0.20833333333333337,0.5979385139849757,1.0
bank_marketing,hgb,lime,spur,random,2,4,0.0,0.4,-0.11764705882352941,0.730885940812126,1.0
bank_marketing,hgb,lime,spur,random,3,4,0.0,0.0,-0.08578431372549021,0.7208187802355237,1.0
bank_marketing,hgb,lime,spur,permuted,0,1,0.0,0.0,-0.13725490196078433,0.3033894521300547,1.0
bank_marketing,hgb,lime,spur,permuted,0,2,0.0,0.4,0.10294117647058824,0.49654744573310916,1.0
bank_marketing,hgb,lime,spur,permuted,0,3,0.3333333333333333,0.4,0.06862745098039216,0.5756358129893342,1.0
bank_marketing,hgb,lime,spur,permuted,0,4,0.0,0.2,0.03676470588235294,0.4421526183606959,1.0
bank_marketing,hgb,lime,spur,permuted,1,2,0.0,0.0,-0.14705882352941177,0.33957578195955246,1.0
bank_marketing,hgb,lime,spur,permuted,1,3,0.3333333333333333,0.4,0.19607843137254904,0.502824571659256,1.0
bank_marketing,hgb,lime,spur,permuted,1,4,0.0,0.2,-0.2034313725490196,0.3258938229974062,1.0
bank_marketing,hgb,lime,spur,permuted,2,3,0.3333333333333333,0.4,0.3651960784313726,0.595915077931483,1.0
bank_marketing,hgb,lime,spur,permuted,2,4,0.0,0.0,0.11519607843137256,0.4013097213106593,1.0
bank_marketing,hgb,lime,spur,permuted,3,4,0.0,0.2,-0.06862745098039216,0.4070929446720215,1.0
bank_marketing,hgb,lime,spur,constant,0,1,1.0,1.0,0.0,1.0,1.0
bank_marketing,hgb,lime,spur,constant,0,2,1.0,1.0,0.0,1.0,1.0
bank_marketing,hgb,lime,spur,constant,0,3,1.0,1.0,0.0,1.0,1.0
bank_marketing,hgb,lime,spur,constant,0,4,1.0,1.0,0.0,1.0,1.0
bank_marketing,hgb,lime,spur,constant,1,2,1.0,1.0,0.0,1.0,1.0
bank_marketing,hgb,lime,spur,constant,1,3,1.0,1.0,0.0,1.0,1.0
bank_marketing,hgb,lime,spur,constant,1,4,1.0,1.0,0.0,1.0,1.0
bank_marketing,hgb,lime,spur,constant,2,3,1.0,1.0,0.0,1.0,1.0
bank_marketing,hgb,lime,spur,constant,2,4,1.0,1.0,0.0,1.0,1.0
bank_marketing,hgb,lime,spur,constant,3,4,1.0,1.0,0.0,1.0,1.0
bank_marketing,hgb,lime,spur,oracle,0,1,1.0,1.0,1.0,1.0,1.0
bank_marketing,hgb,lime,spur,oracle,0,2,1.0,1.0,1.0,1.0,1.0
bank_marketing,hgb,lime,spur,oracle,0,3,1.0,1.0,1.0,1.0,1.0
bank_marketing,hgb,lime,spur,oracle,0,4,1.0,1.0,1.0,1.0,1.0
bank_marketing,hgb,lime,spur,oracle,1,2,1.0,1.0,1.0,1.0,1.0
bank_marketing,hgb,lime,spur,oracle,1,3,1.0,1.0,1.0,1.0,1.0
bank_marketing,hgb,lime,spur,oracle,1,4,1.0,1.0,1.0,1.0,1.0
bank_marketing,hgb,lime,spur,oracle,2,3,1.0,1.0,1.0,1.0,1.0
bank_marketing,hgb,lime,spur,oracle,2,4,1.0,1.0,1.0,1.0,1.0
bank_marketing,hgb,lime,spur,oracle,3,4,1.0,1.0,1.0,1.0,1.0
bank_marketing,mlp,ig,clean,real,0,1,1.0,1.0,0.8558823529411764,0.9903070718867141,1.0
bank_marketing,mlp,ig,clean,real,0,2,1.0,1.0,0.8147058823529412,0.9904268011085344,1.0
bank_marketing,mlp,ig,clean,real,0,3,1.0,1.0,0.9058823529411765,0.9961796284269279,1.0
bank_marketing,mlp,ig,clean,real,0,4,0.6666666666666666,1.0,0.8441176470588234,0.9816188908988602,1.0
bank_marketing,mlp,ig,clean,real,1,2,1.0,1.0,0.9029411764705882,0.9962735084766675,1.0
bank_marketing,mlp,ig,clean,real,1,3,1.0,1.0,0.9382352941176471,0.9972915354814658,1.0
bank_marketing,mlp,ig,clean,real,1,4,0.6666666666666666,1.0,0.8558823529411764,0.9887029438245684,1.0
bank_marketing,mlp,ig,clean,real,2,3,1.0,1.0,0.9147058823529413,0.9957676555733819,1.0
bank_marketing,mlp,ig,clean,real,2,4,0.6666666666666666,1.0,0.8029411764705883,0.9883920993617953,1.0
bank_marketing,mlp,ig,clean,real,3,4,0.6666666666666666,1.0,0.7999999999999999,0.9887974809266966,1.0
bank_marketing,mlp,ig,clean,random,0,1,0.6666666666666666,0.6,0.10882352941176471,0.7507314055576888,1.0
bank_marketing,mlp,ig,clean,random,0,2,0.0,0.4,0.05294117647058824,0.7511052132866739,1.0
bank_marketing,mlp,ig,clean,random,0,3,0.0,0.2,-0.11176470588235293,0.679975375312584,1.0
bank_marketing,mlp,ig,clean,random,0,4,0.0,0.2,-0.032352941176470584,0.7314963836630223,1.0
bank_marketing,mlp,ig,clean,random,1,2,0.0,0.4,-0.07058823529411765,0.7359059607849046,1.0
bank_marketing,mlp,ig,clean,random,1,3,0.0,0.2,-0.2676470588235294,0.6561845617498306,1.0
bank_marketing,mlp,ig,clean,random,1,4,0.0,0.2,-0.45294117647058824,0.6192496786656925,1.0
bank_marketing,mlp,ig,clean,random,2,3,0.0,0.2,0.3029411764705882,0.8356522993472663,1.0
bank_marketing,mlp,ig,clean,random,2,4,0.3333333333333333,0.4,0.1647058823529412,0.8238336119453047,1.0
bank_marketing,mlp,ig,clean,random,3,4,0.3333333333333333,0.2,0.15882352941176472,0.8153675184147384,1.0
bank_marketing,mlp,ig,clean,permuted,0,1,0.0,0.2,-0.10588235294117648,0.41967162378736467,1.0
bank_marketing,mlp,ig,clean,permuted,0,2,0.3333333333333333,0.4,0.18529411764705883,0.8173124444186006,1.0
bank_marketing,mlp,ig,clean,permuted,0,3,0.0,0.4,-0.23823529411764705,0.2971543510922929,1.0
bank_marketing,mlp,ig,clean,permuted,0,4,0.0,0.2,-0.11470588235294117,0.43086500564193037,1.0
bank_marketing,mlp,ig,clean,permuted,1,2,0.6666666666666666,0.4,0.03529411764705882,0.632331053222233,1.0
bank_marketing,mlp,ig,clean,permuted,1,3,0.3333333333333333,0.4,0.2588235294117647,0.5306619905591461,1.0
bank_marketing,mlp,ig,clean,permuted,1,4,0.0,0.0,-0.07058823529411765,0.3953291562293989,1.0
bank_marketing,mlp,ig,clean,permuted,2,3,0.0,0.0,-0.5794117647058823,0.32134021919011174,1.0
bank_marketing,mlp,ig,clean,permuted,2,4,0.0,0.2,0.4558823529411765,0.5616710992525622,1.0
bank_marketing,mlp,ig,clean,permuted,3,4,0.0,0.2,-0.5235294117647059,0.3699974891371582,1.0
bank_marketing,mlp,ig,clean,constant,0,1,1.0,1.0,0.0,1.0,1.0
bank_marketing,mlp,ig,clean,constant,0,2,1.0,1.0,0.0,1.0,1.0
bank_marketing,mlp,ig,clean,constant,0,3,1.0,1.0,0.0,1.0,1.0
bank_marketing,mlp,ig,clean,constant,0,4,1.0,1.0,0.0,1.0,1.0
bank_marketing,mlp,ig,clean,constant,1,2,1.0,1.0,0.0,1.0,1.0
bank_marketing,mlp,ig,clean,constant,1,3,1.0,1.0,0.0,1.0,1.0
bank_marketing,mlp,ig,clean,constant,1,4,1.0,1.0,0.0,1.0,1.0
bank_marketing,mlp,ig,clean,constant,2,3,1.0,1.0,0.0,1.0,1.0
bank_marketing,mlp,ig,clean,constant,2,4,1.0,1.0,0.0,1.0,1.0
bank_marketing,mlp,ig,clean,constant,3,4,1.0,1.0,0.0,1.0,1.0
bank_marketing,mlp,ig,clean,oracle,0,1,1.0,1.0,1.0,0.9999999999999998,1.0
bank_marketing,mlp,ig,clean,oracle,0,2,1.0,1.0,1.0,0.9999999999999998,1.0
bank_marketing,mlp,ig,clean,oracle,0,3,1.0,1.0,1.0,0.9999999999999998,1.0
bank_marketing,mlp,ig,clean,oracle,0,4,1.0,1.0,1.0,0.9999999999999998,1.0
bank_marketing,mlp,ig,clean,oracle,1,2,1.0,1.0,1.0,0.9999999999999998,1.0
bank_marketing,mlp,ig,clean,oracle,1,3,1.0,1.0,1.0,0.9999999999999998,1.0
bank_marketing,mlp,ig,clean,oracle,1,4,1.0,1.0,1.0,0.9999999999999998,1.0
bank_marketing,mlp,ig,clean,oracle,2,3,1.0,1.0,1.0,0.9999999999999998,1.0
bank_marketing,mlp,ig,clean,oracle,2,4,1.0,1.0,1.0,0.9999999999999998,1.0
bank_marketing,mlp,ig,clean,oracle,3,4,1.0,1.0,1.0,0.9999999999999998,1.0
bank_marketing,mlp,ig,spur,real,0,1,1.0,0.8,0.8651960784313727,0.9958318865554987,1.0
bank_marketing,mlp,ig,spur,real,0,2,1.0,0.8,0.8455882352941178,0.9969897262945941,1.0
bank_marketing,mlp,ig,spur,real,0,3,1.0,0.8,0.7107843137254903,0.9931358094317307,1.0
bank_marketing,mlp,ig,spur,real,0,4,1.0,0.8,0.7181372549019608,0.9851110157250641,1.0
bank_marketing,mlp,ig,spur,real,1,2,1.0,1.0,0.8161764705882354,0.994245868691265,1.0
bank_marketing,mlp,ig,spur,real,1,3,1.0,0.8,0.8897058823529412,0.9970297677230464,1.0
bank_marketing,mlp,ig,spur,real,1,4,1.0,0.8,0.8627450980392157,0.9827714783941117,1.0
bank_marketing,mlp,ig,spur,real,2,3,1.0,0.8,0.6715686274509804,0.9907951078675996,1.0
bank_marketing,mlp,ig,spur,real,2,4,1.0,0.8,0.8259803921568629,0.9856193791908374,1.0
bank_marketing,mlp,ig,spur,real,3,4,1.0,1.0,0.8872549019607844,0.9837166723433834,1.0
bank_marketing,mlp,ig,spur,random,0,1,0.0,0.2,-0.3137254901960785,0.6711146441349006,1.0
bank_marketing,mlp,ig,spur,random,0,2,0.3333333333333333,0.4,-0.14460784313725492,0.7328797922066591,1.0
bank_marketing,mlp,ig,spur,random,0,3,0.3333333333333333,0.4,-0.014705882352941176,0.6758150830623724,1.0
bank_marketing,mlp,ig,spur,random,0,4,0.3333333333333333,0.6,0.4191176470588236,0.863782251242145,1.0
bank_marketing,mlp,ig,spur,random,1,2,0.6666666666666666,0.6,0.4558823529411765,0.843286644095646,1.0
bank_marketing,mlp,ig,spur,random,1,3,0.0,0.6,0.14705882352941177,0.7392392286197921,1.0
bank_marketing,mlp,ig,spur,random,1,4,0.0,0.2,-0.34558823529411764,0.6488271447580469,1.0
bank_marketing,mlp,ig,spur,random,2,3,0.3333333333333333,0.4,0.22058823529411767,0.7703685508847314,1.0
bank_marketing,mlp,ig,spur,random,2,4,0.0,0.4,-0.31617647058823534,0.6738455690403717,1.0
bank_marketing,mlp,ig,spur,random,3,4,0.0,0.4,0.03431372549019608,0.671973376451201,1.0
bank_marketing,mlp,ig,spur,permuted,0,1,0.3333333333333333,0.4,0.21568627450980393,0.5129864051119964,1.0
bank_marketing,mlp,ig,spur,permuted,0,2,0.0,0.4,0.18627450980392157,0.2809135606629511,1.0
bank_marketing,mlp,ig,spur,permuted,0,3,0.3333333333333333,0.4,-0.15441176470588236,0.23173815629055855,1.0
bank_marketing,mlp,ig,spur,permuted,0,4,0.3333333333333333,0.4,-0.012254901960784315,0.31717284721655253,1.0
bank_marketing,mlp,ig,spur,permuted,1,2,0.0,0.2,0.24019607843137256,0.24445724889363799,1.0
bank_marketing,mlp,ig,spur,permuted,1,3,0.3333333333333333,0.4,0.24019607843137256,0.336394705831141,1.0
bank_marketing,mlp,ig,spur,permuted,1,4,0.0,0.2,-0.3774509803921569,0.166754424771942,1.0
bank_marketing,mlp,ig,spur,permuted,2,3,0.0,0.4,0.10049019607843139,0.28224496622985396,1.0
bank_marketing,mlp,ig,spur,permuted,2,4,0.0,0.4,-0.27941176470588236,0.19986924600988887,1.0
bank_marketing,mlp,ig,spur,permuted,3,4,0.0,0.2,-0.6102941176470589,0.1411833629540413,1.0
bank_marketing,mlp,ig,spur,constant,0,1,1.0,1.0,0.0,1.0,1.0
bank_marketing,mlp,ig,spur,constant,0,2,1.0,1.0,0.0,1.0,1.0
bank_marketing,mlp,ig,spur,constant,0,3,1.0,1.0,0.0,1.0,1.0
bank_marketing,mlp,ig,spur,constant,0,4,1.0,1.0,0.0,1.0,1.0
bank_marketing,mlp,ig,spur,constant,1,2,1.0,1.0,0.0,1.0,1.0
bank_marketing,mlp,ig,spur,constant,1,3,1.0,1.0,0.0,1.0,1.0
bank_marketing,mlp,ig,spur,constant,1,4,1.0,1.0,0.0,1.0,1.0
bank_marketing,mlp,ig,spur,constant,2,3,1.0,1.0,0.0,1.0,1.0
bank_marketing,mlp,ig,spur,constant,2,4,1.0,1.0,0.0,1.0,1.0
bank_marketing,mlp,ig,spur,constant,3,4,1.0,1.0,0.0,1.0,1.0
bank_marketing,mlp,ig,spur,oracle,0,1,1.0,1.0,1.0,1.0,1.0
bank_marketing,mlp,ig,spur,oracle,0,2,1.0,1.0,1.0,1.0,1.0
bank_marketing,mlp,ig,spur,oracle,0,3,1.0,1.0,1.0,1.0,1.0
bank_marketing,mlp,ig,spur,oracle,0,4,1.0,1.0,1.0,1.0,1.0
bank_marketing,mlp,ig,spur,oracle,1,2,1.0,1.0,1.0,1.0,1.0
bank_marketing,mlp,ig,spur,oracle,1,3,1.0,1.0,1.0,1.0,1.0
bank_marketing,mlp,ig,spur,oracle,1,4,1.0,1.0,1.0,1.0,1.0
bank_marketing,mlp,ig,spur,oracle,2,3,1.0,1.0,1.0,1.0,1.0
bank_marketing,mlp,ig,spur,oracle,2,4,1.0,1.0,1.0,1.0,1.0
bank_marketing,mlp,ig,spur,oracle,3,4,1.0,1.0,1.0,1.0,1.0
bank_marketing,mlp,lime,clean,real,0,1,1.0,1.0,0.9411764705882352,0.9945851210576621,1.0
bank_marketing,mlp,lime,clean,real,0,2,0.6666666666666666,1.0,0.9,0.9668573303044085,1.0
bank_marketing,mlp,lime,clean,real,0,3,1.0,1.0,0.9352941176470588,0.9676677302252757,1.0
bank_marketing,mlp,lime,clean,real,0,4,1.0,1.0,0.9088235294117648,0.9669894977196538,1.0
bank_marketing,mlp,lime,clean,real,1,2,0.6666666666666666,1.0,0.8705882352941177,0.9584836195287438,1.0
bank_marketing,mlp,lime,clean,real,1,3,1.0,1.0,0.9558823529411766,0.9748967146224521,1.0
bank_marketing,mlp,lime,clean,real,1,4,1.0,1.0,0.9558823529411766,0.9732100981098943,1.0
bank_marketing,mlp,lime,clean,real,2,3,0.6666666666666666,1.0,0.8588235294117647,0.8907189690239055,1.0
bank_marketing,mlp,lime,clean,real,2,4,0.6666666666666666,1.0,0.8470588235294119,0.8986189715240951,1.0
bank_marketing,mlp,lime,clean,real,3,4,1.0,1.0,0.9235294117647058,0.9910447494799963,1.0
bank_marketing,mlp,lime,clean,random,0,1,0.3333333333333333,0.6,0.2735294117647059,0.7633528180849741,1.0
bank_marketing,mlp,lime,clean,random,0,2,0.3333333333333333,0.4,-0.2647058823529412,0.6013335562116867,1.0
bank_marketing,mlp,lime,clean,random,0,3,0.3333333333333333,0.2,-0.19705882352941176,0.641632468844597,1.0
bank_marketing,mlp,lime,clean,random,0,4,0.0,0.4,-0.36470588235294116,0.5276340499811395,1.0
bank_marketing,mlp,lime,clean,random,1,2,0.6666666666666666,0.6,0.3,0.7954091114459158,1.0
bank_marketing,mlp,lime,clean,random,1,3,0.0,0.0,-0.09999999999999999,0.7598309192734656,1.0
bank_marketing,mlp,lime,clean,random,1,4,0.0,0.6,-0.21176470588235297,0.7049277027020922,1.0
bank_marketing,mlp,lime,clean,random,2,3,0.0,0.0,-0.30882352941176466,0.6649213710188078,1.0
bank_marketing,mlp,lime,clean,random,2,4,0.0,0.6,0.4323529411764706,0.890819506677887,1.0
bank_marketing,mlp,lime,clean,random,3,4,0.0,0.0,0.014705882352941175,0.7316364164783619,1.0
bank_marketing,mlp,lime,clean,permuted,0,1,0.3333333333333333,0.2,-0.14411764705882352,0.5086279440963665,1.0
bank_marketing,mlp,lime,clean,permuted,0,2,0.0,0.2,-0.11470588235294117,0.4449832300937526,1.0
bank_marketing,mlp,lime,clean,permuted,0,3,0.0,0.0,-0.34411764705882353,0.3149803716052898,1.0
bank_marketing,mlp,lime,clean,permuted,0,4,0.3333333333333333,0.2,0.33529411764705885,0.5294210839012199,1.0
bank_marketing,mlp,lime,clean,permuted,1,2,0.3333333333333333,0.4,0.12352941176470587,0.6300425818117972,1.0
bank_marketing,mlp,lime,clean,permuted,1,3,0.3333333333333333,0.4,-0.21470588235294116,0.5924068858043661,1.0
bank_marketing,mlp,lime,clean,permuted,1,4,0.3333333333333333,0.4,0.1264705882352941,0.6595896900212509,1.0
bank_marketing,mlp,lime,clean,permuted,2,3,0.3333333333333333,0.2,-0.03823529411764706,0.5409202396096545,1.0
bank_marketing,mlp,lime,clean,permuted,2,4,0.6666666666666666,0.4,0.21470588235294116,0.6505927979903472,1.0
bank_marketing,mlp,lime,clean,permuted,3,4,0.3333333333333333,0.6,0.19999999999999998,0.6604199852174747,1.0
bank_marketing,mlp,lime,clean,constant,0,1,1.0,1.0,0.0,1.0,1.0
bank_marketing,mlp,lime,clean,constant,0,2,1.0,1.0,0.0,1.0,1.0
bank_marketing,mlp,lime,clean,constant,0,3,1.0,1.0,0.0,1.0,1.0
bank_marketing,mlp,lime,clean,constant,0,4,1.0,1.0,0.0,1.0,1.0
bank_marketing,mlp,lime,clean,constant,1,2,1.0,1.0,0.0,1.0,1.0
bank_marketing,mlp,lime,clean,constant,1,3,1.0,1.0,0.0,1.0,1.0
bank_marketing,mlp,lime,clean,constant,1,4,1.0,1.0,0.0,1.0,1.0
bank_marketing,mlp,lime,clean,constant,2,3,1.0,1.0,0.0,1.0,1.0
bank_marketing,mlp,lime,clean,constant,2,4,1.0,1.0,0.0,1.0,1.0
bank_marketing,mlp,lime,clean,constant,3,4,1.0,1.0,0.0,1.0,1.0
bank_marketing,mlp,lime,clean,oracle,0,1,1.0,1.0,1.0,0.9999999999999998,1.0
bank_marketing,mlp,lime,clean,oracle,0,2,1.0,1.0,1.0,0.9999999999999998,1.0
bank_marketing,mlp,lime,clean,oracle,0,3,1.0,1.0,1.0,0.9999999999999998,1.0
bank_marketing,mlp,lime,clean,oracle,0,4,1.0,1.0,1.0,0.9999999999999998,1.0
bank_marketing,mlp,lime,clean,oracle,1,2,1.0,1.0,1.0,0.9999999999999998,1.0
bank_marketing,mlp,lime,clean,oracle,1,3,1.0,1.0,1.0,0.9999999999999998,1.0
bank_marketing,mlp,lime,clean,oracle,1,4,1.0,1.0,1.0,0.9999999999999998,1.0
bank_marketing,mlp,lime,clean,oracle,2,3,1.0,1.0,1.0,0.9999999999999998,1.0
bank_marketing,mlp,lime,clean,oracle,2,4,1.0,1.0,1.0,0.9999999999999998,1.0
bank_marketing,mlp,lime,clean,oracle,3,4,1.0,1.0,1.0,0.9999999999999998,1.0
bank_marketing,mlp,lime,spur,real,0,1,1.0,0.8,0.9460784313725492,0.9865065319589743,1.0
bank_marketing,mlp,lime,spur,real,0,2,1.0,1.0,0.9583333333333335,0.9804822882760644,1.0
bank_marketing,mlp,lime,spur,real,0,3,1.0,0.8,0.9068627450980394,0.9899258248531202,1.0
bank_marketing,mlp,lime,spur,real,0,4,1.0,0.8,0.9191176470588237,0.9909327624985869,1.0
bank_marketing,mlp,lime,spur,real,1,2,1.0,0.8,0.931372549019608,0.9818738151073362,1.0
bank_marketing,mlp,lime,spur,real,1,3,1.0,0.8,0.8872549019607844,0.9711661835238715,1.0
bank_marketing,mlp,lime,spur,real,1,4,1.0,0.8,0.8823529411764707,0.991859829385421,1.0
bank_marketing,mlp,lime,spur,real,2,3,1.0,0.8,0.8823529411764707,0.9671548225940877,1.0
bank_marketing,mlp,lime,spur,real,2,4,1.0,0.8,0.9215686274509804,0.9755809606950364,1.0
bank_marketing,mlp,lime,spur,real,3,4,1.0,0.6,0.8431372549019609,0.9794340122527242,1.0
bank_marketing,mlp,lime,spur,random,0,1,0.3333333333333333,0.4,-0.10784313725490197,0.7352094619481165,1.0
bank_marketing,mlp,lime,spur,random,0,2,0.3333333333333333,0.6,0.625,0.914168158781423,1.0
bank_marketing,mlp,lime,spur,random,0,3,0.3333333333333333,0.2,-0.09068627450980393,0.7503387747616974,1.0
bank_marketing,mlp,lime,spur,random,0,4,0.0,0.0,-0.6127450980392157,0.6959511692095638,1.0
bank_marketing,mlp,lime,spur,random,1,2,0.3333333333333333,0.6,0.5857843137254902,0.8881790261576065,1.0
bank_marketing,mlp,lime,spur,random,1,3,0.6666666666666666,0.4,0.30637254901960786,0.8339274068689928,1.0
bank_marketing,mlp,lime,spur,random,1,4,0.0,0.0,0.10784313725490197,0.8328637249065806,1.0
bank_marketing,mlp,lime,spur,random,2,3,0.3333333333333333,0.2,0.17156862745098042,0.8027729394329167,1.0
bank_marketing,mlp,lime,spur,random,2,4,0.0,0.0,-0.5269607843137256,0.7181006414015493,1.0
bank_marketing,mlp,lime,spur,random,3,4,0.0,0.4,0.22058823529411767,0.8494572371552954,1.0
bank_marketing,mlp,lime,spur,permuted,0,1,0.0,0.0,-0.058823529411764705,0.3467451701185471,1.0
bank_marketing,mlp,lime,spur,permuted,0,2,0.0,0.2,-0.1593137254901961,0.3296828165124805,1.0
bank_marketing,mlp,lime,spur,permuted,0,3,0.0,0.4,0.3921568627450981,0.4370906432361828,1.0
bank_marketing,mlp,lime,spur,permuted,0,4,0.3333333333333333,0.4,0.32598039215686275,0.5770738946340273,1.0
bank_marketing,mlp,lime,spur,permuted,1,2,0.0,0.2,0.2916666666666667,0.4207525906349717,1.0
bank_marketing,mlp,lime,spur,permuted,1,3,0.3333333333333333,0.4,0.12745098039215688,0.4897421354641827,1.0
bank_marketing,mlp,lime,spur,permuted,1,4,0.3333333333333333,0.2,-0.27450980392156865,0.48806563249752083,1.0
bank_marketing,mlp,lime,spur,permuted,2,3,0.0,0.4,-0.16421568627450983,0.3093561230313819,1.0
bank_marketing,mlp,lime,spur,permuted,2,4,0.0,0.2,0.21078431372549022,0.4625509099515225,1.0
bank_marketing,mlp,lime,spur,permuted,3,4,0.0,0.2,0.11519607843137256,0.39803972417814926,1.0
bank_marketing,mlp,lime,spur,constant,0,1,1.0,1.0,0.0,1.0,1.0
bank_marketing,mlp,lime,spur,constant,0,2,1.0,1.0,0.0,1.0,1.0
bank_marketing,mlp,lime,spur,constant,0,3,1.0,1.0,0.0,1.0,1.0
bank_marketing,mlp,lime,spur,constant,0,4,1.0,1.0,0.0,1.0,1.0
bank_marketing,mlp,lime,spur,constant,1,2,1.0,1.0,0.0,1.0,1.0
bank_marketing,mlp,lime,spur,constant,1,3,1.0,1.0,0.0,1.0,1.0
bank_marketing,mlp,lime,spur,constant,1,4,1.0,1.0,0.0,1.0,1.0
bank_marketing,mlp,lime,spur,constant,2,3,1.0,1.0,0.0,1.0,1.0
bank_marketing,mlp,lime,spur,constant,2,4,1.0,1.0,0.0,1.0,1.0
bank_marketing,mlp,lime,spur,constant,3,4,1.0,1.0,0.0,1.0,1.0
bank_marketing,mlp,lime,spur,oracle,0,1,1.0,1.0,1.0,1.0,1.0
bank_marketing,mlp,lime,spur,oracle,0,2,1.0,1.0,1.0,1.0,1.0
bank_marketing,mlp,lime,spur,oracle,0,3,1.0,1.0,1.0,1.0,1.0
bank_marketing,mlp,lime,spur,oracle,0,4,1.0,1.0,1.0,1.0,1.0
bank_marketing,mlp,lime,spur,oracle,1,2,1.0,1.0,1.0,1.0,1.0
bank_marketing,mlp,lime,spur,oracle,1,3,1.0,1.0,1.0,1.0,1.0
bank_marketing,mlp,lime,spur,oracle,1,4,1.0,1.0,1.0,1.0,1.0
bank_marketing,mlp,lime,spur,oracle,2,3,1.0,1.0,1.0,1.0,1.0
bank_marketing,mlp,lime,spur,oracle,2,4,1.0,1.0,1.0,1.0,1.0
bank_marketing,mlp,lime,spur,oracle,3,4,1.0,1.0,1.0,1.0,1.0
bank_marketing,mlp,kshap,clean,real,0,1,1.0,1.0,0.9,0.9891989592246637,1.0
bank_marketing,mlp,kshap,clean,real,0,2,1.0,1.0,0.9441176470588234,0.9867181722177822,1.0
bank_marketing,mlp,kshap,clean,real,0,3,1.0,1.0,0.8970588235294116,0.9944068920940592,1.0
bank_marketing,mlp,kshap,clean,real,0,4,1.0,0.8,0.8205882352941177,0.9889716886150868,1.0
bank_marketing,mlp,kshap,clean,real,1,2,1.0,1.0,0.9147058823529413,0.9936156381927499,1.0
bank_marketing,mlp,kshap,clean,real,1,3,1.0,1.0,0.911764705882353,0.9933169059128396,1.0
bank_marketing,mlp,kshap,clean,real,1,4,1.0,0.8,0.9382352941176471,0.9865498150847405,1.0
bank_marketing,mlp,kshap,clean,real,2,3,1.0,1.0,0.9647058823529412,0.990714236776805,1.0
bank_marketing,mlp,kshap,clean,real,2,4,1.0,0.8,0.8676470588235294,0.9850348069013929,1.0
bank_marketing,mlp,kshap,clean,real,3,4,1.0,0.8,0.8705882352941177,0.9939082846828114,1.0
bank_marketing,mlp,kshap,clean,random,0,1,0.0,0.4,-0.09411764705882353,0.7974670884624359,1.0
bank_marketing,mlp,kshap,clean,random,0,2,0.3333333333333333,0.2,-0.07058823529411765,0.6271136932856363,1.0
bank_marketing,mlp,kshap,clean,random,0,3,0.3333333333333333,0.4,-0.3529411764705882,0.6831123610286772,1.0
bank_marketing,mlp,kshap,clean,random,0,4,0.0,0.2,-0.37058823529411766,0.7621632778095597,1.0
bank_marketing,mlp,kshap,clean,random,1,2,0.3333333333333333,0.4,0.19411764705882353,0.7854726248937934,1.0
bank_marketing,mlp,kshap,clean,random,1,3,0.0,0.2,0.2088235294117647,0.8168935607860447,1.0
bank_marketing,mlp,kshap,clean,random,1,4,0.0,0.4,0.2323529411764706,0.877918286505823,1.0
bank_marketing,mlp,kshap,clean,random,2,3,0.0,0.2,-0.3058823529411765,0.5937908083493185,1.0
bank_marketing,mlp,kshap,clean,random,2,4,0.3333333333333333,0.4,0.1323529411764706,0.7648925800281265,1.0
bank_marketing,mlp,kshap,clean,random,3,4,0.0,0.4,0.032352941176470584,0.7108569308692854,1.0
bank_marketing,mlp,kshap,clean,permuted,0,1,0.3333333333333333,0.4,-0.011764705882352941,0.8235092413259869,1.0
bank_marketing,mlp,kshap,clean,permuted,0,2,0.6666666666666666,0.4,0.26176470588235295,0.5185470299968177,1.0
bank_marketing,mlp,kshap,clean,permuted,0,3,0.3333333333333333,0.2,0.35000000000000003,0.5843371238261144,1.0
bank_marketing,mlp,kshap,clean,permuted,0,4,0.0,0.2,-0.34705882352941175,0.29210532279163864,1.0
bank_marketing,mlp,kshap,clean,permuted,1,2,0.0,0.2,-0.2323529411764706,0.2858672310107101,1.0
bank_marketing,mlp,kshap,clean,permuted,1,3,0.3333333333333333,0.4,-0.1264705882352941,0.5663609248788913,1.0
bank_marketing,mlp,kshap,clean,permuted,1,4,0.6666666666666666,0.4,0.23823529411764705,0.47926605111478376,1.0
bank_marketing,mlp,kshap,clean,permuted,2,3,0.3333333333333333,0.4,0.22058823529411767,0.6212642251835987,1.0
bank_marketing,mlp,kshap,clean,permuted,2,4,0.0,0.0,-0.44705882352941173,0.24380437307043182,1.0
bank_marketing,mlp,kshap,clean,permuted,3,4,0.0,0.0,-0.5941176470588235,0.19112553700017734,1.0
bank_marketing,mlp,kshap,clean,constant,0,1,1.0,1.0,0.0,1.0,1.0
bank_marketing,mlp,kshap,clean,constant,0,2,1.0,1.0,0.0,1.0,1.0
bank_marketing,mlp,kshap,clean,constant,0,3,1.0,1.0,0.0,1.0,1.0
bank_marketing,mlp,kshap,clean,constant,0,4,1.0,1.0,0.0,1.0,1.0
bank_marketing,mlp,kshap,clean,constant,1,2,1.0,1.0,0.0,1.0,1.0
bank_marketing,mlp,kshap,clean,constant,1,3,1.0,1.0,0.0,1.0,1.0
bank_marketing,mlp,kshap,clean,constant,1,4,1.0,1.0,0.0,1.0,1.0
bank_marketing,mlp,kshap,clean,constant,2,3,1.0,1.0,0.0,1.0,1.0
bank_marketing,mlp,kshap,clean,constant,2,4,1.0,1.0,0.0,1.0,1.0
bank_marketing,mlp,kshap,clean,constant,3,4,1.0,1.0,0.0,1.0,1.0
bank_marketing,mlp,kshap,clean,oracle,0,1,1.0,1.0,1.0,0.9999999999999998,1.0
bank_marketing,mlp,kshap,clean,oracle,0,2,1.0,1.0,1.0,0.9999999999999998,1.0
bank_marketing,mlp,kshap,clean,oracle,0,3,1.0,1.0,1.0,0.9999999999999998,1.0
bank_marketing,mlp,kshap,clean,oracle,0,4,1.0,1.0,1.0,0.9999999999999998,1.0
bank_marketing,mlp,kshap,clean,oracle,1,2,1.0,1.0,1.0,0.9999999999999998,1.0
bank_marketing,mlp,kshap,clean,oracle,1,3,1.0,1.0,1.0,0.9999999999999998,1.0
bank_marketing,mlp,kshap,clean,oracle,1,4,1.0,1.0,1.0,0.9999999999999998,1.0
bank_marketing,mlp,kshap,clean,oracle,2,3,1.0,1.0,1.0,0.9999999999999998,1.0
bank_marketing,mlp,kshap,clean,oracle,2,4,1.0,1.0,1.0,0.9999999999999998,1.0
bank_marketing,mlp,kshap,clean,oracle,3,4,1.0,1.0,1.0,0.9999999999999998,1.0
ccdefault,logreg,linshap,clean,real,0,1,1.0,1.0,1.0,0.9999999999999998,1.0
ccdefault,logreg,linshap,clean,real,0,2,1.0,1.0,1.0,0.9999999999999998,1.0
ccdefault,logreg,linshap,clean,real,0,3,1.0,1.0,1.0,0.9999999999999998,1.0
ccdefault,logreg,linshap,clean,real,0,4,1.0,1.0,1.0,0.9999999999999998,1.0
ccdefault,logreg,linshap,clean,real,1,2,1.0,1.0,1.0,0.9999999999999998,1.0
ccdefault,logreg,linshap,clean,real,1,3,1.0,1.0,1.0,0.9999999999999998,1.0
ccdefault,logreg,linshap,clean,real,1,4,1.0,1.0,1.0,0.9999999999999998,1.0
ccdefault,logreg,linshap,clean,real,2,3,1.0,1.0,1.0,0.9999999999999998,1.0
ccdefault,logreg,linshap,clean,real,2,4,1.0,1.0,1.0,0.9999999999999998,1.0
ccdefault,logreg,linshap,clean,real,3,4,1.0,1.0,1.0,0.9999999999999998,1.0
ccdefault,logreg,linshap,clean,random,0,1,0.3333333333333333,0.4,0.12351778656126483,0.7332581880286916,1.0
ccdefault,logreg,linshap,clean,random,0,2,0.0,0.0,-0.0009881422924901185,0.6731692962299032,1.0
ccdefault,logreg,linshap,clean,random,0,3,0.3333333333333333,0.2,0.005928853754940711,0.7196555215629619,1.0
ccdefault,logreg,linshap,clean,random,0,4,0.0,0.0,-0.1492094861660079,0.695949494955506,1.0
ccdefault,logreg,linshap,clean,random,1,2,0.0,0.0,0.1314229249011858,0.8006508518690002,1.0
ccdefault,logreg,linshap,clean,random,1,3,0.0,0.4,0.07411067193675888,0.8127885560340614,1.0
ccdefault,logreg,linshap,clean,random,1,4,0.0,0.0,-0.43280632411067194,0.7211155654386489,1.0
ccdefault,logreg,linshap,clean,random,2,3,0.0,0.0,-0.4367588932806324,0.6222894229958349,1.0
ccdefault,logreg,linshap,clean,random,2,4,0.0,0.2,-0.23023715415019763,0.699368018717186,1.0
ccdefault,logreg,linshap,clean,random,3,4,0.6666666666666666,0.4,0.34189723320158105,0.832782511779349,1.0
ccdefault,logreg,linshap,clean,permuted,0,1,0.3333333333333333,0.4,0.5395256916996047,0.4980350318677606,1.0
ccdefault,logreg,linshap,clean,permuted,0,2,0.3333333333333333,0.2,0.13438735177865613,0.5660738679241004,1.0
ccdefault,logreg,linshap,clean,permuted,0,3,0.0,0.0,-0.05335968379446641,0.37259156999689913,1.0
ccdefault,logreg,linshap,clean,permuted,0,4,0.0,0.2,-0.3073122529644269,0.3018673477266742,1.0
ccdefault,logreg,linshap,clean,permuted,1,2,0.0,0.0,-0.08399209486166008,0.37039350597374865,1.0
ccdefault,logreg,linshap,clean,permuted,1,3,0.0,0.0,-0.06422924901185771,0.3567238693896002,1.0
ccdefault,logreg,linshap,clean,permuted,1,4,0.0,0.2,-0.11660079051383401,0.37416463575863584,1.0
ccdefault,logreg,linshap,clean,permuted,2,3,0.0,0.2,-0.058300395256917006,0.3874800426396791,1.0
ccdefault,logreg,linshap,clean,permuted,2,4,0.3333333333333333,0.4,0.10276679841897234,0.43970871673030865,1.0
ccdefault,logreg,linshap,clean,permuted,3,4,0.0,0.0,-0.39328063241106714,0.2114683452494978,1.0
ccdefault,logreg,linshap,clean,constant,0,1,1.0,1.0,0.0,1.0000000000000002,1.0
ccdefault,logreg,linshap,clean,constant,0,2,1.0,1.0,0.0,1.0000000000000002,1.0
ccdefault,logreg,linshap,clean,constant,0,3,1.0,1.0,0.0,1.0000000000000002,1.0
ccdefault,logreg,linshap,clean,constant,0,4,1.0,1.0,0.0,1.0000000000000002,1.0
ccdefault,logreg,linshap,clean,constant,1,2,1.0,1.0,0.0,1.0000000000000002,1.0
ccdefault,logreg,linshap,clean,constant,1,3,1.0,1.0,0.0,1.0000000000000002,1.0
ccdefault,logreg,linshap,clean,constant,1,4,1.0,1.0,0.0,1.0000000000000002,1.0
ccdefault,logreg,linshap,clean,constant,2,3,1.0,1.0,0.0,1.0000000000000002,1.0
ccdefault,logreg,linshap,clean,constant,2,4,1.0,1.0,0.0,1.0000000000000002,1.0
ccdefault,logreg,linshap,clean,constant,3,4,1.0,1.0,0.0,1.0000000000000002,1.0
ccdefault,logreg,linshap,clean,oracle,0,1,1.0,1.0,1.0,0.9999999999999998,1.0
ccdefault,logreg,linshap,clean,oracle,0,2,1.0,1.0,1.0,0.9999999999999998,1.0
ccdefault,logreg,linshap,clean,oracle,0,3,1.0,1.0,1.0,0.9999999999999998,1.0
ccdefault,logreg,linshap,clean,oracle,0,4,1.0,1.0,1.0,0.9999999999999998,1.0
ccdefault,logreg,linshap,clean,oracle,1,2,1.0,1.0,1.0,0.9999999999999998,1.0
ccdefault,logreg,linshap,clean,oracle,1,3,1.0,1.0,1.0,0.9999999999999998,1.0
ccdefault,logreg,linshap,clean,oracle,1,4,1.0,1.0,1.0,0.9999999999999998,1.0
ccdefault,logreg,linshap,clean,oracle,2,3,1.0,1.0,1.0,0.9999999999999998,1.0
ccdefault,logreg,linshap,clean,oracle,2,4,1.0,1.0,1.0,0.9999999999999998,1.0
ccdefault,logreg,linshap,clean,oracle,3,4,1.0,1.0,1.0,0.9999999999999998,1.0
ccdefault,logreg,linshap,spur,real,0,1,1.0,1.0,0.9999999999999999,1.0000000000000002,1.0
ccdefault,logreg,linshap,spur,real,0,2,1.0,1.0,0.9999999999999999,1.0000000000000002,1.0
ccdefault,logreg,linshap,spur,real,0,3,1.0,1.0,0.9999999999999999,1.0000000000000002,1.0
ccdefault,logreg,linshap,spur,real,0,4,1.0,1.0,0.9999999999999999,1.0000000000000002,1.0
ccdefault,logreg,linshap,spur,real,1,2,1.0,1.0,0.9999999999999999,1.0000000000000002,1.0
ccdefault,logreg,linshap,spur,real,1,3,1.0,1.0,0.9999999999999999,1.0000000000000002,1.0
ccdefault,logreg,linshap,spur,real,1,4,1.0,1.0,0.9999999999999999,1.0000000000000002,1.0
ccdefault,logreg,linshap,spur,real,2,3,1.0,1.0,0.9999999999999999,1.0000000000000002,1.0
ccdefault,logreg,linshap,spur,real,2,4,1.0,1.0,0.9999999999999999,1.0000000000000002,1.0
ccdefault,logreg,linshap,spur,real,3,4,1.0,1.0,0.9999999999999999,1.0000000000000002,1.0
ccdefault,logreg,linshap,spur,random,0,1,0.3333333333333333,0.4,-0.02695652173913043,0.7673253726635995,1.0
ccdefault,logreg,linshap,spur,random,0,2,0.0,0.0,0.013043478260869565,0.8330911082172411,1.0
ccdefault,logreg,linshap,spur,random,0,3,0.0,0.4,0.3417391304347826,0.8463364623397209,1.0
ccdefault,logreg,linshap,spur,random,0,4,0.0,0.2,-0.009565217391304347,0.7637615721121644,1.0
ccdefault,logreg,linshap,spur,random,1,2,0.3333333333333333,0.4,0.0008695652173913043,0.769160343368383,1.0
ccdefault,logreg,linshap,spur,random,1,3,0.0,0.2,-0.15739130434782608,0.7357215363404129,1.0
ccdefault,logreg,linshap,spur,random,1,4,0.0,0.0,-0.1695652173913043,0.7192647140868145,1.0
ccdefault,logreg,linshap,spur,random,2,3,0.3333333333333333,0.4,-0.25999999999999995,0.7080746471635794,1.0
ccdefault,logreg,linshap,spur,random,2,4,0.0,0.0,-0.3556521739130434,0.7233111836610449,1.0
ccdefault,logreg,linshap,spur,random,3,4,0.0,0.2,0.27478260869565213,0.8211655759555203,1.0
ccdefault,logreg,linshap,spur,permuted,0,1,0.3333333333333333,0.6,0.23652173913043475,0.15214336252536156,1.0
ccdefault,logreg,linshap,spur,permuted,0,2,0.0,0.8,0.3808695652173913,0.05057167608026933,1.0
ccdefault,logreg,linshap,spur,permuted,0,3,0.3333333333333333,0.2,0.25478260869565217,0.11746570208517379,1.0
ccdefault,logreg,linshap,spur,permuted,0,4,0.0,0.4,0.19391304347826085,0.08340323992588064,1.0
ccdefault,logreg,linshap,spur,permuted,1,2,0.3333333333333333,0.4,0.10434782608695652,0.10752848474464263,1.0
ccdefault,logreg,linshap,spur,permuted,1,3,0.0,0.4,0.04521739130434782,0.06590766196636848,1.0
ccdefault,logreg,linshap,spur,permuted,1,4,0.0,0.2,0.2756521739130435,0.05318889085148341,1.0
ccdefault,logreg,linshap,spur,permuted,2,3,0.0,0.2,-0.10956521739130433,0.064173821628053,1.0
ccdefault,logreg,linshap,spur,permuted,2,4,0.3333333333333333,0.2,0.1252173913043478,0.04459984962926808,1.0
ccdefault,logreg,linshap,spur,permuted,3,4,0.0,0.2,0.3017391304347826,0.06144974014108036,1.0
ccdefault,logreg,linshap,spur,constant,0,1,1.0,1.0,0.0,1.0000000000000002,1.0
ccdefault,logreg,linshap,spur,constant,0,2,1.0,1.0,0.0,1.0000000000000002,1.0
ccdefault,logreg,linshap,spur,constant,0,3,1.0,1.0,0.0,1.0000000000000002,1.0
ccdefault,logreg,linshap,spur,constant,0,4,1.0,1.0,0.0,1.0000000000000002,1.0
ccdefault,logreg,linshap,spur,constant,1,2,1.0,1.0,0.0,1.0000000000000002,1.0
ccdefault,logreg,linshap,spur,constant,1,3,1.0,1.0,0.0,1.0000000000000002,1.0
ccdefault,logreg,linshap,spur,constant,1,4,1.0,1.0,0.0,1.0000000000000002,1.0
ccdefault,logreg,linshap,spur,constant,2,3,1.0,1.0,0.0,1.0000000000000002,1.0
ccdefault,logreg,linshap,spur,constant,2,4,1.0,1.0,0.0,1.0000000000000002,1.0
ccdefault,logreg,linshap,spur,constant,3,4,1.0,1.0,0.0,1.0000000000000002,1.0
ccdefault,logreg,linshap,spur,oracle,0,1,1.0,1.0,1.0,1.0,1.0
ccdefault,logreg,linshap,spur,oracle,0,2,1.0,1.0,1.0,1.0,1.0
ccdefault,logreg,linshap,spur,oracle,0,3,1.0,1.0,1.0,1.0,1.0
ccdefault,logreg,linshap,spur,oracle,0,4,1.0,1.0,1.0,1.0,1.0
ccdefault,logreg,linshap,spur,oracle,1,2,1.0,1.0,1.0,1.0,1.0
ccdefault,logreg,linshap,spur,oracle,1,3,1.0,1.0,1.0,1.0,1.0
ccdefault,logreg,linshap,spur,oracle,1,4,1.0,1.0,1.0,1.0,1.0
ccdefault,logreg,linshap,spur,oracle,2,3,1.0,1.0,1.0,1.0,1.0
ccdefault,logreg,linshap,spur,oracle,2,4,1.0,1.0,1.0,1.0,1.0
ccdefault,logreg,linshap,spur,oracle,3,4,1.0,1.0,1.0,1.0,1.0
ccdefault,logreg,lime,clean,real,0,1,1.0,1.0,0.941699604743083,0.9966211984943766,1.0
ccdefault,logreg,lime,clean,real,0,2,1.0,1.0,0.9594861660079053,0.9984588247795129,1.0
ccdefault,logreg,lime,clean,real,0,3,1.0,1.0,0.9575098814229249,0.9984259881056091,1.0
ccdefault,logreg,lime,clean,real,0,4,1.0,0.8,0.9614624505928853,0.9977499909804572,1.0
ccdefault,logreg,lime,clean,real,1,2,1.0,1.0,0.9841897233201581,0.9989715281512903,1.0
ccdefault,logreg,lime,clean,real,1,3,1.0,1.0,0.9604743083003953,0.9986882196980222,1.0
ccdefault,logreg,lime,clean,real,1,4,1.0,0.8,0.9634387351778656,0.9991016742549913,1.0
ccdefault,logreg,lime,clean,real,2,3,1.0,1.0,0.9466403162055337,0.9986183057684723,1.0
ccdefault,logreg,lime,clean,real,2,4,1.0,0.8,0.9525691699604744,0.9986002912623566,1.0
ccdefault,logreg,lime,clean,real,3,4,1.0,0.8,0.9693675889328063,0.9990323605484992,1.0
ccdefault,logreg,lime,clean,random,0,1,0.0,0.2,-0.36462450592885376,0.7460620299213733,1.0
ccdefault,logreg,lime,clean,random,0,2,0.0,0.4,-0.06521739130434782,0.7501057867527849,1.0
ccdefault,logreg,lime,clean,random,0,3,0.0,0.2,-0.005928853754940711,0.7914474193071666,1.0
ccdefault,logreg,lime,clean,random,0,4,0.3333333333333333,0.2,-0.2114624505928854,0.8099286218369481,1.0
ccdefault,logreg,lime,clean,random,1,2,0.0,0.4,0.4723320158102767,0.861288410226499,1.0
ccdefault,logreg,lime,clean,random,1,3,0.3333333333333333,0.4,0.012845849802371542,0.7528942062616557,1.0
ccdefault,logreg,lime,clean,random,1,4,0.3333333333333333,0.4,0.24011857707509882,0.825140196352363,1.0
ccdefault,logreg,lime,clean,random,2,3,0.0,0.4,-0.25395256916996045,0.6474304647466598,1.0
ccdefault,logreg,lime,clean,random,2,4,0.0,0.2,-0.1314229249011858,0.7075482966486167,1.0
ccdefault,logreg,lime,clean,random,3,4,0.3333333333333333,0.2,0.10474308300395258,0.8069117764630226,1.0
ccdefault,logreg,lime,clean,permuted,0,1,0.6666666666666666,0.4,0.3626482213438736,0.942294238622769,1.0
ccdefault,logreg,lime,clean,permuted,0,2,0.0,0.0,-0.208498023715415,0.3451006654406995,1.0
ccdefault,logreg,lime,clean,permuted,0,3,0.0,0.2,0.12055335968379448,0.45683183069173455,1.0
ccdefault,logreg,lime,clean,permuted,0,4,0.0,0.0,0.17786561264822134,0.38687928286767415,1.0
ccdefault,logreg,lime,clean,permuted,1,2,0.0,0.2,-0.06225296442687748,0.41330859238726686,1.0
ccdefault,logreg,lime,clean,permuted,1,3,0.0,0.2,-0.12648221343873517,0.38445619490038413,1.0
ccdefault,logreg,lime,clean,permuted,1,4,0.0,0.0,-0.05533596837944664,0.43191400298738997,1.0
ccdefault,logreg,lime,clean,permuted,2,3,0.3333333333333333,0.4,0.14723320158102768,0.46708515937840867,1.0
ccdefault,logreg,lime,clean,permuted,2,4,0.3333333333333333,0.4,-0.01383399209486166,0.4249681734473384,1.0
ccdefault,logreg,lime,clean,permuted,3,4,0.3333333333333333,0.2,-0.06422924901185771,0.4217015038564326,1.0
ccdefault,logreg,lime,clean,constant,0,1,1.0,1.0,0.0,1.0000000000000002,1.0
ccdefault,logreg,lime,clean,constant,0,2,1.0,1.0,0.0,1.0000000000000002,1.0
ccdefault,logreg,lime,clean,constant,0,3,1.0,1.0,0.0,1.0000000000000002,1.0
ccdefault,logreg,lime,clean,constant,0,4,1.0,1.0,0.0,1.0000000000000002,1.0
ccdefault,logreg,lime,clean,constant,1,2,1.0,1.0,0.0,1.0000000000000002,1.0
ccdefault,logreg,lime,clean,constant,1,3,1.0,1.0,0.0,1.0000000000000002,1.0
ccdefault,logreg,lime,clean,constant,1,4,1.0,1.0,0.0,1.0000000000000002,1.0
ccdefault,logreg,lime,clean,constant,2,3,1.0,1.0,0.0,1.0000000000000002,1.0
ccdefault,logreg,lime,clean,constant,2,4,1.0,1.0,0.0,1.0000000000000002,1.0
ccdefault,logreg,lime,clean,constant,3,4,1.0,1.0,0.0,1.0000000000000002,1.0
ccdefault,logreg,lime,clean,oracle,0,1,1.0,1.0,1.0,0.9999999999999998,1.0
ccdefault,logreg,lime,clean,oracle,0,2,1.0,1.0,1.0,0.9999999999999998,1.0
ccdefault,logreg,lime,clean,oracle,0,3,1.0,1.0,1.0,0.9999999999999998,1.0
ccdefault,logreg,lime,clean,oracle,0,4,1.0,1.0,1.0,0.9999999999999998,1.0
ccdefault,logreg,lime,clean,oracle,1,2,1.0,1.0,1.0,0.9999999999999998,1.0
ccdefault,logreg,lime,clean,oracle,1,3,1.0,1.0,1.0,0.9999999999999998,1.0
ccdefault,logreg,lime,clean,oracle,1,4,1.0,1.0,1.0,0.9999999999999998,1.0
ccdefault,logreg,lime,clean,oracle,2,3,1.0,1.0,1.0,0.9999999999999998,1.0
ccdefault,logreg,lime,clean,oracle,2,4,1.0,1.0,1.0,0.9999999999999998,1.0
ccdefault,logreg,lime,clean,oracle,3,4,1.0,1.0,1.0,0.9999999999999998,1.0
ccdefault,logreg,lime,spur,real,0,1,0.6666666666666666,0.4,0.1034782608695652,0.999122721282571,1.0
ccdefault,logreg,lime,spur,real,0,2,0.6666666666666666,0.4,0.33826086956521734,0.9994240858295734,1.0
ccdefault,logreg,lime,spur,real,0,3,0.6666666666666666,0.6,0.5973913043478261,0.9993828579463596,1.0
ccdefault,logreg,lime,spur,real,0,4,0.6666666666666666,0.4,0.1652173913043478,0.9991657468931971,1.0
ccdefault,logreg,lime,spur,real,1,2,1.0,0.8,0.3278260869565217,0.9995095157766971,1.0
ccdefault,logreg,lime,spur,real,1,3,0.6666666666666666,0.6,0.5104347826086956,0.9992760565072264,1.0
ccdefault,logreg,lime,spur,real,1,4,0.6666666666666666,0.8,0.5226086956521738,0.9993698053808284,1.0
ccdefault,logreg,lime,spur,real,2,3,0.6666666666666666,0.6,0.5591304347826086,0.9993249656424908,1.0
ccdefault,logreg,lime,spur,real,2,4,0.6666666666666666,0.8,0.48086956521739127,0.999475408844738,1.0
ccdefault,logreg,lime,spur,real,3,4,0.6666666666666666,0.6,0.5617391304347825,0.9992028189483425,1.0
ccdefault,logreg,lime,spur,random,0,1,0.3333333333333333,0.4,-0.054782608695652164,0.7801407865885122,1.0
ccdefault,logreg,lime,spur,random,0,2,0.0,0.0,-0.20434782608695648,0.7478024930538656,1.0
ccdefault,logreg,lime,spur,random,0,3,0.0,0.2,-0.3139130434782608,0.7657236027592182,1.0
ccdefault,logreg,lime,spur,random,0,4,0.3333333333333333,0.4,0.49217391304347824,0.8895884839996187,1.0
ccdefault,logreg,lime,spur,random,1,2,0.0,0.2,0.26086956521739124,0.8259953136774381,1.0
ccdefault,logreg,lime,spur,random,1,3,0.3333333333333333,0.6,0.32434782608695645,0.86113524528104,1.0
ccdefault,logreg,lime,spur,random,1,4,0.3333333333333333,0.4,0.23217391304347823,0.8054956185258544,1.0
ccdefault,logreg,lime,spur,random,2,3,0.3333333333333333,0.4,0.4026086956521739,0.8732120416861423,1.0
ccdefault,logreg,lime,spur,random,2,4,0.0,0.2,-0.05826086956521739,0.7416642101746335,1.0
ccdefault,logreg,lime,spur,random,3,4,0.0,0.4,-0.19999999999999998,0.7339282036100935,1.0
ccdefault,logreg,lime,spur,permuted,0,1,0.0,0.2,-0.06,0.13702269519758567,1.0
ccdefault,logreg,lime,spur,permuted,0,2,0.0,0.2,-0.06782608695652173,0.13012205306292965,1.0
ccdefault,logreg,lime,spur,permuted,0,3,0.0,0.4,0.46434782608695646,0.12656616375934243,1.0
ccdefault,logreg,lime,spur,permuted,0,4,0.0,0.0,0.19913043478260867,0.12559526903021007,1.0
ccdefault,logreg,lime,spur,permuted,1,2,0.0,0.4,0.33391304347826084,0.13289476580640433,1.0
ccdefault,logreg,lime,spur,permuted,1,3,0.0,0.0,0.020869565217391303,0.11500781252919037,1.0
ccdefault,logreg,lime,spur,permuted,1,4,0.0,0.2,0.042608695652173914,0.12821503603486523,1.0
ccdefault,logreg,lime,spur,permuted,2,3,0.0,0.0,0.015652173913043476,0.12584350351511028,1.0
ccdefault,logreg,lime,spur,permuted,2,4,0.0,0.2,-0.308695652173913,0.1182310127998806,1.0
ccdefault,logreg,lime,spur,permuted,3,4,0.0,0.2,-0.041739130434782605,0.11409067517880338,1.0
ccdefault,logreg,lime,spur,constant,0,1,1.0,1.0,0.0,1.0000000000000002,1.0
ccdefault,logreg,lime,spur,constant,0,2,1.0,1.0,0.0,1.0000000000000002,1.0
ccdefault,logreg,lime,spur,constant,0,3,1.0,1.0,0.0,1.0000000000000002,1.0
ccdefault,logreg,lime,spur,constant,0,4,1.0,1.0,0.0,1.0000000000000002,1.0
ccdefault,logreg,lime,spur,constant,1,2,1.0,1.0,0.0,1.0000000000000002,1.0
ccdefault,logreg,lime,spur,constant,1,3,1.0,1.0,0.0,1.0000000000000002,1.0
ccdefault,logreg,lime,spur,constant,1,4,1.0,1.0,0.0,1.0000000000000002,1.0
ccdefault,logreg,lime,spur,constant,2,3,1.0,1.0,0.0,1.0000000000000002,1.0
ccdefault,logreg,lime,spur,constant,2,4,1.0,1.0,0.0,1.0000000000000002,1.0
ccdefault,logreg,lime,spur,constant,3,4,1.0,1.0,0.0,1.0000000000000002,1.0
ccdefault,logreg,lime,spur,oracle,0,1,1.0,1.0,1.0,1.0,1.0
ccdefault,logreg,lime,spur,oracle,0,2,1.0,1.0,1.0,1.0,1.0
ccdefault,logreg,lime,spur,oracle,0,3,1.0,1.0,1.0,1.0,1.0
ccdefault,logreg,lime,spur,oracle,0,4,1.0,1.0,1.0,1.0,1.0
ccdefault,logreg,lime,spur,oracle,1,2,1.0,1.0,1.0,1.0,1.0
ccdefault,logreg,lime,spur,oracle,1,3,1.0,1.0,1.0,1.0,1.0
ccdefault,logreg,lime,spur,oracle,1,4,1.0,1.0,1.0,1.0,1.0
ccdefault,logreg,lime,spur,oracle,2,3,1.0,1.0,1.0,1.0,1.0
ccdefault,logreg,lime,spur,oracle,2,4,1.0,1.0,1.0,1.0,1.0
ccdefault,logreg,lime,spur,oracle,3,4,1.0,1.0,1.0,1.0,1.0
ccdefault,rf,treeshap,clean,real,0,1,1.0,1.0,0.9871541501976285,0.9990584935540213,1.0
ccdefault,rf,treeshap,clean,real,0,2,0.6666666666666666,1.0,0.9851778656126482,0.9981782709790166,1.0
ccdefault,rf,treeshap,clean,real,0,3,1.0,1.0,0.9772727272727272,0.9960240462720049,1.0
ccdefault,rf,treeshap,clean,real,0,4,0.6666666666666666,1.0,0.983201581027668,0.9982313878626203,1.0
ccdefault,rf,treeshap,clean,real,1,2,0.6666666666666666,1.0,0.9861660079051384,0.9975634386348152,1.0
ccdefault,rf,treeshap,clean,real,1,3,1.0,1.0,0.9762845849802372,0.9973981153497999,1.0
ccdefault,rf,treeshap,clean,real,1,4,0.6666666666666666,1.0,0.9930830039525691,0.9989844575969359,1.0
ccdefault,rf,treeshap,clean,real,2,3,0.6666666666666666,1.0,0.9683794466403162,0.9972067704768632,1.0
ccdefault,rf,treeshap,clean,real,2,4,1.0,1.0,0.991106719367589,0.9982139710660403,1.0
ccdefault,rf,treeshap,clean,real,3,4,0.6666666666666666,1.0,0.9673913043478262,0.9963432044390902,1.0
ccdefault,rf,treeshap,clean,random,0,1,0.0,0.0,-0.19071146245059292,0.7331935649599344,1.0
ccdefault,rf,treeshap,clean,random,0,2,0.0,0.0,0.3567193675889328,0.9021700903018635,1.0
ccdefault,rf,treeshap,clean,random,0,3,0.0,0.0,-0.03853754940711463,0.8229552983089977,1.0
ccdefault,rf,treeshap,clean,random,0,4,0.0,0.0,-0.2183794466403162,0.8462698127200655,1.0
ccdefault,rf,treeshap,clean,random,1,2,0.3333333333333333,0.4,0.08300395256916995,0.7796743548040971,1.0
ccdefault,rf,treeshap,clean,random,1,3,0.3333333333333333,0.2,0.010869565217391304,0.765649301117495,1.0
ccdefault,rf,treeshap,clean,random,1,4,0.0,0.2,-0.10770750988142294,0.7956418399182096,1.0
ccdefault,rf,treeshap,clean,random,2,3,0.3333333333333333,0.4,-0.05731225296442688,0.8122059682016645,1.0
ccdefault,rf,treeshap,clean,random,2,4,0.0,0.2,0.30335968379446643,0.8923960186473239,1.0
ccdefault,rf,treeshap,clean,random,3,4,0.0,0.4,0.05039525691699605,0.8588831345122134,1.0
ccdefault,rf,treeshap,clean,permuted,0,1,0.0,0.4,0.3438735177865613,0.43617778795567025,1.0
ccdefault,rf,treeshap,clean,permuted,0,2,0.0,0.4,0.15711462450592886,0.4380287610170045,1.0
ccdefault,rf,treeshap,clean,permuted,0,3,0.3333333333333333,0.2,0.03260869565217391,0.584884674256373,1.0
ccdefault,rf,treeshap,clean,permuted,0,4,0.0,0.2,0.012845849802371542,0.3597307972423801,1.0
ccdefault,rf,treeshap,clean,permuted,1,2,0.0,0.4,-0.001976284584980237,0.5197089786843955,1.0
ccdefault,rf,treeshap,clean,permuted,1,3,0.0,0.2,-0.2549407114624506,0.32760587553096454,1.0
ccdefault,rf,treeshap,clean,permuted,1,4,0.0,0.4,0.31225296442687744,0.5826717377139706,1.0
ccdefault,rf,treeshap,clean,permuted,2,3,0.6666666666666666,0.6,0.27964426877470355,0.6372460268172807,1.0
ccdefault,rf,treeshap,clean,permuted,2,4,0.3333333333333333,0.6,-0.0029644268774703555,0.8005065023973337,1.0
ccdefault,rf,treeshap,clean,permuted,3,4,0.3333333333333333,0.2,0.06324110671936758,0.529796289361597,1.0
ccdefault,rf,treeshap,clean,constant,0,1,1.0,1.0,0.0,1.0000000000000002,1.0
ccdefault,rf,treeshap,clean,constant,0,2,1.0,1.0,0.0,1.0000000000000002,1.0
ccdefault,rf,treeshap,clean,constant,0,3,1.0,1.0,0.0,1.0000000000000002,1.0
ccdefault,rf,treeshap,clean,constant,0,4,1.0,1.0,0.0,1.0000000000000002,1.0
ccdefault,rf,treeshap,clean,constant,1,2,1.0,1.0,0.0,1.0000000000000002,1.0
ccdefault,rf,treeshap,clean,constant,1,3,1.0,1.0,0.0,1.0000000000000002,1.0
ccdefault,rf,treeshap,clean,constant,1,4,1.0,1.0,0.0,1.0000000000000002,1.0
ccdefault,rf,treeshap,clean,constant,2,3,1.0,1.0,0.0,1.0000000000000002,1.0
ccdefault,rf,treeshap,clean,constant,2,4,1.0,1.0,0.0,1.0000000000000002,1.0
ccdefault,rf,treeshap,clean,constant,3,4,1.0,1.0,0.0,1.0000000000000002,1.0
ccdefault,rf,treeshap,clean,oracle,0,1,1.0,1.0,1.0,0.9999999999999998,1.0
ccdefault,rf,treeshap,clean,oracle,0,2,1.0,1.0,1.0,0.9999999999999998,1.0
ccdefault,rf,treeshap,clean,oracle,0,3,1.0,1.0,1.0,0.9999999999999998,1.0
ccdefault,rf,treeshap,clean,oracle,0,4,1.0,1.0,1.0,0.9999999999999998,1.0
ccdefault,rf,treeshap,clean,oracle,1,2,1.0,1.0,1.0,0.9999999999999998,1.0
ccdefault,rf,treeshap,clean,oracle,1,3,1.0,1.0,1.0,0.9999999999999998,1.0
ccdefault,rf,treeshap,clean,oracle,1,4,1.0,1.0,1.0,0.9999999999999998,1.0
ccdefault,rf,treeshap,clean,oracle,2,3,1.0,1.0,1.0,0.9999999999999998,1.0
ccdefault,rf,treeshap,clean,oracle,2,4,1.0,1.0,1.0,0.9999999999999998,1.0
ccdefault,rf,treeshap,clean,oracle,3,4,1.0,1.0,1.0,0.9999999999999998,1.0
ccdefault,rf,treeshap,spur,real,0,1,1.0,0.8,0.9852173913043477,0.999510386926034,1.0
ccdefault,rf,treeshap,spur,real,0,2,1.0,1.0,0.9895652173913043,0.9993574863705778,1.0
ccdefault,rf,treeshap,spur,real,0,3,1.0,0.8,0.9747826086956521,0.9993147942979472,1.0
ccdefault,rf,treeshap,spur,real,0,4,1.0,0.8,0.9713043478260868,0.9993383955647922,1.0
ccdefault,rf,treeshap,spur,real,1,2,1.0,0.8,0.983478260869565,0.999733133900418,1.0
ccdefault,rf,treeshap,spur,real,1,3,1.0,1.0,0.9782608695652173,0.999868572167067,1.0
ccdefault,rf,treeshap,spur,real,1,4,1.0,1.0,0.9756521739130434,0.9998319760404493,1.0
ccdefault,rf,treeshap,spur,real,2,3,1.0,0.8,0.9730434782608696,0.9996401314023234,1.0
ccdefault,rf,treeshap,spur,real,2,4,1.0,0.8,0.9686956521739128,0.9996363791181007,1.0
ccdefault,rf,treeshap,spur,real,3,4,1.0,1.0,0.9930434782608695,0.9998264739621837,1.0
ccdefault,rf,treeshap,spur,random,0,1,0.0,0.2,0.041739130434782605,0.7665190589811869,1.0
ccdefault,rf,treeshap,spur,random,0,2,0.0,0.2,0.2826086956521739,0.7577732431558402,1.0
ccdefault,rf,treeshap,spur,random,0,3,0.0,0.0,-0.13565217391304346,0.7000362049301774,1.0
ccdefault,rf,treeshap,spur,random,0,4,0.0,0.0,-0.4904347826086956,0.6450782721077577,1.0
ccdefault,rf,treeshap,spur,random,1,2,0.0,0.0,-0.2217391304347826,0.6351856585750615,1.0
ccdefault,rf,treeshap,spur,random,1,3,0.0,0.0,-0.15391304347826085,0.6988589982438831,1.0
ccdefault,rf,treeshap,spur,random,1,4,0.0,0.0,0.06782608695652173,0.7802945746755344,1.0
ccdefault,rf,treeshap,spur,random,2,3,0.3333333333333333,0.2,-0.2495652173913043,0.6021842838219682,1.0
ccdefault,rf,treeshap,spur,random,2,4,0.3333333333333333,0.2,-0.07739130434782608,0.6938843003135139,1.0
ccdefault,rf,treeshap,spur,random,3,4,0.3333333333333333,0.6,0.05913043478260869,0.7452979033615624,1.0
ccdefault,rf,treeshap,spur,permuted,0,1,0.3333333333333333,0.2,0.1226086956521739,0.06515376999903974,1.0
ccdefault,rf,treeshap,spur,permuted,0,2,0.0,0.0,-0.0634782608695652,0.04594738503107227,1.0
ccdefault,rf,treeshap,spur,permuted,0,3,0.0,0.2,-0.1660869565217391,0.04770590890301813,1.0
ccdefault,rf,treeshap,spur,permuted,0,4,0.3333333333333333,0.2,-0.07739130434782608,0.9757433418392217,1.0
ccdefault,rf,treeshap,spur,permuted,1,2,0.3333333333333333,0.2,0.10173913043478258,0.17070394146309031,1.0
ccdefault,rf,treeshap,spur,permuted,1,3,0.0,0.0,-0.23391304347826083,0.029211140028078286,1.0
ccdefault,rf,treeshap,spur,permuted,1,4,0.0,0.2,0.025217391304347827,0.05035983878435825,1.0
ccdefault,rf,treeshap,spur,permuted,2,3,0.0,0.2,-0.03826086956521739,0.08028511577016871,1.0
ccdefault,rf,treeshap,spur,permuted,2,4,0.3333333333333333,0.4,0.06869565217391303,0.11386508994458569,1.0
ccdefault,rf,treeshap,spur,permuted,3,4,0.0,0.4,-0.0626086956521739,0.08712272724504286,1.0
ccdefault,rf,treeshap,spur,constant,0,1,1.0,1.0,0.0,1.0000000000000002,1.0
ccdefault,rf,treeshap,spur,constant,0,2,1.0,1.0,0.0,1.0000000000000002,1.0
ccdefault,rf,treeshap,spur,constant,0,3,1.0,1.0,0.0,1.0000000000000002,1.0
ccdefault,rf,treeshap,spur,constant,0,4,1.0,1.0,0.0,1.0000000000000002,1.0
ccdefault,rf,treeshap,spur,constant,1,2,1.0,1.0,0.0,1.0000000000000002,1.0
ccdefault,rf,treeshap,spur,constant,1,3,1.0,1.0,0.0,1.0000000000000002,1.0
ccdefault,rf,treeshap,spur,constant,1,4,1.0,1.0,0.0,1.0000000000000002,1.0
ccdefault,rf,treeshap,spur,constant,2,3,1.0,1.0,0.0,1.0000000000000002,1.0
ccdefault,rf,treeshap,spur,constant,2,4,1.0,1.0,0.0,1.0000000000000002,1.0
ccdefault,rf,treeshap,spur,constant,3,4,1.0,1.0,0.0,1.0000000000000002,1.0
ccdefault,rf,treeshap,spur,oracle,0,1,1.0,1.0,1.0,1.0,1.0
ccdefault,rf,treeshap,spur,oracle,0,2,1.0,1.0,1.0,1.0,1.0
ccdefault,rf,treeshap,spur,oracle,0,3,1.0,1.0,1.0,1.0,1.0
ccdefault,rf,treeshap,spur,oracle,0,4,1.0,1.0,1.0,1.0,1.0
ccdefault,rf,treeshap,spur,oracle,1,2,1.0,1.0,1.0,1.0,1.0
ccdefault,rf,treeshap,spur,oracle,1,3,1.0,1.0,1.0,1.0,1.0
ccdefault,rf,treeshap,spur,oracle,1,4,1.0,1.0,1.0,1.0,1.0
ccdefault,rf,treeshap,spur,oracle,2,3,1.0,1.0,1.0,1.0,1.0
ccdefault,rf,treeshap,spur,oracle,2,4,1.0,1.0,1.0,1.0,1.0
ccdefault,rf,treeshap,spur,oracle,3,4,1.0,1.0,1.0,1.0,1.0
ccdefault,rf,lime,clean,real,0,1,1.0,1.0,0.83300395256917,0.997663929288879,1.0
ccdefault,rf,lime,clean,real,0,2,1.0,1.0,0.7984189723320158,0.9973775965822845,1.0
ccdefault,rf,lime,clean,real,0,3,1.0,1.0,0.8962450592885376,0.9968111515405181,1.0
ccdefault,rf,lime,clean,real,0,4,0.6666666666666666,1.0,0.8211462450592886,0.9971862046079047,1.0
ccdefault,rf,lime,clean,real,1,2,1.0,1.0,0.782608695652174,0.9958905306876353,1.0
ccdefault,rf,lime,clean,real,1,3,1.0,1.0,0.8181818181818183,0.9960953726403189,1.0
ccdefault,rf,lime,clean,real,1,4,0.6666666666666666,1.0,0.974308300395257,0.997265890830278,1.0
ccdefault,rf,lime,clean,real,2,3,1.0,1.0,0.8547430830039526,0.9967286825222469,1.0
ccdefault,rf,lime,clean,real,2,4,0.6666666666666666,1.0,0.8221343873517787,0.9966579586311062,1.0
ccdefault,rf,lime,clean,real,3,4,0.6666666666666666,1.0,0.8626482213438734,0.9948037237280287,1.0
ccdefault,rf,lime,clean,random,0,1,0.3333333333333333,0.4,0.27865612648221344,0.8354746186591976,1.0
ccdefault,rf,lime,clean,random,0,2,0.0,0.0,-0.26679841897233203,0.72581675799993,1.0
ccdefault,rf,lime,clean,random,0,3,0.0,0.0,-0.05138339920948617,0.7878128447896976,1.0
ccdefault,rf,lime,clean,random,0,4,0.0,0.2,-0.2272727272727273,0.6899477833515653,1.0
ccdefault,rf,lime,clean,random,1,2,0.0,0.2,0.1660079051383399,0.8295373701630782,1.0
ccdefault,rf,lime,clean,random,1,3,0.0,0.0,-0.5424901185770752,0.6951154671847146,1.0
ccdefault,rf,lime,clean,random,1,4,0.0,0.2,-0.15316205533596838,0.7001110226610265,1.0
ccdefault,rf,lime,clean,random,2,3,0.3333333333333333,0.4,-0.09782608695652174,0.7843324279735285,1.0
ccdefault,rf,lime,clean,random,2,4,0.3333333333333333,0.2,0.04051383399209487,0.7821111742485923,1.0
ccdefault,rf,lime,clean,random,3,4,0.0,0.2,0.1373517786561265,0.7911578061405415,1.0
ccdefault,rf,lime,clean,permuted,0,1,0.3333333333333333,0.4,0.2628458498023716,0.4484908005953906,1.0
ccdefault,rf,lime,clean,permuted,0,2,0.3333333333333333,0.4,0.2341897233201581,0.4579219978410969,1.0
ccdefault,rf,lime,clean,permuted,0,3,0.0,0.2,0.03557312252964427,0.36566951497966454,1.0
ccdefault,rf,lime,clean,permuted,0,4,0.0,0.0,-0.0691699604743083,0.30098460565565965,1.0
ccdefault,rf,lime,clean,permuted,1,2,0.0,0.2,0.40513833992094866,0.40318330336130415,1.0
ccdefault,rf,lime,clean,permuted,1,3,0.0,0.0,-0.23616600790513834,0.281079648505708,1.0
ccdefault,rf,lime,clean,permuted,1,4,0.0,0.0,-0.1956521739130435,0.3463817605520754,1.0
ccdefault,rf,lime,clean,permuted,2,3,0.0,0.2,0.05335968379446641,0.36354083436801754,1.0
ccdefault,rf,lime,clean,permuted,2,4,0.0,0.2,-0.4258893280632411,0.30388033730943426,1.0
ccdefault,rf,lime,clean,permuted,3,4,0.0,0.0,-0.4644268774703557,0.25762181731417605,1.0
ccdefault,rf,lime,clean,constant,0,1,1.0,1.0,0.0,1.0000000000000002,1.0
ccdefault,rf,lime,clean,constant,0,2,1.0,1.0,0.0,1.0000000000000002,1.0
ccdefault,rf,lime,clean,constant,0,3,1.0,1.0,0.0,1.0000000000000002,1.0
ccdefault,rf,lime,clean,constant,0,4,1.0,1.0,0.0,1.0000000000000002,1.0
ccdefault,rf,lime,clean,constant,1,2,1.0,1.0,0.0,1.0000000000000002,1.0
ccdefault,rf,lime,clean,constant,1,3,1.0,1.0,0.0,1.0000000000000002,1.0
ccdefault,rf,lime,clean,constant,1,4,1.0,1.0,0.0,1.0000000000000002,1.0
ccdefault,rf,lime,clean,constant,2,3,1.0,1.0,0.0,1.0000000000000002,1.0
ccdefault,rf,lime,clean,constant,2,4,1.0,1.0,0.0,1.0000000000000002,1.0
ccdefault,rf,lime,clean,constant,3,4,1.0,1.0,0.0,1.0000000000000002,1.0
ccdefault,rf,lime,clean,oracle,0,1,1.0,1.0,1.0,0.9999999999999998,1.0
ccdefault,rf,lime,clean,oracle,0,2,1.0,1.0,1.0,0.9999999999999998,1.0
ccdefault,rf,lime,clean,oracle,0,3,1.0,1.0,1.0,0.9999999999999998,1.0
ccdefault,rf,lime,clean,oracle,0,4,1.0,1.0,1.0,0.9999999999999998,1.0
ccdefault,rf,lime,clean,oracle,1,2,1.0,1.0,1.0,0.9999999999999998,1.0
ccdefault,rf,lime,clean,oracle,1,3,1.0,1.0,1.0,0.9999999999999998,1.0
ccdefault,rf,lime,clean,oracle,1,4,1.0,1.0,1.0,0.9999999999999998,1.0
ccdefault,rf,lime,clean,oracle,2,3,1.0,1.0,1.0,0.9999999999999998,1.0
ccdefault,rf,lime,clean,oracle,2,4,1.0,1.0,1.0,0.9999999999999998,1.0
ccdefault,rf,lime,clean,oracle,3,4,1.0,1.0,1.0,0.9999999999999998,1.0
ccdefault,rf,lime,spur,real,0,1,0.6666666666666666,0.8,0.577391304347826,0.9990477833042519,1.0
ccdefault,rf,lime,spur,real,0,2,1.0,0.6,0.5078260869565216,0.9992633538470961,1.0
ccdefault,rf,lime,spur,real,0,3,1.0,0.6,0.7678260869565217,0.99934575612882,1.0
ccdefault,rf,lime,spur,real,0,4,1.0,0.6,0.3026086956521739,0.9991537281241656,1.0
ccdefault,rf,lime,spur,real,1,2,0.6666666666666666,0.6,0.571304347826087,0.999272549868607,1.0
ccdefault,rf,lime,spur,real,1,3,0.6666666666666666,0.8,0.6843478260869565,0.9991954568609451,1.0
ccdefault,rf,lime,spur,real,1,4,0.6666666666666666,0.6,0.1869565217391304,0.9989573885546656,1.0
ccdefault,rf,lime,spur,real,2,3,1.0,0.8,0.657391304347826,0.9993887286530263,1.0
ccdefault,rf,lime,spur,real,2,4,1.0,0.8,0.571304347826087,0.9996800449520642,1.0
ccdefault,rf,lime,spur,real,3,4,1.0,0.6,0.4434782608695652,0.9993277066415543,1.0
ccdefault,rf,lime,spur,random,0,1,0.0,0.2,0.04434782608695652,0.7909034607523896,1.0
ccdefault,rf,lime,spur,random,0,2,0.3333333333333333,0.2,0.05391304347826086,0.7633712049622378,1.0
ccdefault,rf,lime,spur,random,0,3,0.0,0.0,-0.40695652173913033,0.7527141808746786,1.0
ccdefault,rf,lime,spur,random,0,4,0.0,0.0,-0.3391304347826086,0.6855267615737499,1.0
ccdefault,rf,lime,spur,random,1,2,0.3333333333333333,0.4,0.4121739130434783,0.8260933261999219,1.0
ccdefault,rf,lime,spur,random,1,3,0.3333333333333333,0.2,0.05913043478260869,0.7829611302726847,1.0
ccdefault,rf,lime,spur,random,1,4,0.3333333333333333,0.4,0.07217391304347825,0.7428803200790814,1.0
ccdefault,rf,lime,spur,random,2,3,0.3333333333333333,0.4,0.17304347826086955,0.7995967173138041,1.0
ccdefault,rf,lime,spur,random,2,4,0.0,0.2,0.08782608695652173,0.7058294569651155,1.0
ccdefault,rf,lime,spur,random,3,4,0.3333333333333333,0.4,-0.023478260869565212,0.7273339090687841,1.0
ccdefault,rf,lime,spur,permuted,0,1,0.0,0.2,0.006956521739130434,0.11516714688493558,1.0
ccdefault,rf,lime,spur,permuted,0,2,0.0,0.2,-0.268695652173913,0.12701027552285934,1.0
ccdefault,rf,lime,spur,permuted,0,3,0.0,0.2,-0.24608695652173912,0.11956947499339789,1.0
ccdefault,rf,lime,spur,permuted,0,4,0.0,0.2,0.17217391304347823,0.13012179035739732,1.0
ccdefault,rf,lime,spur,permuted,1,2,0.0,0.2,-0.3921739130434782,0.1106405656722719,1.0
ccdefault,rf,lime,spur,permuted,1,3,0.0,0.0,0.041739130434782605,0.10214698233678828,1.0
ccdefault,rf,lime,spur,permuted,1,4,0.0,0.6,0.27304347826086955,0.12080147297426584,1.0
ccdefault,rf,lime,spur,permuted,2,3,0.0,0.2,0.13565217391304346,0.12613398382974605,1.0
ccdefault,rf,lime,spur,permuted,2,4,0.3333333333333333,0.4,-0.013913043478260868,0.11504435799131653,1.0
ccdefault,rf,lime,spur,permuted,3,4,0.0,0.0,-0.14869565217391303,0.1076154706088067,1.0
ccdefault,rf,lime,spur,constant,0,1,1.0,1.0,0.0,1.0000000000000002,1.0
ccdefault,rf,lime,spur,constant,0,2,1.0,1.0,0.0,1.0000000000000002,1.0
ccdefault,rf,lime,spur,constant,0,3,1.0,1.0,0.0,1.0000000000000002,1.0
ccdefault,rf,lime,spur,constant,0,4,1.0,1.0,0.0,1.0000000000000002,1.0
ccdefault,rf,lime,spur,constant,1,2,1.0,1.0,0.0,1.0000000000000002,1.0
ccdefault,rf,lime,spur,constant,1,3,1.0,1.0,0.0,1.0000000000000002,1.0
ccdefault,rf,lime,spur,constant,1,4,1.0,1.0,0.0,1.0000000000000002,1.0
ccdefault,rf,lime,spur,constant,2,3,1.0,1.0,0.0,1.0000000000000002,1.0
ccdefault,rf,lime,spur,constant,2,4,1.0,1.0,0.0,1.0000000000000002,1.0
ccdefault,rf,lime,spur,constant,3,4,1.0,1.0,0.0,1.0000000000000002,1.0
ccdefault,rf,lime,spur,oracle,0,1,1.0,1.0,1.0,1.0,1.0
ccdefault,rf,lime,spur,oracle,0,2,1.0,1.0,1.0,1.0,1.0
ccdefault,rf,lime,spur,oracle,0,3,1.0,1.0,1.0,1.0,1.0
ccdefault,rf,lime,spur,oracle,0,4,1.0,1.0,1.0,1.0,1.0
ccdefault,rf,lime,spur,oracle,1,2,1.0,1.0,1.0,1.0,1.0
ccdefault,rf,lime,spur,oracle,1,3,1.0,1.0,1.0,1.0,1.0
ccdefault,rf,lime,spur,oracle,1,4,1.0,1.0,1.0,1.0,1.0
ccdefault,rf,lime,spur,oracle,2,3,1.0,1.0,1.0,1.0,1.0
ccdefault,rf,lime,spur,oracle,2,4,1.0,1.0,1.0,1.0,1.0
ccdefault,rf,lime,spur,oracle,3,4,1.0,1.0,1.0,1.0,1.0
ccdefault,hgb,treeshap,clean,real,0,1,1.0,0.8,0.8903162055335968,0.9937613707214059,1.0
ccdefault,hgb,treeshap,clean,real,0,2,0.6666666666666666,0.8,0.8369565217391305,0.9872237485974005,1.0
ccdefault,hgb,treeshap,clean,real,0,3,1.0,0.8,0.8379446640316206,0.9946278816886355,1.0
ccdefault,hgb,treeshap,clean,real,0,4,1.0,0.8,0.900197628458498,0.9943927845416793,1.0
ccdefault,hgb,treeshap,clean,real,1,2,0.6666666666666666,0.8,0.9387351778656127,0.992297769784465,1.0
ccdefault,hgb,treeshap,clean,real,1,3,1.0,0.8,0.941699604743083,0.9962479077304605,1.0
ccdefault,hgb,treeshap,clean,real,1,4,1.0,0.8,0.9377470355731227,0.9937408668429392,1.0
ccdefault,hgb,treeshap,clean,real,2,3,0.6666666666666666,1.0,0.9367588932806324,0.9916232652935201,1.0
ccdefault,hgb,treeshap,clean,real,2,4,0.6666666666666666,1.0,0.9249011857707511,0.9891907470977661,1.0
ccdefault,hgb,treeshap,clean,real,3,4,1.0,1.0,0.9446640316205533,0.9964786437605654,1.0
ccdefault,hgb,treeshap,clean,random,0,1,0.0,0.4,0.23320158102766803,0.8078264555269922,1.0
ccdefault,hgb,treeshap,clean,random,0,2,0.3333333333333333,0.6,0.3577075098814229,0.833172648005807,1.0
ccdefault,hgb,treeshap,clean,random,0,3,0.3333333333333333,0.4,0.2065217391304348,0.7460800886331952,1.0
ccdefault,hgb,treeshap,clean,random,0,4,0.0,0.4,0.21047430830039524,0.8223982566521937,1.0
ccdefault,hgb,treeshap,clean,random,1,2,0.0,0.2,0.14130434782608697,0.7882966634304478,1.0
ccdefault,hgb,treeshap,clean,random,1,3,0.0,0.2,0.12055335968379448,0.7113499673860757,1.0
ccdefault,hgb,treeshap,clean,random,1,4,0.3333333333333333,0.4,0.10770750988142294,0.8091942230263586,1.0
ccdefault,hgb,treeshap,clean,random,2,3,0.6666666666666666,0.6,0.058300395256917006,0.7329414489873258,1.0
ccdefault,hgb,treeshap,clean,random,2,4,0.0,0.2,0.2341897233201581,0.8243134079249594,1.0
ccdefault,hgb,treeshap,clean,random,3,4,0.0,0.4,0.08102766798418974,0.7248142079663253,1.0
ccdefault,hgb,treeshap,clean,permuted,0,1,0.3333333333333333,0.4,-0.10968379446640317,0.5054872447308331,1.0
ccdefault,hgb,treeshap,clean,permuted,0,2,0.0,0.0,0.01383399209486166,0.3837040900140161,1.0
ccdefault,hgb,treeshap,clean,permuted,0,3,0.0,0.0,0.12845849802371542,0.3577901418414487,1.0
ccdefault,hgb,treeshap,clean,permuted,0,4,0.0,0.2,-0.058300395256917006,0.3615399413707338,1.0
ccdefault,hgb,treeshap,clean,permuted,1,2,0.0,0.4,0.05335968379446641,0.47667375023771075,1.0
ccdefault,hgb,treeshap,clean,permuted,1,3,0.3333333333333333,0.4,0.3003952569169961,0.4385232119347828,1.0
ccdefault,hgb,treeshap,clean,permuted,1,4,0.0,0.0,-0.26679841897233203,0.30302703069499326,1.0
ccdefault,hgb,treeshap,clean,permuted,2,3,0.3333333333333333,0.4,-0.15513833992094864,0.442019402560877,1.0
ccdefault,hgb,treeshap,clean,permuted,2,4,0.0,0.4,0.16205533596837948,0.4864808759778594,1.0
ccdefault,hgb,treeshap,clean,permuted,3,4,0.0,0.0,-0.16699604743083005,0.28030227055636714,1.0
ccdefault,hgb,treeshap,clean,constant,0,1,1.0,1.0,0.0,1.0000000000000002,1.0
ccdefault,hgb,treeshap,clean,constant,0,2,1.0,1.0,0.0,1.0000000000000002,1.0
ccdefault,hgb,treeshap,clean,constant,0,3,1.0,1.0,0.0,1.0000000000000002,1.0
ccdefault,hgb,treeshap,clean,constant,0,4,1.0,1.0,0.0,1.0000000000000002,1.0
ccdefault,hgb,treeshap,clean,constant,1,2,1.0,1.0,0.0,1.0000000000000002,1.0
ccdefault,hgb,treeshap,clean,constant,1,3,1.0,1.0,0.0,1.0000000000000002,1.0
ccdefault,hgb,treeshap,clean,constant,1,4,1.0,1.0,0.0,1.0000000000000002,1.0
ccdefault,hgb,treeshap,clean,constant,2,3,1.0,1.0,0.0,1.0000000000000002,1.0
ccdefault,hgb,treeshap,clean,constant,2,4,1.0,1.0,0.0,1.0000000000000002,1.0
ccdefault,hgb,treeshap,clean,constant,3,4,1.0,1.0,0.0,1.0000000000000002,1.0
ccdefault,hgb,treeshap,clean,oracle,0,1,1.0,1.0,1.0,0.9999999999999998,1.0
ccdefault,hgb,treeshap,clean,oracle,0,2,1.0,1.0,1.0,0.9999999999999998,1.0
ccdefault,hgb,treeshap,clean,oracle,0,3,1.0,1.0,1.0,0.9999999999999998,1.0
ccdefault,hgb,treeshap,clean,oracle,0,4,1.0,1.0,1.0,0.9999999999999998,1.0
ccdefault,hgb,treeshap,clean,oracle,1,2,1.0,1.0,1.0,0.9999999999999998,1.0
ccdefault,hgb,treeshap,clean,oracle,1,3,1.0,1.0,1.0,0.9999999999999998,1.0
ccdefault,hgb,treeshap,clean,oracle,1,4,1.0,1.0,1.0,0.9999999999999998,1.0
ccdefault,hgb,treeshap,clean,oracle,2,3,1.0,1.0,1.0,0.9999999999999998,1.0
ccdefault,hgb,treeshap,clean,oracle,2,4,1.0,1.0,1.0,0.9999999999999998,1.0
ccdefault,hgb,treeshap,clean,oracle,3,4,1.0,1.0,1.0,0.9999999999999998,1.0
ccdefault,hgb,treeshap,spur,real,0,1,1.0,0.8,0.6886956521739129,0.9994455432634417,1.0
ccdefault,hgb,treeshap,spur,real,0,2,1.0,0.8,0.7956521739130433,0.9991326312467015,1.0
ccdefault,hgb,treeshap,spur,real,0,3,1.0,0.8,0.8034782608695652,0.9997727700474637,1.0
ccdefault,hgb,treeshap,spur,real,0,4,1.0,0.8,0.8226086956521739,0.9993422691082211,1.0
ccdefault,hgb,treeshap,spur,real,1,2,1.0,0.6,0.8652173913043478,0.9992924962395242,1.0
ccdefault,hgb,treeshap,spur,real,1,3,1.0,0.8,0.7539130434782607,0.9995849378532327,1.0
ccdefault,hgb,treeshap,spur,real,1,4,1.0,0.8,0.8408695652173912,0.999650487894627,1.0
ccdefault,hgb,treeshap,spur,real,2,3,1.0,0.6,0.9130434782608695,0.9994446902177825,1.0
ccdefault,hgb,treeshap,spur,real,2,4,1.0,0.6,0.8721739130434782,0.9996674634018188,1.0
ccdefault,hgb,treeshap,spur,real,3,4,1.0,0.8,0.8895652173913042,0.9996629928965258,1.0
ccdefault,hgb,treeshap,spur,random,0,1,0.0,0.2,-0.1695652173913043,0.6762370687912331,1.0
ccdefault,hgb,treeshap,spur,random,0,2,0.0,0.4,0.08434782608695651,0.7467712234843759,1.0
ccdefault,hgb,treeshap,spur,random,0,3,0.0,0.0,-0.2904347826086956,0.6964100502296314,1.0
ccdefault,hgb,treeshap,spur,random,0,4,0.3333333333333333,0.2,-0.017391304347826087,0.6890780376138842,1.0
ccdefault,hgb,treeshap,spur,random,1,2,0.3333333333333333,0.2,0.18347826086956517,0.8023586038847278,1.0
ccdefault,hgb,treeshap,spur,random,1,3,0.0,0.0,-0.1782608695652174,0.7086668396144116,1.0
ccdefault,hgb,treeshap,spur,random,1,4,0.0,0.0,-0.033913043478260865,0.6764473959926678,1.0
ccdefault,hgb,treeshap,spur,random,2,3,0.3333333333333333,0.2,-0.10782608695652172,0.8056088513686712,1.0
ccdefault,hgb,treeshap,spur,random,2,4,0.0,0.2,0.17043478260869566,0.7793421681902578,1.0
ccdefault,hgb,treeshap,spur,random,3,4,0.0,0.4,0.04434782608695652,0.7687613917002236,1.0
ccdefault,hgb,treeshap,spur,permuted,0,1,0.3333333333333333,0.2,0.24434782608695652,0.03288817205477781,1.0
ccdefault,hgb,treeshap,spur,permuted,0,2,0.3333333333333333,0.4,0.2695652173913043,0.9920269968884635,1.0
ccdefault,hgb,treeshap,spur,permuted,0,3,0.3333333333333333,0.4,0.04434782608695652,0.12383108138976133,1.0
ccdefault,hgb,treeshap,spur,permuted,0,4,0.3333333333333333,0.2,-0.2252173913043478,0.020658386260595057,1.0
ccdefault,hgb,treeshap,spur,permuted,1,2,0.0,0.2,0.1826086956521739,0.03751963224554967,1.0
ccdefault,hgb,treeshap,spur,permuted,1,3,0.3333333333333333,0.2,-0.21043478260869564,0.045869969291687365,1.0
ccdefault,hgb,treeshap,spur,permuted,1,4,0.0,0.0,0.12956521739130433,0.02282788769045508,1.0
ccdefault,hgb,treeshap,spur,permuted,2,3,0.3333333333333333,0.4,-0.04,0.048575672196794525,1.0
ccdefault,hgb,treeshap,spur,permuted,2,4,0.0,0.2,-0.23478260869565212,0.028776240143999876,1.0
ccdefault,hgb,treeshap,spur,permuted,3,4,0.0,0.0,-0.002608695652173913,0.03163738680729069,1.0
ccdefault,hgb,treeshap,spur,constant,0,1,1.0,1.0,0.0,1.0000000000000002,1.0
ccdefault,hgb,treeshap,spur,constant,0,2,1.0,1.0,0.0,1.0000000000000002,1.0
ccdefault,hgb,treeshap,spur,constant,0,3,1.0,1.0,0.0,1.0000000000000002,1.0
ccdefault,hgb,treeshap,spur,constant,0,4,1.0,1.0,0.0,1.0000000000000002,1.0
ccdefault,hgb,treeshap,spur,constant,1,2,1.0,1.0,0.0,1.0000000000000002,1.0
ccdefault,hgb,treeshap,spur,constant,1,3,1.0,1.0,0.0,1.0000000000000002,1.0
ccdefault,hgb,treeshap,spur,constant,1,4,1.0,1.0,0.0,1.0000000000000002,1.0
ccdefault,hgb,treeshap,spur,constant,2,3,1.0,1.0,0.0,1.0000000000000002,1.0
ccdefault,hgb,treeshap,spur,constant,2,4,1.0,1.0,0.0,1.0000000000000002,1.0
ccdefault,hgb,treeshap,spur,constant,3,4,1.0,1.0,0.0,1.0000000000000002,1.0
ccdefault,hgb,treeshap,spur,oracle,0,1,1.0,1.0,1.0,1.0,1.0
ccdefault,hgb,treeshap,spur,oracle,0,2,1.0,1.0,1.0,1.0,1.0
ccdefault,hgb,treeshap,spur,oracle,0,3,1.0,1.0,1.0,1.0,1.0
ccdefault,hgb,treeshap,spur,oracle,0,4,1.0,1.0,1.0,1.0,1.0
ccdefault,hgb,treeshap,spur,oracle,1,2,1.0,1.0,1.0,1.0,1.0
ccdefault,hgb,treeshap,spur,oracle,1,3,1.0,1.0,1.0,1.0,1.0
ccdefault,hgb,treeshap,spur,oracle,1,4,1.0,1.0,1.0,1.0,1.0
ccdefault,hgb,treeshap,spur,oracle,2,3,1.0,1.0,1.0,1.0,1.0
ccdefault,hgb,treeshap,spur,oracle,2,4,1.0,1.0,1.0,1.0,1.0
ccdefault,hgb,treeshap,spur,oracle,3,4,1.0,1.0,1.0,1.0,1.0
ccdefault,hgb,lime,clean,real,0,1,0.6666666666666666,0.8,0.5948616600790514,0.9816951514360065,1.0
ccdefault,hgb,lime,clean,real,0,2,0.6666666666666666,0.8,0.5800395256916997,0.9817407818216926,1.0
ccdefault,hgb,lime,clean,real,0,3,0.6666666666666666,0.8,0.8092885375494071,0.98508435188806,1.0
ccdefault,hgb,lime,clean,real,0,4,0.6666666666666666,0.8,0.7994071146245059,0.9858699656629044,1.0
ccdefault,hgb,lime,clean,real,1,2,0.6666666666666666,0.8,0.6679841897233202,0.9920606144974116,1.0
ccdefault,hgb,lime,clean,real,1,3,0.6666666666666666,0.8,0.8033596837944664,0.9934107687005149,1.0
ccdefault,hgb,lime,clean,real,1,4,0.6666666666666666,0.8,0.7776679841897233,0.9924870832554176,1.0
ccdefault,hgb,lime,clean,real,2,3,1.0,0.8,0.7470355731225298,0.9880321772189705,1.0
ccdefault,hgb,lime,clean,real,2,4,1.0,0.8,0.6887351778656127,0.9896581082494394,1.0
ccdefault,hgb,lime,clean,real,3,4,1.0,1.0,0.8201581027667983,0.9946248588660155,1.0
ccdefault,hgb,lime,clean,random,0,1,0.0,0.0,-0.4229249011857708,0.6114331814015862,1.0
ccdefault,hgb,lime,clean,random,0,2,0.0,0.2,-0.05632411067193676,0.7342770308949079,1.0
ccdefault,hgb,lime,clean,random,0,3,0.0,0.0,-0.3656126482213439,0.6764409196520386,1.0
ccdefault,hgb,lime,clean,random,0,4,0.3333333333333333,0.4,0.25,0.8201147724274542,1.0
ccdefault,hgb,lime,clean,random,1,2,0.0,0.2,0.1432806324110672,0.7247308080304377,1.0
ccdefault,hgb,lime,clean,random,1,3,0.6666666666666666,0.4,0.25790513833992096,0.7876144098703144,1.0
ccdefault,hgb,lime,clean,random,1,4,0.0,0.0,0.2233201581027668,0.7511780794231699,1.0
ccdefault,hgb,lime,clean,random,2,3,0.0,0.2,0.001976284584980237,0.7190465447737934,1.0
ccdefault,hgb,lime,clean,random,2,4,0.3333333333333333,0.6,0.36067193675889325,0.8194876928684058,1.0
ccdefault,hgb,lime,clean,random,3,4,0.0,0.0,-0.4041501976284585,0.6265735635780825,1.0
ccdefault,hgb,lime,clean,permuted,0,1,0.0,0.0,-0.23221343873517786,0.30888650263623596,1.0
ccdefault,hgb,lime,clean,permuted,0,2,0.0,0.0,-0.3438735177865613,0.3110266012812467,1.0
ccdefault,hgb,lime,clean,permuted,0,3,0.3333333333333333,0.2,-0.14624505928853757,0.32401504493249506,1.0
ccdefault,hgb,lime,clean,permuted,0,4,0.0,0.2,0.06620553359683795,0.3966695667527426,1.0
ccdefault,hgb,lime,clean,permuted,1,2,0.0,0.0,-0.05138339920948617,0.3173634325796576,1.0
ccdefault,hgb,lime,clean,permuted,1,3,0.3333333333333333,0.4,-0.03656126482213439,0.32383786835488054,1.0
ccdefault,hgb,lime,clean,permuted,1,4,0.3333333333333333,0.2,0.2519762845849803,0.44205126330827726,1.0
ccdefault,hgb,lime,clean,permuted,2,3,0.0,0.2,0.25395256916996045,0.3783219814911578,1.0
ccdefault,hgb,lime,clean,permuted,2,4,0.3333333333333333,0.2,-0.17094861660079053,0.3004151917033614,1.0
ccdefault,hgb,lime,clean,permuted,3,4,0.3333333333333333,0.2,-0.14723320158102768,0.3960343257954662,1.0
ccdefault,hgb,lime,clean,constant,0,1,1.0,1.0,0.0,1.0000000000000002,1.0
ccdefault,hgb,lime,clean,constant,0,2,1.0,1.0,0.0,1.0000000000000002,1.0
ccdefault,hgb,lime,clean,constant,0,3,1.0,1.0,0.0,1.0000000000000002,1.0
ccdefault,hgb,lime,clean,constant,0,4,1.0,1.0,0.0,1.0000000000000002,1.0
ccdefault,hgb,lime,clean,constant,1,2,1.0,1.0,0.0,1.0000000000000002,1.0
ccdefault,hgb,lime,clean,constant,1,3,1.0,1.0,0.0,1.0000000000000002,1.0
ccdefault,hgb,lime,clean,constant,1,4,1.0,1.0,0.0,1.0000000000000002,1.0
ccdefault,hgb,lime,clean,constant,2,3,1.0,1.0,0.0,1.0000000000000002,1.0
ccdefault,hgb,lime,clean,constant,2,4,1.0,1.0,0.0,1.0000000000000002,1.0
ccdefault,hgb,lime,clean,constant,3,4,1.0,1.0,0.0,1.0000000000000002,1.0
ccdefault,hgb,lime,clean,oracle,0,1,1.0,1.0,1.0,0.9999999999999998,1.0
ccdefault,hgb,lime,clean,oracle,0,2,1.0,1.0,1.0,0.9999999999999998,1.0
ccdefault,hgb,lime,clean,oracle,0,3,1.0,1.0,1.0,0.9999999999999998,1.0
ccdefault,hgb,lime,clean,oracle,0,4,1.0,1.0,1.0,0.9999999999999998,1.0
ccdefault,hgb,lime,clean,oracle,1,2,1.0,1.0,1.0,0.9999999999999998,1.0
ccdefault,hgb,lime,clean,oracle,1,3,1.0,1.0,1.0,0.9999999999999998,1.0
ccdefault,hgb,lime,clean,oracle,1,4,1.0,1.0,1.0,0.9999999999999998,1.0
ccdefault,hgb,lime,clean,oracle,2,3,1.0,1.0,1.0,0.9999999999999998,1.0
ccdefault,hgb,lime,clean,oracle,2,4,1.0,1.0,1.0,0.9999999999999998,1.0
ccdefault,hgb,lime,clean,oracle,3,4,1.0,1.0,1.0,0.9999999999999998,1.0
ccdefault,hgb,lime,spur,real,0,1,0.6666666666666666,0.6,0.1417391304347826,0.9987755583005794,1.0
ccdefault,hgb,lime,spur,real,0,2,0.3333333333333333,0.4,0.3852173913043478,0.9990211233594031,1.0
ccdefault,hgb,lime,spur,real,0,3,0.6666666666666666,0.4,0.62,0.9992972866314485,1.0
ccdefault,hgb,lime,spur,real,0,4,0.6666666666666666,0.4,0.1643478260869565,0.9988489803801105,1.0
ccdefault,hgb,lime,spur,real,1,2,0.3333333333333333,0.4,0.2121739130434782,0.9992739175755629,1.0
ccdefault,hgb,lime,spur,real,1,3,0.6666666666666666,0.4,0.28521739130434776,0.998993141818619,1.0
ccdefault,hgb,lime,spur,real,1,4,0.6666666666666666,0.4,0.19565217391304346,0.9992027806338903,1.0
ccdefault,hgb,lime,spur,real,2,3,0.3333333333333333,0.4,0.16086956521739126,0.9990365937282026,1.0
ccdefault,hgb,lime,spur,real,2,4,0.6666666666666666,0.8,0.3643478260869565,0.999623247433108,1.0
ccdefault,hgb,lime,spur,real,3,4,0.6666666666666666,0.4,0.2504347826086956,0.9991861839798062,1.0
ccdefault,hgb,lime,spur,random,0,1,0.3333333333333333,0.4,0.32,0.784778931315975,1.0
ccdefault,hgb,lime,spur,random,0,2,0.0,0.0,0.11391304347826085,0.7290716287617675,1.0
ccdefault,hgb,lime,spur,random,0,3,0.0,0.0,-0.268695652173913,0.5842768312808702,1.0
ccdefault,hgb,lime,spur,random,0,4,0.0,0.0,-0.07304347826086956,0.6373365197347297,1.0
ccdefault,hgb,lime,spur,random,1,2,0.0,0.0,0.11130434782608695,0.8058966300874573,1.0
ccdefault,hgb,lime,spur,random,1,3,0.0,0.2,0.042608695652173914,0.7323128521979249,1.0
ccdefault,hgb,lime,spur,random,1,4,0.0,0.0,-0.3043478260869565,0.6673738153628844,1.0
ccdefault,hgb,lime,spur,random,2,3,0.0,0.0,0.06173913043478261,0.7938482901902963,1.0
ccdefault,hgb,lime,spur,random,2,4,0.3333333333333333,0.4,0.04521739130434782,0.8014845469981072,1.0
ccdefault,hgb,lime,spur,random,3,4,0.3333333333333333,0.2,-0.17913043478260868,0.6775487905352838,1.0
ccdefault,hgb,lime,spur,permuted,0,1,0.0,0.4,0.2617391304347826,0.12122909136406922,1.0
ccdefault,hgb,lime,spur,permuted,0,2,0.0,0.0,-0.06869565217391303,0.123914479647157,1.0
ccdefault,hgb,lime,spur,permuted,0,3,0.6666666666666666,0.6,0.00608695652173913,0.13089662459199022,1.0
ccdefault,hgb,lime,spur,permuted,0,4,0.3333333333333333,0.4,0.10173913043478258,0.11386509389519425,1.0
ccdefault,hgb,lime,spur,permuted,1,2,0.0,0.2,-0.1252173913043478,0.11912023362270277,1.0
ccdefault,hgb,lime,spur,permuted,1,3,0.0,0.2,0.3121739130434782,0.11348665010306369,1.0
ccdefault,hgb,lime,spur,permuted,1,4,0.0,0.0,-0.28521739130434776,0.1044732106657825,1.0
ccdefault,hgb,lime,spur,permuted,2,3,0.0,0.2,-0.28521739130434776,0.09171567138508778,1.0
ccdefault,hgb,lime,spur,permuted,2,4,0.0,0.2,-0.01652173913043478,0.1174994573622409,1.0
ccdefault,hgb,lime,spur,permuted,3,4,0.6666666666666666,0.4,-0.009565217391304347,0.10929828922830191,1.0
ccdefault,hgb,lime,spur,constant,0,1,1.0,1.0,0.0,1.0000000000000002,1.0
ccdefault,hgb,lime,spur,constant,0,2,1.0,1.0,0.0,1.0000000000000002,1.0
ccdefault,hgb,lime,spur,constant,0,3,1.0,1.0,0.0,1.0000000000000002,1.0
ccdefault,hgb,lime,spur,constant,0,4,1.0,1.0,0.0,1.0000000000000002,1.0
ccdefault,hgb,lime,spur,constant,1,2,1.0,1.0,0.0,1.0000000000000002,1.0
ccdefault,hgb,lime,spur,constant,1,3,1.0,1.0,0.0,1.0000000000000002,1.0
ccdefault,hgb,lime,spur,constant,1,4,1.0,1.0,0.0,1.0000000000000002,1.0
ccdefault,hgb,lime,spur,constant,2,3,1.0,1.0,0.0,1.0000000000000002,1.0
ccdefault,hgb,lime,spur,constant,2,4,1.0,1.0,0.0,1.0000000000000002,1.0
ccdefault,hgb,lime,spur,constant,3,4,1.0,1.0,0.0,1.0000000000000002,1.0
ccdefault,hgb,lime,spur,oracle,0,1,1.0,1.0,1.0,1.0,1.0
ccdefault,hgb,lime,spur,oracle,0,2,1.0,1.0,1.0,1.0,1.0
ccdefault,hgb,lime,spur,oracle,0,3,1.0,1.0,1.0,1.0,1.0
ccdefault,hgb,lime,spur,oracle,0,4,1.0,1.0,1.0,1.0,1.0
ccdefault,hgb,lime,spur,oracle,1,2,1.0,1.0,1.0,1.0,1.0
ccdefault,hgb,lime,spur,oracle,1,3,1.0,1.0,1.0,1.0,1.0
ccdefault,hgb,lime,spur,oracle,1,4,1.0,1.0,1.0,1.0,1.0
ccdefault,hgb,lime,spur,oracle,2,3,1.0,1.0,1.0,1.0,1.0
ccdefault,hgb,lime,spur,oracle,2,4,1.0,1.0,1.0,1.0,1.0
ccdefault,hgb,lime,spur,oracle,3,4,1.0,1.0,1.0,1.0,1.0
ccdefault,mlp,ig,clean,real,0,1,0.6666666666666666,0.6,0.757905138339921,0.9624551525763311,1.0
ccdefault,mlp,ig,clean,real,0,2,1.0,0.8,0.8211462450592886,0.9702547722639275,1.0
ccdefault,mlp,ig,clean,real,0,3,0.6666666666666666,0.6,0.7341897233201582,0.9457026945695618,1.0
ccdefault,mlp,ig,clean,real,0,4,0.6666666666666666,0.6,0.7816205533596838,0.9613366316397378,1.0
ccdefault,mlp,ig,clean,real,1,2,0.6666666666666666,0.6,0.8359683794466403,0.9628481965055921,1.0
ccdefault,mlp,ig,clean,real,1,3,1.0,0.6,0.8122529644268776,0.9800586997655537,1.0
ccdefault,mlp,ig,clean,real,1,4,1.0,0.8,0.8715415019762847,0.9914496221795006,1.0
ccdefault,mlp,ig,clean,real,2,3,0.6666666666666666,0.6,0.8023715415019764,0.9462951887128713,1.0
ccdefault,mlp,ig,clean,real,2,4,0.6666666666666666,0.6,0.8646245059288538,0.9634791650037441,1.0
ccdefault,mlp,ig,clean,real,3,4,1.0,0.8,0.9367588932806324,0.9934894557311631,1.0
ccdefault,mlp,ig,clean,random,0,1,0.3333333333333333,0.2,-0.08893280632411067,0.7812470478976223,1.0
ccdefault,mlp,ig,clean,random,0,2,0.0,0.4,0.21047430830039524,0.813842952401813,1.0
ccdefault,mlp,ig,clean,random,0,3,0.0,0.2,-0.36462450592885376,0.6854880714529552,1.0
ccdefault,mlp,ig,clean,random,0,4,0.0,0.2,-0.20256916996047433,0.7024337437621679,1.0
ccdefault,mlp,ig,clean,random,1,2,0.0,0.2,0.2124505928853755,0.8323624469422932,1.0
ccdefault,mlp,ig,clean,random,1,3,0.0,0.2,0.0899209486166008,0.815734911981193,1.0
ccdefault,mlp,ig,clean,random,1,4,0.0,0.2,0.2015810276679842,0.8278940005500433,1.0
ccdefault,mlp,ig,clean,random,2,3,1.0,0.8,0.1373517786561265,0.7948082793979465,1.0
ccdefault,mlp,ig,clean,random,2,4,0.3333333333333333,0.4,0.11956521739130435,0.7722545551211307,1.0
ccdefault,mlp,ig,clean,random,3,4,0.3333333333333333,0.4,-0.03557312252964427,0.7546559241811277,1.0
ccdefault,mlp,ig,clean,permuted,0,1,0.0,0.4,0.27865612648221344,0.7762833275187717,1.0
ccdefault,mlp,ig,clean,permuted,0,2,0.0,0.2,-0.4644268774703557,0.6658383087001323,1.0
ccdefault,mlp,ig,clean,permuted,0,3,0.3333333333333333,0.2,0.34288537549407117,0.7695872502764965,1.0
ccdefault,mlp,ig,clean,permuted,0,4,0.0,0.2,-0.03656126482213439,0.6696386160078801,1.0
ccdefault,mlp,ig,clean,permuted,1,2,0.0,0.0,0.022727272727272724,0.7492579574596729,1.0
ccdefault,mlp,ig,clean,permuted,1,3,0.0,0.2,-0.25889328063241107,0.5835026844606118,1.0
ccdefault,mlp,ig,clean,permuted,1,4,0.3333333333333333,0.2,-0.2727272727272727,0.7116399476595593,1.0
ccdefault,mlp,ig,clean,permuted,2,3,0.0,0.2,-0.14525691699604742,0.7189542161733579,1.0
ccdefault,mlp,ig,clean,permuted,2,4,0.0,0.2,0.005928853754940711,0.7180402116036814,1.0
ccdefault,mlp,ig,clean,permuted,3,4,0.3333333333333333,0.6,0.44960474308300397,0.8127914027433234,1.0
ccdefault,mlp,ig,clean,constant,0,1,1.0,1.0,0.0,1.0000000000000002,1.0
ccdefault,mlp,ig,clean,constant,0,2,1.0,1.0,0.0,1.0000000000000002,1.0
ccdefault,mlp,ig,clean,constant,0,3,1.0,1.0,0.0,1.0000000000000002,1.0
ccdefault,mlp,ig,clean,constant,0,4,1.0,1.0,0.0,1.0000000000000002,1.0
ccdefault,mlp,ig,clean,constant,1,2,1.0,1.0,0.0,1.0000000000000002,1.0
ccdefault,mlp,ig,clean,constant,1,3,1.0,1.0,0.0,1.0000000000000002,1.0
ccdefault,mlp,ig,clean,constant,1,4,1.0,1.0,0.0,1.0000000000000002,1.0
ccdefault,mlp,ig,clean,constant,2,3,1.0,1.0,0.0,1.0000000000000002,1.0
ccdefault,mlp,ig,clean,constant,2,4,1.0,1.0,0.0,1.0000000000000002,1.0
ccdefault,mlp,ig,clean,constant,3,4,1.0,1.0,0.0,1.0000000000000002,1.0
ccdefault,mlp,ig,clean,oracle,0,1,1.0,1.0,1.0,0.9999999999999998,1.0
ccdefault,mlp,ig,clean,oracle,0,2,1.0,1.0,1.0,0.9999999999999998,1.0
ccdefault,mlp,ig,clean,oracle,0,3,1.0,1.0,1.0,0.9999999999999998,1.0
ccdefault,mlp,ig,clean,oracle,0,4,1.0,1.0,1.0,0.9999999999999998,1.0
ccdefault,mlp,ig,clean,oracle,1,2,1.0,1.0,1.0,0.9999999999999998,1.0
ccdefault,mlp,ig,clean,oracle,1,3,1.0,1.0,1.0,0.9999999999999998,1.0
ccdefault,mlp,ig,clean,oracle,1,4,1.0,1.0,1.0,0.9999999999999998,1.0
ccdefault,mlp,ig,clean,oracle,2,3,1.0,1.0,1.0,0.9999999999999998,1.0
ccdefault,mlp,ig,clean,oracle,2,4,1.0,1.0,1.0,0.9999999999999998,1.0
ccdefault,mlp,ig,clean,oracle,3,4,1.0,1.0,1.0,0.9999999999999998,1.0
ccdefault,mlp,ig,spur,real,0,1,0.6666666666666666,0.6,0.6469565217391303,0.9958288326036641,1.0
ccdefault,mlp,ig,spur,real,0,2,0.3333333333333333,0.6,0.5956521739130434,0.9956028739208517,1.0
ccdefault,mlp,ig,spur,real,0,3,0.3333333333333333,0.2,0.6147826086956522,0.9893633844474471,1.0
ccdefault,mlp,ig,spur,real,0,4,0.6666666666666666,0.6,0.6878260869565217,0.9962083882737037,1.0
ccdefault,mlp,ig,spur,real,1,2,0.3333333333333333,0.8,0.9139130434782607,0.9987394049750129,1.0
ccdefault,mlp,ig,spur,real,1,3,0.3333333333333333,0.4,0.7113043478260868,0.9908108704639287,1.0
ccdefault,mlp,ig,spur,real,1,4,0.6666666666666666,0.6,0.6921739130434782,0.9957121188605915,1.0
ccdefault,mlp,ig,spur,real,2,3,0.6666666666666666,0.6,0.6956521739130433,0.9912370140357936,1.0
ccdefault,mlp,ig,spur,real,2,4,0.6666666666666666,0.8,0.7573913043478261,0.9972214066760944,1.0
ccdefault,mlp,ig,spur,real,3,4,0.6666666666666666,0.6,0.826086956521739,0.9938725395142166,1.0
ccdefault,mlp,ig,spur,random,0,1,0.0,0.0,0.007826086956521738,0.771738902658324,1.0
ccdefault,mlp,ig,spur,random,0,2,0.0,0.0,-0.09217391304347824,0.6971965932875702,1.0
ccdefault,mlp,ig,spur,random,0,3,0.3333333333333333,0.4,0.1643478260869565,0.7458534402187279,1.0
ccdefault,mlp,ig,spur,random,0,4,0.3333333333333333,0.4,0.18347826086956517,0.8422073034185587,1.0
ccdefault,mlp,ig,spur,random,1,2,0.6666666666666666,0.6,0.2773913043478261,0.8296427384182952,1.0
ccdefault,mlp,ig,spur,random,1,3,0.3333333333333333,0.2,0.07304347826086956,0.7172157535235543,1.0
ccdefault,mlp,ig,spur,random,1,4,0.3333333333333333,0.4,0.14260869565217388,0.8022001667271467,1.0
ccdefault,mlp,ig,spur,random,2,3,0.3333333333333333,0.2,0.08347826086956521,0.6888654277752398,1.0
ccdefault,mlp,ig,spur,random,2,4,0.0,0.2,-0.09391304347826085,0.6975013402389545,1.0
ccdefault,mlp,ig,spur,random,3,4,0.3333333333333333,0.2,0.18,0.7517543677859893,1.0
ccdefault,mlp,ig,spur,permuted,0,1,0.0,0.0,0.041739130434782605,0.10980912583237902,1.0
ccdefault,mlp,ig,spur,permuted,0,2,0.3333333333333333,0.2,-0.19043478260869565,0.12417627787067269,1.0
ccdefault,mlp,ig,spur,permuted,0,3,0.0,0.0,-0.29130434782608694,0.10934847616614925,1.0
ccdefault,mlp,ig,spur,permuted,0,4,0.0,0.0,-0.5382608695652172,0.06712080602423101,1.0
ccdefault,mlp,ig,spur,permuted,1,2,0.0,0.0,0.13652173913043478,0.10810065109138098,1.0
ccdefault,mlp,ig,spur,permuted,1,3,0.3333333333333333,0.2,0.14260869565217388,0.9837232365327229,1.0
ccdefault,mlp,ig,spur,permuted,1,4,0.0,0.0,-0.0608695652173913,0.08618872534182939,1.0
ccdefault,mlp,ig,spur,permuted,2,3,0.3333333333333333,0.4,0.33652173913043476,0.2015972536846237,1.0
ccdefault,mlp,ig,spur,permuted,2,4,0.0,0.2,0.25565217391304346,0.11400061077514334,1.0
ccdefault,mlp,ig,spur,permuted,3,4,0.0,0.4,0.2008695652173913,0.1461824133107049,1.0
ccdefault,mlp,ig,spur,constant,0,1,1.0,1.0,0.0,1.0000000000000002,1.0
ccdefault,mlp,ig,spur,constant,0,2,1.0,1.0,0.0,1.0000000000000002,1.0
ccdefault,mlp,ig,spur,constant,0,3,1.0,1.0,0.0,1.0000000000000002,1.0
ccdefault,mlp,ig,spur,constant,0,4,1.0,1.0,0.0,1.0000000000000002,1.0
ccdefault,mlp,ig,spur,constant,1,2,1.0,1.0,0.0,1.0000000000000002,1.0
ccdefault,mlp,ig,spur,constant,1,3,1.0,1.0,0.0,1.0000000000000002,1.0
ccdefault,mlp,ig,spur,constant,1,4,1.0,1.0,0.0,1.0000000000000002,1.0
ccdefault,mlp,ig,spur,constant,2,3,1.0,1.0,0.0,1.0000000000000002,1.0
ccdefault,mlp,ig,spur,constant,2,4,1.0,1.0,0.0,1.0000000000000002,1.0
ccdefault,mlp,ig,spur,constant,3,4,1.0,1.0,0.0,1.0000000000000002,1.0
ccdefault,mlp,ig,spur,oracle,0,1,1.0,1.0,1.0,1.0,1.0
ccdefault,mlp,ig,spur,oracle,0,2,1.0,1.0,1.0,1.0,1.0
ccdefault,mlp,ig,spur,oracle,0,3,1.0,1.0,1.0,1.0,1.0
ccdefault,mlp,ig,spur,oracle,0,4,1.0,1.0,1.0,1.0,1.0
ccdefault,mlp,ig,spur,oracle,1,2,1.0,1.0,1.0,1.0,1.0
ccdefault,mlp,ig,spur,oracle,1,3,1.0,1.0,1.0,1.0,1.0
ccdefault,mlp,ig,spur,oracle,1,4,1.0,1.0,1.0,1.0,1.0
ccdefault,mlp,ig,spur,oracle,2,3,1.0,1.0,1.0,1.0,1.0
ccdefault,mlp,ig,spur,oracle,2,4,1.0,1.0,1.0,1.0,1.0
ccdefault,mlp,ig,spur,oracle,3,4,1.0,1.0,1.0,1.0,1.0
ccdefault,mlp,lime,clean,real,0,1,1.0,0.6,0.6482213438735179,0.986790056753567,1.0
ccdefault,mlp,lime,clean,real,0,2,1.0,1.0,0.8043478260869565,0.9909978847006607,1.0
ccdefault,mlp,lime,clean,real,0,3,0.6666666666666666,0.8,0.7193675889328064,0.9872238849091993,1.0
ccdefault,mlp,lime,clean,real,0,4,0.6666666666666666,0.8,0.8369565217391305,0.9885701400993261,1.0
ccdefault,mlp,lime,clean,real,1,2,1.0,0.6,0.6205533596837945,0.9834829418635873,1.0
ccdefault,mlp,lime,clean,real,1,3,0.6666666666666666,0.6,0.5118577075098815,0.9869274376852827,1.0
ccdefault,mlp,lime,clean,real,1,4,0.6666666666666666,0.4,0.7924901185770751,0.9890619640963803,1.0
ccdefault,mlp,lime,clean,real,2,3,0.6666666666666666,0.8,0.6126482213438735,0.9831860271427928,1.0
ccdefault,mlp,lime,clean,real,2,4,0.6666666666666666,0.8,0.6926877470355731,0.9796325583812193,1.0
ccdefault,mlp,lime,clean,real,3,4,0.6666666666666666,0.8,0.6956521739130435,0.9906452871356607,1.0
ccdefault,mlp,lime,clean,random,0,1,0.0,0.2,-0.1847826086956522,0.6541805691474292,1.0
ccdefault,mlp,lime,clean,random,0,2,0.3333333333333333,0.2,0.1442687747035573,0.7659536798517632,1.0
ccdefault,mlp,lime,clean,random,0,3,0.0,0.0,0.19071146245059292,0.7354744693063618,1.0
ccdefault,mlp,lime,clean,random,0,4,0.3333333333333333,0.2,0.08300395256916995,0.7340785422764243,1.0
ccdefault,mlp,lime,clean,random,1,2,0.0,0.0,-0.1432806324110672,0.6989084384445431,1.0
ccdefault,mlp,lime,clean,random,1,3,0.3333333333333333,0.2,-0.13043478260869565,0.6869708195553664,1.0
ccdefault,mlp,lime,clean,random,1,4,0.3333333333333333,0.2,0.0691699604743083,0.740493303490788,1.0
ccdefault,mlp,lime,clean,random,2,3,0.0,0.2,-0.3972332015810277,0.6605906671730349,1.0
ccdefault,mlp,lime,clean,random,2,4,0.0,0.0,0.08794466403162056,0.7649144813753268,1.0
ccdefault,mlp,lime,clean,random,3,4,0.0,0.0,-0.1422924901185771,0.7109777642313666,1.0
ccdefault,mlp,lime,clean,permuted,0,1,0.3333333333333333,0.2,-0.1689723320158103,0.4624205516951179,1.0
ccdefault,mlp,lime,clean,permuted,0,2,0.0,0.0,-0.4881422924901186,0.3719471162829083,1.0
ccdefault,mlp,lime,clean,permuted,0,3,0.3333333333333333,0.2,0.2114624505928854,0.3764161199616964,1.0
ccdefault,mlp,lime,clean,permuted,0,4,0.0,0.2,-0.11758893280632411,0.42684309553577465,1.0
ccdefault,mlp,lime,clean,permuted,1,2,0.0,0.2,-0.08596837944664032,0.4082640172608317,1.0
ccdefault,mlp,lime,clean,permuted,1,3,0.0,0.4,0.12252964426877472,0.40127492043597257,1.0
ccdefault,mlp,lime,clean,permuted,1,4,0.0,0.2,0.18379446640316205,0.38429212212842206,1.0
ccdefault,mlp,lime,clean,permuted,2,3,0.3333333333333333,0.2,0.07411067193675888,0.5255944045912482,1.0
ccdefault,mlp,lime,clean,permuted,2,4,0.0,0.2,-0.05928853754940712,0.38889468425188345,1.0
ccdefault,mlp,lime,clean,permuted,3,4,0.0,0.0,-0.04545454545454545,0.36881830702863383,1.0
ccdefault,mlp,lime,clean,constant,0,1,1.0,1.0,0.0,1.0000000000000002,1.0
ccdefault,mlp,lime,clean,constant,0,2,1.0,1.0,0.0,1.0000000000000002,1.0
ccdefault,mlp,lime,clean,constant,0,3,1.0,1.0,0.0,1.0000000000000002,1.0
ccdefault,mlp,lime,clean,constant,0,4,1.0,1.0,0.0,1.0000000000000002,1.0
ccdefault,mlp,lime,clean,constant,1,2,1.0,1.0,0.0,1.0000000000000002,1.0
ccdefault,mlp,lime,clean,constant,1,3,1.0,1.0,0.0,1.0000000000000002,1.0
ccdefault,mlp,lime,clean,constant,1,4,1.0,1.0,0.0,1.0000000000000002,1.0
ccdefault,mlp,lime,clean,constant,2,3,1.0,1.0,0.0,1.0000000000000002,1.0
ccdefault,mlp,lime,clean,constant,2,4,1.0,1.0,0.0,1.0000000000000002,1.0
ccdefault,mlp,lime,clean,constant,3,4,1.0,1.0,0.0,1.0000000000000002,1.0
ccdefault,mlp,lime,clean,oracle,0,1,1.0,1.0,1.0,0.9999999999999998,1.0
ccdefault,mlp,lime,clean,oracle,0,2,1.0,1.0,1.0,0.9999999999999998,1.0
ccdefault,mlp,lime,clean,oracle,0,3,1.0,1.0,1.0,0.9999999999999998,1.0
ccdefault,mlp,lime,clean,oracle,0,4,1.0,1.0,1.0,0.9999999999999998,1.0
ccdefault,mlp,lime,clean,oracle,1,2,1.0,1.0,1.0,0.9999999999999998,1.0
ccdefault,mlp,lime,clean,oracle,1,3,1.0,1.0,1.0,0.9999999999999998,1.0
ccdefault,mlp,lime,clean,oracle,1,4,1.0,1.0,1.0,0.9999999999999998,1.0
ccdefault,mlp,lime,clean,oracle,2,3,1.0,1.0,1.0,0.9999999999999998,1.0
ccdefault,mlp,lime,clean,oracle,2,4,1.0,1.0,1.0,0.9999999999999998,1.0
ccdefault,mlp,lime,clean,oracle,3,4,1.0,1.0,1.0,0.9999999999999998,1.0
ccdefault,mlp,lime,spur,real,0,1,0.6666666666666666,0.4,0.3104347826086956,0.9990085914185238,1.0
ccdefault,mlp,lime,spur,real,0,2,0.6666666666666666,0.6,0.437391304347826,0.9993410684888221,1.0
ccdefault,mlp,lime,spur,real,0,3,0.6666666666666666,0.6,0.6521739130434783,0.9994449367641813,1.0
ccdefault,mlp,lime,spur,real,0,4,0.6666666666666666,0.6,0.07043478260869565,0.9986702189035708,1.0
ccdefault,mlp,lime,spur,real,1,2,0.6666666666666666,0.4,0.09826086956521737,0.9993527524266194,1.0
ccdefault,mlp,lime,spur,real,1,3,0.6666666666666666,0.6,0.46434782608695646,0.9993457205888182,1.0
ccdefault,mlp,lime,spur,real,1,4,0.6666666666666666,0.4,0.37652173913043474,0.9990746323365765,1.0
ccdefault,mlp,lime,spur,real,2,3,0.6666666666666666,0.6,0.39652173913043476,0.9994538501284015,1.0
ccdefault,mlp,lime,spur,real,2,4,0.6666666666666666,0.8,0.3426086956521739,0.9993100798236748,1.0
ccdefault,mlp,lime,spur,real,3,4,1.0,0.6,0.32347826086956516,0.9994425407137494,1.0
ccdefault,mlp,lime,spur,random,0,1,0.3333333333333333,0.4,0.3556521739130434,0.8452079908526066,1.0
ccdefault,mlp,lime,spur,random,0,2,0.0,0.2,-0.003478260869565217,0.747802044702274,1.0
ccdefault,mlp,lime,spur,random,0,3,0.3333333333333333,0.4,0.17391304347826084,0.830795515550759,1.0
ccdefault,mlp,lime,spur,random,0,4,0.3333333333333333,0.2,-0.05565217391304347,0.7495018766562692,1.0
ccdefault,mlp,lime,spur,random,1,2,0.3333333333333333,0.4,0.2295652173913043,0.7857275173107914,1.0
ccdefault,mlp,lime,spur,random,1,3,0.0,0.2,0.06,0.7775049184043584,1.0
ccdefault,mlp,lime,spur,random,1,4,0.0,0.4,0.2478260869565217,0.784580707891182,1.0
ccdefault,mlp,lime,spur,random,2,3,0.3333333333333333,0.4,0.43043478260869555,0.8435875300960455,1.0
ccdefault,mlp,lime,spur,random,2,4,0.0,0.4,0.23826086956521736,0.777819505832984,1.0
ccdefault,mlp,lime,spur,random,3,4,0.0,0.0,0.08086956521739129,0.754698208818196,1.0
ccdefault,mlp,lime,spur,permuted,0,1,0.0,0.2,-0.04,0.1332691131961912,1.0
ccdefault,mlp,lime,spur,permuted,0,2,0.0,0.0,-0.16086956521739126,0.12170690589874021,1.0
ccdefault,mlp,lime,spur,permuted,0,3,0.3333333333333333,0.4,-0.007826086956521738,0.11785083727198722,1.0
ccdefault,mlp,lime,spur,permuted,0,4,0.0,0.0,-0.4547826086956522,0.12759766411958445,1.0
ccdefault,mlp,lime,spur,permuted,1,2,0.0,0.2,0.25217391304347825,0.1298660540712814,1.0
ccdefault,mlp,lime,spur,permuted,1,3,0.3333333333333333,0.2,-0.18086956521739128,0.10409940890386396,1.0
ccdefault,mlp,lime,spur,permuted,1,4,0.3333333333333333,0.2,-0.08695652173913042,0.11034823651332698,1.0
ccdefault,mlp,lime,spur,permuted,2,3,0.0,0.0,-0.26347826086956516,0.12356972578162424,1.0
ccdefault,mlp,lime,spur,permuted,2,4,0.0,0.2,0.2895652173913043,0.13008842506606952,1.0
ccdefault,mlp,lime,spur,permuted,3,4,0.3333333333333333,0.2,-0.05217391304347826,0.9972662715658368,1.0
ccdefault,mlp,lime,spur,constant,0,1,1.0,1.0,0.0,1.0000000000000002,1.0
ccdefault,mlp,lime,spur,constant,0,2,1.0,1.0,0.0,1.0000000000000002,1.0
ccdefault,mlp,lime,spur,constant,0,3,1.0,1.0,0.0,1.0000000000000002,1.0
ccdefault,mlp,lime,spur,constant,0,4,1.0,1.0,0.0,1.0000000000000002,1.0
ccdefault,mlp,lime,spur,constant,1,2,1.0,1.0,0.0,1.0000000000000002,1.0
ccdefault,mlp,lime,spur,constant,1,3,1.0,1.0,0.0,1.0000000000000002,1.0
ccdefault,mlp,lime,spur,constant,1,4,1.0,1.0,0.0,1.0000000000000002,1.0
ccdefault,mlp,lime,spur,constant,2,3,1.0,1.0,0.0,1.0000000000000002,1.0
ccdefault,mlp,lime,spur,constant,2,4,1.0,1.0,0.0,1.0000000000000002,1.0
ccdefault,mlp,lime,spur,constant,3,4,1.0,1.0,0.0,1.0000000000000002,1.0
ccdefault,mlp,lime,spur,oracle,0,1,1.0,1.0,1.0,1.0,1.0
ccdefault,mlp,lime,spur,oracle,0,2,1.0,1.0,1.0,1.0,1.0
ccdefault,mlp,lime,spur,oracle,0,3,1.0,1.0,1.0,1.0,1.0
ccdefault,mlp,lime,spur,oracle,0,4,1.0,1.0,1.0,1.0,1.0
ccdefault,mlp,lime,spur,oracle,1,2,1.0,1.0,1.0,1.0,1.0
ccdefault,mlp,lime,spur,oracle,1,3,1.0,1.0,1.0,1.0,1.0
ccdefault,mlp,lime,spur,oracle,1,4,1.0,1.0,1.0,1.0,1.0
ccdefault,mlp,lime,spur,oracle,2,3,1.0,1.0,1.0,1.0,1.0
ccdefault,mlp,lime,spur,oracle,2,4,1.0,1.0,1.0,1.0,1.0
ccdefault,mlp,lime,spur,oracle,3,4,1.0,1.0,1.0,1.0,1.0
ccdefault,mlp,kshap,clean,real,0,1,1.0,0.6,0.6610671936758893,0.9741512258237649,1.0
ccdefault,mlp,kshap,clean,real,0,2,0.6666666666666666,0.6,0.8122529644268776,0.9800044831131192,1.0
ccdefault,mlp,kshap,clean,real,0,3,0.6666666666666666,0.6,0.7124505928853756,0.9737039465408962,1.0
ccdefault,mlp,kshap,clean,real,0,4,1.0,0.6,0.8300395256916996,0.9855246651791972,1.0
ccdefault,mlp,kshap,clean,real,1,2,0.6666666666666666,0.8,0.8053359683794467,0.9869981675567974,1.0
ccdefault,mlp,kshap,clean,real,1,3,0.6666666666666666,0.8,0.8191699604743082,0.9838644693710429,1.0
ccdefault,mlp,kshap,clean,real,1,4,1.0,0.8,0.8300395256916996,0.9916460723537841,1.0
ccdefault,mlp,kshap,clean,real,2,3,0.6666666666666666,0.8,0.8013833992094862,0.9792983048906336,1.0
ccdefault,mlp,kshap,clean,real,2,4,0.6666666666666666,0.8,0.8883399209486167,0.9907095158187249,1.0
ccdefault,mlp,kshap,clean,real,3,4,0.6666666666666666,1.0,0.8073122529644269,0.9861262017819327,1.0
ccdefault,mlp,kshap,clean,random,0,1,0.3333333333333333,0.2,0.11462450592885376,0.7471082421421028,1.0
ccdefault,mlp,kshap,clean,random,0,2,0.0,0.2,0.11561264822134389,0.7277593405851487,1.0
ccdefault,mlp,kshap,clean,random,0,3,0.0,0.4,0.20553359683794467,0.7665431559187722,1.0
ccdefault,mlp,kshap,clean,random,0,4,0.3333333333333333,0.6,0.3735177865612649,0.7961080460179686,1.0
ccdefault,mlp,kshap,clean,random,1,2,0.3333333333333333,0.4,0.46047430830039526,0.8426348111958653,1.0
ccdefault,mlp,kshap,clean,random,1,3,0.0,0.2,-0.0800395256916996,0.7843239282552525,1.0
ccdefault,mlp,kshap,clean,random,1,4,0.0,0.2,0.36067193675889325,0.8232373899394971,1.0
ccdefault,mlp,kshap,clean,random,2,3,0.0,0.2,-0.2381422924901186,0.708555772115578,1.0
ccdefault,mlp,kshap,clean,random,2,4,0.0,0.2,-0.06620553359683795,0.7114111635538692,1.0
ccdefault,mlp,kshap,clean,random,3,4,0.0,0.0,-0.003952569169960474,0.7484915635734065,1.0
ccdefault,mlp,kshap,clean,permuted,0,1,0.0,0.0,-0.21936758893280633,0.1985466394484047,1.0
ccdefault,mlp,kshap,clean,permuted,0,2,0.0,0.0,-0.291501976284585,0.22684468160036578,1.0
ccdefault,mlp,kshap,clean,permuted,0,3,0.6666666666666666,0.4,0.3685770750988142,0.9154853613765971,1.0
ccdefault,mlp,kshap,clean,permuted,0,4,0.0,0.0,0.05632411067193676,0.26456934281557704,1.0
ccdefault,mlp,kshap,clean,permuted,1,2,0.3333333333333333,0.2,0.5296442687747036,0.3665922862690755,1.0
ccdefault,mlp,kshap,clean,permuted,1,3,0.0,0.0,0.03754940711462451,0.20114940032613116,1.0
ccdefault,mlp,kshap,clean,permuted,1,4,0.0,0.0,0.02766798418972332,0.22422199390449365,1.0
ccdefault,mlp,kshap,clean,permuted,2,3,0.0,0.2,-0.2015810276679842,0.13950573252067477,1.0
ccdefault,mlp,kshap,clean,permuted,2,4,0.3333333333333333,0.4,-0.03359683794466403,0.29461708228932937,1.0
ccdefault,mlp,kshap,clean,permuted,3,4,0.0,0.2,0.10177865612648221,0.26079290358484375,1.0
ccdefault,mlp,kshap,clean,constant,0,1,1.0,1.0,0.0,1.0000000000000002,1.0
ccdefault,mlp,kshap,clean,constant,0,2,1.0,1.0,0.0,1.0000000000000002,1.0
ccdefault,mlp,kshap,clean,constant,0,3,1.0,1.0,0.0,1.0000000000000002,1.0
ccdefault,mlp,kshap,clean,constant,0,4,1.0,1.0,0.0,1.0000000000000002,1.0
ccdefault,mlp,kshap,clean,constant,1,2,1.0,1.0,0.0,1.0000000000000002,1.0
ccdefault,mlp,kshap,clean,constant,1,3,1.0,1.0,0.0,1.0000000000000002,1.0
ccdefault,mlp,kshap,clean,constant,1,4,1.0,1.0,0.0,1.0000000000000002,1.0
ccdefault,mlp,kshap,clean,constant,2,3,1.0,1.0,0.0,1.0000000000000002,1.0
ccdefault,mlp,kshap,clean,constant,2,4,1.0,1.0,0.0,1.0000000000000002,1.0
ccdefault,mlp,kshap,clean,constant,3,4,1.0,1.0,0.0,1.0000000000000002,1.0
ccdefault,mlp,kshap,clean,oracle,0,1,1.0,1.0,1.0,0.9999999999999998,1.0
ccdefault,mlp,kshap,clean,oracle,0,2,1.0,1.0,1.0,0.9999999999999998,1.0
ccdefault,mlp,kshap,clean,oracle,0,3,1.0,1.0,1.0,0.9999999999999998,1.0
ccdefault,mlp,kshap,clean,oracle,0,4,1.0,1.0,1.0,0.9999999999999998,1.0
ccdefault,mlp,kshap,clean,oracle,1,2,1.0,1.0,1.0,0.9999999999999998,1.0
ccdefault,mlp,kshap,clean,oracle,1,3,1.0,1.0,1.0,0.9999999999999998,1.0
ccdefault,mlp,kshap,clean,oracle,1,4,1.0,1.0,1.0,0.9999999999999998,1.0
ccdefault,mlp,kshap,clean,oracle,2,3,1.0,1.0,1.0,0.9999999999999998,1.0
ccdefault,mlp,kshap,clean,oracle,2,4,1.0,1.0,1.0,0.9999999999999998,1.0
ccdefault,mlp,kshap,clean,oracle,3,4,1.0,1.0,1.0,0.9999999999999998,1.0
electricity,logreg,linshap,clean,real,0,1,1.0,1.0,1.0,0.9999999999999999,1.0
electricity,logreg,linshap,clean,real,0,2,1.0,1.0,1.0,0.9999999999999999,1.0
electricity,logreg,linshap,clean,real,0,3,1.0,1.0,1.0,0.9999999999999999,1.0
electricity,logreg,linshap,clean,real,0,4,1.0,1.0,1.0,0.9999999999999999,1.0
electricity,logreg,linshap,clean,real,1,2,1.0,1.0,1.0,0.9999999999999999,1.0
electricity,logreg,linshap,clean,real,1,3,1.0,1.0,1.0,0.9999999999999999,1.0
electricity,logreg,linshap,clean,real,1,4,1.0,1.0,1.0,0.9999999999999999,1.0
electricity,logreg,linshap,clean,real,2,3,1.0,1.0,1.0,0.9999999999999999,1.0
electricity,logreg,linshap,clean,real,2,4,1.0,1.0,1.0,0.9999999999999999,1.0
electricity,logreg,linshap,clean,real,3,4,1.0,1.0,1.0,0.9999999999999999,1.0
electricity,logreg,linshap,clean,random,0,1,0.6666666666666666,0.6,0.19047619047619052,0.8896050555690038,1.0
electricity,logreg,linshap,clean,random,0,2,0.3333333333333333,0.6,-0.04761904761904763,0.8747915858140447,1.0
electricity,logreg,linshap,clean,random,0,3,0.3333333333333333,0.6,-0.38095238095238104,0.8559065322194707,1.0
electricity,logreg,linshap,clean,random,0,4,0.6666666666666666,0.8,0.7380952380952381,0.9589966996253271,1.0
electricity,logreg,linshap,clean,random,1,2,0.3333333333333333,0.4,-0.4047619047619048,0.762585590884274,1.0
electricity,logreg,linshap,clean,random,1,3,0.3333333333333333,0.6,-0.2380952380952381,0.8472292387443411,1.0
electricity,logreg,linshap,clean,random,1,4,0.3333333333333333,0.4,-0.28571428571428575,0.7832021905226342,1.0
electricity,logreg,linshap,clean,random,2,3,0.3333333333333333,0.6,0.023809523809523815,0.850673822742051,1.0
electricity,logreg,linshap,clean,random,2,4,0.3333333333333333,0.6,0.023809523809523815,0.8100232878163972,1.0
electricity,logreg,linshap,clean,random,3,4,0.0,0.6,-0.5714285714285715,0.7565021998942602,1.0
electricity,logreg,linshap,clean,permuted,0,1,0.6666666666666666,0.6,0.4523809523809524,0.5356768796586302,1.0
electricity,logreg,linshap,clean,permuted,0,2,0.0,0.6,-0.261904761904762,0.15188729035996199,1.0
electricity,logreg,linshap,clean,permuted,0,3,0.0,0.6,-0.11904761904761905,0.21239290074513759,1.0
electricity,logreg,linshap,clean,permuted,0,4,1.0,1.0,0.9761904761904763,0.9851234583688949,1.0
electricity,logreg,linshap,clean,permuted,1,2,0.3333333333333333,0.6,-0.07142857142857144,0.3136370275738802,1.0
electricity,logreg,linshap,clean,permuted,1,3,0.0,0.4,-0.880952380952381,0.08065212430718534,1.0
electricity,logreg,linshap,clean,permuted,1,4,0.6666666666666666,0.6,0.4285714285714286,0.5349583442277086,1.0
electricity,logreg,linshap,clean,permuted,2,3,0.6666666666666666,0.4,-0.1666666666666667,0.47215206006785637,1.0
electricity,logreg,linshap,clean,permuted,2,4,0.0,0.6,-0.14285714285714288,0.18296917925914602,1.0
electricity,logreg,linshap,clean,permuted,3,4,0.0,0.6,-0.09523809523809526,0.2779911861465175,1.0
electricity,logreg,linshap,clean,constant,0,1,1.0,1.0,0.0,0.9999999999999998,1.0
electricity,logreg,linshap,clean,constant,0,2,1.0,1.0,0.0,0.9999999999999998,1.0
electricity,logreg,linshap,clean,constant,0,3,1.0,1.0,0.0,0.9999999999999998,1.0
electricity,logreg,linshap,clean,constant,0,4,1.0,1.0,0.0,0.9999999999999998,1.0
electricity,logreg,linshap,clean,constant,1,2,1.0,1.0,0.0,0.9999999999999998,1.0
electricity,logreg,linshap,clean,constant,1,3,1.0,1.0,0.0,0.9999999999999998,1.0
electricity,logreg,linshap,clean,constant,1,4,1.0,1.0,0.0,0.9999999999999998,1.0
electricity,logreg,linshap,clean,constant,2,3,1.0,1.0,0.0,0.9999999999999998,1.0
electricity,logreg,linshap,clean,constant,2,4,1.0,1.0,0.0,0.9999999999999998,1.0
electricity,logreg,linshap,clean,constant,3,4,1.0,1.0,0.0,0.9999999999999998,1.0
electricity,logreg,linshap,clean,oracle,0,1,1.0,1.0,1.0,0.9999999999999998,1.0
electricity,logreg,linshap,clean,oracle,0,2,1.0,1.0,1.0,0.9999999999999998,1.0
electricity,logreg,linshap,clean,oracle,0,3,1.0,1.0,1.0,0.9999999999999998,1.0
electricity,logreg,linshap,clean,oracle,0,4,1.0,1.0,1.0,0.9999999999999998,1.0
electricity,logreg,linshap,clean,oracle,1,2,1.0,1.0,1.0,0.9999999999999998,1.0
electricity,logreg,linshap,clean,oracle,1,3,1.0,1.0,1.0,0.9999999999999998,1.0
electricity,logreg,linshap,clean,oracle,1,4,1.0,1.0,1.0,0.9999999999999998,1.0
electricity,logreg,linshap,clean,oracle,2,3,1.0,1.0,1.0,0.9999999999999998,1.0
electricity,logreg,linshap,clean,oracle,2,4,1.0,1.0,1.0,0.9999999999999998,1.0
electricity,logreg,linshap,clean,oracle,3,4,1.0,1.0,1.0,0.9999999999999998,1.0
electricity,logreg,linshap,spur,real,0,1,1.0,1.0,1.0,1.0,1.0
electricity,logreg,linshap,spur,real,0,2,1.0,1.0,1.0,1.0,1.0
electricity,logreg,linshap,spur,real,0,3,1.0,1.0,1.0,1.0,1.0
electricity,logreg,linshap,spur,real,0,4,1.0,1.0,1.0,1.0,1.0
electricity,logreg,linshap,spur,real,1,2,1.0,1.0,1.0,1.0,1.0
electricity,logreg,linshap,spur,real,1,3,1.0,1.0,1.0,1.0,1.0
electricity,logreg,linshap,spur,real,1,4,1.0,1.0,1.0,1.0,1.0
electricity,logreg,linshap,spur,real,2,3,1.0,1.0,1.0,1.0,1.0
electricity,logreg,linshap,spur,real,2,4,1.0,1.0,1.0,1.0,1.0
electricity,logreg,linshap,spur,real,3,4,1.0,1.0,1.0,1.0,1.0
electricity,logreg,linshap,spur,random,0,1,0.0,0.4,-0.7833333333333333,0.7410277946844958,1.0
electricity,logreg,linshap,spur,random,0,2,0.3333333333333333,0.4,-0.45,0.7510549401884566,1.0
electricity,logreg,linshap,spur,random,0,3,0.0,0.2,-0.7999999999999999,0.6341039903985206,1.0
electricity,logreg,linshap,spur,random,0,4,0.3333333333333333,0.6,0.11666666666666665,0.7752033274940305,1.0
electricity,logreg,linshap,spur,random,1,2,0.3333333333333333,0.4,-0.03333333333333333,0.8234167210751963,1.0
electricity,logreg,linshap,spur,random,1,3,0.6666666666666666,0.6,0.7,0.8639888349819098,1.0
electricity,logreg,linshap,spur,random,1,4,0.3333333333333333,0.2,-0.43333333333333335,0.6633675269101242,1.0
electricity,logreg,linshap,spur,random,2,3,0.3333333333333333,0.8,0.049999999999999996,0.7140225425264449,1.0
electricity,logreg,linshap,spur,random,2,4,0.6666666666666666,0.8,0.5666666666666667,0.9024094070475674,1.0
electricity,logreg,linshap,spur,random,3,4,0.3333333333333333,0.6,-0.25,0.5857921544126371,1.0
electricity,logreg,linshap,spur,permuted,0,1,0.3333333333333333,0.4,-0.25,0.09075157446000526,1.0
electricity,logreg,linshap,spur,permuted,0,2,0.3333333333333333,0.6,0.21666666666666667,0.9310318312557136,1.0
electricity,logreg,linshap,spur,permuted,0,3,0.3333333333333333,0.8,0.3666666666666667,0.32490830221763795,1.0
electricity,logreg,linshap,spur,permuted,0,4,0.6666666666666666,0.6,0.06666666666666667,0.31428287465818283,1.0
electricity,logreg,linshap,spur,permuted,1,2,0.0,0.4,-0.5166666666666667,0.06633185196539285,1.0
electricity,logreg,linshap,spur,permuted,1,3,0.3333333333333333,0.6,-0.2333333333333333,0.13599722323482696,1.0
electricity,logreg,linshap,spur,permuted,1,4,0.6666666666666666,0.6,0.48333333333333334,0.3516137110912654,1.0
electricity,logreg,linshap,spur,permuted,2,3,0.3333333333333333,0.6,-0.15,0.12386527301808609,1.0
electricity,logreg,linshap,spur,permuted,2,4,0.3333333333333333,0.6,0.06666666666666667,0.294480639885896,1.0
electricity,logreg,linshap,spur,permuted,3,4,0.3333333333333333,0.4,-0.03333333333333333,0.1644721377119798,1.0
electricity,logreg,linshap,spur,constant,0,1,1.0,1.0,0.0,1.0,1.0
electricity,logreg,linshap,spur,constant,0,2,1.0,1.0,0.0,1.0,1.0
electricity,logreg,linshap,spur,constant,0,3,1.0,1.0,0.0,1.0,1.0
electricity,logreg,linshap,spur,constant,0,4,1.0,1.0,0.0,1.0,1.0
electricity,logreg,linshap,spur,constant,1,2,1.0,1.0,0.0,1.0,1.0
electricity,logreg,linshap,spur,constant,1,3,1.0,1.0,0.0,1.0,1.0
electricity,logreg,linshap,spur,constant,1,4,1.0,1.0,0.0,1.0,1.0
electricity,logreg,linshap,spur,constant,2,3,1.0,1.0,0.0,1.0,1.0
electricity,logreg,linshap,spur,constant,2,4,1.0,1.0,0.0,1.0,1.0
electricity,logreg,linshap,spur,constant,3,4,1.0,1.0,0.0,1.0,1.0
electricity,logreg,linshap,spur,oracle,0,1,1.0,1.0,1.0,1.0,1.0
electricity,logreg,linshap,spur,oracle,0,2,1.0,1.0,1.0,1.0,1.0
electricity,logreg,linshap,spur,oracle,0,3,1.0,1.0,1.0,1.0,1.0
electricity,logreg,linshap,spur,oracle,0,4,1.0,1.0,1.0,1.0,1.0
electricity,logreg,linshap,spur,oracle,1,2,1.0,1.0,1.0,1.0,1.0
electricity,logreg,linshap,spur,oracle,1,3,1.0,1.0,1.0,1.0,1.0
electricity,logreg,linshap,spur,oracle,1,4,1.0,1.0,1.0,1.0,1.0
electricity,logreg,linshap,spur,oracle,2,3,1.0,1.0,1.0,1.0,1.0
electricity,logreg,linshap,spur,oracle,2,4,1.0,1.0,1.0,1.0,1.0
electricity,logreg,linshap,spur,oracle,3,4,1.0,1.0,1.0,1.0,1.0
electricity,logreg,lime,clean,real,0,1,1.0,1.0,0.9761904761904763,0.9995279040456031,1.0
electricity,logreg,lime,clean,real,0,2,1.0,1.0,1.0,0.9990360555967487,1.0
electricity,logreg,lime,clean,real,0,3,1.0,1.0,1.0,0.9986421172705002,1.0
electricity,logreg,lime,clean,real,0,4,1.0,1.0,1.0,0.9995333808689627,1.0
electricity,logreg,lime,clean,real,1,2,1.0,1.0,0.9761904761904763,0.9997880037060731,1.0
electricity,logreg,lime,clean,real,1,3,1.0,1.0,0.9761904761904763,0.9993632164552514,1.0
electricity,logreg,lime,clean,real,1,4,1.0,1.0,0.9761904761904763,0.9997508752216191,1.0
electricity,logreg,lime,clean,real,2,3,1.0,1.0,1.0,0.9998521663814738,1.0
electricity,logreg,lime,clean,real,2,4,1.0,1.0,1.0,0.9995474759650642,1.0
electricity,logreg,lime,clean,real,3,4,1.0,1.0,1.0,0.9993037163248575,1.0
electricity,logreg,lime,clean,random,0,1,0.3333333333333333,0.8,0.5000000000000001,0.9005161272988802,1.0
electricity,logreg,lime,clean,random,0,2,0.3333333333333333,0.6,0.30952380952380953,0.8308736786363371,1.0
electricity,logreg,lime,clean,random,0,3,0.3333333333333333,0.6,0.09523809523809526,0.758088248915641,1.0
electricity,logreg,lime,clean,random,0,4,0.3333333333333333,0.8,0.04761904761904763,0.7676657801869491,1.0
electricity,logreg,lime,clean,random,1,2,0.3333333333333333,0.8,0.11904761904761905,0.8659249696593154,1.0
electricity,logreg,lime,clean,random,1,3,0.3333333333333333,0.6,0.2380952380952381,0.8288547149428774,1.0
electricity,logreg,lime,clean,random,1,4,0.3333333333333333,0.6,-0.07142857142857144,0.8185667913475189,1.0
electricity,logreg,lime,clean,random,2,3,0.3333333333333333,0.4,-0.261904761904762,0.6933249124502114,1.0
electricity,logreg,lime,clean,random,2,4,0.0,0.4,-0.7380952380952381,0.641415796950197,1.0
electricity,logreg,lime,clean,random,3,4,0.3333333333333333,0.8,0.19047619047619052,0.8450905216723898,1.0
electricity,logreg,lime,clean,permuted,0,1,0.0,0.6,-0.3333333333333334,0.271781455372646,1.0
electricity,logreg,lime,clean,permuted,0,2,0.3333333333333333,0.6,-0.023809523809523815,0.421778825204993,1.0
electricity,logreg,lime,clean,permuted,0,3,0.6666666666666666,0.8,0.5714285714285715,0.4933249338684154,1.0
electricity,logreg,lime,clean,permuted,0,4,0.3333333333333333,0.8,0.30952380952380953,0.4658576797782838,1.0
electricity,logreg,lime,clean,permuted,1,2,0.3333333333333333,0.4,-0.3571428571428572,0.23764236595286903,1.0
electricity,logreg,lime,clean,permuted,1,3,0.3333333333333333,0.6,-0.4523809523809524,0.24462981979643567,1.0
electricity,logreg,lime,clean,permuted,1,4,0.0,0.6,-0.38095238095238104,0.2664915790065173,1.0
electricity,logreg,lime,clean,permuted,2,3,0.3333333333333333,0.6,0.0,0.4471304147398689,1.0
electricity,logreg,lime,clean,permuted,2,4,0.3333333333333333,0.6,-0.11904761904761905,0.28406584291725245,1.0
electricity,logreg,lime,clean,permuted,3,4,0.0,0.6,-0.11904761904761905,0.24653020888184796,1.0
electricity,logreg,lime,clean,constant,0,1,1.0,1.0,0.0,0.9999999999999998,1.0
electricity,logreg,lime,clean,constant,0,2,1.0,1.0,0.0,0.9999999999999998,1.0
electricity,logreg,lime,clean,constant,0,3,1.0,1.0,0.0,0.9999999999999998,1.0
electricity,logreg,lime,clean,constant,0,4,1.0,1.0,0.0,0.9999999999999998,1.0
electricity,logreg,lime,clean,constant,1,2,1.0,1.0,0.0,0.9999999999999998,1.0
electricity,logreg,lime,clean,constant,1,3,1.0,1.0,0.0,0.9999999999999998,1.0
electricity,logreg,lime,clean,constant,1,4,1.0,1.0,0.0,0.9999999999999998,1.0
electricity,logreg,lime,clean,constant,2,3,1.0,1.0,0.0,0.9999999999999998,1.0
electricity,logreg,lime,clean,constant,2,4,1.0,1.0,0.0,0.9999999999999998,1.0
electricity,logreg,lime,clean,constant,3,4,1.0,1.0,0.0,0.9999999999999998,1.0
electricity,logreg,lime,clean,oracle,0,1,1.0,1.0,1.0,0.9999999999999998,1.0
electricity,logreg,lime,clean,oracle,0,2,1.0,1.0,1.0,0.9999999999999998,1.0
electricity,logreg,lime,clean,oracle,0,3,1.0,1.0,1.0,0.9999999999999998,1.0
electricity,logreg,lime,clean,oracle,0,4,1.0,1.0,1.0,0.9999999999999998,1.0
electricity,logreg,lime,clean,oracle,1,2,1.0,1.0,1.0,0.9999999999999998,1.0
electricity,logreg,lime,clean,oracle,1,3,1.0,1.0,1.0,0.9999999999999998,1.0
electricity,logreg,lime,clean,oracle,1,4,1.0,1.0,1.0,0.9999999999999998,1.0
electricity,logreg,lime,clean,oracle,2,3,1.0,1.0,1.0,0.9999999999999998,1.0
electricity,logreg,lime,clean,oracle,2,4,1.0,1.0,1.0,0.9999999999999998,1.0
electricity,logreg,lime,clean,oracle,3,4,1.0,1.0,1.0,0.9999999999999998,1.0
electricity,logreg,lime,spur,real,0,1,1.0,1.0,0.9166666666666666,0.9987802850216114,1.0
electricity,logreg,lime,spur,real,0,2,1.0,0.8,0.9500000000000001,0.9996304502735529,1.0
electricity,logreg,lime,spur,real,0,3,1.0,1.0,0.9833333333333333,0.9996626385104447,1.0
electricity,logreg,lime,spur,real,0,4,1.0,0.8,0.9666666666666667,0.9994927085399962,1.0
electricity,logreg,lime,spur,real,1,2,1.0,0.8,0.7833333333333333,0.9991408962344666,1.0
electricity,logreg,lime,spur,real,1,3,1.0,1.0,0.9333333333333332,0.9992910678325249,1.0
electricity,logreg,lime,spur,real,1,4,1.0,0.8,0.9,0.9975406183226461,1.0
electricity,logreg,lime,spur,real,2,3,1.0,0.8,0.9333333333333332,0.9997039845481015,1.0
electricity,logreg,lime,spur,real,2,4,1.0,0.8,0.8833333333333333,0.9983597708924719,1.0
electricity,logreg,lime,spur,real,3,4,1.0,0.8,0.9333333333333332,0.9988343798088326,1.0
electricity,logreg,lime,spur,random,0,1,0.0,0.4,-0.6666666666666667,0.8072809937876292,1.0
electricity,logreg,lime,spur,random,0,2,0.3333333333333333,0.8,0.5,0.8718923858494508,1.0
electricity,logreg,lime,spur,random,0,3,0.0,0.6,-0.35,0.7287976211398697,1.0
electricity,logreg,lime,spur,random,0,4,0.0,0.4,-0.4666666666666666,0.6804129116943433,1.0
electricity,logreg,lime,spur,random,1,2,0.3333333333333333,0.6,-0.19999999999999998,0.7845135564870246,1.0
electricity,logreg,lime,spur,random,1,3,0.3333333333333333,0.8,0.31666666666666665,0.8847749853392489,1.0
electricity,logreg,lime,spur,random,1,4,0.6666666666666666,0.8,0.45,0.8670402815049245,1.0
electricity,logreg,lime,spur,random,2,3,0.3333333333333333,0.8,0.15,0.6822079455836135,1.0
electricity,logreg,lime,spur,random,2,4,0.6666666666666666,0.6,0.43333333333333335,0.8790248788435845,1.0
electricity,logreg,lime,spur,random,3,4,0.6666666666666666,0.6,0.26666666666666666,0.7575841702841345,1.0
electricity,logreg,lime,spur,permuted,0,1,0.3333333333333333,0.8,0.3,0.4148400844925433,1.0
electricity,logreg,lime,spur,permuted,0,2,0.3333333333333333,0.6,0.5499999999999999,0.925545698393668,1.0
electricity,logreg,lime,spur,permuted,0,3,0.0,0.2,-0.6166666666666666,0.17136834112193902,1.0
electricity,logreg,lime,spur,permuted,0,4,0.3333333333333333,0.6,0.11666666666666665,0.9109951680792369,1.0
electricity,logreg,lime,spur,permuted,1,2,0.3333333333333333,0.4,0.09999999999999999,0.3955842498689171,1.0
electricity,logreg,lime,spur,permuted,1,3,0.3333333333333333,0.4,-0.2833333333333333,0.2328551030404593,1.0
electricity,logreg,lime,spur,permuted,1,4,0.3333333333333333,0.6,0.18333333333333335,0.40012987635455205,1.0
electricity,logreg,lime,spur,permuted,2,3,0.3333333333333333,0.4,-0.33333333333333337,0.18558295342436068,1.0
electricity,logreg,lime,spur,permuted,2,4,0.6666666666666666,0.6,0.2833333333333333,0.9345380830056412,1.0
electricity,logreg,lime,spur,permuted,3,4,0.0,0.6,-0.3,0.1620078894196598,1.0
electricity,logreg,lime,spur,constant,0,1,1.0,1.0,0.0,1.0,1.0
electricity,logreg,lime,spur,constant,0,2,1.0,1.0,0.0,1.0,1.0
electricity,logreg,lime,spur,constant,0,3,1.0,1.0,0.0,1.0,1.0
electricity,logreg,lime,spur,constant,0,4,1.0,1.0,0.0,1.0,1.0
electricity,logreg,lime,spur,constant,1,2,1.0,1.0,0.0,1.0,1.0
electricity,logreg,lime,spur,constant,1,3,1.0,1.0,0.0,1.0,1.0
electricity,logreg,lime,spur,constant,1,4,1.0,1.0,0.0,1.0,1.0
electricity,logreg,lime,spur,constant,2,3,1.0,1.0,0.0,1.0,1.0
electricity,logreg,lime,spur,constant,2,4,1.0,1.0,0.0,1.0,1.0
electricity,logreg,lime,spur,constant,3,4,1.0,1.0,0.0,1.0,1.0
electricity,logreg,lime,spur,oracle,0,1,1.0,1.0,1.0,1.0,1.0
electricity,logreg,lime,spur,oracle,0,2,1.0,1.0,1.0,1.0,1.0
electricity,logreg,lime,spur,oracle,0,3,1.0,1.0,1.0,1.0,1.0
electricity,logreg,lime,spur,oracle,0,4,1.0,1.0,1.0,1.0,1.0
electricity,logreg,lime,spur,oracle,1,2,1.0,1.0,1.0,1.0,1.0
electricity,logreg,lime,spur,oracle,1,3,1.0,1.0,1.0,1.0,1.0
electricity,logreg,lime,spur,oracle,1,4,1.0,1.0,1.0,1.0,1.0
electricity,logreg,lime,spur,oracle,2,3,1.0,1.0,1.0,1.0,1.0
electricity,logreg,lime,spur,oracle,2,4,1.0,1.0,1.0,1.0,1.0
electricity,logreg,lime,spur,oracle,3,4,1.0,1.0,1.0,1.0,1.0
electricity,rf,treeshap,clean,real,0,1,1.0,1.0,0.9761904761904763,0.9991006498483658,1.0
electricity,rf,treeshap,clean,real,0,2,1.0,1.0,0.9761904761904763,0.9981005518603843,1.0
electricity,rf,treeshap,clean,real,0,3,1.0,1.0,0.9761904761904763,0.9982047773234026,1.0
electricity,rf,treeshap,clean,real,0,4,1.0,1.0,1.0,0.9996786429404851,1.0
electricity,rf,treeshap,clean,real,1,2,1.0,1.0,1.0,0.9988964633147415,1.0
electricity,rf,treeshap,clean,real,1,3,1.0,1.0,1.0,0.9990668842878674,1.0
electricity,rf,treeshap,clean,real,1,4,1.0,1.0,0.9761904761904763,0.9992605243835992,1.0
electricity,rf,treeshap,clean,real,2,3,1.0,1.0,1.0,0.9997332615308677,1.0
electricity,rf,treeshap,clean,real,2,4,1.0,1.0,0.9761904761904763,0.997768618942021,1.0
electricity,rf,treeshap,clean,real,3,4,1.0,1.0,0.9761904761904763,0.997706032912052,1.0
electricity,rf,treeshap,clean,random,0,1,0.6666666666666666,0.8,0.3571428571428572,0.8502134941082621,1.0
electricity,rf,treeshap,clean,random,0,2,0.0,0.8,-0.09523809523809526,0.7781000737857079,1.0
electricity,rf,treeshap,clean,random,0,3,0.3333333333333333,0.6,0.07142857142857144,0.8113796862869671,1.0
electricity,rf,treeshap,clean,random,0,4,0.3333333333333333,0.4,-0.5476190476190477,0.4025962453314519,1.0
electricity,rf,treeshap,clean,random,1,2,0.3333333333333333,0.6,0.2380952380952381,0.8679819801448763,1.0
electricity,rf,treeshap,clean,random,1,3,0.0,0.6,-0.38095238095238104,0.7121893558012081,1.0
electricity,rf,treeshap,clean,random,1,4,0.3333333333333333,0.6,-0.09523809523809526,0.6141560518780552,1.0
electricity,rf,treeshap,clean,random,2,3,0.3333333333333333,0.6,-0.023809523809523815,0.7502314994149587,1.0
electricity,rf,treeshap,clean,random,2,4,0.0,0.4,-0.523809523809524,0.49745400634127057,1.0
electricity,rf,treeshap,clean,random,3,4,0.3333333333333333,0.6,-0.2142857142857143,0.6667270268655728,1.0
electricity,rf,treeshap,clean,permuted,0,1,0.0,0.4,-0.8571428571428572,0.28582553142082806,1.0
electricity,rf,treeshap,clean,permuted,0,2,0.3333333333333333,0.8,0.4761904761904762,0.5753209299750851,1.0
electricity,rf,treeshap,clean,permuted,0,3,0.6666666666666666,0.8,0.2380952380952381,0.4883822054736427,1.0
electricity,rf,treeshap,clean,permuted,0,4,0.6666666666666666,0.8,0.6904761904761906,0.552422966320162,1.0
electricity,rf,treeshap,clean,permuted,1,2,0.3333333333333333,0.4,-0.28571428571428575,0.476660632878809,1.0
electricity,rf,treeshap,clean,permuted,1,3,0.3333333333333333,0.4,-0.28571428571428575,0.9217438958097617,1.0
electricity,rf,treeshap,clean,permuted,1,4,0.0,0.4,-0.523809523809524,0.482205235578407,1.0
electricity,rf,treeshap,clean,permuted,2,3,0.6666666666666666,0.8,0.5952380952380953,0.6331051764247647,1.0
electricity,rf,treeshap,clean,permuted,2,4,0.3333333333333333,1.0,0.5000000000000001,0.5493508727736593,1.0
electricity,rf,treeshap,clean,permuted,3,4,0.3333333333333333,0.8,0.19047619047619052,0.4547638428455882,1.0
electricity,rf,treeshap,clean,constant,0,1,1.0,1.0,0.0,0.9999999999999998,1.0
electricity,rf,treeshap,clean,constant,0,2,1.0,1.0,0.0,0.9999999999999998,1.0
electricity,rf,treeshap,clean,constant,0,3,1.0,1.0,0.0,0.9999999999999998,1.0
electricity,rf,treeshap,clean,constant,0,4,1.0,1.0,0.0,0.9999999999999998,1.0
electricity,rf,treeshap,clean,constant,1,2,1.0,1.0,0.0,0.9999999999999998,1.0
electricity,rf,treeshap,clean,constant,1,3,1.0,1.0,0.0,0.9999999999999998,1.0
electricity,rf,treeshap,clean,constant,1,4,1.0,1.0,0.0,0.9999999999999998,1.0
electricity,rf,treeshap,clean,constant,2,3,1.0,1.0,0.0,0.9999999999999998,1.0
electricity,rf,treeshap,clean,constant,2,4,1.0,1.0,0.0,0.9999999999999998,1.0
electricity,rf,treeshap,clean,constant,3,4,1.0,1.0,0.0,0.9999999999999998,1.0
electricity,rf,treeshap,clean,oracle,0,1,1.0,1.0,1.0,0.9999999999999998,1.0
electricity,rf,treeshap,clean,oracle,0,2,1.0,1.0,1.0,0.9999999999999998,1.0
electricity,rf,treeshap,clean,oracle,0,3,1.0,1.0,1.0,0.9999999999999998,1.0
electricity,rf,treeshap,clean,oracle,0,4,1.0,1.0,1.0,0.9999999999999998,1.0
electricity,rf,treeshap,clean,oracle,1,2,1.0,1.0,1.0,0.9999999999999998,1.0
electricity,rf,treeshap,clean,oracle,1,3,1.0,1.0,1.0,0.9999999999999998,1.0
electricity,rf,treeshap,clean,oracle,1,4,1.0,1.0,1.0,0.9999999999999998,1.0
electricity,rf,treeshap,clean,oracle,2,3,1.0,1.0,1.0,0.9999999999999998,1.0
electricity,rf,treeshap,clean,oracle,2,4,1.0,1.0,1.0,0.9999999999999998,1.0
electricity,rf,treeshap,clean,oracle,3,4,1.0,1.0,1.0,0.9999999999999998,1.0
electricity,rf,treeshap,spur,real,0,1,0.6666666666666666,1.0,0.9666666666666667,0.9994190640861386,1.0
electricity,rf,treeshap,spur,real,0,2,1.0,1.0,0.9833333333333333,0.9994563403524588,1.0
electricity,rf,treeshap,spur,real,0,3,0.6666666666666666,1.0,0.9833333333333333,0.9995015451227035,1.0
electricity,rf,treeshap,spur,real,0,4,1.0,1.0,0.9833333333333333,0.9993247171223902,1.0
electricity,rf,treeshap,spur,real,1,2,0.6666666666666666,1.0,0.9833333333333333,0.9996883178447049,1.0
electricity,rf,treeshap,spur,real,1,3,1.0,1.0,0.9833333333333333,0.9999071826072143,1.0
electricity,rf,treeshap,spur,real,1,4,0.6666666666666666,1.0,0.9833333333333333,0.9993027035328436,1.0
electricity,rf,treeshap,spur,real,2,3,0.6666666666666666,1.0,0.9666666666666667,0.9995098208748492,1.0
electricity,rf,treeshap,spur,real,2,4,1.0,1.0,1.0,0.9989383321117548,1.0
electricity,rf,treeshap,spur,real,3,4,0.6666666666666666,1.0,0.9666666666666667,0.9994448539434783,1.0
electricity,rf,treeshap,spur,random,0,1,0.6666666666666666,0.8,0.6333333333333333,0.8061205552490756,1.0
electricity,rf,treeshap,spur,random,0,2,0.3333333333333333,0.4,-0.2333333333333333,0.7106403570964483,1.0
electricity,rf,treeshap,spur,random,0,3,0.3333333333333333,0.6,0.06666666666666667,0.8602630243970306,1.0
electricity,rf,treeshap,spur,random,0,4,0.3333333333333333,0.6,0.3,0.8454294710613253,1.0
electricity,rf,treeshap,spur,random,1,2,0.0,0.6,-0.3,0.5269567303389486,1.0
electricity,rf,treeshap,spur,random,1,3,0.6666666666666666,0.8,0.6333333333333333,0.8450917106172255,1.0
electricity,rf,treeshap,spur,random,1,4,0.3333333333333333,0.4,0.09999999999999999,0.7132082513320481,1.0
electricity,rf,treeshap,spur,random,2,3,0.0,0.6,-0.4666666666666666,0.7164052359143469,1.0
electricity,rf,treeshap,spur,random,2,4,0.0,0.2,-0.7333333333333334,0.5889263112611515,1.0
electricity,rf,treeshap,spur,random,3,4,0.0,0.4,-0.11666666666666665,0.8297639432407445,1.0
electricity,rf,treeshap,spur,permuted,0,1,0.3333333333333333,0.4,-0.03333333333333333,0.17607060294947488,1.0
electricity,rf,treeshap,spur,permuted,0,2,0.3333333333333333,0.6,0.26666666666666666,0.13611743704264548,1.0
electricity,rf,treeshap,spur,permuted,0,3,0.3333333333333333,0.6,0.09999999999999999,0.1507019287614865,1.0
electricity,rf,treeshap,spur,permuted,0,4,0.3333333333333333,0.4,-0.5,0.10705621525937194,1.0
electricity,rf,treeshap,spur,permuted,1,2,0.0,0.6,-0.049999999999999996,0.16601101601845802,1.0
electricity,rf,treeshap,spur,permuted,1,3,0.0,0.6,-0.18333333333333335,0.13981503925973307,1.0
electricity,rf,treeshap,spur,permuted,1,4,0.3333333333333333,0.6,0.18333333333333335,0.1837233048757653,1.0
electricity,rf,treeshap,spur,permuted,2,3,1.0,0.8,0.6833333333333333,0.99677528126186,1.0
electricity,rf,treeshap,spur,permuted,2,4,0.3333333333333333,0.4,-0.13333333333333333,0.15168494412656136,1.0
electricity,rf,treeshap,spur,permuted,3,4,0.3333333333333333,0.2,-0.3666666666666667,0.11202330338242089,1.0
electricity,rf,treeshap,spur,constant,0,1,1.0,1.0,0.0,1.0,1.0
electricity,rf,treeshap,spur,constant,0,2,1.0,1.0,0.0,1.0,1.0
electricity,rf,treeshap,spur,constant,0,3,1.0,1.0,0.0,1.0,1.0
electricity,rf,treeshap,spur,constant,0,4,1.0,1.0,0.0,1.0,1.0
electricity,rf,treeshap,spur,constant,1,2,1.0,1.0,0.0,1.0,1.0
electricity,rf,treeshap,spur,constant,1,3,1.0,1.0,0.0,1.0,1.0
electricity,rf,treeshap,spur,constant,1,4,1.0,1.0,0.0,1.0,1.0
electricity,rf,treeshap,spur,constant,2,3,1.0,1.0,0.0,1.0,1.0
electricity,rf,treeshap,spur,constant,2,4,1.0,1.0,0.0,1.0,1.0
electricity,rf,treeshap,spur,constant,3,4,1.0,1.0,0.0,1.0,1.0
electricity,rf,treeshap,spur,oracle,0,1,1.0,1.0,1.0,1.0,1.0
electricity,rf,treeshap,spur,oracle,0,2,1.0,1.0,1.0,1.0,1.0
electricity,rf,treeshap,spur,oracle,0,3,1.0,1.0,1.0,1.0,1.0
electricity,rf,treeshap,spur,oracle,0,4,1.0,1.0,1.0,1.0,1.0
electricity,rf,treeshap,spur,oracle,1,2,1.0,1.0,1.0,1.0,1.0
electricity,rf,treeshap,spur,oracle,1,3,1.0,1.0,1.0,1.0,1.0
electricity,rf,treeshap,spur,oracle,1,4,1.0,1.0,1.0,1.0,1.0
electricity,rf,treeshap,spur,oracle,2,3,1.0,1.0,1.0,1.0,1.0
electricity,rf,treeshap,spur,oracle,2,4,1.0,1.0,1.0,1.0,1.0
electricity,rf,treeshap,spur,oracle,3,4,1.0,1.0,1.0,1.0,1.0
electricity,rf,lime,clean,real,0,1,0.6666666666666666,1.0,0.9761904761904763,0.9966523719845362,1.0
electricity,rf,lime,clean,real,0,2,0.6666666666666666,1.0,0.9285714285714287,0.9925582925292389,1.0
electricity,rf,lime,clean,real,0,3,0.6666666666666666,1.0,0.9285714285714287,0.9959073332442737,1.0
electricity,rf,lime,clean,real,0,4,0.6666666666666666,1.0,0.9761904761904763,0.9985850120899489,1.0
electricity,rf,lime,clean,real,1,2,1.0,1.0,0.9761904761904763,0.9950950870884527,1.0
electricity,rf,lime,clean,real,1,3,1.0,1.0,0.9761904761904763,0.9979726978652875,1.0
electricity,rf,lime,clean,real,1,4,1.0,1.0,1.0,0.9973962056759829,1.0
electricity,rf,lime,clean,real,2,3,1.0,1.0,1.0,0.9991723257222465,1.0
electricity,rf,lime,clean,real,2,4,1.0,1.0,0.9761904761904763,0.9905712905736959,1.0
electricity,rf,lime,clean,real,3,4,1.0,1.0,0.9761904761904763,0.9950283126100847,1.0
electricity,rf,lime,clean,random,0,1,0.0,0.4,-0.5000000000000001,0.7215709279658978,1.0
electricity,rf,lime,clean,random,0,2,0.3333333333333333,0.8,0.38095238095238104,0.9075522024306988,1.0
electricity,rf,lime,clean,random,0,3,1.0,0.8,0.5714285714285715,0.9608358983287626,1.0
electricity,rf,lime,clean,random,0,4,0.0,0.6,-0.19047619047619052,0.8201046913445413,1.0
electricity,rf,lime,clean,random,1,2,0.6666666666666666,0.6,0.28571428571428575,0.8115022992618302,1.0
electricity,rf,lime,clean,random,1,3,0.0,0.4,-0.6666666666666669,0.6344604606131697,1.0
electricity,rf,lime,clean,random,1,4,0.6666666666666666,0.8,0.4285714285714286,0.8604654488997836,1.0
electricity,rf,lime,clean,random,2,3,0.3333333333333333,0.8,-0.04761904761904763,0.8406230111821273,1.0
electricity,rf,lime,clean,random,2,4,0.6666666666666666,0.8,0.5714285714285715,0.9020617576610618,1.0
electricity,rf,lime,clean,random,3,4,0.0,0.6,-0.4761904761904762,0.7687342051358929,1.0
electricity,rf,lime,clean,permuted,0,1,0.3333333333333333,0.6,-0.1666666666666667,0.5736371194535619,1.0
electricity,rf,lime,clean,permuted,0,2,0.3333333333333333,0.6,-0.30952380952380953,0.4511630964252078,1.0
electricity,rf,lime,clean,permuted,0,3,0.0,0.6,-0.3571428571428572,0.46248081184698014,1.0
electricity,rf,lime,clean,permuted,0,4,0.6666666666666666,0.6,0.28571428571428575,0.6704849311695191,1.0
electricity,rf,lime,clean,permuted,1,2,0.3333333333333333,0.4,-0.5000000000000001,0.4242941502482303,1.0
electricity,rf,lime,clean,permuted,1,3,0.0,0.6,-0.4761904761904762,0.4434356083748978,1.0
electricity,rf,lime,clean,permuted,1,4,0.6666666666666666,0.8,0.3333333333333334,0.5475438670285184,1.0
electricity,rf,lime,clean,permuted,2,3,0.3333333333333333,0.6,0.2380952380952381,0.6010791781033387,1.0
electricity,rf,lime,clean,permuted,2,4,0.3333333333333333,0.6,-0.19047619047619052,0.5413918357171388,1.0
electricity,rf,lime,clean,permuted,3,4,0.0,0.4,-0.8571428571428572,0.3645009285298262,1.0
electricity,rf,lime,clean,constant,0,1,1.0,1.0,0.0,0.9999999999999998,1.0
electricity,rf,lime,clean,constant,0,2,1.0,1.0,0.0,0.9999999999999998,1.0
electricity,rf,lime,clean,constant,0,3,1.0,1.0,0.0,0.9999999999999998,1.0
electricity,rf,lime,clean,constant,0,4,1.0,1.0,0.0,0.9999999999999998,1.0
electricity,rf,lime,clean,constant,1,2,1.0,1.0,0.0,0.9999999999999998,1.0
electricity,rf,lime,clean,constant,1,3,1.0,1.0,0.0,0.9999999999999998,1.0
electricity,rf,lime,clean,constant,1,4,1.0,1.0,0.0,0.9999999999999998,1.0
electricity,rf,lime,clean,constant,2,3,1.0,1.0,0.0,0.9999999999999998,1.0
electricity,rf,lime,clean,constant,2,4,1.0,1.0,0.0,0.9999999999999998,1.0
electricity,rf,lime,clean,constant,3,4,1.0,1.0,0.0,0.9999999999999998,1.0
electricity,rf,lime,clean,oracle,0,1,1.0,1.0,1.0,0.9999999999999998,1.0
electricity,rf,lime,clean,oracle,0,2,1.0,1.0,1.0,0.9999999999999998,1.0
electricity,rf,lime,clean,oracle,0,3,1.0,1.0,1.0,0.9999999999999998,1.0
electricity,rf,lime,clean,oracle,0,4,1.0,1.0,1.0,0.9999999999999998,1.0
electricity,rf,lime,clean,oracle,1,2,1.0,1.0,1.0,0.9999999999999998,1.0
electricity,rf,lime,clean,oracle,1,3,1.0,1.0,1.0,0.9999999999999998,1.0
electricity,rf,lime,clean,oracle,1,4,1.0,1.0,1.0,0.9999999999999998,1.0
electricity,rf,lime,clean,oracle,2,3,1.0,1.0,1.0,0.9999999999999998,1.0
electricity,rf,lime,clean,oracle,2,4,1.0,1.0,1.0,0.9999999999999998,1.0
electricity,rf,lime,clean,oracle,3,4,1.0,1.0,1.0,0.9999999999999998,1.0
electricity,rf,lime,spur,real,0,1,0.6666666666666666,0.8,0.9666666666666667,0.9986006099309094,1.0
electricity,rf,lime,spur,real,0,2,1.0,1.0,1.0,0.9995229982072399,1.0
electricity,rf,lime,spur,real,0,3,1.0,1.0,0.9500000000000001,0.9982977575734375,1.0
electricity,rf,lime,spur,real,0,4,1.0,1.0,0.9833333333333333,0.9991471407786915,1.0
electricity,rf,lime,spur,real,1,2,0.6666666666666666,0.8,0.9666666666666667,0.9994824535791466,1.0
electricity,rf,lime,spur,real,1,3,0.6666666666666666,0.8,0.9166666666666666,0.9992282918680461,1.0
electricity,rf,lime,spur,real,1,4,0.6666666666666666,0.8,0.9500000000000001,0.9989948553433814,1.0
electricity,rf,lime,spur,real,2,3,1.0,1.0,0.9500000000000001,0.999497657396441,1.0
electricity,rf,lime,spur,real,2,4,1.0,1.0,0.9833333333333333,0.9995434729283602,1.0
electricity,rf,lime,spur,real,3,4,1.0,1.0,0.9333333333333332,0.999458896342414,1.0
electricity,rf,lime,spur,random,0,1,0.3333333333333333,0.4,-0.15,0.8230246757054661,1.0
electricity,rf,lime,spur,random,0,2,0.3333333333333333,0.8,0.6,0.9511305362775196,1.0
electricity,rf,lime,spur,random,0,3,0.0,0.4,-0.16666666666666669,0.8106235611422594,1.0
electricity,rf,lime,spur,random,0,4,0.0,0.4,-0.7833333333333333,0.6438605218094566,1.0
electricity,rf,lime,spur,random,1,2,0.6666666666666666,0.6,0.19999999999999998,0.8400548375644089,1.0
electricity,rf,lime,spur,random,1,3,0.3333333333333333,0.8,0.5666666666666667,0.9330468724696743,1.0
electricity,rf,lime,spur,random,1,4,0.3333333333333333,0.6,0.2833333333333333,0.7813455515039771,1.0
electricity,rf,lime,spur,random,2,3,0.3333333333333333,0.4,0.13333333333333333,0.8302983146861799,1.0
electricity,rf,lime,spur,random,2,4,0.0,0.2,-0.65,0.6528092404369393,1.0
electricity,rf,lime,spur,random,3,4,0.3333333333333333,0.8,0.25,0.7858674271107704,1.0
electricity,rf,lime,spur,permuted,0,1,0.0,0.4,-0.5333333333333333,0.1634170312364708,1.0
electricity,rf,lime,spur,permuted,0,2,0.0,0.6,-0.3,0.1780693383282387,1.0
electricity,rf,lime,spur,permuted,0,3,0.3333333333333333,0.4,-0.15,0.36045347771655856,1.0
electricity,rf,lime,spur,permuted,0,4,0.3333333333333333,0.4,-0.03333333333333333,0.9385537238321566,1.0
electricity,rf,lime,spur,permuted,1,2,0.6666666666666666,0.6,0.19999999999999998,0.2236195767426694,1.0
electricity,rf,lime,spur,permuted,1,3,0.3333333333333333,0.4,-0.33333333333333337,0.15999487808264248,1.0
electricity,rf,lime,spur,permuted,1,4,0.3333333333333333,0.6,-0.06666666666666667,0.18288862059832373,1.0
electricity,rf,lime,spur,permuted,2,3,0.3333333333333333,0.8,0.48333333333333334,0.2733527944756609,1.0
electricity,rf,lime,spur,permuted,2,4,0.3333333333333333,0.6,-0.13333333333333333,0.2045997696866457,1.0
electricity,rf,lime,spur,permuted,3,4,0.3333333333333333,0.6,-0.41666666666666663,0.15750895788341382,1.0
electricity,rf,lime,spur,constant,0,1,1.0,1.0,0.0,1.0,1.0
electricity,rf,lime,spur,constant,0,2,1.0,1.0,0.0,1.0,1.0
electricity,rf,lime,spur,constant,0,3,1.0,1.0,0.0,1.0,1.0
electricity,rf,lime,spur,constant,0,4,1.0,1.0,0.0,1.0,1.0
electricity,rf,lime,spur,constant,1,2,1.0,1.0,0.0,1.0,1.0
electricity,rf,lime,spur,constant,1,3,1.0,1.0,0.0,1.0,1.0
electricity,rf,lime,spur,constant,1,4,1.0,1.0,0.0,1.0,1.0
electricity,rf,lime,spur,constant,2,3,1.0,1.0,0.0,1.0,1.0
electricity,rf,lime,spur,constant,2,4,1.0,1.0,0.0,1.0,1.0
electricity,rf,lime,spur,constant,3,4,1.0,1.0,0.0,1.0,1.0
electricity,rf,lime,spur,oracle,0,1,1.0,1.0,1.0,1.0,1.0
electricity,rf,lime,spur,oracle,0,2,1.0,1.0,1.0,1.0,1.0
electricity,rf,lime,spur,oracle,0,3,1.0,1.0,1.0,1.0,1.0
electricity,rf,lime,spur,oracle,0,4,1.0,1.0,1.0,1.0,1.0
electricity,rf,lime,spur,oracle,1,2,1.0,1.0,1.0,1.0,1.0
electricity,rf,lime,spur,oracle,1,3,1.0,1.0,1.0,1.0,1.0
electricity,rf,lime,spur,oracle,1,4,1.0,1.0,1.0,1.0,1.0
electricity,rf,lime,spur,oracle,2,3,1.0,1.0,1.0,1.0,1.0
electricity,rf,lime,spur,oracle,2,4,1.0,1.0,1.0,1.0,1.0
electricity,rf,lime,spur,oracle,3,4,1.0,1.0,1.0,1.0,1.0
electricity,hgb,treeshap,clean,real,0,1,1.0,1.0,1.0,0.9999784025529622,1.0
electricity,hgb,treeshap,clean,real,0,2,1.0,0.8,0.9761904761904763,0.9997922897129543,1.0
electricity,hgb,treeshap,clean,real,0,3,1.0,1.0,1.0,0.999801675960673,1.0
electricity,hgb,treeshap,clean,real,0,4,1.0,0.8,0.9761904761904763,0.9995750128432046,1.0
electricity,hgb,treeshap,clean,real,1,2,1.0,0.8,0.9761904761904763,0.9998770802020338,1.0
electricity,hgb,treeshap,clean,real,1,3,1.0,1.0,1.0,0.999711384602255,1.0
electricity,hgb,treeshap,clean,real,1,4,1.0,0.8,0.9761904761904763,0.9995125307867554,1.0
electricity,hgb,treeshap,clean,real,2,3,1.0,0.8,0.9761904761904763,0.999494413923207,1.0
electricity,hgb,treeshap,clean,real,2,4,1.0,1.0,1.0,0.9995050059650173,1.0
electricity,hgb,treeshap,clean,real,3,4,1.0,0.8,0.9761904761904763,0.9998714627877606,1.0
electricity,hgb,treeshap,clean,random,0,1,0.3333333333333333,0.6,-0.11904761904761905,0.7260529509987445,1.0
electricity,hgb,treeshap,clean,random,0,2,0.6666666666666666,0.4,-0.19047619047619052,0.7483071731811378,1.0
electricity,hgb,treeshap,clean,random,0,3,0.3333333333333333,0.4,-0.19047619047619052,0.6467334761910966,1.0
electricity,hgb,treeshap,clean,random,0,4,0.0,0.6,-0.2380952380952381,0.5621576369051983,1.0
electricity,hgb,treeshap,clean,random,1,2,0.3333333333333333,0.6,-0.14285714285714288,0.7155171682065596,1.0
electricity,hgb,treeshap,clean,random,1,3,0.3333333333333333,0.6,0.3333333333333334,0.8767302118775969,1.0
electricity,hgb,treeshap,clean,random,1,4,0.6666666666666666,0.8,0.4047619047619048,0.8487104751049265,1.0
electricity,hgb,treeshap,clean,random,2,3,0.0,0.6,-0.4047619047619048,0.6220408720303294,1.0
electricity,hgb,treeshap,clean,random,2,4,0.3333333333333333,0.6,-0.023809523809523815,0.7190911230255421,1.0
electricity,hgb,treeshap,clean,random,3,4,0.3333333333333333,0.6,-0.023809523809523815,0.8193417335535719,1.0
electricity,hgb,treeshap,clean,permuted,0,1,0.3333333333333333,0.6,0.07142857142857144,0.5270778289900977,1.0
electricity,hgb,treeshap,clean,permuted,0,2,0.3333333333333333,0.6,-0.023809523809523815,0.5255471051659152,1.0
electricity,hgb,treeshap,clean,permuted,0,3,0.6666666666666666,0.8,0.5000000000000001,0.5867903156582475,1.0
electricity,hgb,treeshap,clean,permuted,0,4,0.3333333333333333,0.6,-0.023809523809523815,0.8532420843468562,1.0
electricity,hgb,treeshap,clean,permuted,1,2,0.3333333333333333,0.6,-0.023809523809523815,0.8488574682354704,1.0
electricity,hgb,treeshap,clean,permuted,1,3,0.6666666666666666,0.8,0.6190476190476191,0.9922944252982164,1.0
electricity,hgb,treeshap,clean,permuted,1,4,0.3333333333333333,0.6,0.04761904761904763,0.2815032672439646,1.0
electricity,hgb,treeshap,clean,permuted,2,3,0.3333333333333333,0.8,0.07142857142857144,0.8426625179032455,1.0
electricity,hgb,treeshap,clean,permuted,2,4,0.3333333333333333,0.8,0.04761904761904763,0.27642419359169773,1.0
electricity,hgb,treeshap,clean,permuted,3,4,0.6666666666666666,0.8,0.4285714285714286,0.3474240121791538,1.0
electricity,hgb,treeshap,clean,constant,0,1,1.0,1.0,0.0,0.9999999999999998,1.0
electricity,hgb,treeshap,clean,constant,0,2,1.0,1.0,0.0,0.9999999999999998,1.0
electricity,hgb,treeshap,clean,constant,0,3,1.0,1.0,0.0,0.9999999999999998,1.0
electricity,hgb,treeshap,clean,constant,0,4,1.0,1.0,0.0,0.9999999999999998,1.0
electricity,hgb,treeshap,clean,constant,1,2,1.0,1.0,0.0,0.9999999999999998,1.0
electricity,hgb,treeshap,clean,constant,1,3,1.0,1.0,0.0,0.9999999999999998,1.0
electricity,hgb,treeshap,clean,constant,1,4,1.0,1.0,0.0,0.9999999999999998,1.0
electricity,hgb,treeshap,clean,constant,2,3,1.0,1.0,0.0,0.9999999999999998,1.0
electricity,hgb,treeshap,clean,constant,2,4,1.0,1.0,0.0,0.9999999999999998,1.0
electricity,hgb,treeshap,clean,constant,3,4,1.0,1.0,0.0,0.9999999999999998,1.0
electricity,hgb,treeshap,clean,oracle,0,1,1.0,1.0,1.0,0.9999999999999998,1.0
electricity,hgb,treeshap,clean,oracle,0,2,1.0,1.0,1.0,0.9999999999999998,1.0
electricity,hgb,treeshap,clean,oracle,0,3,1.0,1.0,1.0,0.9999999999999998,1.0
electricity,hgb,treeshap,clean,oracle,0,4,1.0,1.0,1.0,0.9999999999999998,1.0
electricity,hgb,treeshap,clean,oracle,1,2,1.0,1.0,1.0,0.9999999999999998,1.0
electricity,hgb,treeshap,clean,oracle,1,3,1.0,1.0,1.0,0.9999999999999998,1.0
electricity,hgb,treeshap,clean,oracle,1,4,1.0,1.0,1.0,0.9999999999999998,1.0
electricity,hgb,treeshap,clean,oracle,2,3,1.0,1.0,1.0,0.9999999999999998,1.0
electricity,hgb,treeshap,clean,oracle,2,4,1.0,1.0,1.0,0.9999999999999998,1.0
electricity,hgb,treeshap,clean,oracle,3,4,1.0,1.0,1.0,0.9999999999999998,1.0
electricity,hgb,treeshap,spur,real,0,1,1.0,1.0,1.0,0.9999269581693531,1.0
electricity,hgb,treeshap,spur,real,0,2,1.0,0.8,0.9833333333333333,0.998418392885514,1.0
electricity,hgb,treeshap,spur,real,0,3,1.0,0.8,0.9166666666666666,0.9978869596902661,1.0
electricity,hgb,treeshap,spur,real,0,4,1.0,1.0,0.9833333333333333,0.9995675405137892,1.0
electricity,hgb,treeshap,spur,real,1,2,1.0,0.8,0.9833333333333333,0.9987689093469816,1.0
electricity,hgb,treeshap,spur,real,1,3,1.0,0.8,0.9166666666666666,0.9982870217232683,1.0
electricity,hgb,treeshap,spur,real,1,4,1.0,1.0,0.9833333333333333,0.9997380761171045,1.0
electricity,hgb,treeshap,spur,real,2,3,1.0,0.8,0.9333333333333332,0.9998787012221804,1.0
electricity,hgb,treeshap,spur,real,2,4,1.0,0.8,0.9500000000000001,0.9995441914653951,1.0
electricity,hgb,treeshap,spur,real,3,4,1.0,0.8,0.9333333333333332,0.9992873447869957,1.0
electricity,hgb,treeshap,spur,random,0,1,0.3333333333333333,0.6,0.08333333333333334,0.8421737424286547,1.0
electricity,hgb,treeshap,spur,random,0,2,1.0,0.8,0.6166666666666666,0.919580922329166,1.0
electricity,hgb,treeshap,spur,random,0,3,0.0,0.4,-0.5833333333333334,0.7108192188805725,1.0
electricity,hgb,treeshap,spur,random,0,4,0.3333333333333333,0.4,0.19999999999999998,0.6621055352272583,1.0
electricity,hgb,treeshap,spur,random,1,2,0.3333333333333333,0.6,0.48333333333333334,0.8673389193563573,1.0
electricity,hgb,treeshap,spur,random,1,3,0.3333333333333333,0.2,-0.33333333333333337,0.7215365962280569,1.0
electricity,hgb,treeshap,spur,random,1,4,0.6666666666666666,0.6,0.18333333333333335,0.7506127128841502,1.0
electricity,hgb,treeshap,spur,random,2,3,0.0,0.4,-0.38333333333333336,0.6569551359523765,1.0
electricity,hgb,treeshap,spur,random,2,4,0.3333333333333333,0.4,-0.06666666666666667,0.5397989143434355,1.0
electricity,hgb,treeshap,spur,random,3,4,0.0,0.4,-0.7666666666666667,0.48633939748887645,1.0
electricity,hgb,treeshap,spur,permuted,0,1,0.3333333333333333,0.6,0.25,0.13305730923452677,1.0
electricity,hgb,treeshap,spur,permuted,0,2,0.6666666666666666,0.8,0.5666666666666667,0.99061722809446,1.0
electricity,hgb,treeshap,spur,permuted,0,3,1.0,1.0,0.8666666666666667,0.5238274386351794,1.0
electricity,hgb,treeshap,spur,permuted,0,4,0.0,0.4,-0.6666666666666667,0.05299202357894599,1.0
electricity,hgb,treeshap,spur,permuted,1,2,0.3333333333333333,0.6,0.09999999999999999,0.13551721648771153,1.0
electricity,hgb,treeshap,spur,permuted,1,3,0.3333333333333333,0.6,0.13333333333333333,0.3121249078456024,1.0
electricity,hgb,treeshap,spur,permuted,1,4,0.3333333333333333,0.6,0.16666666666666669,0.14600797899630996,1.0
electricity,hgb,treeshap,spur,permuted,2,3,0.6666666666666666,0.8,0.43333333333333335,0.5520688453914672,1.0
electricity,hgb,treeshap,spur,permuted,2,4,0.3333333333333333,0.6,0.03333333333333333,0.14590992978197087,1.0
electricity,hgb,treeshap,spur,permuted,3,4,0.0,0.4,-0.6666666666666667,0.06744808372008976,1.0
electricity,hgb,treeshap,spur,constant,0,1,1.0,1.0,0.0,1.0,1.0
electricity,hgb,treeshap,spur,constant,0,2,1.0,1.0,0.0,1.0,1.0
electricity,hgb,treeshap,spur,constant,0,3,1.0,1.0,0.0,1.0,1.0
electricity,hgb,treeshap,spur,constant,0,4,1.0,1.0,0.0,1.0,1.0
electricity,hgb,treeshap,spur,constant,1,2,1.0,1.0,0.0,1.0,1.0
electricity,hgb,treeshap,spur,constant,1,3,1.0,1.0,0.0,1.0,1.0
electricity,hgb,treeshap,spur,constant,1,4,1.0,1.0,0.0,1.0,1.0
electricity,hgb,treeshap,spur,constant,2,3,1.0,1.0,0.0,1.0,1.0
electricity,hgb,treeshap,spur,constant,2,4,1.0,1.0,0.0,1.0,1.0
electricity,hgb,treeshap,spur,constant,3,4,1.0,1.0,0.0,1.0,1.0
electricity,hgb,treeshap,spur,oracle,0,1,1.0,1.0,1.0,1.0,1.0
electricity,hgb,treeshap,spur,oracle,0,2,1.0,1.0,1.0,1.0,1.0
electricity,hgb,treeshap,spur,oracle,0,3,1.0,1.0,1.0,1.0,1.0
electricity,hgb,treeshap,spur,oracle,0,4,1.0,1.0,1.0,1.0,1.0
electricity,hgb,treeshap,spur,oracle,1,2,1.0,1.0,1.0,1.0,1.0
electricity,hgb,treeshap,spur,oracle,1,3,1.0,1.0,1.0,1.0,1.0
electricity,hgb,treeshap,spur,oracle,1,4,1.0,1.0,1.0,1.0,1.0
electricity,hgb,treeshap,spur,oracle,2,3,1.0,1.0,1.0,1.0,1.0
electricity,hgb,treeshap,spur,oracle,2,4,1.0,1.0,1.0,1.0,1.0
electricity,hgb,treeshap,spur,oracle,3,4,1.0,1.0,1.0,1.0,1.0
electricity,hgb,lime,clean,real,0,1,1.0,1.0,0.9285714285714287,0.9967971133177581,1.0
electricity,hgb,lime,clean,real,0,2,1.0,0.8,0.880952380952381,0.9997011632442546,1.0
electricity,hgb,lime,clean,real,0,3,1.0,1.0,1.0,0.997366752135794,1.0
electricity,hgb,lime,clean,real,0,4,1.0,1.0,0.880952380952381,0.9979117969325824,1.0
electricity,hgb,lime,clean,real,1,2,1.0,0.8,0.8571428571428572,0.9964078940470386,1.0
electricity,hgb,lime,clean,real,1,3,1.0,1.0,0.9285714285714287,0.9942994492482828,1.0
electricity,hgb,lime,clean,real,1,4,1.0,1.0,0.9523809523809524,0.9913781859212487,1.0
electricity,hgb,lime,clean,real,2,3,1.0,0.8,0.880952380952381,0.9974106313956759,1.0
electricity,hgb,lime,clean,real,2,4,1.0,0.8,0.9047619047619048,0.9973945748415542,1.0
electricity,hgb,lime,clean,real,3,4,1.0,1.0,0.880952380952381,0.9966048166057617,1.0
electricity,hgb,lime,clean,random,0,1,0.6666666666666666,0.8,0.3571428571428572,0.8955188612479673,1.0
electricity,hgb,lime,clean,random,0,2,0.3333333333333333,0.6,-0.14285714285714288,0.7835484616252797,1.0
electricity,hgb,lime,clean,random,0,3,0.0,0.4,-0.4285714285714286,0.6749285210795547,1.0
electricity,hgb,lime,clean,random,0,4,0.6666666666666666,0.6,0.19047619047619052,0.7823005809159421,1.0
electricity,hgb,lime,clean,random,1,2,0.3333333333333333,0.4,-0.11904761904761905,0.7476239577893306,1.0
electricity,hgb,lime,clean,random,1,3,0.3333333333333333,0.6,0.0,0.7702642992952492,1.0
electricity,hgb,lime,clean,random,1,4,0.6666666666666666,0.8,0.19047619047619052,0.8416267780320699,1.0
electricity,hgb,lime,clean,random,2,3,0.3333333333333333,0.8,0.4761904761904762,0.7809551831549256,1.0
electricity,hgb,lime,clean,random,2,4,0.3333333333333333,0.4,-0.4285714285714286,0.6036367448422139,1.0
electricity,hgb,lime,clean,random,3,4,0.3333333333333333,0.6,0.1666666666666667,0.7715898874966622,1.0
electricity,hgb,lime,clean,permuted,0,1,0.3333333333333333,0.6,-0.38095238095238104,0.24168411307458515,1.0
electricity,hgb,lime,clean,permuted,0,2,0.3333333333333333,0.6,0.2142857142857143,0.3986997482256926,1.0
electricity,hgb,lime,clean,permuted,0,3,0.3333333333333333,0.6,0.11904761904761905,0.42775257602086364,1.0
electricity,hgb,lime,clean,permuted,0,4,0.3333333333333333,0.4,-0.1666666666666667,0.8419052624844477,1.0
electricity,hgb,lime,clean,permuted,1,2,0.3333333333333333,0.8,0.2380952380952381,0.46814875393023825,1.0
electricity,hgb,lime,clean,permuted,1,3,0.3333333333333333,1.0,0.5714285714285715,0.48882368983711544,1.0
electricity,hgb,lime,clean,permuted,1,4,0.0,0.8,0.09523809523809526,0.266901845930178,1.0
electricity,hgb,lime,clean,permuted,2,3,0.6666666666666666,0.8,0.4285714285714286,0.5621236718234901,1.0
electricity,hgb,lime,clean,permuted,2,4,0.6666666666666666,0.8,0.3333333333333334,0.4832821138581584,1.0
electricity,hgb,lime,clean,permuted,3,4,0.6666666666666666,0.8,0.523809523809524,0.6618873365502261,1.0
electricity,hgb,lime,clean,constant,0,1,1.0,1.0,0.0,0.9999999999999998,1.0
electricity,hgb,lime,clean,constant,0,2,1.0,1.0,0.0,0.9999999999999998,1.0
electricity,hgb,lime,clean,constant,0,3,1.0,1.0,0.0,0.9999999999999998,1.0
electricity,hgb,lime,clean,constant,0,4,1.0,1.0,0.0,0.9999999999999998,1.0
electricity,hgb,lime,clean,constant,1,2,1.0,1.0,0.0,0.9999999999999998,1.0
electricity,hgb,lime,clean,constant,1,3,1.0,1.0,0.0,0.9999999999999998,1.0
electricity,hgb,lime,clean,constant,1,4,1.0,1.0,0.0,0.9999999999999998,1.0
electricity,hgb,lime,clean,constant,2,3,1.0,1.0,0.0,0.9999999999999998,1.0
electricity,hgb,lime,clean,constant,2,4,1.0,1.0,0.0,0.9999999999999998,1.0
electricity,hgb,lime,clean,constant,3,4,1.0,1.0,0.0,0.9999999999999998,1.0
electricity,hgb,lime,clean,oracle,0,1,1.0,1.0,1.0,0.9999999999999998,1.0
electricity,hgb,lime,clean,oracle,0,2,1.0,1.0,1.0,0.9999999999999998,1.0
electricity,hgb,lime,clean,oracle,0,3,1.0,1.0,1.0,0.9999999999999998,1.0
electricity,hgb,lime,clean,oracle,0,4,1.0,1.0,1.0,0.9999999999999998,1.0
electricity,hgb,lime,clean,oracle,1,2,1.0,1.0,1.0,0.9999999999999998,1.0
electricity,hgb,lime,clean,oracle,1,3,1.0,1.0,1.0,0.9999999999999998,1.0
electricity,hgb,lime,clean,oracle,1,4,1.0,1.0,1.0,0.9999999999999998,1.0
electricity,hgb,lime,clean,oracle,2,3,1.0,1.0,1.0,0.9999999999999998,1.0
electricity,hgb,lime,clean,oracle,2,4,1.0,1.0,1.0,0.9999999999999998,1.0
electricity,hgb,lime,clean,oracle,3,4,1.0,1.0,1.0,0.9999999999999998,1.0
electricity,hgb,lime,spur,real,0,1,1.0,0.8,0.75,0.9980641365536316,1.0
electricity,hgb,lime,spur,real,0,2,1.0,0.8,0.7999999999999999,0.9994307048258045,1.0
electricity,hgb,lime,spur,real,0,3,1.0,0.8,0.7833333333333333,0.9987680014528788,1.0
electricity,hgb,lime,spur,real,0,4,1.0,0.8,0.7833333333333333,0.9990225127421757,1.0
electricity,hgb,lime,spur,real,1,2,1.0,1.0,0.9833333333333333,0.9983646938317853,1.0
electricity,hgb,lime,spur,real,1,3,1.0,0.8,0.9333333333333332,0.9993097484552865,1.0
electricity,hgb,lime,spur,real,1,4,1.0,1.0,0.9333333333333332,0.9975869368717917,1.0
electricity,hgb,lime,spur,real,2,3,1.0,0.8,0.8833333333333333,0.999317899407879,1.0
electricity,hgb,lime,spur,real,2,4,1.0,1.0,0.9500000000000001,0.9980834363298569,1.0
electricity,hgb,lime,spur,real,3,4,1.0,0.8,0.7999999999999999,0.9975293151652956,1.0
electricity,hgb,lime,spur,random,0,1,0.3333333333333333,0.6,-0.33333333333333337,0.4973269760503089,1.0
electricity,hgb,lime,spur,random,0,2,0.6666666666666666,0.6,0.2833333333333333,0.8022948539684763,1.0
electricity,hgb,lime,spur,random,0,3,0.3333333333333333,0.4,-0.18333333333333335,0.7044672065456073,1.0
electricity,hgb,lime,spur,random,0,4,0.6666666666666666,0.6,0.08333333333333334,0.7099411248637746,1.0
electricity,hgb,lime,spur,random,1,2,0.3333333333333333,0.6,-0.03333333333333333,0.7181133702966621,1.0
electricity,hgb,lime,spur,random,1,3,0.6666666666666666,0.8,0.5,0.8520078157822939,1.0
electricity,hgb,lime,spur,random,1,4,0.3333333333333333,0.6,0.3666666666666667,0.5787817587462407,1.0
electricity,hgb,lime,spur,random,2,3,0.6666666666666666,0.6,0.09999999999999999,0.7977995639882548,1.0
electricity,hgb,lime,spur,random,2,4,0.3333333333333333,0.4,-0.2833333333333333,0.5449412763067789,1.0
electricity,hgb,lime,spur,random,3,4,0.0,0.6,-0.049999999999999996,0.6044968322359524,1.0
electricity,hgb,lime,spur,permuted,0,1,0.3333333333333333,0.6,-0.08333333333333334,0.18193877828041094,1.0
electricity,hgb,lime,spur,permuted,0,2,0.3333333333333333,0.8,0.08333333333333334,0.30435405247323777,1.0
electricity,hgb,lime,spur,permuted,0,3,0.6666666666666666,0.6,0.3666666666666667,0.3602449029294646,1.0
electricity,hgb,lime,spur,permuted,0,4,0.0,0.6,-0.16666666666666669,0.21887894702838456,1.0
electricity,hgb,lime,spur,permuted,1,2,0.3333333333333333,0.6,-0.06666666666666667,0.2632600505189417,1.0
electricity,hgb,lime,spur,permuted,1,3,0.0,0.4,-0.31666666666666665,0.17171360618066459,1.0
electricity,hgb,lime,spur,permuted,1,4,0.3333333333333333,0.6,0.049999999999999996,0.2680724706005579,1.0
electricity,hgb,lime,spur,permuted,2,3,0.0,0.4,-0.26666666666666666,0.22543572828332278,1.0
electricity,hgb,lime,spur,permuted,2,4,0.6666666666666666,0.8,0.45,0.3649020852328553,1.0
electricity,hgb,lime,spur,permuted,3,4,0.0,0.4,-0.8166666666666667,0.15265095869377485,1.0
electricity,hgb,lime,spur,constant,0,1,1.0,1.0,0.0,1.0,1.0
electricity,hgb,lime,spur,constant,0,2,1.0,1.0,0.0,1.0,1.0
electricity,hgb,lime,spur,constant,0,3,1.0,1.0,0.0,1.0,1.0
electricity,hgb,lime,spur,constant,0,4,1.0,1.0,0.0,1.0,1.0
electricity,hgb,lime,spur,constant,1,2,1.0,1.0,0.0,1.0,1.0
electricity,hgb,lime,spur,constant,1,3,1.0,1.0,0.0,1.0,1.0
electricity,hgb,lime,spur,constant,1,4,1.0,1.0,0.0,1.0,1.0
electricity,hgb,lime,spur,constant,2,3,1.0,1.0,0.0,1.0,1.0
electricity,hgb,lime,spur,constant,2,4,1.0,1.0,0.0,1.0,1.0
electricity,hgb,lime,spur,constant,3,4,1.0,1.0,0.0,1.0,1.0
electricity,hgb,lime,spur,oracle,0,1,1.0,1.0,1.0,1.0,1.0
electricity,hgb,lime,spur,oracle,0,2,1.0,1.0,1.0,1.0,1.0
electricity,hgb,lime,spur,oracle,0,3,1.0,1.0,1.0,1.0,1.0
electricity,hgb,lime,spur,oracle,0,4,1.0,1.0,1.0,1.0,1.0
electricity,hgb,lime,spur,oracle,1,2,1.0,1.0,1.0,1.0,1.0
electricity,hgb,lime,spur,oracle,1,3,1.0,1.0,1.0,1.0,1.0
electricity,hgb,lime,spur,oracle,1,4,1.0,1.0,1.0,1.0,1.0
electricity,hgb,lime,spur,oracle,2,3,1.0,1.0,1.0,1.0,1.0
electricity,hgb,lime,spur,oracle,2,4,1.0,1.0,1.0,1.0,1.0
electricity,hgb,lime,spur,oracle,3,4,1.0,1.0,1.0,1.0,1.0
electricity,mlp,ig,clean,real,0,1,0.6666666666666666,1.0,0.9761904761904763,0.9958321842066492,1.0
electricity,mlp,ig,clean,real,0,2,1.0,1.0,1.0,0.9989651095955832,1.0
electricity,mlp,ig,clean,real,0,3,0.6666666666666666,1.0,0.9761904761904763,0.9985390655361827,1.0
electricity,mlp,ig,clean,real,0,4,1.0,1.0,0.9761904761904763,0.9979910848083408,1.0
electricity,mlp,ig,clean,real,1,2,0.6666666666666666,1.0,0.9761904761904763,0.9971139823846493,1.0
electricity,mlp,ig,clean,real,1,3,1.0,1.0,1.0,0.9987233272580096,1.0
electricity,mlp,ig,clean,real,1,4,0.6666666666666666,1.0,0.9285714285714287,0.9941941915674253,1.0
electricity,mlp,ig,clean,real,2,3,0.6666666666666666,1.0,0.9761904761904763,0.9982722705865029,1.0
electricity,mlp,ig,clean,real,2,4,1.0,1.0,0.9761904761904763,0.9959907235676261,1.0
electricity,mlp,ig,clean,real,3,4,0.6666666666666666,1.0,0.9285714285714287,0.9974843492466223,1.0
electricity,mlp,ig,clean,random,0,1,0.6666666666666666,0.6,0.14285714285714288,0.7846184629361224,1.0
electricity,mlp,ig,clean,random,0,2,0.3333333333333333,0.6,-0.4523809523809524,0.6821696320260369,1.0
electricity,mlp,ig,clean,random,0,3,0.3333333333333333,0.8,0.2142857142857143,0.771874813333793,1.0
electricity,mlp,ig,clean,random,0,4,0.3333333333333333,0.4,-0.2142857142857143,0.6539681631769334,1.0
electricity,mlp,ig,clean,random,1,2,0.3333333333333333,0.6,-0.3571428571428572,0.6670147544974149,1.0
electricity,mlp,ig,clean,random,1,3,0.6666666666666666,0.6,0.28571428571428575,0.7774196496135607,1.0
electricity,mlp,ig,clean,random,1,4,0.6666666666666666,0.8,0.30952380952380953,0.8298003724923991,1.0
electricity,mlp,ig,clean,random,2,3,0.3333333333333333,0.4,-0.4285714285714286,0.705597629252783,1.0
electricity,mlp,ig,clean,random,2,4,0.3333333333333333,0.6,-0.3333333333333334,0.6769185121702258,1.0
electricity,mlp,ig,clean,random,3,4,0.6666666666666666,0.6,0.38095238095238104,0.8432027031133223,1.0
electricity,mlp,ig,clean,permuted,0,1,0.0,0.6,-0.2142857142857143,0.5519678650415357,1.0
electricity,mlp,ig,clean,permuted,0,2,0.3333333333333333,0.6,-0.023809523809523815,0.6392259396285457,1.0
electricity,mlp,ig,clean,permuted,0,3,0.3333333333333333,0.6,0.11904761904761905,0.9144312809854059,1.0
electricity,mlp,ig,clean,permuted,0,4,0.3333333333333333,0.8,0.4761904761904762,0.7119996452971215,1.0
electricity,mlp,ig,clean,permuted,1,2,0.3333333333333333,1.0,0.7380952380952381,0.9727814580539828,1.0
electricity,mlp,ig,clean,permuted,1,3,0.0,0.6,-0.4047619047619048,0.4410602625008932,1.0
electricity,mlp,ig,clean,permuted,1,4,0.3333333333333333,0.4,-0.07142857142857144,0.8776884626534004,1.0
electricity,mlp,ig,clean,permuted,2,3,0.6666666666666666,0.6,0.14285714285714288,0.5574546405610038,1.0
electricity,mlp,ig,clean,permuted,2,4,0.6666666666666666,0.4,0.2380952380952381,0.9174058150416593,1.0
electricity,mlp,ig,clean,permuted,3,4,0.6666666666666666,0.6,-0.04761904761904763,0.5482051784305603,1.0
electricity,mlp,ig,clean,constant,0,1,1.0,1.0,0.0,0.9999999999999998,1.0
electricity,mlp,ig,clean,constant,0,2,1.0,1.0,0.0,0.9999999999999998,1.0
electricity,mlp,ig,clean,constant,0,3,1.0,1.0,0.0,0.9999999999999998,1.0
electricity,mlp,ig,clean,constant,0,4,1.0,1.0,0.0,0.9999999999999998,1.0
electricity,mlp,ig,clean,constant,1,2,1.0,1.0,0.0,0.9999999999999998,1.0
electricity,mlp,ig,clean,constant,1,3,1.0,1.0,0.0,0.9999999999999998,1.0
electricity,mlp,ig,clean,constant,1,4,1.0,1.0,0.0,0.9999999999999998,1.0
electricity,mlp,ig,clean,constant,2,3,1.0,1.0,0.0,0.9999999999999998,1.0
electricity,mlp,ig,clean,constant,2,4,1.0,1.0,0.0,0.9999999999999998,1.0
electricity,mlp,ig,clean,constant,3,4,1.0,1.0,0.0,0.9999999999999998,1.0
electricity,mlp,ig,clean,oracle,0,1,1.0,1.0,1.0,0.9999999999999998,1.0
electricity,mlp,ig,clean,oracle,0,2,1.0,1.0,1.0,0.9999999999999998,1.0
electricity,mlp,ig,clean,oracle,0,3,1.0,1.0,1.0,0.9999999999999998,1.0
electricity,mlp,ig,clean,oracle,0,4,1.0,1.0,1.0,0.9999999999999998,1.0
electricity,mlp,ig,clean,oracle,1,2,1.0,1.0,1.0,0.9999999999999998,1.0
electricity,mlp,ig,clean,oracle,1,3,1.0,1.0,1.0,0.9999999999999998,1.0
electricity,mlp,ig,clean,oracle,1,4,1.0,1.0,1.0,0.9999999999999998,1.0
electricity,mlp,ig,clean,oracle,2,3,1.0,1.0,1.0,0.9999999999999998,1.0
electricity,mlp,ig,clean,oracle,2,4,1.0,1.0,1.0,0.9999999999999998,1.0
electricity,mlp,ig,clean,oracle,3,4,1.0,1.0,1.0,0.9999999999999998,1.0
electricity,mlp,ig,spur,real,0,1,1.0,1.0,0.9666666666666667,0.9996029168086437,1.0
electricity,mlp,ig,spur,real,0,2,1.0,0.8,0.9833333333333333,0.9996067448076166,1.0
electricity,mlp,ig,spur,real,0,3,1.0,1.0,1.0,0.9994266013692595,1.0
electricity,mlp,ig,spur,real,0,4,1.0,0.8,0.9833333333333333,0.9998826398734701,1.0
electricity,mlp,ig,spur,real,1,2,1.0,0.8,0.9333333333333332,0.9992829136405705,1.0
electricity,mlp,ig,spur,real,1,3,1.0,1.0,0.9666666666666667,0.9993690023283208,1.0
electricity,mlp,ig,spur,real,1,4,1.0,0.8,0.9333333333333332,0.9995264900613244,1.0
electricity,mlp,ig,spur,real,2,3,1.0,0.8,0.9833333333333333,0.9990064577250506,1.0
electricity,mlp,ig,spur,real,2,4,1.0,1.0,1.0,0.9993775326150578,1.0
electricity,mlp,ig,spur,real,3,4,1.0,0.8,0.9833333333333333,0.9994511707582465,1.0
electricity,mlp,ig,spur,random,0,1,0.3333333333333333,0.6,-0.5,0.7242745277076502,1.0
electricity,mlp,ig,spur,random,0,2,0.3333333333333333,0.6,-0.03333333333333333,0.7714307617050533,1.0
electricity,mlp,ig,spur,random,0,3,0.0,0.4,-0.65,0.7158864048173381,1.0
electricity,mlp,ig,spur,random,0,4,0.3333333333333333,0.6,0.16666666666666669,0.7973303251815826,1.0
electricity,mlp,ig,spur,random,1,2,0.0,0.6,-0.26666666666666666,0.636789539048547,1.0
electricity,mlp,ig,spur,random,1,3,0.3333333333333333,0.8,0.5833333333333334,0.8692848850811147,1.0
electricity,mlp,ig,spur,random,1,4,0.3333333333333333,0.8,0.0,0.6644290787460849,1.0
electricity,mlp,ig,spur,random,2,3,0.0,0.4,-0.26666666666666666,0.6315003788220974,1.0
electricity,mlp,ig,spur,random,2,4,0.3333333333333333,0.6,-0.26666666666666666,0.591294103460277,1.0
electricity,mlp,ig,spur,random,3,4,0.0,0.6,-0.45,0.5746262209800307,1.0
electricity,mlp,ig,spur,permuted,0,1,0.3333333333333333,0.6,0.16666666666666669,0.22835133556209358,1.0
electricity,mlp,ig,spur,permuted,0,2,0.6666666666666666,0.8,0.5499999999999999,0.4217091913397882,1.0
electricity,mlp,ig,spur,permuted,0,3,0.3333333333333333,0.6,0.26666666666666666,0.26139518904858283,1.0
electricity,mlp,ig,spur,permuted,0,4,0.3333333333333333,0.4,-0.25,0.16723115927559265,1.0
electricity,mlp,ig,spur,permuted,1,2,0.3333333333333333,0.4,-0.48333333333333334,0.0881743063709201,1.0
electricity,mlp,ig,spur,permuted,1,3,0.3333333333333333,0.8,0.18333333333333335,0.1661254675412351,1.0
electricity,mlp,ig,spur,permuted,1,4,0.6666666666666666,0.8,0.6333333333333333,0.9536750877835933,1.0
electricity,mlp,ig,spur,permuted,2,3,0.6666666666666666,0.6,0.35,0.9434780228486952,1.0
electricity,mlp,ig,spur,permuted,2,4,0.0,0.4,-0.7,0.07757409020095488,1.0
electricity,mlp,ig,spur,permuted,3,4,0.3333333333333333,0.6,-0.13333333333333333,0.15109895420901936,1.0
electricity,mlp,ig,spur,constant,0,1,1.0,1.0,0.0,1.0,1.0
electricity,mlp,ig,spur,constant,0,2,1.0,1.0,0.0,1.0,1.0
electricity,mlp,ig,spur,constant,0,3,1.0,1.0,0.0,1.0,1.0
electricity,mlp,ig,spur,constant,0,4,1.0,1.0,0.0,1.0,1.0
electricity,mlp,ig,spur,constant,1,2,1.0,1.0,0.0,1.0,1.0
electricity,mlp,ig,spur,constant,1,3,1.0,1.0,0.0,1.0,1.0
electricity,mlp,ig,spur,constant,1,4,1.0,1.0,0.0,1.0,1.0
electricity,mlp,ig,spur,constant,2,3,1.0,1.0,0.0,1.0,1.0
electricity,mlp,ig,spur,constant,2,4,1.0,1.0,0.0,1.0,1.0
electricity,mlp,ig,spur,constant,3,4,1.0,1.0,0.0,1.0,1.0
electricity,mlp,ig,spur,oracle,0,1,1.0,1.0,1.0,1.0,1.0
electricity,mlp,ig,spur,oracle,0,2,1.0,1.0,1.0,1.0,1.0
electricity,mlp,ig,spur,oracle,0,3,1.0,1.0,1.0,1.0,1.0
electricity,mlp,ig,spur,oracle,0,4,1.0,1.0,1.0,1.0,1.0
electricity,mlp,ig,spur,oracle,1,2,1.0,1.0,1.0,1.0,1.0
electricity,mlp,ig,spur,oracle,1,3,1.0,1.0,1.0,1.0,1.0
electricity,mlp,ig,spur,oracle,1,4,1.0,1.0,1.0,1.0,1.0
electricity,mlp,ig,spur,oracle,2,3,1.0,1.0,1.0,1.0,1.0
electricity,mlp,ig,spur,oracle,2,4,1.0,1.0,1.0,1.0,1.0
electricity,mlp,ig,spur,oracle,3,4,1.0,1.0,1.0,1.0,1.0
electricity,mlp,lime,clean,real,0,1,1.0,1.0,0.9761904761904763,0.9964474635467873,1.0
electricity,mlp,lime,clean,real,0,2,1.0,0.8,0.8333333333333335,0.9982277138210747,1.0
electricity,mlp,lime,clean,real,0,3,1.0,0.8,0.880952380952381,0.991016324027329,1.0
electricity,mlp,lime,clean,real,0,4,0.6666666666666666,0.8,0.9047619047619048,0.996794791015112,1.0
electricity,mlp,lime,clean,real,1,2,1.0,0.8,0.8571428571428572,0.9961252982742813,1.0
electricity,mlp,lime,clean,real,1,3,1.0,0.8,0.9285714285714287,0.9972213100463123,1.0
electricity,mlp,lime,clean,real,1,4,0.6666666666666666,0.8,0.8571428571428572,0.9943842773463146,1.0
electricity,mlp,lime,clean,real,2,3,1.0,1.0,0.9761904761904763,0.9931909486053849,1.0
electricity,mlp,lime,clean,real,2,4,0.6666666666666666,1.0,0.9047619047619048,0.9958239441994097,1.0
electricity,mlp,lime,clean,real,3,4,0.6666666666666666,1.0,0.880952380952381,0.9928718077852088,1.0
electricity,mlp,lime,clean,random,0,1,0.3333333333333333,0.6,-0.19047619047619052,0.7078330339306382,1.0
electricity,mlp,lime,clean,random,0,2,0.3333333333333333,0.6,-0.023809523809523815,0.7908167234884027,1.0
electricity,mlp,lime,clean,random,0,3,0.6666666666666666,0.6,0.38095238095238104,0.8328090422837714,1.0
electricity,mlp,lime,clean,random,0,4,0.3333333333333333,0.6,-0.28571428571428575,0.7176803437168833,1.0
electricity,mlp,lime,clean,random,1,2,0.3333333333333333,0.4,-0.4047619047619048,0.7475363144243873,1.0
electricity,mlp,lime,clean,random,1,3,0.6666666666666666,0.6,0.2142857142857143,0.731079675312298,1.0
electricity,mlp,lime,clean,random,1,4,0.3333333333333333,0.8,0.3333333333333334,0.8898856987381594,1.0
electricity,mlp,lime,clean,random,2,3,0.3333333333333333,0.6,0.04761904761904763,0.6707883647026901,1.0
electricity,mlp,lime,clean,random,2,4,0.6666666666666666,0.6,0.07142857142857144,0.8569804808858412,1.0
electricity,mlp,lime,clean,random,3,4,0.3333333333333333,0.8,0.2142857142857143,0.6497034215829449,1.0
electricity,mlp,lime,clean,permuted,0,1,0.6666666666666666,0.6,-0.11904761904761905,0.3506272516916096,1.0
electricity,mlp,lime,clean,permuted,0,2,0.3333333333333333,0.8,0.4285714285714286,0.34768992096745055,1.0
electricity,mlp,lime,clean,permuted,0,3,0.3333333333333333,0.4,-0.4761904761904762,0.2912494577023843,1.0
electricity,mlp,lime,clean,permuted,0,4,0.3333333333333333,0.6,-0.07142857142857144,0.3224903031256356,1.0
electricity,mlp,lime,clean,permuted,1,2,0.3333333333333333,0.4,-0.4047619047619048,0.26675828279585,1.0
electricity,mlp,lime,clean,permuted,1,3,0.6666666666666666,0.8,0.11904761904761905,0.889874526495897,1.0
electricity,mlp,lime,clean,permuted,1,4,0.3333333333333333,0.6,0.0,0.34512629921464116,1.0
electricity,mlp,lime,clean,permuted,2,3,0.0,0.4,-0.5476190476190477,0.25551009605127445,1.0
electricity,mlp,lime,clean,permuted,2,4,0.3333333333333333,0.4,-0.07142857142857144,0.4550819170943008,1.0
electricity,mlp,lime,clean,permuted,3,4,0.3333333333333333,0.6,-0.19047619047619052,0.3179335737087684,1.0
electricity,mlp,lime,clean,constant,0,1,1.0,1.0,0.0,0.9999999999999998,1.0
electricity,mlp,lime,clean,constant,0,2,1.0,1.0,0.0,0.9999999999999998,1.0
electricity,mlp,lime,clean,constant,0,3,1.0,1.0,0.0,0.9999999999999998,1.0
electricity,mlp,lime,clean,constant,0,4,1.0,1.0,0.0,0.9999999999999998,1.0
electricity,mlp,lime,clean,constant,1,2,1.0,1.0,0.0,0.9999999999999998,1.0
electricity,mlp,lime,clean,constant,1,3,1.0,1.0,0.0,0.9999999999999998,1.0
electricity,mlp,lime,clean,constant,1,4,1.0,1.0,0.0,0.9999999999999998,1.0
electricity,mlp,lime,clean,constant,2,3,1.0,1.0,0.0,0.9999999999999998,1.0
electricity,mlp,lime,clean,constant,2,4,1.0,1.0,0.0,0.9999999999999998,1.0
electricity,mlp,lime,clean,constant,3,4,1.0,1.0,0.0,0.9999999999999998,1.0
electricity,mlp,lime,clean,oracle,0,1,1.0,1.0,1.0,0.9999999999999998,1.0
electricity,mlp,lime,clean,oracle,0,2,1.0,1.0,1.0,0.9999999999999998,1.0
electricity,mlp,lime,clean,oracle,0,3,1.0,1.0,1.0,0.9999999999999998,1.0
electricity,mlp,lime,clean,oracle,0,4,1.0,1.0,1.0,0.9999999999999998,1.0
electricity,mlp,lime,clean,oracle,1,2,1.0,1.0,1.0,0.9999999999999998,1.0
electricity,mlp,lime,clean,oracle,1,3,1.0,1.0,1.0,0.9999999999999998,1.0
electricity,mlp,lime,clean,oracle,1,4,1.0,1.0,1.0,0.9999999999999998,1.0
electricity,mlp,lime,clean,oracle,2,3,1.0,1.0,1.0,0.9999999999999998,1.0
electricity,mlp,lime,clean,oracle,2,4,1.0,1.0,1.0,0.9999999999999998,1.0
electricity,mlp,lime,clean,oracle,3,4,1.0,1.0,1.0,0.9999999999999998,1.0
electricity,mlp,lime,spur,real,0,1,1.0,1.0,0.9166666666666666,0.9990554624189008,1.0
electricity,mlp,lime,spur,real,0,2,1.0,0.8,0.9166666666666666,0.9992799883212934,1.0
electricity,mlp,lime,spur,real,0,3,1.0,1.0,0.9833333333333333,0.9995259818329552,1.0
electricity,mlp,lime,spur,real,0,4,1.0,0.8,0.9166666666666666,0.9989829041413681,1.0
electricity,mlp,lime,spur,real,1,2,1.0,0.8,0.7833333333333333,0.9991336121769774,1.0
electricity,mlp,lime,spur,real,1,3,1.0,1.0,0.9500000000000001,0.9996424163422576,1.0
electricity,mlp,lime,spur,real,1,4,1.0,0.8,0.9166666666666666,0.9974182207241193,1.0
electricity,mlp,lime,spur,real,2,3,1.0,0.8,0.8833333333333333,0.999064673940236,1.0
electricity,mlp,lime,spur,real,2,4,1.0,0.8,0.8333333333333333,0.9977617641751187,1.0
electricity,mlp,lime,spur,real,3,4,1.0,0.8,0.9666666666666667,0.9977276228790598,1.0
electricity,mlp,lime,spur,random,0,1,0.6666666666666666,0.6,0.08333333333333334,0.7750501468927633,1.0
electricity,mlp,lime,spur,random,0,2,0.3333333333333333,0.8,0.31666666666666665,0.8923485612108276,1.0
electricity,mlp,lime,spur,random,0,3,0.6666666666666666,0.8,0.6333333333333333,0.909943791407742,1.0
electricity,mlp,lime,spur,random,0,4,0.6666666666666666,1.0,0.6666666666666667,0.9260384633823385,1.0
electricity,mlp,lime,spur,random,1,2,0.3333333333333333,0.6,0.15,0.7687274104801602,1.0
electricity,mlp,lime,spur,random,1,3,0.3333333333333333,0.4,-0.39999999999999997,0.6797285257554382,1.0
electricity,mlp,lime,spur,random,1,4,0.6666666666666666,0.6,0.48333333333333334,0.8700524879413838,1.0
electricity,mlp,lime,spur,random,2,3,0.6666666666666666,0.6,0.26666666666666666,0.8284442263491296,1.0
electricity,mlp,lime,spur,random,2,4,0.3333333333333333,0.8,0.21666666666666667,0.7887113745145209,1.0
electricity,mlp,lime,spur,random,3,4,0.6666666666666666,0.8,0.38333333333333336,0.8605893419549288,1.0
electricity,mlp,lime,spur,permuted,0,1,0.0,0.4,-0.06666666666666667,0.1935087432890738,1.0
electricity,mlp,lime,spur,permuted,0,2,0.3333333333333333,0.6,-0.09999999999999999,0.19478225520101175,1.0
electricity,mlp,lime,spur,permuted,0,3,0.6666666666666666,0.6,0.5,0.6001681343865142,1.0
electricity,mlp,lime,spur,permuted,0,4,0.3333333333333333,0.6,0.09999999999999999,0.30074607532713327,1.0
electricity,mlp,lime,spur,permuted,1,2,0.6666666666666666,0.6,0.3666666666666667,0.4793545809796656,1.0
electricity,mlp,lime,spur,permuted,1,3,0.0,0.4,-0.08333333333333334,0.18955205207666811,1.0
electricity,mlp,lime,spur,permuted,1,4,0.3333333333333333,0.6,0.08333333333333334,0.2295831473478939,1.0
electricity,mlp,lime,spur,permuted,2,3,0.0,0.6,-0.26666666666666666,0.16002722652081017,1.0
electricity,mlp,lime,spur,permuted,2,4,0.0,0.6,-0.33333333333333337,0.16251223422699923,1.0
electricity,mlp,lime,spur,permuted,3,4,0.6666666666666666,0.8,0.7666666666666667,0.3194227134686258,1.0
electricity,mlp,lime,spur,constant,0,1,1.0,1.0,0.0,1.0,1.0
electricity,mlp,lime,spur,constant,0,2,1.0,1.0,0.0,1.0,1.0
electricity,mlp,lime,spur,constant,0,3,1.0,1.0,0.0,1.0,1.0
electricity,mlp,lime,spur,constant,0,4,1.0,1.0,0.0,1.0,1.0
electricity,mlp,lime,spur,constant,1,2,1.0,1.0,0.0,1.0,1.0
electricity,mlp,lime,spur,constant,1,3,1.0,1.0,0.0,1.0,1.0
electricity,mlp,lime,spur,constant,1,4,1.0,1.0,0.0,1.0,1.0
electricity,mlp,lime,spur,constant,2,3,1.0,1.0,0.0,1.0,1.0
electricity,mlp,lime,spur,constant,2,4,1.0,1.0,0.0,1.0,1.0
electricity,mlp,lime,spur,constant,3,4,1.0,1.0,0.0,1.0,1.0
electricity,mlp,lime,spur,oracle,0,1,1.0,1.0,1.0,1.0,1.0
electricity,mlp,lime,spur,oracle,0,2,1.0,1.0,1.0,1.0,1.0
electricity,mlp,lime,spur,oracle,0,3,1.0,1.0,1.0,1.0,1.0
electricity,mlp,lime,spur,oracle,0,4,1.0,1.0,1.0,1.0,1.0
electricity,mlp,lime,spur,oracle,1,2,1.0,1.0,1.0,1.0,1.0
electricity,mlp,lime,spur,oracle,1,3,1.0,1.0,1.0,1.0,1.0
electricity,mlp,lime,spur,oracle,1,4,1.0,1.0,1.0,1.0,1.0
electricity,mlp,lime,spur,oracle,2,3,1.0,1.0,1.0,1.0,1.0
electricity,mlp,lime,spur,oracle,2,4,1.0,1.0,1.0,1.0,1.0
electricity,mlp,lime,spur,oracle,3,4,1.0,1.0,1.0,1.0,1.0
electricity,mlp,kshap,clean,real,0,1,1.0,0.8,0.9523809523809524,0.9989837868375263,1.0
electricity,mlp,kshap,clean,real,0,2,1.0,0.8,0.9047619047619048,0.9973848233011429,1.0
electricity,mlp,kshap,clean,real,0,3,1.0,0.8,0.9761904761904763,0.9990592117656723,1.0
electricity,mlp,kshap,clean,real,0,4,0.6666666666666666,1.0,0.9761904761904763,0.998175873803966,1.0
electricity,mlp,kshap,clean,real,1,2,1.0,1.0,0.9761904761904763,0.99879097378298,1.0
electricity,mlp,kshap,clean,real,1,3,1.0,1.0,0.9761904761904763,0.998040875574312,1.0
electricity,mlp,kshap,clean,real,1,4,0.6666666666666666,0.8,0.9047619047619048,0.9958286991551626,1.0
electricity,mlp,kshap,clean,real,2,3,1.0,1.0,0.9523809523809524,0.9956445345447091,1.0
electricity,mlp,kshap,clean,real,2,4,0.6666666666666666,0.8,0.8571428571428572,0.9938061603710604,1.0
electricity,mlp,kshap,clean,real,3,4,0.6666666666666666,0.8,0.9523809523809524,0.9991950556564272,1.0
electricity,mlp,kshap,clean,random,0,1,0.0,0.6,-0.6904761904761906,0.6789059656083184,1.0
electricity,mlp,kshap,clean,random,0,2,0.3333333333333333,0.6,0.1666666666666667,0.8878696946759914,1.0
electricity,mlp,kshap,clean,random,0,3,0.6666666666666666,0.8,0.2142857142857143,0.8317918541478644,1.0
electricity,mlp,kshap,clean,random,0,4,0.0,0.6,-0.4523809523809524,0.7643615754599655,1.0
electricity,mlp,kshap,clean,random,1,2,0.0,0.6,-0.2142857142857143,0.8379313782566363,1.0
electricity,mlp,kshap,clean,random,1,3,0.3333333333333333,0.6,-0.3333333333333334,0.6858646020876814,1.0
electricity,mlp,kshap,clean,random,1,4,1.0,0.8,0.8095238095238096,0.9657131421028451,1.0
electricity,mlp,kshap,clean,random,2,3,0.0,0.8,0.023809523809523815,0.8517854424591408,1.0
electricity,mlp,kshap,clean,random,2,4,0.0,0.6,-0.38095238095238104,0.8703980839743037,1.0
electricity,mlp,kshap,clean,random,3,4,0.3333333333333333,0.6,-0.19047619047619052,0.7874475516898106,1.0
electricity,mlp,kshap,clean,permuted,0,1,0.0,0.6,-0.19047619047619052,0.3189122628755924,1.0
electricity,mlp,kshap,clean,permuted,0,2,0.6666666666666666,0.8,0.5000000000000001,0.57531932472539,1.0
electricity,mlp,kshap,clean,permuted,0,3,0.3333333333333333,0.4,-0.5476190476190477,0.23647851189446434,1.0
electricity,mlp,kshap,clean,permuted,0,4,0.3333333333333333,0.8,0.023809523809523815,0.35897839507730933,1.0
electricity,mlp,kshap,clean,permuted,1,2,0.3333333333333333,0.6,0.09523809523809526,0.5329770179537069,1.0
electricity,mlp,kshap,clean,permuted,1,3,0.3333333333333333,0.8,0.261904761904762,0.46073927243361223,1.0
electricity,mlp,kshap,clean,permuted,1,4,0.3333333333333333,0.6,-0.2142857142857143,0.2528684256186401,1.0
electricity,mlp,kshap,clean,permuted,2,3,0.6666666666666666,0.6,0.19047619047619052,0.4291315999509836,1.0
electricity,mlp,kshap,clean,permuted,2,4,0.3333333333333333,0.6,-0.28571428571428575,0.3841219947917671,1.0
electricity,mlp,kshap,clean,permuted,3,4,0.3333333333333333,0.6,-0.4285714285714286,0.3281718821514178,1.0
electricity,mlp,kshap,clean,constant,0,1,1.0,1.0,0.0,0.9999999999999998,1.0
electricity,mlp,kshap,clean,constant,0,2,1.0,1.0,0.0,0.9999999999999998,1.0
electricity,mlp,kshap,clean,constant,0,3,1.0,1.0,0.0,0.9999999999999998,1.0
electricity,mlp,kshap,clean,constant,0,4,1.0,1.0,0.0,0.9999999999999998,1.0
electricity,mlp,kshap,clean,constant,1,2,1.0,1.0,0.0,0.9999999999999998,1.0
electricity,mlp,kshap,clean,constant,1,3,1.0,1.0,0.0,0.9999999999999998,1.0
electricity,mlp,kshap,clean,constant,1,4,1.0,1.0,0.0,0.9999999999999998,1.0
electricity,mlp,kshap,clean,constant,2,3,1.0,1.0,0.0,0.9999999999999998,1.0
electricity,mlp,kshap,clean,constant,2,4,1.0,1.0,0.0,0.9999999999999998,1.0
electricity,mlp,kshap,clean,constant,3,4,1.0,1.0,0.0,0.9999999999999998,1.0
electricity,mlp,kshap,clean,oracle,0,1,1.0,1.0,1.0,0.9999999999999998,1.0
electricity,mlp,kshap,clean,oracle,0,2,1.0,1.0,1.0,0.9999999999999998,1.0
electricity,mlp,kshap,clean,oracle,0,3,1.0,1.0,1.0,0.9999999999999998,1.0
electricity,mlp,kshap,clean,oracle,0,4,1.0,1.0,1.0,0.9999999999999998,1.0
electricity,mlp,kshap,clean,oracle,1,2,1.0,1.0,1.0,0.9999999999999998,1.0
electricity,mlp,kshap,clean,oracle,1,3,1.0,1.0,1.0,0.9999999999999998,1.0
electricity,mlp,kshap,clean,oracle,1,4,1.0,1.0,1.0,0.9999999999999998,1.0
electricity,mlp,kshap,clean,oracle,2,3,1.0,1.0,1.0,0.9999999999999998,1.0
electricity,mlp,kshap,clean,oracle,2,4,1.0,1.0,1.0,0.9999999999999998,1.0
electricity,mlp,kshap,clean,oracle,3,4,1.0,1.0,1.0,0.9999999999999998,1.0
