ds,model,method,inst,margin,top5_seed,samp,pert,group,unstable
adult,logreg,linshap,0,0.05127768650208958,1.0,1.0,0.912,Model-matched,0
adult,logreg,linshap,1,0.03918230381596124,1.0,1.0,0.8560000000000001,Model-matched,0
adult,logreg,linshap,2,0.09607272803064802,1.0,1.0,0.888,Model-matched,0
adult,logreg,linshap,3,0.04576825272380168,1.0,1.0,0.9130434782608695,Model-matched,0
adult,logreg,linshap,4,0.04571050905029619,1.0,1.0,0.92,Model-matched,0
adult,logreg,linshap,5,0.007616643015891785,1.0,1.0,0.8960000000000001,Model-matched,0
adult,logreg,linshap,6,0.0595060856969014,1.0,1.0,0.9440000000000001,Model-matched,0
adult,logreg,linshap,7,0.15609657283129602,1.0,1.0,1.0,Model-matched,0
adult,logreg,linshap,8,0.049398204961095746,1.0,1.0,0.88,Model-matched,0
adult,logreg,linshap,9,0.025607830044004864,1.0,1.0,0.8333333333333334,Model-matched,0
adult,logreg,linshap,10,0.05333175306432675,1.0,1.0,0.9333333333333333,Model-matched,0
adult,logreg,linshap,11,0.28126464082955105,1.0,1.0,0.9440000000000001,Model-matched,0
adult,logreg,linshap,12,0.10539900764789205,1.0,1.0,0.9359999999999999,Model-matched,0
adult,logreg,linshap,13,0.09402706559736651,1.0,1.0,0.9304347826086956,Model-matched,0
adult,logreg,linshap,14,0.002027890560288124,1.0,1.0,0.8352941176470589,Model-matched,0
adult,logreg,linshap,15,0.01062580509640094,1.0,1.0,0.8960000000000001,Model-matched,0
adult,logreg,linshap,16,0.04254552322643778,1.0,1.0,0.92,Model-matched,0
adult,logreg,linshap,17,0.08010978631435414,1.0,1.0,0.872,Model-matched,0
adult,logreg,linshap,18,0.02644338057085242,1.0,1.0,0.8960000000000001,Model-matched,0
adult,logreg,linshap,19,0.043954397648334004,1.0,1.0,0.904,Model-matched,0
adult,logreg,linshap,20,0.15373225265076643,1.0,1.0,0.92,Model-matched,0
adult,logreg,linshap,21,0.015044923016646564,1.0,1.0,0.8560000000000001,Model-matched,0
adult,logreg,linshap,22,0.1518080429279856,1.0,1.0,0.88,Model-matched,0
adult,logreg,linshap,23,0.32869568294478224,1.0,1.0,0.9440000000000001,Model-matched,0
adult,logreg,linshap,24,0.1547815841286476,1.0,1.0,0.9440000000000001,Model-matched,0
adult,logreg,linshap,25,0.025256768162908054,1.0,1.0,0.8640000000000001,Model-matched,0
adult,logreg,linshap,26,0.025607830044004864,1.0,1.0,0.8500000000000001,Model-matched,0
adult,logreg,linshap,27,0.004650842943366868,1.0,1.0,0.8560000000000001,Model-matched,0
adult,logreg,linshap,28,0.08487331228170378,1.0,1.0,0.912,Model-matched,0
adult,logreg,linshap,29,0.14296503350956744,1.0,1.0,0.9279999999999999,Model-matched,0
adult,logreg,linshap,30,0.1474995231812975,1.0,1.0,0.9440000000000001,Model-matched,0
adult,logreg,linshap,31,0.007616643015891785,1.0,1.0,0.88,Model-matched,0
adult,logreg,linshap,32,0.17121165713254433,1.0,1.0,0.9359999999999999,Model-matched,0
adult,logreg,linshap,33,0.04284840389007293,1.0,1.0,0.9666666666666667,Model-matched,0
adult,logreg,linshap,34,0.05933524607287235,1.0,1.0,0.9359999999999999,Model-matched,0
adult,logreg,linshap,35,0.00965291978293889,1.0,1.0,0.8640000000000001,Model-matched,0
adult,logreg,linshap,36,0.09465216200372506,1.0,1.0,0.9440000000000001,Model-matched,0
adult,logreg,linshap,37,0.15340801592307288,1.0,1.0,0.9359999999999999,Model-matched,0
adult,logreg,linshap,38,0.049840067058027335,1.0,1.0,0.8583333333333334,Model-matched,0
adult,logreg,linshap,39,0.01716652406518629,1.0,1.0,0.8320000000000001,Model-matched,0
adult,logreg,linshap,40,0.04571511004843496,1.0,1.0,0.8869565217391304,Model-matched,0
adult,logreg,linshap,41,0.017044238636648182,1.0,1.0,0.88,Model-matched,0
adult,logreg,linshap,42,0.040085836058848655,1.0,1.0,0.8588235294117647,Model-matched,0
adult,logreg,linshap,43,0.014094392174775622,1.0,1.0,0.912,Model-matched,0
adult,logreg,linshap,44,0.09607272803064802,1.0,1.0,0.904,Model-matched,0
adult,logreg,linshap,45,0.15062304953751293,1.0,1.0,0.9520000000000001,Model-matched,0
adult,logreg,linshap,46,0.021301496647826598,1.0,1.0,0.9359999999999999,Model-matched,0
adult,logreg,linshap,47,0.0037355707722188246,1.0,1.0,0.848,Model-matched,0
adult,logreg,linshap,48,0.09477546733053008,1.0,1.0,0.88,Model-matched,0
adult,logreg,linshap,49,0.14778911511565582,1.0,1.0,0.9058823529411765,Model-matched,0
adult,logreg,linshap,50,0.05301512074148185,1.0,1.0,0.8250000000000001,Model-matched,0
adult,logreg,linshap,51,0.09402706559736651,1.0,1.0,0.9181818181818181,Model-matched,0
adult,logreg,linshap,52,0.01101057376084872,1.0,1.0,0.8166666666666668,Model-matched,0
adult,logreg,linshap,53,0.08177656134702373,1.0,1.0,0.904,Model-matched,0
adult,logreg,linshap,54,0.04571511004843496,1.0,1.0,0.8869565217391305,Model-matched,0
adult,logreg,linshap,55,0.05333175306432675,1.0,1.0,0.9279999999999999,Model-matched,0
adult,logreg,linshap,56,0.005629273989586306,1.0,1.0,0.9166666666666666,Model-matched,0
adult,logreg,linshap,57,0.10539900764789205,1.0,1.0,0.9279999999999999,Model-matched,0
adult,logreg,linshap,58,0.012565722008244554,1.0,1.0,0.904,Model-matched,0
adult,logreg,linshap,59,0.016427324037450352,1.0,1.0,0.8560000000000001,Model-matched,0
adult,logreg,linshap,60,0.013692392373821995,1.0,1.0,0.84,Model-matched,0
adult,logreg,linshap,61,0.2578259376370574,1.0,1.0,0.9520000000000001,Model-matched,0
adult,logreg,linshap,62,0.005629273989586306,1.0,1.0,0.8857142857142858,Model-matched,0
adult,logreg,linshap,63,0.15547416271905656,1.0,1.0,0.912,Model-matched,0
adult,logreg,linshap,64,0.22251779930307655,1.0,1.0,0.9520000000000001,Model-matched,0
adult,logreg,linshap,65,0.0014809842008730843,1.0,1.0,0.9279999999999999,Model-matched,0
adult,logreg,linshap,66,0.0030492792968833454,1.0,1.0,0.88,Model-matched,0
adult,logreg,linshap,67,0.04770247907474044,1.0,1.0,0.9125,Model-matched,0
adult,logreg,linshap,68,0.05323939762073188,1.0,1.0,0.84,Model-matched,0
adult,logreg,linshap,69,0.007616643015891785,1.0,1.0,0.8416666666666667,Model-matched,0
adult,logreg,linshap,70,0.04493218198673584,1.0,1.0,0.848,Model-matched,0
adult,logreg,linshap,71,0.0028205968058298563,1.0,1.0,0.9440000000000001,Model-matched,0
adult,logreg,linshap,72,0.04602928410680505,1.0,1.0,0.888,Model-matched,0
adult,logreg,linshap,73,0.3094834965492096,1.0,1.0,0.968,Model-matched,0
adult,logreg,linshap,74,0.02328308174632713,1.0,1.0,0.8960000000000001,Model-matched,0
adult,logreg,linshap,75,0.006528205234334946,1.0,1.0,0.92,Model-matched,0
adult,logreg,linshap,76,0.001281622157857136,1.0,1.0,0.9840000000000001,Model-matched,0
adult,logreg,linshap,77,0.025607830044004864,1.0,1.0,0.8560000000000001,Model-matched,0
adult,logreg,linshap,78,0.004707156639795383,1.0,1.0,0.8363636363636364,Model-matched,0
adult,logreg,linshap,79,0.06313134353167713,1.0,1.0,0.9520000000000001,Model-matched,0
adult,logreg,linshap,80,0.005629273989586306,1.0,1.0,0.8666666666666667,Model-matched,0
adult,logreg,linshap,81,0.05413288096070045,1.0,1.0,0.992,Model-matched,0
adult,logreg,linshap,82,0.10933758498297395,1.0,1.0,0.904,Model-matched,0
adult,logreg,linshap,83,0.03918230381596124,1.0,1.0,0.8960000000000001,Model-matched,0
adult,logreg,linshap,84,0.09204449262593431,1.0,1.0,0.88,Model-matched,0
adult,logreg,linshap,85,0.09206385962049117,1.0,1.0,1.0,Model-matched,0
adult,logreg,linshap,86,0.18476374618486732,1.0,1.0,0.92,Model-matched,0
adult,logreg,linshap,87,0.06089559739672458,1.0,1.0,0.904,Model-matched,0
adult,logreg,linshap,88,0.08906737495448173,1.0,1.0,0.9083333333333333,Model-matched,0
adult,logreg,linshap,89,0.03340810304548591,1.0,1.0,0.8560000000000001,Model-matched,0
adult,logreg,linshap,90,0.28378856828573334,1.0,1.0,0.9520000000000001,Model-matched,0
adult,logreg,linshap,91,0.05701588494314636,1.0,1.0,0.912,Model-matched,0
adult,logreg,linshap,92,0.06091014639335927,1.0,1.0,0.9359999999999999,Model-matched,0
adult,logreg,linshap,93,0.10203865175541592,1.0,1.0,0.8800000000000001,Model-matched,0
adult,logreg,linshap,94,0.0017614504541012086,1.0,1.0,1.0,Model-matched,0
adult,logreg,linshap,95,0.007152292725702941,1.0,1.0,0.84,Model-matched,0
adult,logreg,linshap,96,0.04571050905029619,1.0,1.0,0.92,Model-matched,0
adult,logreg,linshap,97,0.14296503350956744,1.0,1.0,0.9440000000000001,Model-matched,0
adult,logreg,linshap,98,0.05333175306432675,1.0,1.0,0.8999999999999999,Model-matched,0
adult,logreg,linshap,99,0.04571511004843496,1.0,1.0,0.904,Model-matched,0
adult,logreg,linshap,100,0.005629273989586306,1.0,1.0,0.8,Model-matched,0
adult,logreg,linshap,101,0.05217112348384007,1.0,1.0,0.872,Model-matched,0
adult,logreg,linshap,102,0.01581811252513502,1.0,1.0,0.9359999999999999,Model-matched,0
adult,logreg,linshap,103,0.06192142890090191,1.0,1.0,0.912,Model-matched,0
adult,logreg,linshap,104,0.00023453964515857085,1.0,1.0,0.8240000000000001,Model-matched,0
adult,logreg,linshap,105,0.006775696880970092,1.0,1.0,0.84,Model-matched,0
adult,logreg,linshap,106,0.043062762154831236,1.0,1.0,0.9739130434782608,Model-matched,0
adult,logreg,linshap,107,0.03894198506149626,1.0,1.0,0.84,Model-matched,0
adult,logreg,linshap,108,0.006052186872437237,1.0,1.0,0.911111111111111,Model-matched,0
adult,logreg,linshap,109,0.04586573959414697,1.0,1.0,0.8800000000000001,Model-matched,0
adult,logreg,linshap,110,0.005629273989586306,1.0,1.0,0.9,Model-matched,0
adult,logreg,linshap,111,0.027319173477124176,1.0,1.0,1.0,Model-matched,0
adult,logreg,linshap,112,0.059035173658921664,1.0,1.0,0.88,Model-matched,0
adult,logreg,linshap,113,0.006528205234334946,1.0,1.0,0.8560000000000001,Model-matched,0
adult,logreg,linshap,114,0.007152292725702941,1.0,1.0,0.84,Model-matched,0
adult,logreg,linshap,115,0.008579813924698775,1.0,1.0,0.9222222222222223,Model-matched,0
adult,logreg,linshap,116,0.14878665973516156,1.0,1.0,0.88,Model-matched,0
adult,logreg,linshap,117,0.28641914076719543,1.0,1.0,0.9440000000000001,Model-matched,0
adult,logreg,linshap,118,0.04481829304181662,1.0,1.0,0.872,Model-matched,0
adult,logreg,linshap,119,0.043684809975650926,1.0,1.0,0.84,Model-matched,0
adult,logreg,linshap,120,0.0581956987082591,1.0,1.0,0.872,Model-matched,0
adult,logreg,linshap,121,0.03977813457603616,1.0,1.0,0.8160000000000001,Model-matched,0
adult,logreg,linshap,122,0.030457726007399263,1.0,1.0,0.88,Model-matched,0
adult,logreg,linshap,123,0.030630583780882473,1.0,1.0,0.8761904761904763,Model-matched,0
adult,logreg,linshap,124,0.052665146706973955,1.0,1.0,0.88,Model-matched,0
adult,logreg,linshap,125,0.09467643368831706,1.0,1.0,0.904,Model-matched,0
adult,logreg,linshap,126,0.04571511004843496,1.0,1.0,0.8521739130434783,Model-matched,0
adult,logreg,linshap,127,0.05054925692574468,1.0,1.0,0.88,Model-matched,0
adult,logreg,linshap,128,0.006777144999940462,1.0,1.0,0.8560000000000001,Model-matched,0
adult,logreg,linshap,129,0.1247087174705989,1.0,1.0,0.8960000000000001,Model-matched,0
adult,logreg,linshap,130,0.014895410541095755,1.0,1.0,0.888,Model-matched,0
adult,logreg,linshap,131,0.04571511004843496,1.0,1.0,0.888,Model-matched,0
adult,logreg,linshap,132,0.01912009171709684,1.0,1.0,0.8640000000000001,Model-matched,0
adult,logreg,linshap,133,0.07856599153628363,1.0,1.0,0.9520000000000001,Model-matched,0
adult,logreg,linshap,134,0.04770247907474044,1.0,1.0,0.9684210526315788,Model-matched,0
adult,logreg,linshap,135,0.0240268167716017,1.0,1.0,0.8,Model-matched,0
adult,logreg,linshap,136,0.0955116303641783,1.0,1.0,0.8833333333333333,Model-matched,0
adult,logreg,linshap,137,0.025607830044004864,1.0,1.0,0.8421052631578947,Model-matched,0
adult,logreg,linshap,138,0.05401092409048067,1.0,1.0,1.0,Model-matched,0
adult,logreg,linshap,139,0.20285079262710543,1.0,1.0,0.9359999999999999,Model-matched,0
adult,logreg,linshap,140,0.002188459894606848,1.0,1.0,0.904,Model-matched,0
adult,logreg,linshap,141,0.11791754426302517,1.0,1.0,0.976,Model-matched,0
adult,logreg,linshap,142,0.08171316503712228,1.0,1.0,0.92,Model-matched,0
adult,logreg,linshap,143,0.021563611446733535,1.0,1.0,0.8608695652173913,Model-matched,0
adult,logreg,linshap,144,0.010973042876412946,1.0,1.0,0.8320000000000001,Model-matched,0
adult,logreg,linshap,145,0.04571511004843496,1.0,1.0,0.88,Model-matched,0
adult,logreg,linshap,146,0.17762792795958313,1.0,1.0,0.968,Model-matched,0
adult,logreg,linshap,147,0.28641914076719543,1.0,1.0,0.96,Model-matched,0
adult,logreg,linshap,148,0.024862201785170575,1.0,1.0,0.888,Model-matched,0
adult,logreg,linshap,149,0.004650842943366868,1.0,1.0,0.8923076923076922,Model-matched,0
adult,logreg,linshap,150,0.05333175306432675,1.0,1.0,0.9583333333333334,Model-matched,0
adult,logreg,linshap,151,0.10777362430891944,1.0,1.0,0.912,Model-matched,0
adult,logreg,linshap,152,0.027470962111573082,1.0,1.0,0.872,Model-matched,0
adult,logreg,linshap,153,0.05333175306432675,1.0,1.0,0.9304347826086956,Model-matched,0
adult,logreg,linshap,154,0.020677060683833792,1.0,1.0,0.848,Model-matched,0
adult,logreg,linshap,155,0.007462395553654866,1.0,1.0,0.8960000000000001,Model-matched,0
adult,logreg,linshap,156,0.005568373152275664,1.0,1.0,0.848,Model-matched,0
adult,logreg,linshap,157,0.057130742969151764,1.0,1.0,0.8640000000000001,Model-matched,0
adult,logreg,linshap,158,0.095640293674136,1.0,1.0,0.912,Model-matched,0
adult,logreg,linshap,159,0.08892043530494508,1.0,1.0,0.9279999999999999,Model-matched,0
adult,logreg,linshap,160,0.010003182355086734,1.0,1.0,0.8800000000000001,Model-matched,0
adult,logreg,linshap,161,0.12154892088675368,1.0,1.0,0.9818181818181819,Model-matched,0
adult,logreg,linshap,162,0.014220932031497503,1.0,1.0,0.848,Model-matched,0
adult,logreg,linshap,163,0.007616643015891785,1.0,1.0,0.8842105263157896,Model-matched,0
adult,logreg,linshap,164,0.28641914076719543,1.0,1.0,0.9440000000000001,Model-matched,0
adult,logreg,linshap,165,0.00708949042146912,1.0,1.0,0.8640000000000001,Model-matched,0
adult,logreg,linshap,166,0.03747218521312411,1.0,1.0,1.0,Model-matched,0
adult,logreg,linshap,167,0.05174324760417477,1.0,1.0,0.8160000000000001,Model-matched,0
adult,logreg,linshap,168,0.04327177603937733,1.0,1.0,0.9647058823529411,Model-matched,0
adult,logreg,linshap,169,0.025607830044004864,1.0,1.0,0.92,Model-matched,0
adult,logreg,linshap,170,0.1094435046594131,1.0,1.0,0.912,Model-matched,0
adult,logreg,linshap,171,0.025607830044004864,1.0,1.0,0.8869565217391305,Model-matched,0
adult,logreg,linshap,172,0.005629273989586306,1.0,1.0,0.8833333333333333,Model-matched,0
adult,logreg,linshap,173,0.001886708805843244,1.0,1.0,0.88,Model-matched,0
adult,logreg,linshap,174,0.05333175306432675,1.0,1.0,0.9,Model-matched,0
adult,logreg,linshap,175,0.007616643015891785,1.0,1.0,0.8777777777777778,Model-matched,0
adult,logreg,linshap,176,0.05333175306432675,1.0,1.0,0.8916666666666667,Model-matched,0
adult,logreg,linshap,177,0.105958077098511,1.0,1.0,0.912,Model-matched,0
adult,logreg,linshap,178,0.04571050905029619,1.0,1.0,0.9359999999999999,Model-matched,0
adult,logreg,linshap,179,0.04571511004843496,1.0,1.0,0.84,Model-matched,0
adult,logreg,linshap,180,0.036941009775275965,1.0,1.0,0.8960000000000001,Model-matched,0
adult,logreg,linshap,181,0.09970517516912777,1.0,1.0,0.9840000000000001,Model-matched,0
adult,logreg,linshap,182,0.04270594796792581,1.0,1.0,0.8615384615384616,Model-matched,0
adult,logreg,linshap,183,0.028001269051235084,1.0,1.0,0.92,Model-matched,0
adult,logreg,linshap,184,0.025607830044004864,1.0,1.0,0.888,Model-matched,0
adult,logreg,linshap,185,0.15537003650268033,1.0,1.0,0.9520000000000001,Model-matched,0
adult,logreg,linshap,186,0.030191198680746267,1.0,1.0,0.95,Model-matched,0
adult,logreg,linshap,187,0.05333175306432675,1.0,1.0,0.8875000000000001,Model-matched,0
adult,logreg,linshap,188,0.16431044386088015,1.0,1.0,0.96,Model-matched,0
adult,logreg,linshap,189,0.10472096284579453,1.0,1.0,0.9359999999999999,Model-matched,0
adult,logreg,linshap,190,0.2923587128574747,1.0,1.0,0.912,Model-matched,0
adult,logreg,linshap,191,0.012267485959258652,1.0,1.0,0.872,Model-matched,0
adult,logreg,linshap,192,0.09376332330265236,1.0,1.0,0.8160000000000001,Model-matched,0
adult,logreg,linshap,193,0.1785650560858074,1.0,1.0,0.9359999999999999,Model-matched,0
adult,logreg,linshap,194,0.09395592160314951,1.0,1.0,0.912,Model-matched,0
adult,logreg,linshap,195,0.008474039603612059,1.0,1.0,0.872,Model-matched,0
adult,logreg,linshap,196,0.02599706296189572,1.0,1.0,0.88,Model-matched,0
adult,logreg,linshap,197,0.025579127692226557,1.0,1.0,0.8960000000000001,Model-matched,0
adult,logreg,linshap,198,0.04617566974684632,1.0,1.0,0.8640000000000001,Model-matched,0
adult,logreg,linshap,199,0.23224870149592478,1.0,1.0,0.912,Model-matched,0
adult,logreg,linshap,200,0.1547815841286476,1.0,1.0,1.0,Model-matched,0
adult,logreg,linshap,201,0.005216841662092839,1.0,1.0,1.0,Model-matched,0
adult,logreg,linshap,202,0.007616643015891785,1.0,1.0,1.0,Model-matched,0
adult,logreg,linshap,203,0.02506987020598211,1.0,1.0,1.0,Model-matched,0
adult,logreg,linshap,204,0.15289185982478914,1.0,1.0,1.0,Model-matched,0
adult,logreg,linshap,205,0.12506121930160874,1.0,1.0,1.0,Model-matched,0
adult,logreg,linshap,206,0.005629273989586306,1.0,1.0,1.0,Model-matched,0
adult,logreg,linshap,207,0.002981905823315738,1.0,1.0,1.0,Model-matched,0
adult,logreg,linshap,208,0.007616643015891785,1.0,1.0,1.0,Model-matched,0
adult,logreg,linshap,209,0.20442465624160505,1.0,1.0,1.0,Model-matched,0
adult,logreg,linshap,210,0.05302081411203412,1.0,1.0,1.0,Model-matched,0
adult,logreg,linshap,211,0.025607830044004864,1.0,1.0,1.0,Model-matched,0
adult,logreg,linshap,212,0.015670866173342755,1.0,1.0,1.0,Model-matched,0
adult,logreg,linshap,213,0.013091782299083267,1.0,1.0,1.0,Model-matched,0
adult,logreg,linshap,214,0.09222061645204012,1.0,1.0,1.0,Model-matched,0
adult,logreg,linshap,215,0.06200261829584785,1.0,1.0,1.0,Model-matched,0
adult,logreg,linshap,216,0.035906656801011544,1.0,1.0,1.0,Model-matched,0
adult,logreg,linshap,217,0.158713054244537,1.0,1.0,1.0,Model-matched,0
adult,logreg,linshap,218,0.0018931096736301625,1.0,1.0,1.0,Model-matched,0
adult,logreg,linshap,219,0.04106113311206028,1.0,1.0,1.0,Model-matched,0
adult,logreg,linshap,220,0.05127768650208958,1.0,1.0,1.0,Model-matched,0
adult,logreg,linshap,221,0.01936901362153317,1.0,1.0,1.0,Model-matched,0
adult,logreg,linshap,222,0.09105187489263698,1.0,1.0,1.0,Model-matched,0
adult,logreg,linshap,223,0.08329444537047545,1.0,1.0,1.0,Model-matched,0
adult,logreg,linshap,224,0.129987476020808,1.0,1.0,1.0,Model-matched,0
adult,logreg,linshap,225,0.040085836058848655,1.0,1.0,1.0,Model-matched,0
adult,logreg,linshap,226,0.026865842802523205,1.0,1.0,1.0,Model-matched,0
adult,logreg,linshap,227,0.16468015707098788,1.0,1.0,1.0,Model-matched,0
adult,logreg,linshap,228,0.008441281593006474,1.0,1.0,1.0,Model-matched,0
adult,logreg,linshap,229,0.06536584881765074,1.0,1.0,1.0,Model-matched,0
adult,logreg,linshap,230,0.020034239679195615,1.0,1.0,1.0,Model-matched,0
adult,logreg,linshap,231,0.01062580509640094,1.0,1.0,1.0,Model-matched,0
adult,logreg,linshap,232,0.0673709953284768,1.0,1.0,1.0,Model-matched,0
adult,logreg,linshap,233,0.009107350351672712,1.0,1.0,1.0,Model-matched,0
adult,logreg,linshap,234,0.005216841662092839,1.0,1.0,1.0,Model-matched,0
adult,logreg,linshap,235,0.04571511004843496,1.0,1.0,1.0,Model-matched,0
adult,logreg,linshap,236,0.0032040342121618555,1.0,1.0,1.0,Model-matched,0
adult,logreg,linshap,237,0.10777362430891944,1.0,1.0,1.0,Model-matched,0
adult,logreg,linshap,238,0.043954397648334004,1.0,1.0,1.0,Model-matched,0
adult,logreg,linshap,239,0.10768444782619943,1.0,1.0,1.0,Model-matched,0
adult,logreg,linshap,240,0.03747218521312411,1.0,1.0,1.0,Model-matched,0
adult,logreg,linshap,241,0.05333175306432675,1.0,1.0,1.0,Model-matched,0
adult,logreg,linshap,242,0.04971959902635112,1.0,1.0,1.0,Model-matched,0
adult,logreg,linshap,243,0.01911823124319491,1.0,1.0,1.0,Model-matched,0
adult,logreg,linshap,244,0.05127768650208958,1.0,1.0,1.0,Model-matched,0
adult,logreg,linshap,245,0.001886708805843244,1.0,1.0,1.0,Model-matched,0
adult,logreg,linshap,246,0.04106113311206028,1.0,1.0,1.0,Model-matched,0
adult,logreg,linshap,247,0.08862029519635548,1.0,1.0,1.0,Model-matched,0
adult,logreg,linshap,248,0.025607830044004864,1.0,1.0,1.0,Model-matched,0
adult,logreg,linshap,249,0.025607830044004864,1.0,1.0,1.0,Model-matched,0
adult,logreg,linshap,250,0.11303275735879055,1.0,1.0,1.0,Model-matched,0
adult,logreg,linshap,251,0.009856098379460202,1.0,1.0,1.0,Model-matched,0
adult,logreg,linshap,252,0.10711319981051409,1.0,1.0,1.0,Model-matched,0
adult,logreg,linshap,253,0.13914939195397624,1.0,1.0,1.0,Model-matched,0
adult,logreg,linshap,254,0.09607272803064802,1.0,1.0,1.0,Model-matched,0
adult,logreg,linshap,255,0.010208099779021172,1.0,1.0,1.0,Model-matched,0
adult,logreg,linshap,256,0.016690627732768228,1.0,1.0,1.0,Model-matched,0
adult,logreg,linshap,257,0.04571511004843496,1.0,1.0,1.0,Model-matched,0
adult,logreg,linshap,258,0.03348840370404073,1.0,1.0,1.0,Model-matched,0
adult,logreg,linshap,259,0.0030091620805091546,1.0,1.0,1.0,Model-matched,0
adult,logreg,linshap,260,0.03212139365697703,1.0,1.0,1.0,Model-matched,0
adult,logreg,linshap,261,0.0061445467971369605,1.0,1.0,1.0,Model-matched,0
adult,logreg,linshap,262,0.07809310798152531,1.0,1.0,1.0,Model-matched,0
adult,logreg,linshap,263,0.04571511004843496,1.0,1.0,1.0,Model-matched,0
adult,logreg,linshap,264,0.025607830044004864,1.0,1.0,1.0,Model-matched,0
adult,logreg,linshap,265,0.03510685052516275,1.0,1.0,1.0,Model-matched,0
adult,logreg,linshap,266,0.273930620422407,1.0,1.0,1.0,Model-matched,0
adult,logreg,linshap,267,0.04571511004843496,1.0,1.0,1.0,Model-matched,0
adult,logreg,linshap,268,0.025422899134090227,1.0,1.0,1.0,Model-matched,0
adult,logreg,linshap,269,0.01982689326763505,1.0,1.0,1.0,Model-matched,0
adult,logreg,linshap,270,0.05333175306432675,1.0,1.0,1.0,Model-matched,0
adult,logreg,linshap,271,0.1541074784916484,1.0,1.0,1.0,Model-matched,0
adult,logreg,linshap,272,0.017199906985355555,1.0,1.0,1.0,Model-matched,0
adult,logreg,linshap,273,0.03508109358609486,1.0,1.0,1.0,Model-matched,0
adult,logreg,linshap,274,0.05333175306432675,1.0,1.0,1.0,Model-matched,0
adult,logreg,linshap,275,0.02052511022747943,1.0,1.0,1.0,Model-matched,0
adult,logreg,linshap,276,0.007616643015891785,1.0,1.0,1.0,Model-matched,0
adult,logreg,linshap,277,0.04270594796792581,1.0,1.0,1.0,Model-matched,0
adult,logreg,linshap,278,0.05022443822207479,1.0,1.0,1.0,Model-matched,0
adult,logreg,linshap,279,0.007616643015891785,1.0,1.0,1.0,Model-matched,0
adult,logreg,linshap,280,0.02872232377776838,1.0,1.0,1.0,Model-matched,0
adult,logreg,linshap,281,0.037877029322388914,1.0,1.0,1.0,Model-matched,0
adult,logreg,linshap,282,0.04571511004843496,1.0,1.0,1.0,Model-matched,0
adult,logreg,linshap,283,0.1547815841286476,1.0,1.0,1.0,Model-matched,0
adult,logreg,linshap,284,0.05127768650208958,1.0,1.0,1.0,Model-matched,0
adult,logreg,linshap,285,0.0408289512664465,1.0,1.0,1.0,Model-matched,0
adult,logreg,linshap,286,0.025607830044004864,1.0,1.0,1.0,Model-matched,0
adult,logreg,linshap,287,0.03918230381596124,1.0,1.0,1.0,Model-matched,0
adult,logreg,linshap,288,0.005629273989586306,1.0,1.0,1.0,Model-matched,0
adult,logreg,linshap,289,0.0008801902600631501,1.0,1.0,1.0,Model-matched,0
adult,logreg,linshap,290,0.025607830044004864,1.0,1.0,1.0,Model-matched,0
adult,logreg,linshap,291,0.19518587329871778,1.0,1.0,1.0,Model-matched,0
adult,logreg,linshap,292,0.043954397648334004,1.0,1.0,1.0,Model-matched,0
adult,logreg,linshap,293,0.025607830044004864,1.0,1.0,1.0,Model-matched,0
adult,logreg,linshap,294,0.05333175306432675,1.0,1.0,1.0,Model-matched,0
adult,logreg,linshap,295,0.008210075572640023,1.0,1.0,1.0,Model-matched,0
adult,logreg,linshap,296,0.1393692611805279,1.0,1.0,1.0,Model-matched,0
adult,logreg,linshap,297,0.01280592467257788,1.0,1.0,1.0,Model-matched,0
adult,logreg,linshap,298,0.04571511004843496,1.0,1.0,1.0,Model-matched,0
adult,logreg,linshap,299,0.02027227822776855,1.0,1.0,1.0,Model-matched,0
adult,logreg,linshap,300,0.08329444537047545,1.0,1.0,1.0,Model-matched,0
adult,logreg,linshap,301,0.11999411193771982,1.0,1.0,1.0,Model-matched,0
adult,logreg,linshap,302,0.1345208299289972,1.0,1.0,1.0,Model-matched,0
adult,logreg,linshap,303,0.025607830044004864,1.0,1.0,1.0,Model-matched,0
adult,logreg,linshap,304,0.17078660798832374,1.0,1.0,1.0,Model-matched,0
adult,logreg,linshap,305,0.17683144604224793,1.0,1.0,1.0,Model-matched,0
adult,logreg,linshap,306,0.10190467332670439,1.0,1.0,1.0,Model-matched,0
adult,logreg,linshap,307,0.013692392373821995,1.0,1.0,1.0,Model-matched,0
adult,logreg,linshap,308,0.1311941880997115,1.0,1.0,1.0,Model-matched,0
adult,logreg,linshap,309,0.006811461701059249,1.0,1.0,1.0,Model-matched,0
adult,logreg,linshap,310,0.07306841909152531,1.0,1.0,1.0,Model-matched,0
adult,logreg,linshap,311,0.14296503350956744,1.0,1.0,1.0,Model-matched,0
adult,logreg,linshap,312,0.010003182355086734,1.0,1.0,1.0,Model-matched,0
adult,logreg,linshap,313,0.03575159710307721,1.0,1.0,1.0,Model-matched,0
adult,logreg,linshap,314,0.009628913661284216,1.0,1.0,1.0,Model-matched,0
adult,logreg,linshap,315,0.012303335372005482,1.0,1.0,1.0,Model-matched,0
adult,logreg,linshap,316,0.10982079648977791,1.0,1.0,1.0,Model-matched,0
adult,logreg,linshap,317,0.11999411193771982,1.0,1.0,1.0,Model-matched,0
adult,logreg,linshap,318,0.037076673978339504,1.0,1.0,1.0,Model-matched,0
adult,logreg,linshap,319,0.08906737495448173,1.0,1.0,1.0,Model-matched,0
adult,logreg,linshap,320,0.1098792108128522,1.0,1.0,1.0,Model-matched,0
adult,logreg,linshap,321,0.005590470104635761,1.0,1.0,1.0,Model-matched,0
adult,logreg,linshap,322,0.008474039603612059,1.0,1.0,1.0,Model-matched,0
adult,logreg,linshap,323,0.0068089190635519095,1.0,1.0,1.0,Model-matched,0
adult,logreg,linshap,324,0.01587285268557814,1.0,1.0,1.0,Model-matched,0
adult,logreg,linshap,325,0.036174335482390914,1.0,1.0,1.0,Model-matched,0
adult,logreg,linshap,326,0.02218209614960769,1.0,1.0,1.0,Model-matched,0
adult,logreg,linshap,327,0.04106113311206028,1.0,1.0,1.0,Model-matched,0
adult,logreg,linshap,328,0.010018314151171633,1.0,1.0,1.0,Model-matched,0
adult,logreg,linshap,329,0.08906737495448173,1.0,1.0,1.0,Model-matched,0
adult,logreg,linshap,330,0.05711696270730229,1.0,1.0,1.0,Model-matched,0
adult,logreg,linshap,331,0.004824836328504253,1.0,1.0,1.0,Model-matched,0
adult,logreg,linshap,332,0.04106113311206028,1.0,1.0,1.0,Model-matched,0
adult,logreg,linshap,333,0.01062580509640094,1.0,1.0,1.0,Model-matched,0
adult,logreg,linshap,334,0.05976822401511583,1.0,1.0,1.0,Model-matched,0
adult,logreg,linshap,335,0.04571511004843496,1.0,1.0,1.0,Model-matched,0
adult,logreg,linshap,336,0.04770247907474044,1.0,1.0,1.0,Model-matched,0
adult,logreg,linshap,337,0.007323288853755579,1.0,1.0,1.0,Model-matched,0
adult,logreg,linshap,338,0.04571511004843496,1.0,1.0,1.0,Model-matched,0
adult,logreg,linshap,339,0.04270594796792581,1.0,1.0,1.0,Model-matched,0
adult,logreg,linshap,340,0.14296503350956744,1.0,1.0,1.0,Model-matched,0
adult,logreg,linshap,341,0.01280592467257788,1.0,1.0,1.0,Model-matched,0
adult,logreg,linshap,342,0.04571511004843496,1.0,1.0,1.0,Model-matched,0
adult,logreg,linshap,343,0.023174582608215543,1.0,1.0,1.0,Model-matched,0
adult,logreg,linshap,344,0.006527761110838139,1.0,1.0,1.0,Model-matched,0
adult,logreg,linshap,345,0.07211865831832334,1.0,1.0,1.0,Model-matched,0
adult,logreg,linshap,346,0.04811491140223391,1.0,1.0,1.0,Model-matched,0
adult,logreg,linshap,347,0.02935497822188744,1.0,1.0,1.0,Model-matched,0
adult,logreg,linshap,348,0.010216553390029304,1.0,1.0,1.0,Model-matched,0
adult,logreg,linshap,349,0.05333175306432675,1.0,1.0,1.0,Model-matched,0
adult,logreg,linshap,350,0.05404407826976719,1.0,1.0,1.0,Model-matched,0
adult,logreg,linshap,351,0.0356486699866834,1.0,1.0,1.0,Model-matched,0
adult,logreg,linshap,352,0.13817286010980837,1.0,1.0,1.0,Model-matched,0
adult,logreg,linshap,353,0.05401092409048067,1.0,1.0,1.0,Model-matched,0
adult,logreg,linshap,354,0.04374879890047851,1.0,1.0,1.0,Model-matched,0
adult,logreg,linshap,355,0.030191198680746267,1.0,1.0,1.0,Model-matched,0
adult,logreg,linshap,356,0.05333175306432675,1.0,1.0,1.0,Model-matched,0
adult,logreg,linshap,357,0.005629273989586306,1.0,1.0,1.0,Model-matched,0
adult,logreg,linshap,358,0.05333175306432675,1.0,1.0,1.0,Model-matched,0
adult,logreg,linshap,359,0.025607830044004864,1.0,1.0,1.0,Model-matched,0
adult,logreg,linshap,360,0.040085836058848655,1.0,1.0,1.0,Model-matched,0
adult,logreg,linshap,361,0.036941009775275965,1.0,1.0,1.0,Model-matched,0
adult,logreg,linshap,362,0.15062304953751293,1.0,1.0,1.0,Model-matched,0
adult,logreg,linshap,363,0.3384184678528517,1.0,1.0,1.0,Model-matched,0
adult,logreg,linshap,364,0.05323939762073188,1.0,1.0,1.0,Model-matched,0
adult,logreg,linshap,365,0.012267485959258652,1.0,1.0,1.0,Model-matched,0
adult,logreg,linshap,366,0.048549039984146475,1.0,1.0,1.0,Model-matched,0
adult,logreg,linshap,367,0.020691865134644837,1.0,1.0,1.0,Model-matched,0
adult,logreg,linshap,368,0.00484793748095145,1.0,1.0,1.0,Model-matched,0
adult,logreg,linshap,369,0.005412463125376875,1.0,1.0,1.0,Model-matched,0
adult,logreg,linshap,370,0.18293108888577217,1.0,1.0,1.0,Model-matched,0
adult,logreg,linshap,371,0.008474039603612059,1.0,1.0,1.0,Model-matched,0
adult,logreg,linshap,372,0.025607830044004864,1.0,1.0,1.0,Model-matched,0
adult,logreg,linshap,373,0.05301512074148185,1.0,1.0,1.0,Model-matched,0
adult,logreg,linshap,374,0.010003182355086734,1.0,1.0,1.0,Model-matched,0
adult,logreg,linshap,375,0.10470791633892888,1.0,1.0,1.0,Model-matched,0
adult,logreg,linshap,376,0.10962105025688713,1.0,1.0,1.0,Model-matched,0
adult,logreg,linshap,377,0.013288933398872308,1.0,1.0,1.0,Model-matched,0
adult,logreg,linshap,378,0.13885935036809674,1.0,1.0,1.0,Model-matched,0
adult,logreg,linshap,379,0.10902738536973372,1.0,1.0,1.0,Model-matched,0
adult,logreg,linshap,380,0.04571511004843496,1.0,1.0,1.0,Model-matched,0
adult,logreg,linshap,381,0.02045982406391738,1.0,1.0,1.0,Model-matched,0
adult,logreg,linshap,382,0.20716909437251912,1.0,1.0,1.0,Model-matched,0
adult,logreg,linshap,383,0.001886708805843244,1.0,1.0,1.0,Model-matched,0
adult,logreg,linshap,384,0.296787443055395,1.0,1.0,1.0,Model-matched,0
adult,logreg,linshap,385,0.07230925615682525,1.0,1.0,1.0,Model-matched,0
adult,logreg,linshap,386,0.025607830044004864,1.0,1.0,1.0,Model-matched,0
adult,logreg,linshap,387,0.005920999158493847,1.0,1.0,1.0,Model-matched,0
adult,logreg,linshap,388,0.04360359858272185,1.0,1.0,1.0,Model-matched,0
adult,logreg,linshap,389,0.04171000296533535,1.0,1.0,1.0,Model-matched,0
adult,logreg,linshap,390,0.07286398163914351,1.0,1.0,1.0,Model-matched,0
adult,logreg,linshap,391,0.04206768884249076,1.0,1.0,1.0,Model-matched,0
adult,logreg,linshap,392,0.003749381083389414,1.0,1.0,1.0,Model-matched,0
adult,logreg,linshap,393,0.34800501694595326,1.0,1.0,1.0,Model-matched,0
adult,logreg,linshap,394,0.06349515383004731,1.0,1.0,1.0,Model-matched,0
adult,logreg,linshap,395,0.025607830044004864,1.0,1.0,1.0,Model-matched,0
adult,logreg,linshap,396,0.16646262485571386,1.0,1.0,1.0,Model-matched,0
adult,logreg,linshap,397,0.004669836648183671,1.0,1.0,1.0,Model-matched,0
adult,logreg,linshap,398,0.12128328211625394,1.0,1.0,1.0,Model-matched,0
adult,logreg,linshap,399,0.04571511004843496,1.0,1.0,1.0,Model-matched,0
adult,logreg,linshap,400,0.007616643015891785,1.0,1.0,1.0,Model-matched,0
adult,logreg,linshap,401,0.16473290609255098,1.0,1.0,1.0,Model-matched,0
adult,logreg,linshap,402,0.025607830044004864,1.0,1.0,1.0,Model-matched,0
adult,logreg,linshap,403,0.11377457083950633,1.0,1.0,1.0,Model-matched,0
adult,logreg,linshap,404,0.008474039603612059,1.0,1.0,1.0,Model-matched,0
adult,logreg,linshap,405,0.025607830044004864,1.0,1.0,1.0,Model-matched,0
adult,logreg,linshap,406,0.05521880002516261,1.0,1.0,1.0,Model-matched,0
adult,logreg,linshap,407,0.025607830044004864,1.0,1.0,1.0,Model-matched,0
adult,logreg,linshap,408,0.17078660798832374,1.0,1.0,1.0,Model-matched,0
adult,logreg,linshap,409,0.04571511004843496,1.0,1.0,1.0,Model-matched,0
adult,logreg,linshap,410,0.025607830044004864,1.0,1.0,1.0,Model-matched,0
adult,logreg,linshap,411,0.022514661024045906,1.0,1.0,1.0,Model-matched,0
adult,logreg,linshap,412,0.04409922571377667,1.0,1.0,1.0,Model-matched,0
adult,logreg,linshap,413,0.06517830462578851,1.0,1.0,1.0,Model-matched,0
adult,logreg,linshap,414,0.005412463125376875,1.0,1.0,1.0,Model-matched,0
adult,logreg,linshap,415,0.02777040993434204,1.0,1.0,1.0,Model-matched,0
adult,logreg,linshap,416,0.1193109902327204,1.0,1.0,1.0,Model-matched,0
adult,logreg,linshap,417,0.09607272803064802,1.0,1.0,1.0,Model-matched,0
adult,logreg,linshap,418,0.11377457083950633,1.0,1.0,1.0,Model-matched,0
adult,logreg,linshap,419,0.04571050905029619,1.0,1.0,1.0,Model-matched,0
adult,logreg,linshap,420,0.09904443204625132,1.0,1.0,1.0,Model-matched,0
adult,logreg,linshap,421,0.025607830044004864,1.0,1.0,1.0,Model-matched,0
adult,logreg,linshap,422,0.04106113311206028,1.0,1.0,1.0,Model-matched,0
adult,logreg,linshap,423,0.02599706296189572,1.0,1.0,1.0,Model-matched,0
adult,logreg,linshap,424,0.2578259376370574,1.0,1.0,1.0,Model-matched,0
adult,logreg,linshap,425,0.09743663280021905,1.0,1.0,1.0,Model-matched,0
adult,logreg,linshap,426,0.008586671417372849,1.0,1.0,1.0,Model-matched,0
adult,logreg,linshap,427,0.005629273989586306,1.0,1.0,1.0,Model-matched,0
adult,logreg,linshap,428,0.038934812169326094,1.0,1.0,1.0,Model-matched,0
adult,logreg,linshap,429,0.011987257458191106,1.0,1.0,1.0,Model-matched,0
adult,logreg,linshap,430,0.045865223376712706,1.0,1.0,1.0,Model-matched,0
adult,logreg,linshap,431,0.023873414402619957,1.0,1.0,1.0,Model-matched,0
adult,logreg,linshap,432,0.005412463125376875,1.0,1.0,1.0,Model-matched,0
adult,logreg,linshap,433,0.011556852111710246,1.0,1.0,1.0,Model-matched,0
adult,logreg,linshap,434,0.05333175306432675,1.0,1.0,1.0,Model-matched,0
adult,logreg,linshap,435,0.04571050905029619,1.0,1.0,1.0,Model-matched,0
adult,logreg,linshap,436,0.13427002539958832,1.0,1.0,1.0,Model-matched,0
adult,logreg,linshap,437,0.08181104913499783,1.0,1.0,1.0,Model-matched,0
adult,logreg,linshap,438,0.05225171195571044,1.0,1.0,1.0,Model-matched,0
adult,logreg,linshap,439,0.007616643015891785,1.0,1.0,1.0,Model-matched,0
adult,logreg,linshap,440,0.037904404477994764,1.0,1.0,1.0,Model-matched,0
adult,logreg,linshap,441,0.07525453665061137,1.0,1.0,1.0,Model-matched,0
adult,logreg,linshap,442,0.008586671417372849,1.0,1.0,1.0,Model-matched,0
adult,logreg,linshap,443,0.011556852111710246,1.0,1.0,1.0,Model-matched,0
adult,logreg,linshap,444,0.007616643015891785,1.0,1.0,1.0,Model-matched,0
adult,logreg,linshap,445,0.03008213188309849,1.0,1.0,1.0,Model-matched,0
adult,logreg,linshap,446,0.045020522854572406,1.0,1.0,1.0,Model-matched,0
adult,logreg,linshap,447,0.09022461890238805,1.0,1.0,1.0,Model-matched,0
adult,logreg,linshap,448,0.10790569946991106,1.0,1.0,1.0,Model-matched,0
adult,logreg,linshap,449,0.11999411193771982,1.0,1.0,1.0,Model-matched,0
adult,logreg,linshap,450,0.05127768650208958,1.0,1.0,1.0,Model-matched,0
adult,logreg,linshap,451,0.051778881848390045,1.0,1.0,1.0,Model-matched,0
adult,logreg,linshap,452,0.13914939195397624,1.0,1.0,1.0,Model-matched,0
adult,logreg,linshap,453,0.13266289959750532,1.0,1.0,1.0,Model-matched,0
adult,logreg,linshap,454,0.007462395553654866,1.0,1.0,1.0,Model-matched,0
adult,logreg,linshap,455,0.012324625102276868,1.0,1.0,1.0,Model-matched,0
adult,logreg,linshap,456,0.16539045627943144,1.0,1.0,1.0,Model-matched,0
adult,logreg,linshap,457,0.01716652406518629,1.0,1.0,1.0,Model-matched,0
adult,logreg,linshap,458,0.048554296502370115,1.0,1.0,1.0,Model-matched,0
adult,logreg,linshap,459,0.011839632044056459,1.0,1.0,1.0,Model-matched,0
adult,logreg,linshap,460,0.043954397648334004,1.0,1.0,1.0,Model-matched,0
adult,logreg,linshap,461,0.017313228850808802,1.0,1.0,1.0,Model-matched,0
adult,logreg,linshap,462,0.010855740195758527,1.0,1.0,1.0,Model-matched,0
adult,logreg,linshap,463,0.09757311812012409,1.0,1.0,1.0,Model-matched,0
adult,logreg,linshap,464,0.02670893053160016,1.0,1.0,1.0,Model-matched,0
adult,logreg,linshap,465,0.03414677512351811,1.0,1.0,1.0,Model-matched,0
adult,logreg,linshap,466,0.0030091620805091546,1.0,1.0,1.0,Model-matched,0
adult,logreg,linshap,467,0.011210747859851052,1.0,1.0,1.0,Model-matched,0
adult,logreg,linshap,468,0.008023385251654615,1.0,1.0,1.0,Model-matched,0
adult,logreg,linshap,469,0.16578950379665833,1.0,1.0,1.0,Model-matched,0
adult,logreg,linshap,470,0.10768444782619943,1.0,1.0,1.0,Model-matched,0
adult,logreg,linshap,471,0.015895822161199488,1.0,1.0,1.0,Model-matched,0
adult,logreg,linshap,472,0.12026949222104084,1.0,1.0,1.0,Model-matched,0
adult,logreg,linshap,473,0.041208788050317954,1.0,1.0,1.0,Model-matched,0
adult,logreg,linshap,474,0.31969001420667936,1.0,1.0,1.0,Model-matched,0
adult,logreg,linshap,475,0.08329444537047545,1.0,1.0,1.0,Model-matched,0
adult,logreg,linshap,476,0.02398063717272248,1.0,1.0,1.0,Model-matched,0
adult,logreg,linshap,477,0.010409567317042297,1.0,1.0,1.0,Model-matched,0
adult,logreg,linshap,478,0.023873414402619957,1.0,1.0,1.0,Model-matched,0
adult,logreg,linshap,479,0.15008453061798552,1.0,1.0,1.0,Model-matched,0
adult,logreg,linshap,480,0.21165472717337103,1.0,1.0,1.0,Model-matched,0
adult,logreg,linshap,481,0.002188459894606848,1.0,1.0,1.0,Model-matched,0
adult,logreg,linshap,482,0.05668211220385154,1.0,1.0,1.0,Model-matched,0
adult,logreg,linshap,483,0.02095612050922169,1.0,1.0,1.0,Model-matched,0
adult,logreg,linshap,484,0.055144706370037676,1.0,1.0,1.0,Model-matched,0
adult,logreg,linshap,485,0.3406081819820399,1.0,1.0,1.0,Model-matched,0
adult,logreg,linshap,486,0.001281622157857136,1.0,1.0,1.0,Model-matched,0
adult,logreg,linshap,487,0.04571511004843496,1.0,1.0,1.0,Model-matched,0
adult,logreg,linshap,488,0.05333175306432675,1.0,1.0,1.0,Model-matched,0
adult,logreg,linshap,489,0.10777362430891944,1.0,1.0,1.0,Model-matched,0
adult,logreg,linshap,490,0.08618146355290209,1.0,1.0,1.0,Model-matched,0
adult,logreg,linshap,491,0.022880788975359452,1.0,1.0,1.0,Model-matched,0
adult,logreg,linshap,492,0.04653893876297237,1.0,1.0,1.0,Model-matched,0
adult,logreg,linshap,493,0.043954397648334004,1.0,1.0,1.0,Model-matched,0
adult,logreg,linshap,494,0.05127768650208958,1.0,1.0,1.0,Model-matched,0
adult,logreg,linshap,495,0.19199264614039646,1.0,1.0,1.0,Model-matched,0
adult,logreg,linshap,496,0.017076509437120538,1.0,1.0,1.0,Model-matched,0
adult,logreg,linshap,497,0.02506987020598211,1.0,1.0,1.0,Model-matched,0
adult,logreg,linshap,498,0.0380247758168294,1.0,1.0,1.0,Model-matched,0
adult,logreg,linshap,499,0.05595388665751125,1.0,1.0,1.0,Model-matched,0
adult,logreg,lime,0,0.0516173006837424,0.72,0.74,0.7120000000000001,LIME,1
adult,logreg,lime,1,0.015483175622100932,0.72,0.7,0.7120000000000001,LIME,1
adult,logreg,lime,2,0.005848753475046433,0.6599999999999999,0.7,0.64,LIME,1
adult,logreg,lime,3,0.04359057894072134,0.66,0.66,0.6608695652173914,LIME,1
adult,logreg,lime,4,0.005872583841831636,0.72,0.8,0.768,LIME,1
adult,logreg,lime,5,0.0010084573227365997,0.7999999999999999,0.6799999999999999,0.792,LIME,1
adult,logreg,lime,6,0.0650269522811059,0.54,0.6,0.6559999999999999,LIME,1
adult,logreg,lime,7,0.0295381783500178,0.7399999999999999,0.74,0.7333333333333334,LIME,1
adult,logreg,lime,8,0.01440117414063573,0.6399999999999999,0.6599999999999999,0.632,LIME,1
adult,logreg,lime,9,0.03613205645295826,0.7199999999999999,0.72,0.7444444444444445,LIME,1
adult,logreg,lime,10,0.043442995515735536,0.76,0.8,0.7466666666666666,LIME,1
adult,logreg,lime,11,0.01453078235526422,0.6399999999999999,0.6599999999999999,0.64,LIME,1
adult,logreg,lime,12,0.042284586823703216,0.72,0.74,0.728,LIME,1
adult,logreg,lime,13,0.027252865734166333,0.7399999999999999,0.76,0.7391304347826086,LIME,1
adult,logreg,lime,14,0.06169687429632866,0.7799999999999999,0.78,0.7411764705882353,LIME,1
adult,logreg,lime,15,0.002998316410002648,0.82,0.76,0.76,LIME,0
adult,logreg,lime,16,0.0005826202508961589,0.5599999999999999,0.58,0.5920000000000001,LIME,1
adult,logreg,lime,17,0.012935835985140786,0.5999999999999999,0.6599999999999999,0.568,LIME,1
adult,logreg,lime,18,0.1168030359848216,0.6399999999999999,0.6,0.7040000000000001,LIME,1
adult,logreg,lime,19,0.011755423016653032,0.7,0.6599999999999999,0.584,LIME,1
adult,logreg,lime,20,0.059053399895805644,0.6200000000000001,0.74,0.64,LIME,1
adult,logreg,lime,21,0.0508999555682939,0.7,0.7,0.672,LIME,1
adult,logreg,lime,22,0.05552435329036842,0.6399999999999999,0.58,0.648,LIME,1
adult,logreg,lime,23,0.00011083583013053042,0.6799999999999999,0.74,0.664,LIME,1
adult,logreg,lime,24,0.055752161594915875,0.7599999999999999,0.76,0.696,LIME,1
adult,logreg,lime,25,0.07501232700399743,0.6599999999999999,0.6,0.672,LIME,1
adult,logreg,lime,26,0.08133264201101784,0.82,0.76,0.7416666666666667,LIME,0
adult,logreg,lime,27,0.026021382155193284,0.82,0.8,0.7040000000000001,LIME,0
adult,logreg,lime,28,0.06648267349407727,0.6399999999999999,0.6599999999999999,0.624,LIME,1
adult,logreg,lime,29,0.0396802320809923,0.7,0.6,0.7040000000000001,LIME,1
adult,logreg,lime,30,0.011088299321968706,0.72,0.74,0.7760000000000001,LIME,1
adult,logreg,lime,31,0.04806843815834959,0.6799999999999999,0.76,0.7120000000000001,LIME,1
adult,logreg,lime,32,0.047868090807785986,0.7799999999999999,0.74,0.736,LIME,1
adult,logreg,lime,33,0.022418940502303468,0.76,0.8,0.7666666666666667,LIME,1
adult,logreg,lime,34,0.11922017184883717,0.7,0.76,0.7760000000000001,LIME,1
adult,logreg,lime,35,0.000796367647408027,0.6799999999999999,0.72,0.7120000000000001,LIME,1
adult,logreg,lime,36,0.038380194857276215,0.6399999999999999,0.64,0.632,LIME,1
adult,logreg,lime,37,0.007188716703948541,0.82,0.74,0.7040000000000001,LIME,0
adult,logreg,lime,38,0.0019526245821556033,0.6999999999999998,0.74,0.6416666666666667,LIME,1
adult,logreg,lime,39,0.0034493241155951846,0.7599999999999999,0.76,0.752,LIME,1
adult,logreg,lime,40,0.056659046647088596,0.72,0.78,0.7391304347826086,LIME,1
adult,logreg,lime,41,0.01833540355181331,0.6799999999999999,0.72,0.7040000000000001,LIME,1
adult,logreg,lime,42,0.018226482384535087,0.6399999999999999,0.7,0.6588235294117648,LIME,1
adult,logreg,lime,43,0.010439661753213024,0.7799999999999999,0.72,0.648,LIME,1
adult,logreg,lime,44,0.012558083245753743,0.72,0.72,0.72,LIME,1
adult,logreg,lime,45,0.0362030767396153,0.7,0.7,0.728,LIME,1
adult,logreg,lime,46,0.008208659691990703,0.7599999999999999,0.76,0.752,LIME,1
adult,logreg,lime,47,0.008494331324506641,0.7599999999999999,0.6799999999999999,0.696,LIME,1
adult,logreg,lime,48,0.0037707292955059656,0.7,0.72,0.696,LIME,1
adult,logreg,lime,49,0.058744503682867766,0.78,0.76,0.7764705882352941,LIME,1
adult,logreg,lime,50,0.012737361223524027,0.6599999999999999,1.0,1.0,LIME,1
adult,logreg,lime,51,0.027858183788354533,0.7,1.0,1.0,LIME,1
adult,logreg,lime,52,0.02624411001890959,0.7,1.0,1.0,LIME,1
adult,logreg,lime,53,0.031777876015554506,0.6599999999999999,1.0,1.0,LIME,1
adult,logreg,lime,54,0.05140585111372428,0.7799999999999999,1.0,1.0,LIME,1
adult,logreg,lime,55,0.011141166655930271,0.72,1.0,1.0,LIME,1
adult,logreg,lime,56,0.010418602945547048,0.8400000000000001,1.0,1.0,LIME,0
adult,logreg,lime,57,0.000822905691080644,0.6200000000000001,1.0,1.0,LIME,1
adult,logreg,lime,58,0.04502116167976859,0.6599999999999999,1.0,1.0,LIME,1
adult,logreg,lime,59,0.07045732449815625,0.7599999999999999,1.0,1.0,LIME,1
adult,logreg,lime,60,0.008925855875758318,0.7,1.0,1.0,LIME,1
adult,logreg,lime,61,0.014531351415923394,0.6399999999999999,1.0,1.0,LIME,1
adult,logreg,lime,62,0.00010719581373317847,0.74,1.0,1.0,LIME,1
adult,logreg,lime,63,0.050837041175403296,0.7399999999999999,1.0,1.0,LIME,1
adult,logreg,lime,64,0.02871374174952938,0.72,1.0,1.0,LIME,1
adult,logreg,lime,65,0.01997712213362442,0.7999999999999999,1.0,1.0,LIME,1
adult,logreg,lime,66,0.06213685763623972,0.7799999999999999,1.0,1.0,LIME,1
adult,logreg,lime,67,0.036793736653697034,0.76,1.0,1.0,LIME,1
adult,logreg,lime,68,0.0003114564489191797,0.7599999999999999,1.0,1.0,LIME,1
adult,logreg,lime,69,0.004235691787450495,0.6599999999999999,1.0,1.0,LIME,1
adult,logreg,lime,70,0.03102698093113104,0.7199999999999999,1.0,1.0,LIME,1
adult,logreg,lime,71,0.02051753788201244,0.7799999999999999,1.0,1.0,LIME,1
adult,logreg,lime,72,0.03255309048329887,0.6799999999999999,1.0,1.0,LIME,1
adult,logreg,lime,73,0.02262726447361544,0.72,1.0,1.0,LIME,1
adult,logreg,lime,74,0.03766195524264987,0.7999999999999999,1.0,1.0,LIME,1
adult,logreg,lime,75,0.01837883471215662,0.7,1.0,1.0,LIME,1
adult,logreg,lime,76,0.08996209507941968,0.76,1.0,1.0,LIME,1
adult,logreg,lime,77,0.008563363549191709,0.7599999999999999,1.0,1.0,LIME,1
adult,logreg,lime,78,0.0072264558997127215,0.72,1.0,1.0,LIME,1
adult,logreg,lime,79,0.006296306923426094,0.6599999999999999,1.0,1.0,LIME,1
adult,logreg,lime,80,0.06106551106400936,0.7399999999999999,1.0,1.0,LIME,1
adult,logreg,lime,81,0.00948762133836628,0.76,1.0,1.0,LIME,1
adult,logreg,lime,82,0.002733895782707842,0.7,1.0,1.0,LIME,1
adult,logreg,lime,83,0.04523384676834443,0.7599999999999999,1.0,1.0,LIME,1
adult,logreg,lime,84,0.03181180103604162,0.6599999999999999,1.0,1.0,LIME,1
adult,logreg,lime,85,0.05738140244907992,0.8399999999999999,1.0,1.0,LIME,0
adult,logreg,lime,86,0.05049687287212468,0.7799999999999999,1.0,1.0,LIME,1
adult,logreg,lime,87,0.019224910054087684,0.7599999999999999,1.0,1.0,LIME,1
adult,logreg,lime,88,0.014321707507046278,0.7799999999999999,1.0,1.0,LIME,1
adult,logreg,lime,89,0.012359139682089855,0.6799999999999999,1.0,1.0,LIME,1
adult,logreg,lime,90,0.02274475532891456,0.7599999999999999,1.0,1.0,LIME,1
adult,logreg,lime,91,0.03641084215866656,0.7999999999999999,1.0,1.0,LIME,1
adult,logreg,lime,92,0.026833207505710804,0.6799999999999999,1.0,1.0,LIME,1
adult,logreg,lime,93,0.021182987996655828,0.78,1.0,1.0,LIME,1
adult,logreg,lime,94,0.022143934864084214,0.72,1.0,1.0,LIME,1
adult,logreg,lime,95,0.02536221032720576,0.6799999999999999,1.0,1.0,LIME,1
adult,logreg,lime,96,0.13408566282761716,0.78,1.0,1.0,LIME,1
adult,logreg,lime,97,0.02655632796538699,0.7799999999999999,1.0,1.0,LIME,1
adult,logreg,lime,98,0.016403629831531166,0.6799999999999999,1.0,1.0,LIME,1
adult,logreg,lime,99,0.014746300849656538,0.7,1.0,1.0,LIME,1
adult,rf,treeshap,0,0.0004145497562355417,0.92,1.0,0.872,Model-matched,0
adult,rf,treeshap,1,0.022373451739618553,0.8799999999999999,1.0,0.9520000000000001,Model-matched,0
adult,rf,treeshap,2,0.08565675905066189,1.0,1.0,0.8960000000000001,Model-matched,0
adult,rf,treeshap,3,0.002591717976834665,0.92,1.0,0.9411764705882353,Model-matched,0
adult,rf,treeshap,4,0.05419884282806072,0.9200000000000002,1.0,0.9520000000000001,Model-matched,0
adult,rf,treeshap,5,0.13519938143621227,1.0,1.0,0.9440000000000001,Model-matched,0
adult,rf,treeshap,6,0.021877276845575094,0.92,1.0,0.88,Model-matched,0
adult,rf,treeshap,7,0.05436794871862568,0.8800000000000001,1.0,0.9555555555555555,Model-matched,0
adult,rf,treeshap,8,0.020879879327437432,1.0,1.0,0.92,Model-matched,0
adult,rf,treeshap,9,0.008574579815039679,0.92,1.0,0.9545454545454546,Model-matched,0
adult,rf,treeshap,10,0.15267002911644945,1.0,1.0,0.9739130434782608,Model-matched,0
adult,rf,treeshap,11,0.025192361362698604,0.8800000000000001,1.0,0.9840000000000001,Model-matched,0
adult,rf,treeshap,12,0.028255496249843005,0.8799999999999999,1.0,0.912,Model-matched,0
adult,rf,treeshap,13,0.044369330412379844,0.8800000000000001,1.0,0.888,Model-matched,0
adult,rf,treeshap,14,0.22821187269572762,1.0,1.0,0.9500000000000001,Model-matched,0
adult,rf,treeshap,15,0.20272247517183112,0.8799999999999999,1.0,0.904,Model-matched,0
adult,rf,treeshap,16,0.08229906705974477,1.0,1.0,0.96,Model-matched,0
adult,rf,treeshap,17,0.11780781043534254,1.0,1.0,0.96,Model-matched,0
adult,rf,treeshap,18,0.006469808440432483,0.92,1.0,0.9279999999999999,Model-matched,0
adult,rf,treeshap,19,0.04208287031559064,0.8799999999999999,1.0,0.9279999999999999,Model-matched,0
adult,rf,treeshap,20,0.018220194791720847,1.0,1.0,0.968,Model-matched,0
adult,rf,treeshap,21,0.02357576133275818,1.0,1.0,0.912,Model-matched,0
adult,rf,treeshap,22,0.10646722119162805,1.0,1.0,0.904,Model-matched,0
adult,rf,treeshap,23,0.11319041926729353,1.0,1.0,0.96,Model-matched,0
adult,rf,treeshap,24,0.0248970622272804,1.0,1.0,0.9520000000000001,Model-matched,0
adult,rf,treeshap,25,0.03673164764592873,1.0,1.0,0.96,Model-matched,0
adult,rf,treeshap,26,0.011797253084541872,0.7999999999999999,1.0,0.9279999999999999,Model-matched,1
adult,rf,treeshap,27,0.10492880179578244,1.0,1.0,0.9359999999999999,Model-matched,0
adult,rf,treeshap,28,0.0015209595833463572,0.7999999999999999,1.0,0.8079999999999999,Model-matched,1
adult,rf,treeshap,29,0.00445815605867131,1.0,1.0,0.8640000000000001,Model-matched,0
adult,rf,treeshap,30,0.11950389353756526,1.0,1.0,0.9520000000000001,Model-matched,0
adult,rf,treeshap,31,0.2146130964213461,1.0,1.0,0.9279999999999999,Model-matched,0
adult,rf,treeshap,32,0.10122150050359867,0.8800000000000001,1.0,0.9520000000000001,Model-matched,0
adult,rf,treeshap,33,0.027027657678071127,1.0,1.0,0.9368421052631579,Model-matched,0
adult,rf,treeshap,34,0.07529294444650127,0.92,1.0,0.9440000000000001,Model-matched,0
adult,rf,treeshap,35,0.004910611913141786,0.86,1.0,0.92,Model-matched,0
adult,rf,treeshap,36,0.1989380397498487,1.0,1.0,0.9440000000000001,Model-matched,0
adult,rf,treeshap,37,0.029946695358026014,1.0,1.0,0.9279999999999999,Model-matched,0
adult,rf,treeshap,38,0.0030518178179541576,0.7999999999999999,1.0,0.8833333333333333,Model-matched,1
adult,rf,treeshap,39,0.04157373283849569,0.8800000000000001,1.0,0.992,Model-matched,0
adult,rf,treeshap,40,0.0348761286893877,0.92,1.0,0.904,Model-matched,0
adult,rf,treeshap,41,0.029893449983049648,1.0,1.0,0.9440000000000001,Model-matched,0
adult,rf,treeshap,42,0.11901641733511453,1.0,1.0,0.976,Model-matched,0
adult,rf,treeshap,43,0.06336668893211914,1.0,1.0,0.8640000000000001,Model-matched,0
adult,rf,treeshap,44,0.09220212967051153,1.0,1.0,0.9520000000000001,Model-matched,0
adult,rf,treeshap,45,0.03276819912085242,1.0,1.0,0.992,Model-matched,0
adult,rf,treeshap,46,0.06292456796159177,1.0,1.0,0.9520000000000001,Model-matched,0
adult,rf,treeshap,47,0.043630088704489416,0.92,1.0,0.9279999999999999,Model-matched,0
adult,rf,treeshap,48,0.13842603839231932,0.92,1.0,0.96,Model-matched,0
adult,rf,treeshap,49,0.004202414025276378,0.8800000000000001,1.0,0.9440000000000001,Model-matched,0
adult,rf,treeshap,50,0.012897756440901137,0.8400000000000001,1.0,0.888,Model-matched,0
adult,rf,treeshap,51,0.050061826446597096,1.0,1.0,0.8959999999999999,Model-matched,0
adult,rf,treeshap,52,0.011580661420026972,0.86,1.0,0.9440000000000001,Model-matched,0
adult,rf,treeshap,53,0.034000374139054004,1.0,1.0,0.912,Model-matched,0
adult,rf,treeshap,54,0.03784989538591298,1.0,1.0,0.9520000000000001,Model-matched,0
adult,rf,treeshap,55,0.18670679301170567,1.0,1.0,0.9840000000000001,Model-matched,0
adult,rf,treeshap,56,0.04629051246789758,0.92,1.0,0.9359999999999999,Model-matched,0
adult,rf,treeshap,57,0.025447903793209478,0.8799999999999999,1.0,0.8960000000000001,Model-matched,0
adult,rf,treeshap,58,0.054880545079666776,0.8799999999999999,1.0,1.0,Model-matched,0
adult,rf,treeshap,59,0.10334334888349908,1.0,1.0,1.0,Model-matched,0
adult,rf,treeshap,60,0.019501512155458943,0.92,1.0,0.92,Model-matched,0
adult,rf,treeshap,61,0.022888819967837277,0.8800000000000001,1.0,0.9840000000000001,Model-matched,0
adult,rf,treeshap,62,0.05382342408780674,0.92,1.0,0.9052631578947368,Model-matched,0
adult,rf,treeshap,63,0.10842989571515507,1.0,1.0,0.9520000000000001,Model-matched,0
adult,rf,treeshap,64,0.03835350812003666,0.86,1.0,0.84,Model-matched,0
adult,rf,treeshap,65,0.0011040113914742278,0.9200000000000002,1.0,0.904,Model-matched,0
adult,rf,treeshap,66,0.006242260879119926,0.7999999999999999,1.0,0.8640000000000001,Model-matched,1
adult,rf,treeshap,67,0.0167622985040685,0.8799999999999999,1.0,0.976,Model-matched,0
adult,rf,treeshap,68,0.059031880043703376,0.9200000000000002,1.0,0.8959999999999999,Model-matched,0
adult,rf,treeshap,69,0.17774045660989135,1.0,1.0,0.9840000000000001,Model-matched,0
adult,rf,treeshap,70,0.04302266989277853,0.92,1.0,0.96,Model-matched,0
adult,rf,treeshap,71,0.05610695195661314,1.0,1.0,0.9440000000000001,Model-matched,0
adult,rf,treeshap,72,0.09205482542069375,0.92,1.0,0.92,Model-matched,0
adult,rf,treeshap,73,0.05364627134525224,1.0,1.0,0.92,Model-matched,0
adult,rf,treeshap,74,0.02778230545018967,0.86,1.0,0.968,Model-matched,0
adult,rf,treeshap,75,0.005382375721037878,0.8399999999999999,1.0,0.8320000000000001,Model-matched,0
adult,rf,treeshap,76,0.058883262373983974,0.8799999999999999,1.0,0.9359999999999999,Model-matched,0
adult,rf,treeshap,77,0.18802684628981958,1.0,1.0,1.0,Model-matched,0
adult,rf,treeshap,78,0.1554320672922739,0.9200000000000002,1.0,0.96,Model-matched,0
adult,rf,treeshap,79,0.006645079983702524,1.0,1.0,0.88,Model-matched,0
adult,rf,treeshap,80,0.009374219931492631,0.7999999999999999,1.0,0.96,Model-matched,1
adult,rf,treeshap,81,0.11807093750260911,1.0,1.0,1.0,Model-matched,0
adult,rf,treeshap,82,0.008024074882294913,0.92,1.0,0.8960000000000001,Model-matched,0
adult,rf,treeshap,83,0.03985742288129829,0.92,1.0,0.88,Model-matched,0
adult,rf,treeshap,84,0.029249080975649818,0.92,1.0,0.8959999999999999,Model-matched,0
adult,rf,treeshap,85,0.01175118427856124,0.92,1.0,0.904,Model-matched,0
adult,rf,treeshap,86,0.12153981312825692,1.0,1.0,0.9520000000000001,Model-matched,0
adult,rf,treeshap,87,0.03371230307285612,0.92,1.0,0.8240000000000001,Model-matched,0
adult,rf,treeshap,88,0.048037873072296115,0.86,1.0,0.9142857142857143,Model-matched,0
adult,rf,treeshap,89,0.05829980558191096,1.0,1.0,0.904,Model-matched,0
adult,rf,treeshap,90,0.08992794168478936,0.92,1.0,0.9440000000000001,Model-matched,0
adult,rf,treeshap,91,0.11103217471529836,0.92,1.0,0.96,Model-matched,0
adult,rf,treeshap,92,0.09379383955347131,0.92,1.0,0.9279999999999999,Model-matched,0
adult,rf,treeshap,93,0.015217191119557605,0.8800000000000001,1.0,0.992,Model-matched,0
adult,rf,treeshap,94,0.04449803305641757,0.8799999999999999,1.0,0.9840000000000001,Model-matched,0
adult,rf,treeshap,95,0.05886722078241704,0.9200000000000002,1.0,0.904,Model-matched,0
adult,rf,treeshap,96,0.007050093518117665,0.8400000000000001,1.0,0.92,Model-matched,0
adult,rf,treeshap,97,0.004029767135243409,1.0,1.0,0.888,Model-matched,0
adult,rf,treeshap,98,0.021173085801902265,0.8799999999999999,1.0,0.975,Model-matched,0
adult,rf,treeshap,99,0.005970399417140395,0.92,1.0,0.9279999999999999,Model-matched,0
adult,rf,treeshap,100,0.23434624115673514,0.9200000000000002,1.0,0.9090909090909091,Model-matched,0
adult,rf,treeshap,101,0.04011038925324474,0.8800000000000001,1.0,0.9279999999999999,Model-matched,0
adult,rf,treeshap,102,0.047558039059290506,0.92,1.0,0.912,Model-matched,0
adult,rf,treeshap,103,0.009193944159321017,0.8799999999999999,1.0,0.9840000000000001,Model-matched,0
adult,rf,treeshap,104,0.09898728738450457,1.0,1.0,0.968,Model-matched,0
adult,rf,treeshap,105,0.0258962070663617,0.8799999999999999,1.0,0.8959999999999999,Model-matched,0
adult,rf,treeshap,106,0.22707515099493586,1.0,1.0,0.92,Model-matched,0
adult,rf,treeshap,107,0.061111652879314554,0.92,1.0,0.9440000000000001,Model-matched,0
adult,rf,treeshap,108,0.04845308519662799,1.0,1.0,0.9249999999999999,Model-matched,0
adult,rf,treeshap,109,0.20523256637546927,1.0,1.0,0.8666666666666666,Model-matched,0
adult,rf,treeshap,110,0.03946249130244963,0.8800000000000001,1.0,0.9217391304347826,Model-matched,0
adult,rf,treeshap,111,0.006918428775597409,0.8800000000000001,1.0,0.904,Model-matched,0
adult,rf,treeshap,112,0.016575280038722922,0.92,1.0,0.9359999999999999,Model-matched,0
adult,rf,treeshap,113,0.020695820909544804,0.8799999999999999,1.0,0.92,Model-matched,0
adult,rf,treeshap,114,0.06138421393871971,0.9200000000000002,1.0,0.92,Model-matched,0
adult,rf,treeshap,115,0.025116316521939068,0.8800000000000001,1.0,0.9440000000000001,Model-matched,0
adult,rf,treeshap,116,0.19202644662927715,0.92,1.0,0.912,Model-matched,0
adult,rf,treeshap,117,0.12493485799694551,1.0,1.0,0.968,Model-matched,0
adult,rf,treeshap,118,0.08675927016978761,1.0,1.0,0.968,Model-matched,0
adult,rf,treeshap,119,0.022120475029710658,1.0,1.0,0.8959999999999999,Model-matched,0
adult,rf,treeshap,120,0.021796857589215485,0.8799999999999999,1.0,0.96,Model-matched,0
adult,rf,treeshap,121,0.061827071617502935,1.0,1.0,0.96,Model-matched,0
adult,rf,treeshap,122,0.26516235336006083,1.0,1.0,0.96,Model-matched,0
adult,rf,treeshap,123,0.047494725974333366,0.92,1.0,0.968,Model-matched,0
adult,rf,treeshap,124,0.0373585797018317,0.92,1.0,0.84,Model-matched,0
adult,rf,treeshap,125,0.0706774478931724,0.9200000000000002,1.0,0.912,Model-matched,0
adult,rf,treeshap,126,0.07970495836219406,1.0,1.0,0.912,Model-matched,0
adult,rf,treeshap,127,0.01774356972712647,0.92,1.0,0.96,Model-matched,0
adult,rf,treeshap,128,0.020274869054802996,0.92,1.0,0.888,Model-matched,0
adult,rf,treeshap,129,0.13601033849643662,0.92,1.0,0.9520000000000001,Model-matched,0
adult,rf,treeshap,130,0.1408693956035878,0.9200000000000002,1.0,0.992,Model-matched,0
adult,rf,treeshap,131,0.16475773117457085,1.0,1.0,0.9840000000000001,Model-matched,0
adult,rf,treeshap,132,0.029737785009927922,1.0,1.0,0.96,Model-matched,0
adult,rf,treeshap,133,0.09223625030768198,0.8800000000000001,1.0,0.8560000000000001,Model-matched,0
adult,rf,treeshap,134,0.0007008384328996201,0.7799999999999999,1.0,0.9279999999999999,Model-matched,1
adult,rf,treeshap,135,0.004376363041114901,0.8400000000000001,1.0,0.8240000000000001,Model-matched,0
adult,rf,treeshap,136,0.022518578504917303,0.86,1.0,0.848,Model-matched,0
adult,rf,treeshap,137,0.01621354235391131,0.8400000000000001,1.0,0.968,Model-matched,0
adult,rf,treeshap,138,0.04186023979752282,0.8800000000000001,1.0,0.9840000000000001,Model-matched,0
adult,rf,treeshap,139,0.006364828513042168,0.7599999999999999,1.0,0.8240000000000001,Model-matched,1
adult,rf,treeshap,140,0.0234235341144854,1.0,1.0,0.912,Model-matched,0
adult,rf,treeshap,141,0.0024922196695286274,0.8800000000000001,1.0,0.9359999999999999,Model-matched,0
adult,rf,treeshap,142,0.016882282697767887,0.92,1.0,0.888,Model-matched,0
adult,rf,treeshap,143,0.17713877566777755,1.0,1.0,1.0,Model-matched,0
adult,rf,treeshap,144,0.1029384280572202,1.0,1.0,0.9440000000000001,Model-matched,0
adult,rf,treeshap,145,0.13591959656208985,0.92,1.0,0.9440000000000001,Model-matched,0
adult,rf,treeshap,146,0.06268445806882698,0.92,1.0,0.9279999999999999,Model-matched,0
adult,rf,treeshap,147,0.15402813163264262,1.0,1.0,0.968,Model-matched,0
adult,rf,treeshap,148,0.02111554674073758,1.0,1.0,0.88,Model-matched,0
adult,rf,treeshap,149,0.15821896454868423,1.0,1.0,0.96,Model-matched,0
adult,rf,treeshap,150,0.2073174330141792,1.0,1.0,1.0,Model-matched,0
adult,rf,treeshap,151,0.029517810878737418,0.8800000000000001,1.0,0.904,Model-matched,0
adult,rf,treeshap,152,0.010099551979841227,0.8799999999999999,1.0,0.992,Model-matched,0
adult,rf,treeshap,153,0.070900556278755,0.92,1.0,0.9800000000000001,Model-matched,0
adult,rf,treeshap,154,0.03669705437047667,0.92,1.0,0.9440000000000001,Model-matched,0
adult,rf,treeshap,155,0.014243236980638075,0.86,1.0,0.904,Model-matched,0
adult,rf,treeshap,156,0.015285931665793166,1.0,1.0,0.9440000000000001,Model-matched,0
adult,rf,treeshap,157,0.009364375650661007,0.8799999999999999,1.0,0.9359999999999999,Model-matched,0
adult,rf,treeshap,158,0.04212186319196687,0.9200000000000002,1.0,0.8080000000000002,Model-matched,0
adult,rf,treeshap,159,0.023437006375877784,0.8799999999999999,1.0,0.9840000000000001,Model-matched,0
adult,rf,treeshap,160,0.00433561405430189,0.8799999999999999,1.0,0.92,Model-matched,0
adult,rf,treeshap,161,0.016812938112192304,0.8799999999999999,1.0,0.8777777777777778,Model-matched,0
adult,rf,treeshap,162,0.04766988811742165,0.86,1.0,0.888,Model-matched,0
adult,rf,treeshap,163,0.007541008298268145,0.86,1.0,0.9359999999999999,Model-matched,0
adult,rf,treeshap,164,0.05022063299595611,1.0,1.0,0.88,Model-matched,0
adult,rf,treeshap,165,0.04063874947735967,0.92,1.0,0.9279999999999999,Model-matched,0
adult,rf,treeshap,166,0.015156801290871616,1.0,1.0,0.92,Model-matched,0
adult,rf,treeshap,167,0.08788424671684686,0.8799999999999999,1.0,0.9440000000000001,Model-matched,0
adult,rf,treeshap,168,0.03233077857274395,0.92,1.0,0.8960000000000001,Model-matched,0
adult,rf,treeshap,169,0.07717752271912999,0.8400000000000001,1.0,0.88,Model-matched,0
adult,rf,treeshap,170,0.01925440862268651,1.0,1.0,0.968,Model-matched,0
adult,rf,treeshap,171,0.23302044091205984,1.0,1.0,0.968,Model-matched,0
adult,rf,treeshap,172,0.057952219364468635,1.0,1.0,0.8714285714285716,Model-matched,0
adult,rf,treeshap,173,0.029065637962128476,0.92,1.0,0.96,Model-matched,0
adult,rf,treeshap,174,0.025922095994338316,0.8800000000000001,1.0,0.8923076923076922,Model-matched,0
adult,rf,treeshap,175,0.08752920929143455,0.8800000000000001,1.0,0.9440000000000001,Model-matched,0
adult,rf,treeshap,176,0.025777450443033492,1.0,1.0,0.9840000000000001,Model-matched,0
adult,rf,treeshap,177,0.05963060202965116,1.0,1.0,0.9840000000000001,Model-matched,0
adult,rf,treeshap,178,0.0550482277265778,0.9200000000000002,1.0,0.9279999999999999,Model-matched,0
adult,rf,treeshap,179,0.21803866553520382,1.0,1.0,0.92,Model-matched,0
adult,rf,treeshap,180,0.1595501095625426,1.0,1.0,0.96,Model-matched,0
adult,rf,treeshap,181,0.046804117763291346,0.8800000000000001,1.0,0.96,Model-matched,0
adult,rf,treeshap,182,0.033117510248490876,0.8799999999999999,1.0,0.925,Model-matched,0
adult,rf,treeshap,183,0.014388683402692113,0.92,1.0,0.9666666666666667,Model-matched,0
adult,rf,treeshap,184,0.1844422496079365,0.8799999999999999,1.0,0.9359999999999999,Model-matched,0
adult,rf,treeshap,185,0.013432608516558623,0.8399999999999999,1.0,0.872,Model-matched,0
adult,rf,treeshap,186,0.033195409069735594,0.8799999999999999,1.0,0.8560000000000001,Model-matched,0
adult,rf,treeshap,187,0.056226622740973446,0.7799999999999999,1.0,0.8777777777777778,Model-matched,1
adult,rf,treeshap,188,0.05987455753432355,0.9200000000000002,1.0,0.88,Model-matched,0
adult,rf,treeshap,189,0.03442028100556301,0.8799999999999999,1.0,0.8560000000000001,Model-matched,0
adult,rf,treeshap,190,0.09358419913031227,0.86,1.0,0.888,Model-matched,0
adult,rf,treeshap,191,0.2605746308552006,1.0,1.0,1.0,Model-matched,0
adult,rf,treeshap,192,0.022922966151654366,0.7999999999999999,1.0,0.84,Model-matched,1
adult,rf,treeshap,193,0.09905913689649232,1.0,1.0,0.9440000000000001,Model-matched,0
adult,rf,treeshap,194,0.020966548615612826,0.8400000000000001,1.0,0.8640000000000001,Model-matched,0
adult,rf,treeshap,195,0.02026418555259989,0.92,1.0,0.9440000000000001,Model-matched,0
adult,rf,treeshap,196,0.06821124684876402,1.0,1.0,0.9359999999999999,Model-matched,0
adult,rf,treeshap,197,0.10022232023660867,0.92,1.0,0.9440000000000001,Model-matched,0
adult,rf,treeshap,198,0.047213669622263754,0.86,1.0,0.912,Model-matched,0
adult,rf,treeshap,199,0.254884226089472,1.0,1.0,0.976,Model-matched,0
adult,rf,treeshap,200,0.011398603517187264,0.92,1.0,1.0,Model-matched,0
adult,rf,treeshap,201,0.012567160008788263,0.92,1.0,1.0,Model-matched,0
adult,rf,treeshap,202,0.1814466854355235,1.0,1.0,1.0,Model-matched,0
adult,rf,treeshap,203,0.08897733880098264,1.0,1.0,1.0,Model-matched,0
adult,rf,treeshap,204,0.00849641535913728,1.0,1.0,1.0,Model-matched,0
adult,rf,treeshap,205,0.0037276242024967764,0.92,1.0,1.0,Model-matched,0
adult,rf,treeshap,206,0.021751555349968855,0.8400000000000001,1.0,1.0,Model-matched,0
adult,rf,treeshap,207,0.08854473493772547,1.0,1.0,1.0,Model-matched,0
adult,rf,treeshap,208,0.061584265775451875,1.0,1.0,1.0,Model-matched,0
adult,rf,treeshap,209,0.099967012401958,1.0,1.0,1.0,Model-matched,0
adult,rf,treeshap,210,0.05668311387774264,1.0,1.0,1.0,Model-matched,0
adult,rf,treeshap,211,0.0850523323067767,1.0,1.0,1.0,Model-matched,0
adult,rf,treeshap,212,0.0985148527830867,0.8799999999999999,1.0,1.0,Model-matched,0
adult,rf,treeshap,213,0.011698888854238056,0.8400000000000001,1.0,1.0,Model-matched,0
adult,rf,treeshap,214,0.020108718210354523,0.8799999999999999,1.0,1.0,Model-matched,0
adult,rf,treeshap,215,0.01390530398866438,0.86,1.0,1.0,Model-matched,0
adult,rf,treeshap,216,0.292042744405036,1.0,1.0,1.0,Model-matched,0
adult,rf,treeshap,217,0.011531415214516715,0.86,1.0,1.0,Model-matched,0
adult,rf,treeshap,218,0.08921193630761999,1.0,1.0,1.0,Model-matched,0
adult,rf,treeshap,219,0.07067446452944745,1.0,1.0,1.0,Model-matched,0
adult,rf,treeshap,220,0.10843500384550721,1.0,1.0,1.0,Model-matched,0
adult,rf,treeshap,221,0.07460900675867331,0.8400000000000001,1.0,1.0,Model-matched,0
adult,rf,treeshap,222,0.007635780047460649,0.7999999999999999,1.0,1.0,Model-matched,1
adult,rf,treeshap,223,0.04802441945465492,0.8400000000000001,1.0,1.0,Model-matched,0
adult,rf,treeshap,224,0.01578836382698471,0.8399999999999999,1.0,1.0,Model-matched,0
adult,rf,treeshap,225,0.041594952906476086,0.92,1.0,1.0,Model-matched,0
adult,rf,treeshap,226,0.02796698250629079,1.0,1.0,1.0,Model-matched,0
adult,rf,treeshap,227,0.2024794046247299,0.92,1.0,1.0,Model-matched,0
adult,rf,treeshap,228,0.04299122421423292,0.8800000000000001,1.0,1.0,Model-matched,0
adult,rf,treeshap,229,0.10858722053027461,1.0,1.0,1.0,Model-matched,0
adult,rf,treeshap,230,0.02920494441131493,0.86,1.0,1.0,Model-matched,0
adult,rf,treeshap,231,0.0005034381548909672,0.86,1.0,1.0,Model-matched,0
adult,rf,treeshap,232,0.2496503859055201,1.0,1.0,1.0,Model-matched,0
adult,rf,treeshap,233,0.020750216233296582,0.8800000000000001,1.0,1.0,Model-matched,0
adult,rf,treeshap,234,0.039047704246840294,0.92,1.0,1.0,Model-matched,0
adult,rf,treeshap,235,0.012957406138231266,0.92,1.0,1.0,Model-matched,0
adult,rf,treeshap,236,0.0043151116572917566,1.0,1.0,1.0,Model-matched,0
adult,rf,treeshap,237,0.019447062243680906,0.92,1.0,1.0,Model-matched,0
adult,rf,treeshap,238,0.03802670550718596,0.92,1.0,1.0,Model-matched,0
adult,rf,treeshap,239,0.09715824197047421,1.0,1.0,1.0,Model-matched,0
adult,rf,treeshap,240,0.005559467918496532,0.92,1.0,1.0,Model-matched,0
adult,rf,treeshap,241,0.005928386515590042,0.8800000000000001,1.0,1.0,Model-matched,0
adult,rf,treeshap,242,0.0056600500195400525,0.7799999999999999,1.0,1.0,Model-matched,1
adult,rf,treeshap,243,0.02466060581913439,0.7999999999999999,1.0,1.0,Model-matched,1
adult,rf,treeshap,244,0.014422972434448877,1.0,1.0,1.0,Model-matched,0
adult,rf,treeshap,245,0.03306059460817966,1.0,1.0,1.0,Model-matched,0
adult,rf,treeshap,246,0.01053609993337268,1.0,1.0,1.0,Model-matched,0
adult,rf,treeshap,247,0.2072517223441462,1.0,1.0,1.0,Model-matched,0
adult,rf,treeshap,248,0.014064318155695654,0.86,1.0,1.0,Model-matched,0
adult,rf,treeshap,249,0.055979959936002126,1.0,1.0,1.0,Model-matched,0
adult,rf,treeshap,250,0.06578169865299036,0.92,1.0,1.0,Model-matched,0
adult,rf,treeshap,251,0.0009762179747212976,0.86,1.0,1.0,Model-matched,0
adult,rf,treeshap,252,0.09037777740079689,0.92,1.0,1.0,Model-matched,0
adult,rf,treeshap,253,0.18051003379470792,1.0,1.0,1.0,Model-matched,0
adult,rf,treeshap,254,0.20780735294262492,1.0,1.0,1.0,Model-matched,0
adult,rf,treeshap,255,0.03757581283131031,1.0,1.0,1.0,Model-matched,0
adult,rf,treeshap,256,0.04673362050835838,0.92,1.0,1.0,Model-matched,0
adult,rf,treeshap,257,0.18468084952519337,1.0,1.0,1.0,Model-matched,0
adult,rf,treeshap,258,0.006878570723544131,0.86,1.0,1.0,Model-matched,0
adult,rf,treeshap,259,0.13129714602511705,1.0,1.0,1.0,Model-matched,0
adult,rf,treeshap,260,0.041383231016004836,1.0,1.0,1.0,Model-matched,0
adult,rf,treeshap,261,0.003163052530353098,0.86,1.0,1.0,Model-matched,0
adult,rf,treeshap,262,0.05809305763372837,1.0,1.0,1.0,Model-matched,0
adult,rf,treeshap,263,0.2856969058209754,1.0,1.0,1.0,Model-matched,0
adult,rf,treeshap,264,0.12989095754614308,0.92,1.0,1.0,Model-matched,0
adult,rf,treeshap,265,0.05927655283234453,1.0,1.0,1.0,Model-matched,0
adult,rf,treeshap,266,0.05144148153917647,1.0,1.0,1.0,Model-matched,0
adult,rf,treeshap,267,0.030562662739642827,1.0,1.0,1.0,Model-matched,0
adult,rf,treeshap,268,0.018114076812448823,0.8400000000000001,1.0,1.0,Model-matched,0
adult,rf,treeshap,269,0.06407779544929938,0.92,1.0,1.0,Model-matched,0
adult,rf,treeshap,270,0.289416516987287,1.0,1.0,1.0,Model-matched,0
adult,rf,treeshap,271,0.010830513463825261,0.92,1.0,1.0,Model-matched,0
adult,rf,treeshap,272,0.031992997935375585,0.8800000000000001,1.0,1.0,Model-matched,0
adult,rf,treeshap,273,0.012671166625112756,0.9200000000000002,1.0,1.0,Model-matched,0
adult,rf,treeshap,274,0.016945531868082602,0.86,1.0,1.0,Model-matched,0
adult,rf,treeshap,275,0.10984760272411462,1.0,1.0,1.0,Model-matched,0
adult,rf,treeshap,276,0.001706963781707642,0.86,1.0,1.0,Model-matched,0
adult,rf,treeshap,277,0.021883027693627113,0.8799999999999999,1.0,1.0,Model-matched,0
adult,rf,treeshap,278,0.06483386283141018,1.0,1.0,1.0,Model-matched,0
adult,rf,treeshap,279,0.07272397834717068,0.92,1.0,1.0,Model-matched,0
adult,rf,treeshap,280,0.017212202218348984,0.92,1.0,1.0,Model-matched,0
adult,rf,treeshap,281,0.06325644133091647,1.0,1.0,1.0,Model-matched,0
adult,rf,treeshap,282,0.06432541521835214,1.0,1.0,1.0,Model-matched,0
adult,rf,treeshap,283,0.0067479387538650374,0.92,1.0,1.0,Model-matched,0
adult,rf,treeshap,284,0.06516476939821682,1.0,1.0,1.0,Model-matched,0
adult,rf,treeshap,285,0.08340240172887911,1.0,1.0,1.0,Model-matched,0
adult,rf,treeshap,286,0.19413537349065285,0.8799999999999999,1.0,1.0,Model-matched,0
adult,rf,treeshap,287,0.02659672857422483,0.92,1.0,1.0,Model-matched,0
adult,rf,treeshap,288,0.0007938887978134408,0.92,1.0,1.0,Model-matched,0
adult,rf,treeshap,289,0.09360611149300486,1.0,1.0,1.0,Model-matched,0
adult,rf,treeshap,290,0.21820728585289564,0.8799999999999999,1.0,1.0,Model-matched,0
adult,rf,treeshap,291,0.12230001262035402,1.0,1.0,1.0,Model-matched,0
adult,rf,treeshap,292,0.07998122811037264,0.8799999999999999,1.0,1.0,Model-matched,0
adult,rf,treeshap,293,0.29620240711231266,1.0,1.0,1.0,Model-matched,0
adult,rf,treeshap,294,0.15831938148644442,0.92,1.0,1.0,Model-matched,0
adult,rf,treeshap,295,0.011797618125319122,1.0,1.0,1.0,Model-matched,0
adult,rf,treeshap,296,0.11839370353515871,0.92,1.0,1.0,Model-matched,0
adult,rf,treeshap,297,0.03511547343285466,1.0,1.0,1.0,Model-matched,0
adult,rf,treeshap,298,0.15021906193714984,1.0,1.0,1.0,Model-matched,0
adult,rf,treeshap,299,0.01192004282659844,0.8800000000000001,1.0,1.0,Model-matched,0
adult,rf,treeshap,300,0.3835248369380691,1.0,1.0,1.0,Model-matched,0
adult,rf,treeshap,301,0.06892060857663374,1.0,1.0,1.0,Model-matched,0
adult,rf,treeshap,302,0.0004272860452347298,0.8800000000000001,1.0,1.0,Model-matched,0
adult,rf,treeshap,303,0.010284378382379365,0.8400000000000001,1.0,1.0,Model-matched,0
adult,rf,treeshap,304,0.05200077127741932,0.8799999999999999,1.0,1.0,Model-matched,0
adult,rf,treeshap,305,0.12754573652880943,1.0,1.0,1.0,Model-matched,0
adult,rf,treeshap,306,0.05636695563793194,1.0,1.0,1.0,Model-matched,0
adult,rf,treeshap,307,0.00960198467406964,0.92,1.0,1.0,Model-matched,0
adult,rf,treeshap,308,0.013257883876202258,0.92,1.0,1.0,Model-matched,0
adult,rf,treeshap,309,0.05991264665448666,1.0,1.0,1.0,Model-matched,0
adult,rf,treeshap,310,0.01240159421861923,0.8400000000000001,1.0,1.0,Model-matched,0
adult,rf,treeshap,311,0.013857430377118587,0.9200000000000002,1.0,1.0,Model-matched,0
adult,rf,treeshap,312,0.004627503983614223,0.8399999999999999,1.0,1.0,Model-matched,0
adult,rf,treeshap,313,0.18621813193771397,1.0,1.0,1.0,Model-matched,0
adult,rf,treeshap,314,0.005422599818364346,0.8400000000000001,1.0,1.0,Model-matched,0
adult,rf,treeshap,315,0.002790986477989805,0.8800000000000001,1.0,1.0,Model-matched,0
adult,rf,treeshap,316,0.016186635122409282,0.92,1.0,1.0,Model-matched,0
adult,rf,treeshap,317,0.004096402154070537,0.86,1.0,1.0,Model-matched,0
adult,rf,treeshap,318,0.12257986424581133,1.0,1.0,1.0,Model-matched,0
adult,rf,treeshap,319,0.08205705105250519,0.92,1.0,1.0,Model-matched,0
adult,rf,treeshap,320,0.043494029190069707,1.0,1.0,1.0,Model-matched,0
adult,rf,treeshap,321,0.03070648066447908,0.86,1.0,1.0,Model-matched,0
adult,rf,treeshap,322,0.028590492803925983,0.92,1.0,1.0,Model-matched,0
adult,rf,treeshap,323,0.04102183716974248,0.86,1.0,1.0,Model-matched,0
adult,rf,treeshap,324,0.0007271075971847385,0.92,1.0,1.0,Model-matched,0
adult,rf,treeshap,325,0.1011244793278317,1.0,1.0,1.0,Model-matched,0
adult,rf,treeshap,326,0.037249296269543895,0.8400000000000001,1.0,1.0,Model-matched,0
adult,rf,treeshap,327,0.0691059641753199,1.0,1.0,1.0,Model-matched,0
adult,rf,treeshap,328,0.3463618378728383,1.0,1.0,1.0,Model-matched,0
adult,rf,treeshap,329,0.0031475472425320753,0.7999999999999999,1.0,1.0,Model-matched,1
adult,rf,treeshap,330,0.020401246513482258,0.8400000000000001,1.0,1.0,Model-matched,0
adult,rf,treeshap,331,0.019242928656217982,0.8799999999999999,1.0,1.0,Model-matched,0
adult,rf,treeshap,332,0.015941606896046717,1.0,1.0,1.0,Model-matched,0
adult,rf,treeshap,333,0.15665687810030093,0.92,1.0,1.0,Model-matched,0
adult,rf,treeshap,334,0.12453467410944728,1.0,1.0,1.0,Model-matched,0
adult,rf,treeshap,335,0.01592313299970599,0.8800000000000001,1.0,1.0,Model-matched,0
adult,rf,treeshap,336,0.023126586302338163,1.0,1.0,1.0,Model-matched,0
adult,rf,treeshap,337,0.040615718558423865,1.0,1.0,1.0,Model-matched,0
adult,rf,treeshap,338,0.1694704149820258,1.0,1.0,1.0,Model-matched,0
adult,rf,treeshap,339,0.15127714538182951,0.8799999999999999,1.0,1.0,Model-matched,0
adult,rf,treeshap,340,0.0033975408601379575,0.7999999999999999,1.0,1.0,Model-matched,1
adult,rf,treeshap,341,0.05103328209425234,1.0,1.0,1.0,Model-matched,0
adult,rf,treeshap,342,0.1646755769298597,1.0,1.0,1.0,Model-matched,0
adult,rf,treeshap,343,0.001287930795845186,0.92,1.0,1.0,Model-matched,0
adult,rf,treeshap,344,0.04759892736356546,1.0,1.0,1.0,Model-matched,0
adult,rf,treeshap,345,0.10263036714283029,1.0,1.0,1.0,Model-matched,0
adult,rf,treeshap,346,0.1552651573840435,0.92,1.0,1.0,Model-matched,0
adult,rf,treeshap,347,0.0074057790963415185,0.86,1.0,1.0,Model-matched,0
adult,rf,treeshap,348,0.007393847569232516,0.8800000000000001,1.0,1.0,Model-matched,0
adult,rf,treeshap,349,0.1720950257652007,0.92,1.0,1.0,Model-matched,0
adult,rf,treeshap,350,0.05343092024189705,0.92,1.0,1.0,Model-matched,0
adult,rf,treeshap,351,0.013820684313400031,0.86,1.0,1.0,Model-matched,0
adult,rf,treeshap,352,0.00677836909917286,0.7599999999999999,1.0,1.0,Model-matched,1
adult,rf,treeshap,353,0.03976006395992979,0.8800000000000001,1.0,1.0,Model-matched,0
adult,rf,treeshap,354,0.048768734257496386,0.92,1.0,1.0,Model-matched,0
adult,rf,treeshap,355,0.025586197685341885,0.8799999999999999,1.0,1.0,Model-matched,0
adult,rf,treeshap,356,0.2365961622610193,1.0,1.0,1.0,Model-matched,0
adult,rf,treeshap,357,0.04654690829646828,0.86,1.0,1.0,Model-matched,0
adult,rf,treeshap,358,0.30151677202425886,1.0,1.0,1.0,Model-matched,0
adult,rf,treeshap,359,0.09244313686428096,0.86,1.0,1.0,Model-matched,0
adult,rf,treeshap,360,0.0545289293625274,0.92,1.0,1.0,Model-matched,0
adult,rf,treeshap,361,0.09519770067982493,1.0,1.0,1.0,Model-matched,0
adult,rf,treeshap,362,0.004774610673253569,0.8800000000000001,1.0,1.0,Model-matched,0
adult,rf,treeshap,363,0.021980998145812936,0.8799999999999999,1.0,1.0,Model-matched,0
adult,rf,treeshap,364,0.02262314758542056,1.0,1.0,1.0,Model-matched,0
adult,rf,treeshap,365,0.3659211319717267,1.0,1.0,1.0,Model-matched,0
adult,rf,treeshap,366,0.023439120489397308,0.8799999999999999,1.0,1.0,Model-matched,0
adult,rf,treeshap,367,0.04662158277519976,1.0,1.0,1.0,Model-matched,0
adult,rf,treeshap,368,0.1136886329697155,1.0,1.0,1.0,Model-matched,0
adult,rf,treeshap,369,0.052858345574731395,0.8799999999999999,1.0,1.0,Model-matched,0
adult,rf,treeshap,370,0.09635290927669714,1.0,1.0,1.0,Model-matched,0
adult,rf,treeshap,371,0.014729603470510395,1.0,1.0,1.0,Model-matched,0
adult,rf,treeshap,372,0.021229027243998076,0.92,1.0,1.0,Model-matched,0
adult,rf,treeshap,373,0.026038508281551867,0.86,1.0,1.0,Model-matched,0
adult,rf,treeshap,374,0.00038001787809740546,0.8799999999999999,1.0,1.0,Model-matched,0
adult,rf,treeshap,375,0.0031060415397315536,0.92,1.0,1.0,Model-matched,0
adult,rf,treeshap,376,0.08235821221792247,0.92,1.0,1.0,Model-matched,0
adult,rf,treeshap,377,0.002192504888712774,1.0,1.0,1.0,Model-matched,0
adult,rf,treeshap,378,0.056740678480699316,0.86,1.0,1.0,Model-matched,0
adult,rf,treeshap,379,0.0007026954909433513,0.82,1.0,1.0,Model-matched,0
adult,rf,treeshap,380,0.12158800284289988,1.0,1.0,1.0,Model-matched,0
adult,rf,treeshap,381,0.12135420656397902,1.0,1.0,1.0,Model-matched,0
adult,rf,treeshap,382,0.05976982160139439,1.0,1.0,1.0,Model-matched,0
adult,rf,treeshap,383,0.013343410865866923,0.92,1.0,1.0,Model-matched,0
adult,rf,treeshap,384,0.09741877434126721,0.92,1.0,1.0,Model-matched,0
adult,rf,treeshap,385,0.008132178596264207,1.0,1.0,1.0,Model-matched,0
adult,rf,treeshap,386,0.15534171763273394,0.8800000000000001,1.0,1.0,Model-matched,0
adult,rf,treeshap,387,0.0014075976540019912,0.7999999999999999,1.0,1.0,Model-matched,1
adult,rf,treeshap,388,0.006465071080693925,0.7799999999999999,1.0,1.0,Model-matched,1
adult,rf,treeshap,389,0.06355814857870794,0.8399999999999999,1.0,1.0,Model-matched,0
adult,rf,treeshap,390,0.08937345846619218,0.92,1.0,1.0,Model-matched,0
adult,rf,treeshap,391,0.02013611222988071,1.0,1.0,1.0,Model-matched,0
adult,rf,treeshap,392,0.10199597394873958,1.0,1.0,1.0,Model-matched,0
adult,rf,treeshap,393,0.1020496419343925,1.0,1.0,1.0,Model-matched,0
adult,rf,treeshap,394,0.018995326871835458,0.92,1.0,1.0,Model-matched,0
adult,rf,treeshap,395,0.015235882224958391,0.8400000000000001,1.0,1.0,Model-matched,0
adult,rf,treeshap,396,0.026166505584705214,0.8400000000000001,1.0,1.0,Model-matched,0
adult,rf,treeshap,397,0.03233886011075064,0.8400000000000001,1.0,1.0,Model-matched,0
adult,rf,treeshap,398,0.04582333584236574,1.0,1.0,1.0,Model-matched,0
adult,rf,treeshap,399,0.10420729827619547,1.0,1.0,1.0,Model-matched,0
adult,rf,treeshap,400,0.01208847936937258,1.0,1.0,1.0,Model-matched,0
adult,rf,treeshap,401,0.07104338896344811,1.0,1.0,1.0,Model-matched,0
adult,rf,treeshap,402,0.06300778428606553,0.82,1.0,1.0,Model-matched,0
adult,rf,treeshap,403,0.04256405788590083,1.0,1.0,1.0,Model-matched,0
adult,rf,treeshap,404,0.027542945536358495,0.92,1.0,1.0,Model-matched,0
adult,rf,treeshap,405,0.18230783269633305,1.0,1.0,1.0,Model-matched,0
adult,rf,treeshap,406,0.05412850303263988,0.92,1.0,1.0,Model-matched,0
adult,rf,treeshap,407,0.012182532024057165,0.7999999999999999,1.0,1.0,Model-matched,1
adult,rf,treeshap,408,0.054162104830185555,0.92,1.0,1.0,Model-matched,0
adult,rf,treeshap,409,0.16372493479615075,1.0,1.0,1.0,Model-matched,0
adult,rf,treeshap,410,0.22325389884706784,1.0,1.0,1.0,Model-matched,0
adult,rf,treeshap,411,0.002146572099761805,0.8800000000000001,1.0,1.0,Model-matched,0
adult,rf,treeshap,412,0.041824176181715654,0.8800000000000001,1.0,1.0,Model-matched,0
adult,rf,treeshap,413,0.021584264658134542,0.7799999999999999,1.0,1.0,Model-matched,1
adult,rf,treeshap,414,0.03979202684559461,0.92,1.0,1.0,Model-matched,0
adult,rf,treeshap,415,0.015594392860452673,0.92,1.0,1.0,Model-matched,0
adult,rf,treeshap,416,0.007608445055165172,0.86,1.0,1.0,Model-matched,0
adult,rf,treeshap,417,0.023190931440981367,0.8799999999999999,1.0,1.0,Model-matched,0
adult,rf,treeshap,418,0.32219408856025156,1.0,1.0,1.0,Model-matched,0
adult,rf,treeshap,419,0.05889571380159,0.9200000000000002,1.0,1.0,Model-matched,0
adult,rf,treeshap,420,0.012538852411247121,0.92,1.0,1.0,Model-matched,0
adult,rf,treeshap,421,0.2980437149704606,1.0,1.0,1.0,Model-matched,0
adult,rf,treeshap,422,0.014208674928732278,1.0,1.0,1.0,Model-matched,0
adult,rf,treeshap,423,0.022101814924029007,0.92,1.0,1.0,Model-matched,0
adult,rf,treeshap,424,0.07622036383241754,1.0,1.0,1.0,Model-matched,0
adult,rf,treeshap,425,0.012787913045919436,0.86,1.0,1.0,Model-matched,0
adult,rf,treeshap,426,0.028268885689537254,0.8799999999999999,1.0,1.0,Model-matched,0
adult,rf,treeshap,427,0.02056827323792213,0.8799999999999999,1.0,1.0,Model-matched,0
adult,rf,treeshap,428,0.011795478670610985,1.0,1.0,1.0,Model-matched,0
adult,rf,treeshap,429,0.1328359080920262,0.92,1.0,1.0,Model-matched,0
adult,rf,treeshap,430,0.03646092413785316,0.9200000000000002,1.0,1.0,Model-matched,0
adult,rf,treeshap,431,0.22323227440738058,0.8800000000000001,1.0,1.0,Model-matched,0
adult,rf,treeshap,432,0.03715076555542812,0.8799999999999999,1.0,1.0,Model-matched,0
adult,rf,treeshap,433,0.006938565730315652,0.92,1.0,1.0,Model-matched,0
adult,rf,treeshap,434,0.30052231383439054,1.0,1.0,1.0,Model-matched,0
adult,rf,treeshap,435,0.04835065603165249,0.9200000000000002,1.0,1.0,Model-matched,0
adult,rf,treeshap,436,0.0061274145764168625,0.86,1.0,1.0,Model-matched,0
adult,rf,treeshap,437,0.013220300349538977,0.8800000000000001,1.0,1.0,Model-matched,0
adult,rf,treeshap,438,0.011211035794272873,1.0,1.0,1.0,Model-matched,0
adult,rf,treeshap,439,0.1498492099991321,1.0,1.0,1.0,Model-matched,0
adult,rf,treeshap,440,0.125516226704001,0.8399999999999999,1.0,1.0,Model-matched,0
adult,rf,treeshap,441,0.03223528212748087,0.8800000000000001,1.0,1.0,Model-matched,0
adult,rf,treeshap,442,0.03761211142350316,0.8799999999999999,1.0,1.0,Model-matched,0
adult,rf,treeshap,443,0.013579970477370782,0.86,1.0,1.0,Model-matched,0
adult,rf,treeshap,444,0.1129264678198402,1.0,1.0,1.0,Model-matched,0
adult,rf,treeshap,445,0.051878732539205635,1.0,1.0,1.0,Model-matched,0
adult,rf,treeshap,446,0.05543043098047369,0.8800000000000001,1.0,1.0,Model-matched,0
adult,rf,treeshap,447,0.1362478176887729,1.0,1.0,1.0,Model-matched,0
adult,rf,treeshap,448,0.003458897462323287,0.8800000000000001,1.0,1.0,Model-matched,0
adult,rf,treeshap,449,0.2934610641592901,1.0,1.0,1.0,Model-matched,0
adult,rf,treeshap,450,0.0923833285468266,0.8800000000000001,1.0,1.0,Model-matched,0
adult,rf,treeshap,451,0.43351953420144096,1.0,1.0,1.0,Model-matched,0
adult,rf,treeshap,452,0.05502985150673509,0.9200000000000002,1.0,1.0,Model-matched,0
adult,rf,treeshap,453,0.005062974439135958,0.92,1.0,1.0,Model-matched,0
adult,rf,treeshap,454,0.037188392884097574,0.8799999999999999,1.0,1.0,Model-matched,0
adult,rf,treeshap,455,0.10812440619831283,0.92,1.0,1.0,Model-matched,0
adult,rf,treeshap,456,0.001946680263522125,1.0,1.0,1.0,Model-matched,0
adult,rf,treeshap,457,0.22929208129869683,1.0,1.0,1.0,Model-matched,0
adult,rf,treeshap,458,0.016454733367210487,0.92,1.0,1.0,Model-matched,0
adult,rf,treeshap,459,0.014917911217847395,0.9200000000000002,1.0,1.0,Model-matched,0
adult,rf,treeshap,460,0.0035903791233863856,0.92,1.0,1.0,Model-matched,0
adult,rf,treeshap,461,0.014047154057697554,0.8799999999999999,1.0,1.0,Model-matched,0
adult,rf,treeshap,462,0.06968084801428052,1.0,1.0,1.0,Model-matched,0
adult,rf,treeshap,463,0.06162018829404797,1.0,1.0,1.0,Model-matched,0
adult,rf,treeshap,464,0.015381935405576629,0.92,1.0,1.0,Model-matched,0
adult,rf,treeshap,465,0.03380466821933811,1.0,1.0,1.0,Model-matched,0
adult,rf,treeshap,466,0.13767185867664727,0.92,1.0,1.0,Model-matched,0
adult,rf,treeshap,467,0.0005679244972693253,0.8800000000000001,1.0,1.0,Model-matched,0
adult,rf,treeshap,468,0.029088440529566544,1.0,1.0,1.0,Model-matched,0
adult,rf,treeshap,469,0.053321491493183396,0.8799999999999999,1.0,1.0,Model-matched,0
adult,rf,treeshap,470,0.04757262049540712,0.92,1.0,1.0,Model-matched,0
adult,rf,treeshap,471,0.07375554853690865,0.8400000000000001,1.0,1.0,Model-matched,0
adult,rf,treeshap,472,0.31628800120229833,1.0,1.0,1.0,Model-matched,0
adult,rf,treeshap,473,0.0732886991696634,1.0,1.0,1.0,Model-matched,0
adult,rf,treeshap,474,0.012114857521802124,0.92,1.0,1.0,Model-matched,0
adult,rf,treeshap,475,0.17529137864709607,1.0,1.0,1.0,Model-matched,0
adult,rf,treeshap,476,0.027095259825845652,1.0,1.0,1.0,Model-matched,0
adult,rf,treeshap,477,0.02178303698008576,1.0,1.0,1.0,Model-matched,0
adult,rf,treeshap,478,0.23361471067376083,0.92,1.0,1.0,Model-matched,0
adult,rf,treeshap,479,0.012349365665504899,0.8400000000000001,1.0,1.0,Model-matched,0
adult,rf,treeshap,480,0.05230407513529403,1.0,1.0,1.0,Model-matched,0
adult,rf,treeshap,481,0.019276819169342624,1.0,1.0,1.0,Model-matched,0
adult,rf,treeshap,482,0.005436564340835458,0.86,1.0,1.0,Model-matched,0
adult,rf,treeshap,483,0.01362864366655056,0.86,1.0,1.0,Model-matched,0
adult,rf,treeshap,484,0.058542754306605674,0.92,1.0,1.0,Model-matched,0
adult,rf,treeshap,485,0.025847206677526904,0.8800000000000001,1.0,1.0,Model-matched,0
adult,rf,treeshap,486,0.05784115833410753,0.8400000000000001,1.0,1.0,Model-matched,0
adult,rf,treeshap,487,0.0034867160864076505,0.92,1.0,1.0,Model-matched,0
adult,rf,treeshap,488,0.17753118221547204,0.8400000000000001,1.0,1.0,Model-matched,0
adult,rf,treeshap,489,0.01843768668628385,0.8800000000000001,1.0,1.0,Model-matched,0
adult,rf,treeshap,490,0.009439526990110511,0.8400000000000001,1.0,1.0,Model-matched,0
adult,rf,treeshap,491,0.012558161956844898,1.0,1.0,1.0,Model-matched,0
adult,rf,treeshap,492,0.2110571135889273,1.0,1.0,1.0,Model-matched,0
adult,rf,treeshap,493,0.06875861852466866,1.0,1.0,1.0,Model-matched,0
adult,rf,treeshap,494,0.05637378361077047,0.92,1.0,1.0,Model-matched,0
adult,rf,treeshap,495,0.019826229254886103,0.92,1.0,1.0,Model-matched,0
adult,rf,treeshap,496,0.01486271992968869,0.92,1.0,1.0,Model-matched,0
adult,rf,treeshap,497,0.064490691487531,1.0,1.0,1.0,Model-matched,0
adult,rf,treeshap,498,0.03538470663341021,0.9200000000000002,1.0,1.0,Model-matched,0
adult,rf,treeshap,499,0.006117267292967948,0.82,1.0,1.0,Model-matched,0
adult,rf,lime,0,0.005217822194969506,0.72,0.74,0.7360000000000001,LIME,1
adult,rf,lime,1,0.1640506613111241,0.8400000000000001,0.82,0.8240000000000001,LIME,0
adult,rf,lime,2,0.016401089447243538,0.76,0.82,0.768,LIME,1
adult,rf,lime,3,0.018774684103503584,0.6799999999999999,0.74,0.7647058823529411,LIME,1
adult,rf,lime,4,0.05255862629507953,0.86,0.82,0.8160000000000001,LIME,0
adult,rf,lime,5,0.05543686950920235,0.92,0.8800000000000001,0.8960000000000001,LIME,0
adult,rf,lime,6,0.16751878520576072,0.92,0.82,0.8160000000000001,LIME,0
adult,rf,lime,7,0.0037919859405061494,0.86,0.78,0.8333333333333334,LIME,0
adult,rf,lime,8,0.029729202305938708,0.8400000000000001,0.8200000000000001,0.84,LIME,0
adult,rf,lime,9,0.0026785884838857643,0.7999999999999999,0.8,0.8,LIME,1
adult,rf,lime,10,0.025813110209169085,0.8400000000000001,0.8,0.8260869565217391,LIME,0
adult,rf,lime,11,0.16254224311915288,0.8400000000000001,0.8,0.8640000000000001,LIME,0
adult,rf,lime,12,0.1104422787033274,0.7199999999999999,0.8,0.76,LIME,1
adult,rf,lime,13,0.09058618235116973,0.9200000000000002,0.8800000000000001,0.8079999999999999,LIME,0
adult,rf,lime,14,0.03902962400175824,0.74,0.78,0.7916666666666666,LIME,1
adult,rf,lime,15,0.09417910506693211,0.7999999999999999,0.8,0.792,LIME,1
adult,rf,lime,16,0.13460063735248032,0.7799999999999999,0.74,0.7440000000000001,LIME,1
adult,rf,lime,17,0.0715224703733776,0.7999999999999999,0.74,0.752,LIME,1
adult,rf,lime,18,0.05666106393434615,0.92,0.82,0.8560000000000001,LIME,0
adult,rf,lime,19,0.027529341753081603,0.76,0.8400000000000001,0.8640000000000001,LIME,1
adult,rf,lime,20,0.0384962791570496,0.6999999999999998,0.76,0.7440000000000001,LIME,1
adult,rf,lime,21,0.026490134057721673,0.78,0.82,0.8240000000000001,LIME,1
adult,rf,lime,22,0.062239847193316426,0.6599999999999999,0.6799999999999999,0.72,LIME,1
adult,rf,lime,23,0.010356683047576106,0.6799999999999999,0.74,0.688,LIME,1
adult,rf,lime,24,0.178785787663045,0.7799999999999999,0.82,0.792,LIME,1
adult,rf,lime,25,0.10356170490565227,0.82,0.86,0.8240000000000001,LIME,0
adult,rf,lime,26,0.029153499617672503,1.0,0.8400000000000001,0.8560000000000001,LIME,0
adult,rf,lime,27,0.1438991618161453,0.9200000000000002,0.8800000000000001,0.848,LIME,0
adult,rf,lime,28,0.003415860597694318,0.72,0.78,0.72,LIME,1
adult,rf,lime,29,0.005267610133617058,0.6799999999999999,0.78,0.768,LIME,1
adult,rf,lime,30,0.10820831771772052,0.68,0.74,0.752,LIME,1
adult,rf,lime,31,0.05875289489426243,0.86,0.8800000000000001,0.8640000000000001,LIME,0
adult,rf,lime,32,0.05762446532205577,0.82,0.8400000000000001,0.848,LIME,0
adult,rf,lime,33,0.09094924448264,0.9200000000000002,0.8800000000000001,0.863157894736842,LIME,0
adult,rf,lime,34,0.0481176401602356,0.58,0.74,0.696,LIME,1
adult,rf,lime,35,0.18768128205166335,0.8400000000000001,0.8400000000000001,0.8960000000000001,LIME,0
adult,rf,lime,36,0.014566419163219024,0.6799999999999999,0.78,0.76,LIME,1
adult,rf,lime,37,0.16573080661764625,0.8399999999999999,0.8800000000000001,0.8079999999999999,LIME,0
adult,rf,lime,38,0.012797595760127893,0.9200000000000002,0.8,0.8250000000000001,LIME,0
adult,rf,lime,39,0.07768627835138686,0.86,0.78,0.8160000000000001,LIME,0
adult,rf,lime,40,0.153364239164627,0.7999999999999999,0.82,0.8640000000000001,LIME,1
adult,rf,lime,41,0.12176608414403535,0.86,0.8800000000000001,0.8560000000000001,LIME,0
adult,rf,lime,42,0.010646773324940946,0.8399999999999999,0.8200000000000001,0.8160000000000001,LIME,0
adult,rf,lime,43,0.01845042153124406,0.74,0.82,0.736,LIME,1
adult,rf,lime,44,0.040524484638779217,0.7,0.82,0.768,LIME,1
adult,rf,lime,45,0.10428601894295425,0.82,0.76,0.8,LIME,0
adult,rf,lime,46,0.07447318209654928,0.86,0.8,0.784,LIME,0
adult,rf,lime,47,0.02418893480462156,0.6999999999999998,0.72,0.76,LIME,1
adult,rf,lime,48,0.06973432462885912,0.8,0.72,0.7120000000000001,LIME,0
adult,rf,lime,49,0.03690039747098789,0.6399999999999999,0.76,0.728,LIME,1
adult,rf,lime,50,0.09869824281629079,0.6600000000000001,1.0,1.0,LIME,1
adult,rf,lime,51,0.13136723217247018,0.82,1.0,1.0,LIME,0
adult,rf,lime,52,0.02121687474811725,0.7999999999999999,1.0,1.0,LIME,1
adult,rf,lime,53,0.04604144796818695,0.76,1.0,1.0,LIME,1
adult,rf,lime,54,0.14158664591610093,0.7999999999999999,1.0,1.0,LIME,1
adult,rf,lime,55,0.1880997852401803,0.8400000000000001,1.0,1.0,LIME,0
adult,rf,lime,56,0.04763126080914264,1.0,1.0,1.0,LIME,0
adult,rf,lime,57,0.10905903616694147,0.74,1.0,1.0,LIME,1
adult,rf,lime,58,0.05540289638738382,0.6199999999999999,1.0,1.0,LIME,1
adult,rf,lime,59,0.04716553174753221,0.8400000000000001,1.0,1.0,LIME,0
adult,rf,lime,60,0.01682438940828132,0.6400000000000001,1.0,1.0,LIME,1
adult,rf,lime,61,0.16229000085554626,0.8400000000000001,1.0,1.0,LIME,0
adult,rf,lime,62,0.028603219038493152,0.8400000000000001,1.0,1.0,LIME,0
adult,rf,lime,63,0.02017472478953022,0.72,1.0,1.0,LIME,1
adult,rf,lime,64,0.02518891458245055,0.72,1.0,1.0,LIME,1
adult,rf,lime,65,0.0929372727745451,0.86,1.0,1.0,LIME,0
adult,rf,lime,66,0.019650094709608157,0.8399999999999999,1.0,1.0,LIME,0
adult,rf,lime,67,0.1386865332892216,0.9200000000000002,1.0,1.0,LIME,0
adult,rf,lime,68,0.06686603505278355,0.92,1.0,1.0,LIME,0
adult,rf,lime,69,0.23490577430261766,0.7799999999999999,1.0,1.0,LIME,1
adult,rf,lime,70,0.11140000927379257,0.6600000000000001,1.0,1.0,LIME,1
adult,rf,lime,71,0.06015873536218794,0.86,1.0,1.0,LIME,0
adult,rf,lime,72,0.10187749147036747,0.74,1.0,1.0,LIME,1
adult,rf,lime,73,0.007696583272638186,0.72,1.0,1.0,LIME,1
adult,rf,lime,74,0.023339298453189737,0.7,1.0,1.0,LIME,1
adult,rf,lime,75,0.15367915804027255,0.92,1.0,1.0,LIME,0
adult,rf,lime,76,0.043145232815780546,0.86,1.0,1.0,LIME,0
adult,rf,lime,77,0.0027994104551671297,0.7999999999999999,1.0,1.0,LIME,1
adult,rf,lime,78,0.034062023574539996,0.82,1.0,1.0,LIME,0
adult,rf,lime,79,0.03403258752258466,0.7999999999999999,1.0,1.0,LIME,1
adult,rf,lime,80,0.18647980640802422,0.7799999999999999,1.0,1.0,LIME,1
adult,rf,lime,81,0.03626841027998479,0.62,1.0,1.0,LIME,1
adult,rf,lime,82,0.030613932861209187,0.7199999999999999,1.0,1.0,LIME,1
adult,rf,lime,83,0.1156175887094928,0.8799999999999999,1.0,1.0,LIME,0
adult,rf,lime,84,0.0011459459731606204,0.7999999999999999,1.0,1.0,LIME,1
adult,rf,lime,85,0.030182380777517785,0.7799999999999999,1.0,1.0,LIME,1
adult,rf,lime,86,0.09625012703426361,0.7999999999999999,1.0,1.0,LIME,1
adult,rf,lime,87,0.11493773356590964,0.6799999999999999,1.0,1.0,LIME,1
adult,rf,lime,88,0.02439596953476847,0.7999999999999999,1.0,1.0,LIME,1
adult,rf,lime,89,0.034722155545898345,0.8400000000000001,1.0,1.0,LIME,0
adult,rf,lime,90,0.04119385357801405,0.8400000000000001,1.0,1.0,LIME,0
adult,rf,lime,91,0.07507729269355312,0.6999999999999998,1.0,1.0,LIME,1
adult,rf,lime,92,0.048730568966571075,0.7999999999999999,1.0,1.0,LIME,1
adult,rf,lime,93,0.0595060095224199,0.74,1.0,1.0,LIME,1
adult,rf,lime,94,0.07027986890935431,0.6799999999999999,1.0,1.0,LIME,1
adult,rf,lime,95,0.16395544631242354,0.92,1.0,1.0,LIME,0
adult,rf,lime,96,0.0631566607357001,0.8400000000000001,1.0,1.0,LIME,0
adult,rf,lime,97,0.274920104803705,0.92,1.0,1.0,LIME,0
adult,rf,lime,98,0.005254203620307565,0.9200000000000002,1.0,1.0,LIME,0
adult,rf,lime,99,0.04200499352306403,0.8400000000000001,1.0,1.0,LIME,0
adult,hgb,treeshap,0,0.0007018741963622098,0.7999999999999999,1.0,0.8,Model-matched,1
adult,hgb,treeshap,1,0.08780693929904787,1.0,1.0,0.9279999999999999,Model-matched,0
adult,hgb,treeshap,2,0.07929541359162566,0.92,1.0,0.784,Model-matched,0
adult,hgb,treeshap,3,0.0038539719809821513,0.8800000000000001,1.0,0.8999999999999999,Model-matched,0
adult,hgb,treeshap,4,0.08116813211463024,1.0,1.0,0.976,Model-matched,0
adult,hgb,treeshap,5,0.10268876263534044,1.0,1.0,0.904,Model-matched,0
adult,hgb,treeshap,6,0.015547877232462617,0.8400000000000001,1.0,0.792,Model-matched,0
adult,hgb,treeshap,7,0.017355658637158,0.8400000000000001,1.0,0.9272727272727272,Model-matched,0
adult,hgb,treeshap,8,0.04728327988062393,0.8400000000000001,1.0,0.8240000000000001,Model-matched,0
adult,hgb,treeshap,9,0.042783788213622304,0.86,1.0,0.9142857142857144,Model-matched,0
adult,hgb,treeshap,10,0.145493452264572,0.92,1.0,0.9285714285714286,Model-matched,0
adult,hgb,treeshap,11,0.047872162747080484,0.86,1.0,0.872,Model-matched,0
adult,hgb,treeshap,12,0.0049975494691509225,0.7799999999999999,1.0,0.8160000000000001,Model-matched,1
adult,hgb,treeshap,13,0.11998916667298805,0.9200000000000002,1.0,0.848,Model-matched,0
adult,hgb,treeshap,14,0.053144253837371896,1.0,1.0,0.9142857142857144,Model-matched,0
adult,hgb,treeshap,15,0.009074759106069686,0.92,1.0,0.9,Model-matched,0
adult,hgb,treeshap,16,0.06885059247174022,0.7999999999999999,1.0,0.848,Model-matched,1
adult,hgb,treeshap,17,0.04146452734569379,0.82,1.0,0.872,Model-matched,0
adult,hgb,treeshap,18,0.10553560179694414,1.0,1.0,0.9359999999999999,Model-matched,0
adult,hgb,treeshap,19,0.00045652529644422024,0.8400000000000001,1.0,0.8,Model-matched,0
adult,hgb,treeshap,20,0.027818501312901096,0.8800000000000001,1.0,0.872,Model-matched,0
adult,hgb,treeshap,21,0.07213485911444968,0.8800000000000001,1.0,0.8160000000000001,Model-matched,0
adult,hgb,treeshap,22,0.08857339929220594,0.8399999999999999,1.0,0.848,Model-matched,0
adult,hgb,treeshap,23,0.01417510162841739,0.8799999999999999,1.0,0.8560000000000001,Model-matched,0
adult,hgb,treeshap,24,0.054843033919037984,0.86,1.0,0.8160000000000001,Model-matched,0
adult,hgb,treeshap,25,0.0035781639585541346,0.8400000000000001,1.0,0.872,Model-matched,0
adult,hgb,treeshap,26,0.02896619796225557,0.92,1.0,0.875,Model-matched,0
adult,hgb,treeshap,27,0.09824544453117484,1.0,1.0,0.9083333333333333,Model-matched,0
adult,hgb,treeshap,28,0.02125285185539088,0.82,1.0,0.84,Model-matched,0
adult,hgb,treeshap,29,0.00409165446098684,0.86,1.0,0.8,Model-matched,0
adult,hgb,treeshap,30,0.03128553977704126,0.86,1.0,0.8869565217391305,Model-matched,0
adult,hgb,treeshap,31,0.08332355062972151,1.0,1.0,0.8160000000000001,Model-matched,0
adult,hgb,treeshap,32,0.08798396749932615,0.86,1.0,0.8800000000000001,Model-matched,0
adult,hgb,treeshap,33,0.018218314704179058,0.8800000000000001,1.0,0.7578947368421053,Model-matched,0
adult,hgb,treeshap,34,0.1023979972757404,1.0,1.0,0.88,Model-matched,0
adult,hgb,treeshap,35,0.03854669119331573,0.9200000000000002,1.0,0.912,Model-matched,0
adult,hgb,treeshap,36,0.2091774098894683,1.0,1.0,0.8160000000000001,Model-matched,0
adult,hgb,treeshap,37,0.003089084260621013,0.86,1.0,0.784,Model-matched,0
adult,hgb,treeshap,38,0.054662648891422874,0.86,1.0,0.8583333333333334,Model-matched,0
adult,hgb,treeshap,39,0.00043355233015733157,1.0,1.0,0.9428571428571428,Model-matched,0
adult,hgb,treeshap,40,0.05161279529619253,0.92,1.0,0.7916666666666666,Model-matched,0
adult,hgb,treeshap,41,0.03633802644498996,0.92,1.0,0.888,Model-matched,0
adult,hgb,treeshap,42,0.04264821120644079,0.86,1.0,0.8260869565217391,Model-matched,0
adult,hgb,treeshap,43,0.12154641619247473,1.0,1.0,0.784,Model-matched,0
adult,hgb,treeshap,44,0.11482248759749297,0.8400000000000001,1.0,0.752,Model-matched,0
adult,hgb,treeshap,45,0.010913912629064985,0.86,1.0,0.84,Model-matched,0
adult,hgb,treeshap,46,0.0027371401638827675,0.82,1.0,0.904,Model-matched,0
adult,hgb,treeshap,47,0.07974303955247362,1.0,1.0,0.904,Model-matched,0
adult,hgb,treeshap,48,0.045217424065773115,0.8800000000000001,1.0,0.8640000000000001,Model-matched,0
adult,hgb,treeshap,49,0.12291856158314382,0.82,1.0,0.819047619047619,Model-matched,0
adult,hgb,treeshap,50,0.07357765612884558,0.8800000000000001,1.0,0.872,Model-matched,0
adult,hgb,treeshap,51,0.12432092232543845,1.0,1.0,0.9363636363636364,Model-matched,0
adult,hgb,treeshap,52,0.005469444189429815,0.8800000000000001,1.0,0.904,Model-matched,0
adult,hgb,treeshap,53,0.032615518565348736,0.92,1.0,0.8959999999999999,Model-matched,0
adult,hgb,treeshap,54,0.057467807598754736,0.8400000000000001,1.0,0.85,Model-matched,0
adult,hgb,treeshap,55,0.1445565989315195,1.0,1.0,0.904,Model-matched,0
adult,hgb,treeshap,56,0.02388200183263839,0.8399999999999999,1.0,0.8,Model-matched,0
adult,hgb,treeshap,57,0.0074102598475658575,0.7999999999999999,1.0,0.7760000000000001,Model-matched,1
adult,hgb,treeshap,58,0.12975851711465244,1.0,1.0,0.92,Model-matched,0
adult,hgb,treeshap,59,0.03754103799839053,1.0,1.0,0.8640000000000001,Model-matched,0
adult,hgb,treeshap,60,0.04303877972675778,1.0,1.0,0.912,Model-matched,0
adult,hgb,treeshap,61,0.02927296466819591,0.7799999999999999,1.0,0.8320000000000001,Model-matched,1
adult,hgb,treeshap,62,0.029617431438763553,0.9200000000000002,1.0,0.75,Model-matched,0
adult,hgb,treeshap,63,0.09129338636824856,0.92,1.0,0.84,Model-matched,0
adult,hgb,treeshap,64,0.0036840769835534224,0.7,1.0,0.792,Model-matched,1
adult,hgb,treeshap,65,0.025980685743065765,0.9200000000000002,1.0,0.872,Model-matched,0
adult,hgb,treeshap,66,0.023036242324889357,0.86,1.0,0.8560000000000001,Model-matched,0
adult,hgb,treeshap,67,0.06940012002064058,1.0,1.0,0.788235294117647,Model-matched,0
adult,hgb,treeshap,68,0.03740637927159713,0.92,1.0,0.888,Model-matched,0
adult,hgb,treeshap,69,0.07700340103481522,1.0,1.0,0.92,Model-matched,0
adult,hgb,treeshap,70,0.038910703539598426,1.0,1.0,0.9840000000000001,Model-matched,0
adult,hgb,treeshap,71,0.09260484588767845,0.92,1.0,0.8560000000000001,Model-matched,0
adult,hgb,treeshap,72,0.03300668123793316,1.0,1.0,0.92,Model-matched,0
adult,hgb,treeshap,73,0.00849173736359034,0.9200000000000002,1.0,0.8960000000000001,Model-matched,0
adult,hgb,treeshap,74,0.03729787608962635,1.0,1.0,0.968,Model-matched,0
adult,hgb,treeshap,75,0.21486586688199957,1.0,1.0,0.8640000000000001,Model-matched,0
adult,hgb,treeshap,76,0.006525599724247699,1.0,1.0,0.9359999999999999,Model-matched,0
adult,hgb,treeshap,77,0.017636961209331933,0.92,1.0,0.9222222222222223,Model-matched,0
adult,hgb,treeshap,78,0.0628055318845266,0.92,1.0,0.92,Model-matched,0
adult,hgb,treeshap,79,0.01695410627195414,1.0,1.0,0.8640000000000001,Model-matched,0
adult,hgb,treeshap,80,0.09230885424788339,0.8800000000000001,1.0,0.9090909090909091,Model-matched,0
adult,hgb,treeshap,81,0.1311597534044499,0.8399999999999999,1.0,0.88,Model-matched,0
adult,hgb,treeshap,82,0.015177863198217569,0.86,1.0,0.768,Model-matched,0
adult,hgb,treeshap,83,0.13966655658288157,1.0,1.0,0.848,Model-matched,0
adult,hgb,treeshap,84,0.06912007730110548,0.8400000000000001,1.0,0.8560000000000001,Model-matched,0
adult,hgb,treeshap,85,0.029912805002297933,0.8400000000000001,1.0,0.8380952380952381,Model-matched,0
adult,hgb,treeshap,86,0.023078208877386413,0.8799999999999999,1.0,0.7760000000000001,Model-matched,0
adult,hgb,treeshap,87,0.07664906502275505,0.7999999999999999,1.0,0.8240000000000001,Model-matched,1
adult,hgb,treeshap,88,0.08151635931262624,0.8400000000000001,1.0,0.9866666666666667,Model-matched,0
adult,hgb,treeshap,89,0.006076618591770614,1.0,1.0,0.8,Model-matched,0
adult,hgb,treeshap,90,0.024447922290591454,1.0,1.0,0.8960000000000001,Model-matched,0
adult,hgb,treeshap,91,0.014875241053503055,0.78,1.0,0.8,Model-matched,1
adult,hgb,treeshap,92,0.027166717951446918,1.0,1.0,0.888,Model-matched,0
adult,hgb,treeshap,93,0.029201226864905748,0.7999999999999999,1.0,0.904,Model-matched,1
adult,hgb,treeshap,94,0.012743289095687152,0.92,1.0,0.968,Model-matched,0
adult,hgb,treeshap,95,0.07557415725514975,1.0,1.0,0.912,Model-matched,0
adult,hgb,treeshap,96,0.039160544371877555,0.86,1.0,0.904,Model-matched,0
adult,hgb,treeshap,97,0.10594357859841744,0.8799999999999999,1.0,0.8560000000000001,Model-matched,0
adult,hgb,treeshap,98,0.007057970758928137,0.9200000000000002,1.0,0.9142857142857144,Model-matched,0
adult,hgb,treeshap,99,0.15278772519741968,1.0,1.0,0.872,Model-matched,0
adult,hgb,treeshap,100,0.11585511954764743,1.0,1.0,0.9523809523809523,Model-matched,0
adult,hgb,treeshap,101,0.05995697712788685,0.92,1.0,0.872,Model-matched,0
adult,hgb,treeshap,102,0.002828648980059267,0.8400000000000001,1.0,0.8320000000000001,Model-matched,0
adult,hgb,treeshap,103,0.050481011315655334,1.0,1.0,0.872,Model-matched,0
adult,hgb,treeshap,104,0.08305178804457354,1.0,1.0,0.9279999999999999,Model-matched,0
adult,hgb,treeshap,105,0.04559100656562773,0.92,1.0,0.848,Model-matched,0
adult,hgb,treeshap,106,0.08518587267993079,0.8400000000000001,1.0,0.84,Model-matched,0
adult,hgb,treeshap,107,0.06524210316935644,0.7999999999999999,1.0,0.84,Model-matched,1
adult,hgb,treeshap,108,0.06130362255516567,1.0,1.0,0.9,Model-matched,0
adult,hgb,treeshap,109,0.040262564477116534,0.92,1.0,0.8,Model-matched,0
adult,hgb,treeshap,110,0.005148763649504465,0.8799999999999999,1.0,0.8428571428571429,Model-matched,0
adult,hgb,treeshap,111,0.024314639379800756,1.0,1.0,0.968,Model-matched,0
adult,hgb,treeshap,112,0.09630044642108439,0.8400000000000001,1.0,0.848,Model-matched,0
adult,hgb,treeshap,113,0.00956219959989568,1.0,1.0,0.8160000000000001,Model-matched,0
adult,hgb,treeshap,114,0.0029703413177207378,0.8800000000000001,1.0,0.9520000000000001,Model-matched,0
adult,hgb,treeshap,115,0.21907403896961541,1.0,1.0,0.9411764705882353,Model-matched,0
adult,hgb,treeshap,116,0.020687373020938815,0.86,1.0,0.8320000000000001,Model-matched,0
adult,hgb,treeshap,117,0.03798705510931652,0.9200000000000002,1.0,0.88,Model-matched,0
adult,hgb,treeshap,118,0.029235568532751856,0.86,1.0,0.8079999999999999,Model-matched,0
adult,hgb,treeshap,119,0.09342388951912382,0.92,1.0,0.8160000000000001,Model-matched,0
adult,hgb,treeshap,120,0.10874430152281243,1.0,1.0,0.904,Model-matched,0
adult,hgb,treeshap,121,0.02269359354154238,0.7799999999999999,1.0,0.84,Model-matched,1
adult,hgb,treeshap,122,0.17011660885044522,0.9200000000000002,1.0,0.872,Model-matched,0
adult,hgb,treeshap,123,0.030209176053898928,0.86,1.0,0.8083333333333335,Model-matched,0
adult,hgb,treeshap,124,0.017274986431193535,0.92,1.0,0.7760000000000001,Model-matched,0
adult,hgb,treeshap,125,0.21013369255319272,1.0,1.0,0.8960000000000001,Model-matched,0
adult,hgb,treeshap,126,0.011184218652893606,0.92,1.0,0.8160000000000001,Model-matched,0
adult,hgb,treeshap,127,0.013621310416535543,0.8399999999999999,1.0,0.784,Model-matched,0
adult,hgb,treeshap,128,0.053148337873816925,0.92,1.0,0.8,Model-matched,0
adult,hgb,treeshap,129,0.021469572477903254,0.92,1.0,0.84,Model-matched,0
adult,hgb,treeshap,130,0.05856981600656736,0.9200000000000002,1.0,0.8947368421052632,Model-matched,0
adult,hgb,treeshap,131,0.07188900816376442,1.0,1.0,0.8560000000000001,Model-matched,0
adult,hgb,treeshap,132,0.03920055231677224,1.0,1.0,0.8240000000000001,Model-matched,0
adult,hgb,treeshap,133,0.03903735934378825,0.9200000000000002,1.0,0.84,Model-matched,0
adult,hgb,treeshap,134,0.03814862402982104,0.92,1.0,0.9083333333333333,Model-matched,0
adult,hgb,treeshap,135,0.028175348338853483,0.82,1.0,0.8,Model-matched,0
adult,hgb,treeshap,136,0.05542852421606142,0.92,1.0,0.9,Model-matched,0
adult,hgb,treeshap,137,0.02434722959709083,1.0,1.0,0.7999999999999999,Model-matched,0
adult,hgb,treeshap,138,0.006529930861414632,0.8800000000000001,1.0,0.976,Model-matched,0
adult,hgb,treeshap,139,0.02350701067162284,0.86,1.0,0.8640000000000001,Model-matched,0
adult,hgb,treeshap,140,0.0415021144409547,0.92,1.0,0.904,Model-matched,0
adult,hgb,treeshap,141,0.0903430628972542,0.86,1.0,0.8640000000000001,Model-matched,0
adult,hgb,treeshap,142,0.04122308002891981,0.86,1.0,0.7440000000000001,Model-matched,0
adult,hgb,treeshap,143,0.16463931924142886,0.86,1.0,0.8583333333333334,Model-matched,0
adult,hgb,treeshap,144,0.09163864743758687,1.0,1.0,0.9279999999999999,Model-matched,0
adult,hgb,treeshap,145,0.028233224747397753,0.8799999999999999,1.0,0.8320000000000001,Model-matched,0
adult,hgb,treeshap,146,0.05712097873873138,0.82,1.0,0.792,Model-matched,0
adult,hgb,treeshap,147,0.12448061949526312,0.8799999999999999,1.0,0.8959999999999999,Model-matched,0
adult,hgb,treeshap,148,0.1294947415590981,1.0,1.0,0.8875000000000001,Model-matched,0
adult,hgb,treeshap,149,0.03423093143267391,1.0,1.0,0.9428571428571428,Model-matched,0
adult,hgb,treeshap,150,0.03148722702471195,0.8800000000000001,1.0,0.9066666666666666,Model-matched,0
adult,hgb,treeshap,151,0.0005985137630305872,0.92,1.0,0.8960000000000001,Model-matched,0
adult,hgb,treeshap,152,0.04223270606245034,0.92,1.0,0.9359999999999999,Model-matched,0
adult,hgb,treeshap,153,0.04614094606364371,0.8400000000000001,1.0,0.8285714285714285,Model-matched,0
adult,hgb,treeshap,154,0.059473812505618846,0.8800000000000001,1.0,0.9043478260869565,Model-matched,0
adult,hgb,treeshap,155,0.0886006627338894,0.8800000000000001,1.0,0.84,Model-matched,0
adult,hgb,treeshap,156,0.007075247877596686,0.8800000000000001,1.0,0.872,Model-matched,0
adult,hgb,treeshap,157,0.0940526561622921,0.9200000000000002,1.0,0.8560000000000001,Model-matched,0
adult,hgb,treeshap,158,0.04206315433067558,0.7799999999999999,1.0,0.7120000000000001,Model-matched,1
adult,hgb,treeshap,159,0.24318277517035697,1.0,1.0,0.8560000000000001,Model-matched,0
adult,hgb,treeshap,160,0.00467344637320142,0.8399999999999999,1.0,0.7478260869565218,Model-matched,0
adult,hgb,treeshap,161,0.11873686503919205,1.0,1.0,0.8857142857142858,Model-matched,0
adult,hgb,treeshap,162,0.09389494354243196,0.8800000000000001,1.0,0.8079999999999999,Model-matched,0
adult,hgb,treeshap,163,0.05261200699311253,0.86,1.0,0.9166666666666666,Model-matched,0
adult,hgb,treeshap,164,0.09188529645591219,1.0,1.0,0.888,Model-matched,0
adult,hgb,treeshap,165,0.02372007303403536,0.8799999999999999,1.0,0.88,Model-matched,0
adult,hgb,treeshap,166,0.06326726974260287,1.0,1.0,0.9652173913043478,Model-matched,0
adult,hgb,treeshap,167,0.13462529962294514,1.0,1.0,0.888,Model-matched,0
adult,hgb,treeshap,168,0.10353185232165232,0.92,1.0,0.8,Model-matched,0
adult,hgb,treeshap,169,0.033909345318592715,1.0,1.0,0.9230769230769231,Model-matched,0
adult,hgb,treeshap,170,0.06381150022164064,1.0,1.0,0.8560000000000001,Model-matched,0
adult,hgb,treeshap,171,0.10467657811722438,0.7999999999999999,1.0,0.9,Model-matched,1
adult,hgb,treeshap,172,0.013796941107487377,0.7599999999999999,1.0,0.7058823529411765,Model-matched,1
adult,hgb,treeshap,173,0.042132678770431684,0.86,1.0,0.88,Model-matched,0
adult,hgb,treeshap,174,0.062296104169552856,0.86,1.0,0.86,Model-matched,0
adult,hgb,treeshap,175,0.061080221040251854,0.92,1.0,0.8500000000000001,Model-matched,0
adult,hgb,treeshap,176,0.0644561859543839,1.0,1.0,0.9230769230769231,Model-matched,0
adult,hgb,treeshap,177,0.11278360640838121,0.92,1.0,0.912,Model-matched,0
adult,hgb,treeshap,178,0.027691382965109756,0.92,1.0,0.968,Model-matched,0
adult,hgb,treeshap,179,0.012984091885765369,0.8800000000000001,1.0,0.76,Model-matched,0
adult,hgb,treeshap,180,0.046531255545596846,0.8,1.0,0.784,Model-matched,0
adult,hgb,treeshap,181,0.0255424639555717,0.86,1.0,0.8782608695652173,Model-matched,0
adult,hgb,treeshap,182,0.03805097020648379,0.8799999999999999,1.0,0.9142857142857144,Model-matched,0
adult,hgb,treeshap,183,0.01817958794017583,0.7999999999999999,1.0,0.8416666666666667,Model-matched,1
adult,hgb,treeshap,184,0.05433015847399228,0.8800000000000001,1.0,0.875,Model-matched,0
adult,hgb,treeshap,185,0.031429410441433506,0.8399999999999999,1.0,0.8320000000000001,Model-matched,0
adult,hgb,treeshap,186,0.008353412293249185,0.86,1.0,0.911111111111111,Model-matched,0
adult,hgb,treeshap,187,0.0139924386654764,0.92,1.0,0.775,Model-matched,0
adult,hgb,treeshap,188,0.039000363012624564,0.8399999999999999,1.0,0.8160000000000001,Model-matched,0
adult,hgb,treeshap,189,0.04173413462599075,0.92,1.0,0.8,Model-matched,0
adult,hgb,treeshap,190,0.03971390192621497,0.86,1.0,0.848,Model-matched,0
adult,hgb,treeshap,191,0.09550859235097815,1.0,1.0,0.9444444444444444,Model-matched,0
adult,hgb,treeshap,192,0.011647801344659894,0.82,1.0,0.8079999999999999,Model-matched,0
adult,hgb,treeshap,193,0.029179839415519607,1.0,1.0,0.904,Model-matched,0
adult,hgb,treeshap,194,0.01940784796001882,0.86,1.0,0.8240000000000001,Model-matched,0
adult,hgb,treeshap,195,0.02621185190177685,0.8400000000000001,1.0,0.856,Model-matched,0
adult,hgb,treeshap,196,0.005416726327897571,0.8800000000000001,1.0,0.848,Model-matched,0
adult,hgb,treeshap,197,0.019726198833056655,0.8400000000000001,1.0,0.8240000000000001,Model-matched,0
adult,hgb,treeshap,198,0.16950503563404104,0.8799999999999999,1.0,0.8320000000000001,Model-matched,0
adult,hgb,treeshap,199,0.02038519727315392,0.8399999999999999,1.0,0.9083333333333333,Model-matched,0
adult,hgb,treeshap,200,0.053305525151157065,0.92,1.0,1.0,Model-matched,0
adult,hgb,treeshap,201,0.041785554288414184,0.92,1.0,1.0,Model-matched,0
adult,hgb,treeshap,202,0.08846028317501975,1.0,1.0,1.0,Model-matched,0
adult,hgb,treeshap,203,0.11216201181368589,1.0,1.0,1.0,Model-matched,0
adult,hgb,treeshap,204,0.00617388222672055,0.7999999999999999,1.0,1.0,Model-matched,1
adult,hgb,treeshap,205,0.08056927786011044,0.92,1.0,1.0,Model-matched,0
adult,hgb,treeshap,206,0.05184523413319565,0.8,1.0,1.0,Model-matched,0
adult,hgb,treeshap,207,0.0039917697528414646,0.8800000000000001,1.0,1.0,Model-matched,0
adult,hgb,treeshap,208,0.008760024661252776,0.8800000000000001,1.0,1.0,Model-matched,0
adult,hgb,treeshap,209,0.0742924734296934,0.86,1.0,1.0,Model-matched,0
adult,hgb,treeshap,210,0.017869938899736648,0.86,1.0,1.0,Model-matched,0
adult,hgb,treeshap,211,0.038237154298182356,1.0,1.0,1.0,Model-matched,0
adult,hgb,treeshap,212,0.03062891224451595,0.7799999999999999,1.0,1.0,Model-matched,1
adult,hgb,treeshap,213,0.08528916756183925,0.82,1.0,1.0,Model-matched,0
adult,hgb,treeshap,214,0.0820388926162964,0.86,1.0,1.0,Model-matched,0
adult,hgb,treeshap,215,0.02447966913965561,0.86,1.0,1.0,Model-matched,0
adult,hgb,treeshap,216,0.10512446508822362,0.82,1.0,1.0,Model-matched,0
adult,hgb,treeshap,217,0.11808278685664159,1.0,1.0,1.0,Model-matched,0
adult,hgb,treeshap,218,0.008391560217366307,0.92,1.0,1.0,Model-matched,0
adult,hgb,treeshap,219,0.1427650247905937,1.0,1.0,1.0,Model-matched,0
adult,hgb,treeshap,220,0.035876135120873905,0.82,1.0,1.0,Model-matched,0
adult,hgb,treeshap,221,0.1484836944763063,1.0,1.0,1.0,Model-matched,0
adult,hgb,treeshap,222,0.05794832402256933,0.86,1.0,1.0,Model-matched,0
adult,hgb,treeshap,223,0.02079714845339185,0.9200000000000002,1.0,1.0,Model-matched,0
adult,hgb,treeshap,224,0.010677977189710098,0.92,1.0,1.0,Model-matched,0
adult,hgb,treeshap,225,0.017577276080578196,0.7999999999999999,1.0,1.0,Model-matched,1
adult,hgb,treeshap,226,0.030844646079362395,0.9200000000000002,1.0,1.0,Model-matched,0
adult,hgb,treeshap,227,0.08461911836911422,1.0,1.0,1.0,Model-matched,0
adult,hgb,treeshap,228,0.020186239277977903,1.0,1.0,1.0,Model-matched,0
adult,hgb,treeshap,229,0.022779093558457166,1.0,1.0,1.0,Model-matched,0
adult,hgb,treeshap,230,0.007918569822722791,0.86,1.0,1.0,Model-matched,0
adult,hgb,treeshap,231,0.0840409960176844,0.92,1.0,1.0,Model-matched,0
adult,hgb,treeshap,232,0.03291735789055697,1.0,1.0,1.0,Model-matched,0
adult,hgb,treeshap,233,0.008272288777968304,0.8800000000000001,1.0,1.0,Model-matched,0
adult,hgb,treeshap,234,0.02322255911234564,0.86,1.0,1.0,Model-matched,0
adult,hgb,treeshap,235,0.022746646922773603,0.86,1.0,1.0,Model-matched,0
adult,hgb,treeshap,236,0.027723208762442792,0.82,1.0,1.0,Model-matched,0
adult,hgb,treeshap,237,0.032942739242289645,1.0,1.0,1.0,Model-matched,0
adult,hgb,treeshap,238,0.07369703155693604,0.9200000000000002,1.0,1.0,Model-matched,0
adult,hgb,treeshap,239,0.020980502768414174,0.7399999999999999,1.0,1.0,Model-matched,1
adult,hgb,treeshap,240,0.01773794990020696,1.0,1.0,1.0,Model-matched,0
adult,hgb,treeshap,241,0.010001020354542221,0.7999999999999999,1.0,1.0,Model-matched,1
adult,hgb,treeshap,242,0.013661169736148013,0.82,1.0,1.0,Model-matched,0
adult,hgb,treeshap,243,0.021669239288853837,0.74,1.0,1.0,Model-matched,1
adult,hgb,treeshap,244,0.14131984892863317,1.0,1.0,1.0,Model-matched,0
adult,hgb,treeshap,245,0.001681260607110759,0.78,1.0,1.0,Model-matched,1
adult,hgb,treeshap,246,0.055046711080731975,0.92,1.0,1.0,Model-matched,0
adult,hgb,treeshap,247,0.08240116120257106,0.8400000000000001,1.0,1.0,Model-matched,0
adult,hgb,treeshap,248,0.056232019630102326,0.92,1.0,1.0,Model-matched,0
adult,hgb,treeshap,249,0.003144990063844227,0.8399999999999999,1.0,1.0,Model-matched,0
adult,hgb,treeshap,250,0.06645676167263968,0.86,1.0,1.0,Model-matched,0
adult,hgb,treeshap,251,0.01585138761181971,1.0,1.0,1.0,Model-matched,0
adult,hgb,treeshap,252,0.02601848638872538,0.7199999999999999,1.0,1.0,Model-matched,1
adult,hgb,treeshap,253,0.005843405874268408,0.8400000000000001,1.0,1.0,Model-matched,0
adult,hgb,treeshap,254,0.11056780285683057,1.0,1.0,1.0,Model-matched,0
adult,hgb,treeshap,255,0.01249811504023725,0.86,1.0,1.0,Model-matched,0
adult,hgb,treeshap,256,0.014865142826136242,0.92,1.0,1.0,Model-matched,0
adult,hgb,treeshap,257,0.11617830561825822,0.8799999999999999,1.0,1.0,Model-matched,0
adult,hgb,treeshap,258,0.03102822138947313,1.0,1.0,1.0,Model-matched,0
adult,hgb,treeshap,259,0.07325544588661043,1.0,1.0,1.0,Model-matched,0
adult,hgb,treeshap,260,0.037169487202977664,0.7599999999999999,1.0,1.0,Model-matched,1
adult,hgb,treeshap,261,0.010890135562392603,0.92,1.0,1.0,Model-matched,0
adult,hgb,treeshap,262,0.027783000306627243,0.7999999999999999,1.0,1.0,Model-matched,1
adult,hgb,treeshap,263,0.1951325174446536,1.0,1.0,1.0,Model-matched,0
adult,hgb,treeshap,264,0.04456039787746915,0.86,1.0,1.0,Model-matched,0
adult,hgb,treeshap,265,0.08023061655888515,0.92,1.0,1.0,Model-matched,0
adult,hgb,treeshap,266,0.1053640333857506,0.78,1.0,1.0,Model-matched,1
adult,hgb,treeshap,267,0.07350880018767997,0.92,1.0,1.0,Model-matched,0
adult,hgb,treeshap,268,0.08917115160353015,0.8799999999999999,1.0,1.0,Model-matched,0
adult,hgb,treeshap,269,0.06676516010862632,0.8400000000000001,1.0,1.0,Model-matched,0
adult,hgb,treeshap,270,7.766022131356174e-06,0.8800000000000001,1.0,1.0,Model-matched,0
adult,hgb,treeshap,271,0.07113139392676752,1.0,1.0,1.0,Model-matched,0
adult,hgb,treeshap,272,0.016977869754985823,0.9200000000000002,1.0,1.0,Model-matched,0
adult,hgb,treeshap,273,0.03171289797627039,0.92,1.0,1.0,Model-matched,0
adult,hgb,treeshap,274,0.030798306689219183,0.92,1.0,1.0,Model-matched,0
adult,hgb,treeshap,275,0.1299845686126065,1.0,1.0,1.0,Model-matched,0
adult,hgb,treeshap,276,0.06755507032871323,1.0,1.0,1.0,Model-matched,0
adult,hgb,treeshap,277,0.05206897164039386,0.86,1.0,1.0,Model-matched,0
adult,hgb,treeshap,278,0.18078957080613067,0.92,1.0,1.0,Model-matched,0
adult,hgb,treeshap,279,0.01836048618593237,0.86,1.0,1.0,Model-matched,0
adult,hgb,treeshap,280,0.07255764865768573,0.8400000000000001,1.0,1.0,Model-matched,0
adult,hgb,treeshap,281,0.03653808399276536,1.0,1.0,1.0,Model-matched,0
adult,hgb,treeshap,282,0.059681754406408834,0.86,1.0,1.0,Model-matched,0
adult,hgb,treeshap,283,0.0069950885905253925,0.86,1.0,1.0,Model-matched,0
adult,hgb,treeshap,284,0.10452655312246482,0.7999999999999999,1.0,1.0,Model-matched,1
adult,hgb,treeshap,285,0.059292995889817283,0.7199999999999999,1.0,1.0,Model-matched,1
adult,hgb,treeshap,286,0.003280434845040324,0.8800000000000001,1.0,1.0,Model-matched,0
adult,hgb,treeshap,287,0.0007984895168810008,0.92,1.0,1.0,Model-matched,0
adult,hgb,treeshap,288,0.03364071136261293,1.0,1.0,1.0,Model-matched,0
adult,hgb,treeshap,289,0.009581329232312242,0.8800000000000001,1.0,1.0,Model-matched,0
adult,hgb,treeshap,290,0.06356730305152163,1.0,1.0,1.0,Model-matched,0
adult,hgb,treeshap,291,0.003324626537577753,0.86,1.0,1.0,Model-matched,0
adult,hgb,treeshap,292,0.011602598927819873,0.8400000000000001,1.0,1.0,Model-matched,0
adult,hgb,treeshap,293,0.081589700846676,1.0,1.0,1.0,Model-matched,0
adult,hgb,treeshap,294,0.12725478044912664,1.0,1.0,1.0,Model-matched,0
adult,hgb,treeshap,295,0.08549249201882421,1.0,1.0,1.0,Model-matched,0
adult,hgb,treeshap,296,0.11271341544939069,0.7599999999999999,1.0,1.0,Model-matched,1
adult,hgb,treeshap,297,0.05539783130808718,0.8799999999999999,1.0,1.0,Model-matched,0
adult,hgb,treeshap,298,0.06855359647341555,1.0,1.0,1.0,Model-matched,0
adult,hgb,treeshap,299,0.02790251878405703,1.0,1.0,1.0,Model-matched,0
adult,hgb,treeshap,300,0.000667204805441281,1.0,1.0,1.0,Model-matched,0
adult,hgb,treeshap,301,0.17273384058174077,1.0,1.0,1.0,Model-matched,0
adult,hgb,treeshap,302,0.06849489890123744,0.92,1.0,1.0,Model-matched,0
adult,hgb,treeshap,303,0.13085120900105784,0.76,1.0,1.0,Model-matched,1
adult,hgb,treeshap,304,0.03383074407514675,0.86,1.0,1.0,Model-matched,0
adult,hgb,treeshap,305,0.018831601294431337,0.86,1.0,1.0,Model-matched,0
adult,hgb,treeshap,306,0.019873164792296713,0.86,1.0,1.0,Model-matched,0
adult,hgb,treeshap,307,0.0183739677265218,1.0,1.0,1.0,Model-matched,0
adult,hgb,treeshap,308,0.1500540760764211,1.0,1.0,1.0,Model-matched,0
adult,hgb,treeshap,309,0.04563913633527666,0.86,1.0,1.0,Model-matched,0
adult,hgb,treeshap,310,0.026508613399468025,0.92,1.0,1.0,Model-matched,0
adult,hgb,treeshap,311,0.03822136636706146,0.92,1.0,1.0,Model-matched,0
adult,hgb,treeshap,312,0.1049239063654289,0.78,1.0,1.0,Model-matched,1
adult,hgb,treeshap,313,0.07404805762990348,1.0,1.0,1.0,Model-matched,0
adult,hgb,treeshap,314,0.07889998334175485,0.8800000000000001,1.0,1.0,Model-matched,0
adult,hgb,treeshap,315,0.00390553733200402,0.8399999999999999,1.0,1.0,Model-matched,0
adult,hgb,treeshap,316,0.025303993996111947,1.0,1.0,1.0,Model-matched,0
adult,hgb,treeshap,317,0.08929460786867079,1.0,1.0,1.0,Model-matched,0
adult,hgb,treeshap,318,0.09002612749514621,1.0,1.0,1.0,Model-matched,0
adult,hgb,treeshap,319,0.021474600841186155,0.9200000000000002,1.0,1.0,Model-matched,0
adult,hgb,treeshap,320,0.04170755331370857,0.7599999999999999,1.0,1.0,Model-matched,1
adult,hgb,treeshap,321,0.22327412613551756,0.92,1.0,1.0,Model-matched,0
adult,hgb,treeshap,322,0.0008001887150526636,0.82,1.0,1.0,Model-matched,0
adult,hgb,treeshap,323,0.028183954506250972,0.9200000000000002,1.0,1.0,Model-matched,0
adult,hgb,treeshap,324,0.012735845935998984,0.92,1.0,1.0,Model-matched,0
adult,hgb,treeshap,325,0.011584328069703902,0.8399999999999999,1.0,1.0,Model-matched,0
adult,hgb,treeshap,326,0.019324924338658223,0.7999999999999999,1.0,1.0,Model-matched,1
adult,hgb,treeshap,327,0.1113651030162498,0.8399999999999999,1.0,1.0,Model-matched,0
adult,hgb,treeshap,328,0.0028905821472781637,0.8799999999999999,1.0,1.0,Model-matched,0
adult,hgb,treeshap,329,0.016379922893489662,0.74,1.0,1.0,Model-matched,1
adult,hgb,treeshap,330,0.011305289254968053,0.7399999999999999,1.0,1.0,Model-matched,1
adult,hgb,treeshap,331,0.056105434166022344,1.0,1.0,1.0,Model-matched,0
adult,hgb,treeshap,332,0.011218649719436351,0.7999999999999999,1.0,1.0,Model-matched,1
adult,hgb,treeshap,333,0.008548736154923305,0.92,1.0,1.0,Model-matched,0
adult,hgb,treeshap,334,0.06341363519859121,0.8800000000000001,1.0,1.0,Model-matched,0
adult,hgb,treeshap,335,0.03864124921919885,0.8799999999999999,1.0,1.0,Model-matched,0
adult,hgb,treeshap,336,0.15437315922591902,1.0,1.0,1.0,Model-matched,0
adult,hgb,treeshap,337,0.00975570768877395,0.82,1.0,1.0,Model-matched,0
adult,hgb,treeshap,338,0.10746179573585982,1.0,1.0,1.0,Model-matched,0
adult,hgb,treeshap,339,0.12192440592573969,1.0,1.0,1.0,Model-matched,0
adult,hgb,treeshap,340,0.07467988219785135,0.8800000000000001,1.0,1.0,Model-matched,0
adult,hgb,treeshap,341,0.05763839650531756,0.8400000000000001,1.0,1.0,Model-matched,0
adult,hgb,treeshap,342,0.009251862024175,0.82,1.0,1.0,Model-matched,0
adult,hgb,treeshap,343,0.04634197695992822,0.92,1.0,1.0,Model-matched,0
adult,hgb,treeshap,344,0.0648060143698611,0.9200000000000002,1.0,1.0,Model-matched,0
adult,hgb,treeshap,345,0.05572658365656653,1.0,1.0,1.0,Model-matched,0
adult,hgb,treeshap,346,0.12659547155823878,1.0,1.0,1.0,Model-matched,0
adult,hgb,treeshap,347,0.004333866457006068,1.0,1.0,1.0,Model-matched,0
adult,hgb,treeshap,348,0.0007001627730778261,0.8799999999999999,1.0,1.0,Model-matched,0
adult,hgb,treeshap,349,0.11118131125227872,0.92,1.0,1.0,Model-matched,0
adult,hgb,treeshap,350,0.07793611051719623,0.8800000000000001,1.0,1.0,Model-matched,0
adult,hgb,treeshap,351,0.062425828944117544,0.8800000000000001,1.0,1.0,Model-matched,0
adult,hgb,treeshap,352,0.012246761714931394,0.8800000000000001,1.0,1.0,Model-matched,0
adult,hgb,treeshap,353,0.004731388286671554,0.92,1.0,1.0,Model-matched,0
adult,hgb,treeshap,354,0.07431598006402179,0.86,1.0,1.0,Model-matched,0
adult,hgb,treeshap,355,0.0318221875792007,0.8800000000000001,1.0,1.0,Model-matched,0
adult,hgb,treeshap,356,0.06868901046337836,1.0,1.0,1.0,Model-matched,0
adult,hgb,treeshap,357,0.032557992933298106,0.8400000000000001,1.0,1.0,Model-matched,0
adult,hgb,treeshap,358,0.16725418865991953,1.0,1.0,1.0,Model-matched,0
adult,hgb,treeshap,359,0.07002950751527386,1.0,1.0,1.0,Model-matched,0
adult,hgb,treeshap,360,0.0035185772875062204,0.8400000000000001,1.0,1.0,Model-matched,0
adult,hgb,treeshap,361,0.0689900937723994,1.0,1.0,1.0,Model-matched,0
adult,hgb,treeshap,362,0.03135155393567596,0.74,1.0,1.0,Model-matched,1
adult,hgb,treeshap,363,0.01641752722677074,0.8400000000000001,1.0,1.0,Model-matched,0
adult,hgb,treeshap,364,0.04013464565471679,0.9200000000000002,1.0,1.0,Model-matched,0
adult,hgb,treeshap,365,0.005186924532794338,0.8799999999999999,1.0,1.0,Model-matched,0
adult,hgb,treeshap,366,0.00208564883311054,0.92,1.0,1.0,Model-matched,0
adult,hgb,treeshap,367,0.017315942642762167,0.74,1.0,1.0,Model-matched,1
adult,hgb,treeshap,368,0.3180010720656681,1.0,1.0,1.0,Model-matched,0
adult,hgb,treeshap,369,0.039032310673503906,0.92,1.0,1.0,Model-matched,0
adult,hgb,treeshap,370,0.1101555906002566,0.9200000000000002,1.0,1.0,Model-matched,0
adult,hgb,treeshap,371,0.045245436577965495,0.7999999999999999,1.0,1.0,Model-matched,1
adult,hgb,treeshap,372,0.035823416519630454,0.8799999999999999,1.0,1.0,Model-matched,0
adult,hgb,treeshap,373,0.07958406235839866,1.0,1.0,1.0,Model-matched,0
adult,hgb,treeshap,374,0.0645463151296557,0.86,1.0,1.0,Model-matched,0
adult,hgb,treeshap,375,0.03226164555543331,1.0,1.0,1.0,Model-matched,0
adult,hgb,treeshap,376,0.006446309588317415,0.7999999999999999,1.0,1.0,Model-matched,1
adult,hgb,treeshap,377,0.03154388284081785,0.8800000000000001,1.0,1.0,Model-matched,0
adult,hgb,treeshap,378,0.0038587441794077047,0.92,1.0,1.0,Model-matched,0
adult,hgb,treeshap,379,0.02923432498298355,1.0,1.0,1.0,Model-matched,0
adult,hgb,treeshap,380,0.00010726537538574378,1.0,1.0,1.0,Model-matched,0
adult,hgb,treeshap,381,0.022068467614523586,0.7,1.0,1.0,Model-matched,1
adult,hgb,treeshap,382,0.10601164863758812,1.0,1.0,1.0,Model-matched,0
adult,hgb,treeshap,383,0.2268391346417707,0.7599999999999999,1.0,1.0,Model-matched,1
adult,hgb,treeshap,384,0.02009844499987403,0.7999999999999999,1.0,1.0,Model-matched,1
adult,hgb,treeshap,385,0.0019781102875558792,0.8800000000000001,1.0,1.0,Model-matched,0
adult,hgb,treeshap,386,0.03632530585056722,0.8800000000000001,1.0,1.0,Model-matched,0
adult,hgb,treeshap,387,0.004454406182530723,0.92,1.0,1.0,Model-matched,0
adult,hgb,treeshap,388,0.09873993045490677,0.8400000000000001,1.0,1.0,Model-matched,0
adult,hgb,treeshap,389,0.008675295652972329,0.92,1.0,1.0,Model-matched,0
adult,hgb,treeshap,390,0.0024376843313413865,0.8,1.0,1.0,Model-matched,0
adult,hgb,treeshap,391,0.0015965785923662376,0.8800000000000001,1.0,1.0,Model-matched,0
adult,hgb,treeshap,392,0.07323579804492794,0.8799999999999999,1.0,1.0,Model-matched,0
adult,hgb,treeshap,393,0.069433899416498,0.7999999999999999,1.0,1.0,Model-matched,1
adult,hgb,treeshap,394,0.014936040509736327,0.8800000000000001,1.0,1.0,Model-matched,0
adult,hgb,treeshap,395,0.18610879785747264,1.0,1.0,1.0,Model-matched,0
adult,hgb,treeshap,396,0.09174281465939046,0.8400000000000001,1.0,1.0,Model-matched,0
adult,hgb,treeshap,397,0.07619379194067032,0.82,1.0,1.0,Model-matched,0
adult,hgb,treeshap,398,0.03837437855623041,0.86,1.0,1.0,Model-matched,0
adult,hgb,treeshap,399,0.13123565542824278,1.0,1.0,1.0,Model-matched,0
adult,hgb,treeshap,400,0.04325037094774981,1.0,1.0,1.0,Model-matched,0
adult,hgb,treeshap,401,0.0472582926809347,0.82,1.0,1.0,Model-matched,0
adult,hgb,treeshap,402,0.08276086029715063,0.92,1.0,1.0,Model-matched,0
adult,hgb,treeshap,403,0.05417793553449456,1.0,1.0,1.0,Model-matched,0
adult,hgb,treeshap,404,0.06874036664449892,1.0,1.0,1.0,Model-matched,0
adult,hgb,treeshap,405,0.026261316522635,0.86,1.0,1.0,Model-matched,0
adult,hgb,treeshap,406,0.025402234434939573,0.72,1.0,1.0,Model-matched,1
adult,hgb,treeshap,407,0.1564646489446012,0.92,1.0,1.0,Model-matched,0
adult,hgb,treeshap,408,0.09330140065031717,1.0,1.0,1.0,Model-matched,0
adult,hgb,treeshap,409,0.11349432419388626,0.9200000000000002,1.0,1.0,Model-matched,0
adult,hgb,treeshap,410,0.03431584833511722,0.8799999999999999,1.0,1.0,Model-matched,0
adult,hgb,treeshap,411,0.08504567781412896,0.8800000000000001,1.0,1.0,Model-matched,0
adult,hgb,treeshap,412,0.04906645006739962,1.0,1.0,1.0,Model-matched,0
adult,hgb,treeshap,413,0.03621862116037356,0.92,1.0,1.0,Model-matched,0
adult,hgb,treeshap,414,0.028712404057572707,0.82,1.0,1.0,Model-matched,0
adult,hgb,treeshap,415,0.07440643185188608,0.7999999999999999,1.0,1.0,Model-matched,1
adult,hgb,treeshap,416,0.03412963623213542,0.9200000000000002,1.0,1.0,Model-matched,0
adult,hgb,treeshap,417,0.2675186639047072,1.0,1.0,1.0,Model-matched,0
adult,hgb,treeshap,418,0.5658259129625641,1.0,1.0,1.0,Model-matched,0
adult,hgb,treeshap,419,0.030624417433394252,0.8799999999999999,1.0,1.0,Model-matched,0
adult,hgb,treeshap,420,0.025928644424982286,0.7799999999999999,1.0,1.0,Model-matched,1
adult,hgb,treeshap,421,0.045725711173864196,0.92,1.0,1.0,Model-matched,0
adult,hgb,treeshap,422,0.011169307608367388,0.8400000000000001,1.0,1.0,Model-matched,0
adult,hgb,treeshap,423,0.03044006442755495,0.92,1.0,1.0,Model-matched,0
adult,hgb,treeshap,424,0.06200605096541004,0.92,1.0,1.0,Model-matched,0
adult,hgb,treeshap,425,0.032511684979116835,0.8800000000000001,1.0,1.0,Model-matched,0
adult,hgb,treeshap,426,0.08721373384946499,1.0,1.0,1.0,Model-matched,0
adult,hgb,treeshap,427,0.0027845810517593875,0.86,1.0,1.0,Model-matched,0
adult,hgb,treeshap,428,0.09911708470556767,1.0,1.0,1.0,Model-matched,0
adult,hgb,treeshap,429,0.048288039987216695,0.8800000000000001,1.0,1.0,Model-matched,0
adult,hgb,treeshap,430,0.06904196668146363,1.0,1.0,1.0,Model-matched,0
adult,hgb,treeshap,431,0.10789053185499241,0.92,1.0,1.0,Model-matched,0
adult,hgb,treeshap,432,0.003908391788449888,0.92,1.0,1.0,Model-matched,0
adult,hgb,treeshap,433,0.10341773575699265,0.6799999999999999,1.0,1.0,Model-matched,1
adult,hgb,treeshap,434,0.011036901763291194,0.92,1.0,1.0,Model-matched,0
adult,hgb,treeshap,435,0.05954687136886666,0.92,1.0,1.0,Model-matched,0
adult,hgb,treeshap,436,0.012506215797710288,1.0,1.0,1.0,Model-matched,0
adult,hgb,treeshap,437,0.015477391654704029,0.7599999999999999,1.0,1.0,Model-matched,1
adult,hgb,treeshap,438,0.08621147811602231,0.92,1.0,1.0,Model-matched,0
adult,hgb,treeshap,439,0.08273899803777403,1.0,1.0,1.0,Model-matched,0
adult,hgb,treeshap,440,0.047741352002186134,0.8800000000000001,1.0,1.0,Model-matched,0
adult,hgb,treeshap,441,0.06463715468534542,1.0,1.0,1.0,Model-matched,0
adult,hgb,treeshap,442,0.03567767353404611,0.92,1.0,1.0,Model-matched,0
adult,hgb,treeshap,443,0.01918661841799135,0.7399999999999999,1.0,1.0,Model-matched,1
adult,hgb,treeshap,444,0.004145720858311529,0.8800000000000001,1.0,1.0,Model-matched,0
adult,hgb,treeshap,445,0.008602373819286694,1.0,1.0,1.0,Model-matched,0
adult,hgb,treeshap,446,0.015862485936803568,0.92,1.0,1.0,Model-matched,0
adult,hgb,treeshap,447,0.027819608583340035,0.8400000000000001,1.0,1.0,Model-matched,0
adult,hgb,treeshap,448,0.08411318806900214,1.0,1.0,1.0,Model-matched,0
adult,hgb,treeshap,449,0.06185070146416784,1.0,1.0,1.0,Model-matched,0
adult,hgb,treeshap,450,0.1633941571779989,0.92,1.0,1.0,Model-matched,0
adult,hgb,treeshap,451,0.025123206277120044,1.0,1.0,1.0,Model-matched,0
adult,hgb,treeshap,452,0.023735674996615403,0.92,1.0,1.0,Model-matched,0
adult,hgb,treeshap,453,0.11407579618398189,0.92,1.0,1.0,Model-matched,0
adult,hgb,treeshap,454,0.003330005106510562,1.0,1.0,1.0,Model-matched,0
adult,hgb,treeshap,455,0.015493401553358129,0.82,1.0,1.0,Model-matched,0
adult,hgb,treeshap,456,0.017192907520696122,0.9200000000000002,1.0,1.0,Model-matched,0
adult,hgb,treeshap,457,0.017894495727968623,0.8799999999999999,1.0,1.0,Model-matched,0
adult,hgb,treeshap,458,0.05326861623463251,0.86,1.0,1.0,Model-matched,0
adult,hgb,treeshap,459,0.041905270400252104,0.8800000000000001,1.0,1.0,Model-matched,0
adult,hgb,treeshap,460,0.046026218574814586,0.92,1.0,1.0,Model-matched,0
adult,hgb,treeshap,461,0.04415474257140704,1.0,1.0,1.0,Model-matched,0
adult,hgb,treeshap,462,0.06432371082783625,0.92,1.0,1.0,Model-matched,0
adult,hgb,treeshap,463,0.05067317204705951,0.8799999999999999,1.0,1.0,Model-matched,0
adult,hgb,treeshap,464,0.027250584697409232,0.8400000000000001,1.0,1.0,Model-matched,0
adult,hgb,treeshap,465,0.09475629844645618,1.0,1.0,1.0,Model-matched,0
adult,hgb,treeshap,466,0.1127125568259294,0.92,1.0,1.0,Model-matched,0
adult,hgb,treeshap,467,0.07440103387106606,1.0,1.0,1.0,Model-matched,0
adult,hgb,treeshap,468,0.07306420572478665,0.7799999999999999,1.0,1.0,Model-matched,1
adult,hgb,treeshap,469,0.005445900118500004,0.76,1.0,1.0,Model-matched,1
adult,hgb,treeshap,470,0.02219545911332526,0.92,1.0,1.0,Model-matched,0
adult,hgb,treeshap,471,0.07576893184783964,0.9200000000000002,1.0,1.0,Model-matched,0
adult,hgb,treeshap,472,0.2300528192013167,1.0,1.0,1.0,Model-matched,0
adult,hgb,treeshap,473,0.04571323573673985,0.8400000000000001,1.0,1.0,Model-matched,0
adult,hgb,treeshap,474,0.03993061650161114,0.8399999999999999,1.0,1.0,Model-matched,0
adult,hgb,treeshap,475,0.03780562819414361,0.92,1.0,1.0,Model-matched,0
adult,hgb,treeshap,476,0.005036653068533669,0.6399999999999999,1.0,1.0,Model-matched,1
adult,hgb,treeshap,477,0.07381275563825375,0.92,1.0,1.0,Model-matched,0
adult,hgb,treeshap,478,0.005065971380816144,0.92,1.0,1.0,Model-matched,0
adult,hgb,treeshap,479,0.06451939429990583,1.0,1.0,1.0,Model-matched,0
adult,hgb,treeshap,480,0.030574644017026375,0.82,1.0,1.0,Model-matched,0
adult,hgb,treeshap,481,0.10129469921390494,0.9200000000000002,1.0,1.0,Model-matched,0
adult,hgb,treeshap,482,0.01811246330580761,0.92,1.0,1.0,Model-matched,0
adult,hgb,treeshap,483,0.025877437406695805,1.0,1.0,1.0,Model-matched,0
adult,hgb,treeshap,484,0.009706269533061095,0.86,1.0,1.0,Model-matched,0
adult,hgb,treeshap,485,0.045408520238937974,0.86,1.0,1.0,Model-matched,0
adult,hgb,treeshap,486,0.014483927583221402,0.86,1.0,1.0,Model-matched,0
adult,hgb,treeshap,487,0.07282551327359646,1.0,1.0,1.0,Model-matched,0
adult,hgb,treeshap,488,0.0032269420950166963,0.8400000000000001,1.0,1.0,Model-matched,0
adult,hgb,treeshap,489,0.09836238335970722,0.92,1.0,1.0,Model-matched,0
adult,hgb,treeshap,490,0.0010947128408651838,0.76,1.0,1.0,Model-matched,1
adult,hgb,treeshap,491,0.0007996148193037801,0.8400000000000001,1.0,1.0,Model-matched,0
adult,hgb,treeshap,492,0.027644779171925118,0.86,1.0,1.0,Model-matched,0
adult,hgb,treeshap,493,0.03873565449782371,0.92,1.0,1.0,Model-matched,0
adult,hgb,treeshap,494,0.1523208892624795,0.8400000000000001,1.0,1.0,Model-matched,0
adult,hgb,treeshap,495,0.035325066111670515,0.86,1.0,1.0,Model-matched,0
adult,hgb,treeshap,496,0.07198063887808989,0.8800000000000001,1.0,1.0,Model-matched,0
adult,hgb,treeshap,497,0.0601685871738948,0.92,1.0,1.0,Model-matched,0
adult,hgb,treeshap,498,0.18981834913853865,1.0,1.0,1.0,Model-matched,0
adult,hgb,treeshap,499,0.07137438650151172,0.8400000000000001,1.0,1.0,Model-matched,0
adult,hgb,lime,0,0.01499133964356478,0.6399999999999999,0.6,0.616,LIME,1
adult,hgb,lime,1,0.00047137597095842435,0.5999999999999999,0.62,0.648,LIME,1
adult,hgb,lime,2,0.013723041086126047,0.6199999999999999,0.6,0.6,LIME,1
adult,hgb,lime,3,0.0005663374336617485,0.7199999999999999,0.64,0.7,LIME,1
adult,hgb,lime,4,0.034835544250062835,0.6199999999999999,0.6199999999999999,0.624,LIME,1
adult,hgb,lime,5,0.0229176899659482,0.48,0.62,0.5920000000000001,LIME,1
adult,hgb,lime,6,0.03361321302865266,0.6599999999999999,0.6799999999999999,0.6559999999999999,LIME,1
adult,hgb,lime,7,0.005587782913466206,0.6399999999999999,0.64,0.6727272727272727,LIME,1
adult,hgb,lime,8,0.011344831157600524,0.58,0.6,0.6560000000000001,LIME,1
adult,hgb,lime,9,0.010458702406114094,0.6399999999999999,0.5599999999999999,0.6142857142857142,LIME,1
adult,hgb,lime,10,0.003957468283823639,0.6,0.58,0.6285714285714287,LIME,1
adult,hgb,lime,11,0.00910715320506348,0.6199999999999999,0.6799999999999999,0.616,LIME,1
adult,hgb,lime,12,0.005732893869013379,0.7199999999999999,0.72,0.672,LIME,1
adult,hgb,lime,13,0.0005024557277847873,0.6399999999999999,0.64,0.64,LIME,1
adult,hgb,lime,14,0.05795006516506135,0.6799999999999999,0.6799999999999999,0.6857142857142857,LIME,1
adult,hgb,lime,15,0.047245310245802606,0.6199999999999999,0.62,0.6090909090909091,LIME,1
adult,hgb,lime,16,0.01654095144609207,0.62,0.74,0.6559999999999999,LIME,1
adult,hgb,lime,17,0.006852344149143252,0.5800000000000001,0.64,0.648,LIME,1
adult,hgb,lime,18,0.02036458672928655,0.5800000000000001,0.62,0.648,LIME,1
adult,hgb,lime,19,0.011639887727894168,0.6199999999999999,0.58,0.64,LIME,1
adult,hgb,lime,20,0.022624761728691545,0.5000000000000001,0.58,0.6,LIME,1
adult,hgb,lime,21,0.009197360147219785,0.5799999999999998,0.64,0.6559999999999999,LIME,1
adult,hgb,lime,22,0.011369120832640614,0.5999999999999999,0.68,0.616,LIME,1
adult,hgb,lime,23,0.00021280484526016284,0.6199999999999999,0.5599999999999999,0.616,LIME,1
adult,hgb,lime,24,0.05276949612068544,0.58,0.7,0.624,LIME,1
adult,hgb,lime,25,0.023508121265709284,0.6,0.6599999999999999,0.616,LIME,1
adult,hgb,lime,26,0.008385728511331647,0.5599999999999999,0.58,0.6,LIME,1
adult,hgb,lime,27,0.0012688467930897255,0.56,0.54,0.6083333333333333,LIME,1
adult,hgb,lime,28,0.028088245904068127,0.5,0.62,0.6,LIME,1
adult,hgb,lime,29,0.0066704755971524156,0.6399999999999999,0.72,0.648,LIME,1
adult,hgb,lime,30,0.013817944254716118,0.72,0.74,0.7130434782608696,LIME,1
adult,hgb,lime,31,0.02837311084277897,0.6399999999999999,0.58,0.6,LIME,1
adult,hgb,lime,32,0.006217012235799814,0.74,0.62,0.6666666666666666,LIME,1
adult,hgb,lime,33,0.0075591672319680675,0.6799999999999999,0.6799999999999999,0.6842105263157895,LIME,1
adult,hgb,lime,34,0.02925844557024112,0.6399999999999999,0.62,0.648,LIME,1
adult,hgb,lime,35,0.0017085250919929567,0.72,0.5599999999999999,0.624,LIME,1
adult,hgb,lime,36,0.013312908104737118,0.7399999999999999,0.62,0.664,LIME,1
adult,hgb,lime,37,0.00048636348150196126,0.6799999999999999,0.64,0.672,LIME,1
adult,hgb,lime,38,0.01094851462659465,0.62,0.6599999999999999,0.5583333333333333,LIME,1
adult,hgb,lime,39,0.03758337237086621,0.5799999999999998,0.58,0.6285714285714287,LIME,1
adult,hgb,lime,40,0.0033460064191415877,0.6,0.6599999999999999,0.5583333333333333,LIME,1
adult,hgb,lime,41,0.009235597224418288,0.5599999999999999,0.6799999999999999,0.5760000000000001,LIME,1
adult,hgb,lime,42,0.009484154641781312,0.7999999999999999,0.74,0.6695652173913044,LIME,1
adult,hgb,lime,43,0.00043309736322800975,0.6199999999999999,0.6799999999999999,0.624,LIME,1
adult,hgb,lime,44,0.022137216885591875,0.6,0.58,0.632,LIME,1
adult,hgb,lime,45,0.0024516454837420916,0.6399999999999999,0.7,0.624,LIME,1
adult,hgb,lime,46,0.022121848330919392,0.5399999999999999,0.7,0.6080000000000001,LIME,1
adult,hgb,lime,47,0.005026590550373147,0.6199999999999999,0.62,0.664,LIME,1
adult,hgb,lime,48,0.00854587828356957,0.58,0.6599999999999999,0.608,LIME,1
adult,hgb,lime,49,0.014966593884879038,0.7,0.7,0.6761904761904762,LIME,1
adult,hgb,lime,50,0.002377392386589227,0.6,1.0,1.0,LIME,1
adult,hgb,lime,51,0.005760739956976598,0.6199999999999999,1.0,1.0,LIME,1
adult,hgb,lime,52,0.01117609762008521,0.72,1.0,1.0,LIME,1
adult,hgb,lime,53,0.0008741852298049922,0.6,1.0,1.0,LIME,1
adult,hgb,lime,54,0.05074859776703149,0.58,1.0,1.0,LIME,1
adult,hgb,lime,55,0.014595415750946283,0.54,1.0,1.0,LIME,1
adult,hgb,lime,56,0.005196458377314763,0.58,1.0,1.0,LIME,1
adult,hgb,lime,57,0.07327676329062346,0.6599999999999999,1.0,1.0,LIME,1
adult,hgb,lime,58,0.02574109908584145,0.5,1.0,1.0,LIME,1
adult,hgb,lime,59,0.037613369875647354,0.7,1.0,1.0,LIME,1
adult,hgb,lime,60,0.010757246146531887,0.6399999999999999,1.0,1.0,LIME,1
adult,hgb,lime,61,0.00910430964747849,0.6199999999999999,1.0,1.0,LIME,1
adult,hgb,lime,62,0.031818446146431964,0.6599999999999999,1.0,1.0,LIME,1
adult,hgb,lime,63,0.0038610796750871935,0.64,1.0,1.0,LIME,1
adult,hgb,lime,64,0.055307345395976405,0.6,1.0,1.0,LIME,1
adult,hgb,lime,65,0.005380156420926472,0.5399999999999999,1.0,1.0,LIME,1
adult,hgb,lime,66,0.01909138847322254,0.5800000000000001,1.0,1.0,LIME,1
adult,hgb,lime,67,0.0001119316393800602,0.6799999999999999,1.0,1.0,LIME,1
adult,hgb,lime,68,0.027693031769788757,0.56,1.0,1.0,LIME,1
adult,hgb,lime,69,0.00416078347200151,0.48,1.0,1.0,LIME,1
adult,hgb,lime,70,0.007925330865805305,0.54,1.0,1.0,LIME,1
adult,hgb,lime,71,0.013843520799808228,0.64,1.0,1.0,LIME,1
adult,hgb,lime,72,0.0017158635768628769,0.6799999999999999,1.0,1.0,LIME,1
adult,hgb,lime,73,0.0005562352246354285,0.6799999999999999,1.0,1.0,LIME,1
adult,hgb,lime,74,0.009171274983504219,0.6599999999999999,1.0,1.0,LIME,1
adult,hgb,lime,75,0.029585120299285797,0.54,1.0,1.0,LIME,1
adult,hgb,lime,76,0.04338827425543863,0.6399999999999999,1.0,1.0,LIME,1
adult,hgb,lime,77,0.03907985003519816,0.72,1.0,1.0,LIME,1
adult,hgb,lime,78,0.01624207345543366,0.5599999999999999,1.0,1.0,LIME,1
adult,hgb,lime,79,0.028315051882535875,0.6399999999999999,1.0,1.0,LIME,1
adult,hgb,lime,80,0.009325857556992419,0.6399999999999999,1.0,1.0,LIME,1
adult,hgb,lime,81,0.02773630643573336,0.6199999999999999,1.0,1.0,LIME,1
adult,hgb,lime,82,0.013467747397519174,0.64,1.0,1.0,LIME,1
adult,hgb,lime,83,0.00320962363708466,0.6399999999999999,1.0,1.0,LIME,1
adult,hgb,lime,84,0.014643035936917794,0.72,1.0,1.0,LIME,1
adult,hgb,lime,85,0.01086007286557273,0.6599999999999999,1.0,1.0,LIME,1
adult,hgb,lime,86,0.017684135450548866,0.6399999999999999,1.0,1.0,LIME,1
adult,hgb,lime,87,0.02487908875825264,0.6599999999999999,1.0,1.0,LIME,1
adult,hgb,lime,88,0.035083631064531814,0.7999999999999999,1.0,1.0,LIME,1
adult,hgb,lime,89,0.029638649753616592,0.5199999999999999,1.0,1.0,LIME,1
adult,hgb,lime,90,0.02165370460412375,0.64,1.0,1.0,LIME,1
adult,hgb,lime,91,0.04974045257498213,0.6599999999999999,1.0,1.0,LIME,1
adult,hgb,lime,92,0.008485070773032092,0.6399999999999999,1.0,1.0,LIME,1
adult,hgb,lime,93,0.0018672611834008733,0.6599999999999999,1.0,1.0,LIME,1
adult,hgb,lime,94,0.018681992959446357,0.6599999999999999,1.0,1.0,LIME,1
adult,hgb,lime,95,0.021631059362380297,0.6,1.0,1.0,LIME,1
adult,hgb,lime,96,0.0014835999157094225,0.6,1.0,1.0,LIME,1
adult,hgb,lime,97,0.015241133788423082,0.6399999999999999,1.0,1.0,LIME,1
adult,hgb,lime,98,0.021389236499951052,0.6399999999999999,1.0,1.0,LIME,1
adult,hgb,lime,99,0.029598091879289624,0.5599999999999998,1.0,1.0,LIME,1
adult,mlp,ig,0,0.02826466882022715,0.8400000000000001,1.0,0.88,Model-matched,0
adult,mlp,ig,1,0.062350291208383125,0.86,1.0,0.8640000000000001,Model-matched,0
adult,mlp,ig,2,0.062352693449648604,0.92,1.0,0.912,Model-matched,0
adult,mlp,ig,3,0.018644554583020397,0.86,1.0,0.848,Model-matched,0
adult,mlp,ig,4,0.08485674003666145,1.0,1.0,0.9520000000000001,Model-matched,0
adult,mlp,ig,5,0.18577890752181628,0.74,1.0,0.848,Model-matched,1
adult,mlp,ig,6,0.05909671121617138,0.7199999999999999,1.0,0.872,Model-matched,1
adult,mlp,ig,7,0.026813085826805194,0.92,1.0,0.8956521739130435,Model-matched,0
adult,mlp,ig,8,0.047221098261009245,0.8399999999999999,1.0,0.84,Model-matched,0
adult,mlp,ig,9,0.06604205565385722,0.7999999999999999,1.0,0.8476190476190476,Model-matched,1
adult,mlp,ig,10,0.08301157412264513,0.7,1.0,0.8400000000000001,Model-matched,1
adult,mlp,ig,11,0.08214186152413692,1.0,1.0,0.968,Model-matched,0
adult,mlp,ig,12,0.19621693596321807,0.8400000000000001,1.0,0.88,Model-matched,0
adult,mlp,ig,13,0.059578171818800464,0.72,1.0,0.768,Model-matched,1
adult,mlp,ig,14,0.03858182557952897,0.8800000000000001,1.0,0.8533333333333334,Model-matched,0
adult,mlp,ig,15,0.009534559655545005,0.7799999999999999,1.0,0.8640000000000001,Model-matched,1
adult,mlp,ig,16,0.006006353172288775,0.7599999999999999,1.0,0.8560000000000001,Model-matched,1
adult,mlp,ig,17,0.08552138050175798,0.86,1.0,0.88,Model-matched,0
adult,mlp,ig,18,0.1651874854263736,1.0,1.0,0.904,Model-matched,0
adult,mlp,ig,19,0.015025342052981136,0.8799999999999999,1.0,0.8960000000000001,Model-matched,0
adult,mlp,ig,20,0.0219553866255003,0.7599999999999999,1.0,0.8320000000000001,Model-matched,1
adult,mlp,ig,21,0.08264357502167219,0.92,1.0,0.8640000000000001,Model-matched,0
adult,mlp,ig,22,0.06369773570673759,0.9200000000000002,1.0,0.88,Model-matched,0
adult,mlp,ig,23,0.09769929474838417,0.7999999999999999,1.0,0.8640000000000001,Model-matched,1
adult,mlp,ig,24,0.09719637746218696,0.7399999999999999,1.0,0.784,Model-matched,1
adult,mlp,ig,25,0.03272343298268418,0.7999999999999999,1.0,0.888,Model-matched,1
adult,mlp,ig,26,0.09955832179788232,0.8399999999999999,1.0,0.8240000000000001,Model-matched,0
adult,mlp,ig,27,0.010190587916882744,0.7999999999999999,1.0,0.8363636363636363,Model-matched,1
adult,mlp,ig,28,0.0469921755360496,0.86,1.0,0.8960000000000001,Model-matched,0
adult,mlp,ig,29,0.13705532463272482,1.0,1.0,0.9279999999999999,Model-matched,0
adult,mlp,ig,30,0.018688606961034845,0.8400000000000001,1.0,0.8583333333333334,Model-matched,0
adult,mlp,ig,31,0.05194698607816383,1.0,1.0,0.872,Model-matched,0
adult,mlp,ig,32,0.0013730321775900912,0.7799999999999999,1.0,0.904,Model-matched,1
adult,mlp,ig,33,0.0398158282481828,0.92,1.0,0.9666666666666666,Model-matched,0
adult,mlp,ig,34,0.05690865609504073,0.92,1.0,0.888,Model-matched,0
adult,mlp,ig,35,0.01242250605146866,0.8399999999999999,1.0,0.8560000000000001,Model-matched,0
adult,mlp,ig,36,0.11513859958680416,0.8400000000000001,1.0,0.912,Model-matched,0
adult,mlp,ig,37,0.02902461052123122,0.7999999999999999,1.0,0.7760000000000001,Model-matched,1
adult,mlp,ig,38,0.07654896593984944,0.7799999999999999,1.0,0.8521739130434783,Model-matched,1
adult,mlp,ig,39,0.032780905835818205,0.7599999999999999,1.0,0.872,Model-matched,1
adult,mlp,ig,40,0.06302992299733715,0.72,1.0,0.7916666666666666,Model-matched,1
adult,mlp,ig,41,0.06149260266353241,0.9200000000000002,1.0,0.912,Model-matched,0
adult,mlp,ig,42,0.03129967138304006,0.8400000000000001,1.0,0.8555555555555556,Model-matched,0
adult,mlp,ig,43,0.052227648004535804,0.86,1.0,0.84,Model-matched,0
adult,mlp,ig,44,0.1529338108090531,1.0,1.0,0.88,Model-matched,0
adult,mlp,ig,45,0.054467356184657534,0.8399999999999999,1.0,0.872,Model-matched,0
adult,mlp,ig,46,0.15248247768503959,0.92,1.0,0.888,Model-matched,0
adult,mlp,ig,47,0.12572183490419475,0.86,1.0,0.8320000000000001,Model-matched,0
adult,mlp,ig,48,0.06660178494631615,0.6799999999999999,1.0,0.768,Model-matched,1
adult,mlp,ig,49,0.05350538392838939,0.82,1.0,0.9249999999999999,Model-matched,0
adult,mlp,ig,50,0.05117526257591973,0.76,1.0,0.8434782608695653,Model-matched,1
adult,mlp,ig,51,0.11397972525113538,0.72,1.0,0.76,Model-matched,1
adult,mlp,ig,52,0.0023410489615418775,0.8400000000000001,1.0,0.8320000000000001,Model-matched,0
adult,mlp,ig,53,0.15073583571442314,0.7999999999999999,1.0,0.888,Model-matched,1
adult,mlp,ig,54,0.018382069570325208,0.74,1.0,0.76,Model-matched,1
adult,mlp,ig,55,0.07013096923010977,0.86,1.0,0.848,Model-matched,0
adult,mlp,ig,56,0.01805680779255617,0.7599999999999999,1.0,0.773913043478261,Model-matched,1
adult,mlp,ig,57,0.12882123967781955,0.86,1.0,0.8079999999999999,Model-matched,0
adult,mlp,ig,58,0.04667645297435033,0.8399999999999999,1.0,0.9440000000000001,Model-matched,0
adult,mlp,ig,59,0.21924979462552624,0.7999999999999999,1.0,0.92,Model-matched,1
adult,mlp,ig,60,0.03201245370254454,1.0,1.0,0.912,Model-matched,0
adult,mlp,ig,61,0.08519725036853033,1.0,1.0,0.992,Model-matched,0
adult,mlp,ig,62,0.03334071871409235,1.0,1.0,0.8428571428571429,Model-matched,0
adult,mlp,ig,63,0.021998057019304705,1.0,1.0,0.84,Model-matched,0
adult,mlp,ig,64,0.03443561622372049,0.76,1.0,0.8640000000000001,Model-matched,1
adult,mlp,ig,65,0.0005073308881012495,0.78,1.0,0.92,Model-matched,1
adult,mlp,ig,66,0.012331150673266483,0.8,1.0,0.9359999999999999,Model-matched,0
adult,mlp,ig,67,0.17607237827217784,0.8399999999999999,1.0,0.8500000000000001,Model-matched,0
adult,mlp,ig,68,0.022761074271959725,1.0,1.0,0.976,Model-matched,0
adult,mlp,ig,69,0.04816811465557228,0.7999999999999999,1.0,0.8160000000000001,Model-matched,1
adult,mlp,ig,70,0.0655441006522055,0.7999999999999999,1.0,0.88,Model-matched,1
adult,mlp,ig,71,0.08390483777688049,0.7799999999999999,1.0,0.8320000000000001,Model-matched,1
adult,mlp,ig,72,0.04060240638197572,0.86,1.0,0.888,Model-matched,0
adult,mlp,ig,73,0.02093073973700832,0.8400000000000001,1.0,0.8916666666666666,Model-matched,0
adult,mlp,ig,74,0.015412880273364985,0.7999999999999999,1.0,0.912,Model-matched,1
adult,mlp,ig,75,0.329412794698354,0.86,1.0,0.912,Model-matched,0
adult,mlp,ig,76,0.0065315685366353635,0.8400000000000001,1.0,0.92,Model-matched,0
adult,mlp,ig,77,0.04017617202687662,0.86,1.0,0.8916666666666667,Model-matched,0
adult,mlp,ig,78,0.061597660251226274,0.7,1.0,0.8250000000000001,Model-matched,1
adult,mlp,ig,79,0.1421542107185958,0.9200000000000002,1.0,0.92,Model-matched,0
adult,mlp,ig,80,0.03425483764113216,0.72,1.0,0.775,Model-matched,1
adult,mlp,ig,81,0.07488886133855392,0.7999999999999999,1.0,0.8160000000000001,Model-matched,1
adult,mlp,ig,82,0.028136098097680008,0.9200000000000002,1.0,0.8960000000000001,Model-matched,0
adult,mlp,ig,83,0.042614484208934274,0.92,1.0,0.888,Model-matched,0
adult,mlp,ig,84,0.05754135739344803,0.8800000000000001,1.0,0.848,Model-matched,0
adult,mlp,ig,85,0.048373555656320226,1.0,1.0,0.968,Model-matched,0
adult,mlp,ig,86,0.03287153486173514,0.92,1.0,0.84,Model-matched,0
adult,mlp,ig,87,0.1158062287695381,0.86,1.0,0.9279999999999999,Model-matched,0
adult,mlp,ig,88,0.05434626960422316,0.86,1.0,0.904,Model-matched,0
adult,mlp,ig,89,0.183292180165524,0.82,1.0,0.8560000000000001,Model-matched,0
adult,mlp,ig,90,0.09486095600467742,1.0,1.0,0.904,Model-matched,0
adult,mlp,ig,91,0.12263580852895069,0.7999999999999999,1.0,0.875,Model-matched,1
adult,mlp,ig,92,0.034579635643712615,0.82,1.0,0.88,Model-matched,0
adult,mlp,ig,93,0.04390862344017659,0.74,1.0,0.872,Model-matched,1
adult,mlp,ig,94,0.0021211271818952202,0.72,1.0,0.992,Model-matched,1
adult,mlp,ig,95,0.15417872127436147,1.0,1.0,0.9359999999999999,Model-matched,0
adult,mlp,ig,96,0.05773632540747952,0.8400000000000001,1.0,0.8640000000000001,Model-matched,0
adult,mlp,ig,97,0.12891028687800604,1.0,1.0,0.976,Model-matched,0
adult,mlp,ig,98,0.021400177046976974,0.82,1.0,0.8545454545454546,Model-matched,0
adult,mlp,ig,99,0.023165145443771757,0.86,1.0,0.872,Model-matched,0
adult,mlp,ig,100,0.014918946115526696,0.8400000000000001,1.0,0.8705882352941177,Model-matched,0
adult,mlp,ig,101,0.05668695697751613,0.8800000000000001,1.0,0.848,Model-matched,0
adult,mlp,ig,102,0.020523349042719987,0.7799999999999999,1.0,0.8160000000000001,Model-matched,1
adult,mlp,ig,103,0.16667850485130772,0.92,1.0,0.9840000000000001,Model-matched,0
adult,mlp,ig,104,0.04420417645165068,0.86,1.0,0.912,Model-matched,0
adult,mlp,ig,105,0.06352150269810163,0.86,1.0,0.84,Model-matched,0
adult,mlp,ig,106,0.0632339388310357,0.8399999999999999,1.0,0.9130434782608695,Model-matched,0
adult,mlp,ig,107,0.04980071817882264,0.92,1.0,0.8960000000000001,Model-matched,0
adult,mlp,ig,108,0.046572461251453735,0.7799999999999999,1.0,0.863157894736842,Model-matched,1
adult,mlp,ig,109,0.08260545822107339,0.92,1.0,0.8250000000000001,Model-matched,0
adult,mlp,ig,110,0.021005282156400976,0.9200000000000002,1.0,0.8699999999999999,Model-matched,0
adult,mlp,ig,111,0.03263688327306657,0.7599999999999999,1.0,0.9520000000000001,Model-matched,1
adult,mlp,ig,112,0.0317273406265045,0.6799999999999999,1.0,0.8240000000000001,Model-matched,1
adult,mlp,ig,113,0.012440528774785206,0.9200000000000002,1.0,0.904,Model-matched,0
adult,mlp,ig,114,0.07317674567359916,0.8799999999999999,1.0,0.9520000000000001,Model-matched,0
adult,mlp,ig,115,0.05210351128146354,0.8799999999999999,1.0,0.8300000000000001,Model-matched,0
adult,mlp,ig,116,0.04736035009959292,0.6000000000000001,1.0,0.8079999999999999,Model-matched,1
adult,mlp,ig,117,0.18756440407464955,0.86,1.0,0.8240000000000001,Model-matched,0
adult,mlp,ig,118,0.15266343556586867,0.8799999999999999,1.0,0.8560000000000001,Model-matched,0
adult,mlp,ig,119,0.09529916091017705,0.92,1.0,0.88,Model-matched,0
adult,mlp,ig,120,0.34446942476961134,1.0,1.0,0.968,Model-matched,0
adult,mlp,ig,121,0.20437367439453547,0.86,1.0,0.88,Model-matched,0
adult,mlp,ig,122,0.00506225984749562,0.76,1.0,0.9279999999999999,Model-matched,1
adult,mlp,ig,123,0.061328456490520676,0.7999999999999999,1.0,0.8857142857142858,Model-matched,1
adult,mlp,ig,124,0.005128821756849095,0.6799999999999999,1.0,0.816,Model-matched,1
adult,mlp,ig,125,0.2909140374756971,1.0,1.0,0.9520000000000001,Model-matched,0
adult,mlp,ig,126,0.00487401922336739,0.86,1.0,0.8560000000000001,Model-matched,0
adult,mlp,ig,127,0.09751265290335974,0.92,1.0,0.84,Model-matched,0
adult,mlp,ig,128,0.03304052591406593,0.92,1.0,0.912,Model-matched,0
adult,mlp,ig,129,0.11318138907450322,0.7999999999999999,1.0,0.888,Model-matched,1
adult,mlp,ig,130,0.020202329993088807,0.7,1.0,0.8079999999999999,Model-matched,1
adult,mlp,ig,131,0.014384511650118387,0.8400000000000001,1.0,0.8166666666666668,Model-matched,0
adult,mlp,ig,132,0.07220186990645448,0.7999999999999999,1.0,0.904,Model-matched,1
adult,mlp,ig,133,0.07607801133481229,0.92,1.0,0.8640000000000001,Model-matched,0
adult,mlp,ig,134,0.018727252392192122,0.7599999999999999,1.0,0.9263157894736843,Model-matched,1
adult,mlp,ig,135,0.0847510158978712,0.7999999999999999,1.0,0.8,Model-matched,1
adult,mlp,ig,136,0.01832487322770267,0.86,1.0,0.7875000000000001,Model-matched,0
adult,mlp,ig,137,0.10421513191090444,0.8400000000000001,1.0,0.8666666666666667,Model-matched,0
adult,mlp,ig,138,0.009815479495386822,0.72,1.0,0.992,Model-matched,1
adult,mlp,ig,139,0.015280011524082163,0.86,1.0,0.8640000000000001,Model-matched,0
adult,mlp,ig,140,0.025651440309745116,0.86,1.0,0.92,Model-matched,0
adult,mlp,ig,141,0.03547148786857523,0.86,1.0,0.8640000000000001,Model-matched,0
adult,mlp,ig,142,0.04874202681164636,0.86,1.0,0.8560000000000001,Model-matched,0
adult,mlp,ig,143,0.03733636228777278,0.86,1.0,0.9047619047619048,Model-matched,0
adult,mlp,ig,144,0.06181370311060091,0.92,1.0,0.888,Model-matched,0
adult,mlp,ig,145,0.0274073954264708,0.7399999999999999,1.0,0.8079999999999999,Model-matched,1
adult,mlp,ig,146,0.08446210621209913,0.7799999999999999,1.0,0.792,Model-matched,1
adult,mlp,ig,147,0.08959300589856888,0.72,1.0,0.8240000000000001,Model-matched,1
adult,mlp,ig,148,0.1415028093810995,1.0,1.0,0.92,Model-matched,0
adult,mlp,ig,149,0.07398818281274057,0.7799999999999999,1.0,0.8375,Model-matched,1
adult,mlp,ig,150,0.012924199035709058,0.7799999999999999,1.0,0.9,Model-matched,1
adult,mlp,ig,151,0.09097927744346629,1.0,1.0,0.888,Model-matched,0
adult,mlp,ig,152,0.16980985233442947,0.92,1.0,0.912,Model-matched,0
adult,mlp,ig,153,0.1581046753018318,0.6799999999999999,1.0,0.8166666666666668,Model-matched,1
adult,mlp,ig,154,0.11521487989917194,0.76,1.0,0.904,Model-matched,1
adult,mlp,ig,155,0.10061565362054947,0.92,1.0,0.888,Model-matched,0
adult,mlp,ig,156,0.08069946477439875,0.92,1.0,0.84,Model-matched,0
adult,mlp,ig,157,0.14285313438505784,0.92,1.0,0.96,Model-matched,0
adult,mlp,ig,158,0.029768042337711437,0.86,1.0,0.8560000000000001,Model-matched,0
adult,mlp,ig,159,0.28089704894236023,1.0,1.0,0.992,Model-matched,0
adult,mlp,ig,160,0.13737677932084053,0.72,1.0,0.8260869565217391,Model-matched,1
adult,mlp,ig,161,0.005772885572805651,0.86,1.0,0.9285714285714286,Model-matched,0
adult,mlp,ig,162,0.11036900338250574,1.0,1.0,0.904,Model-matched,0
adult,mlp,ig,163,0.002747617284286825,0.7,1.0,0.8083333333333335,Model-matched,1
adult,mlp,ig,164,0.12349231451699723,0.8800000000000001,1.0,0.8079999999999999,Model-matched,0
adult,mlp,ig,165,0.06918715506364619,0.6399999999999999,1.0,0.792,Model-matched,1
adult,mlp,ig,166,0.0010866357466862665,0.92,1.0,0.968,Model-matched,0
adult,mlp,ig,167,0.1329668746826357,0.92,1.0,0.8560000000000001,Model-matched,0
adult,mlp,ig,168,0.06989152279556834,0.92,1.0,0.8842105263157896,Model-matched,0
adult,mlp,ig,169,0.008192197116162129,0.7399999999999999,1.0,0.9076923076923078,Model-matched,1
adult,mlp,ig,170,0.00158225139650387,0.92,1.0,0.8160000000000001,Model-matched,0
adult,mlp,ig,171,0.08805113258872364,0.86,1.0,0.8695652173913043,Model-matched,0
adult,mlp,ig,172,0.2229514840750474,1.0,1.0,0.9,Model-matched,0
adult,mlp,ig,173,0.04873730613394766,0.92,1.0,0.8640000000000001,Model-matched,0
adult,mlp,ig,174,0.11260683100260886,0.92,1.0,0.8545454545454546,Model-matched,0
adult,mlp,ig,175,0.040178765200654734,0.74,1.0,0.8166666666666668,Model-matched,1
adult,mlp,ig,176,0.010848135766105589,0.6799999999999999,1.0,0.8583333333333334,Model-matched,1
adult,mlp,ig,177,0.14945139767825258,0.82,1.0,0.904,Model-matched,0
adult,mlp,ig,178,0.06113214152241618,0.82,1.0,0.9359999999999999,Model-matched,0
adult,mlp,ig,179,0.02828757461814476,0.86,1.0,0.872,Model-matched,0
adult,mlp,ig,180,0.08053417647296005,0.92,1.0,0.8640000000000001,Model-matched,0
adult,mlp,ig,181,0.0970730943022458,0.92,1.0,0.96,Model-matched,0
adult,mlp,ig,182,0.06732826908140932,0.9200000000000002,1.0,0.8400000000000001,Model-matched,0
adult,mlp,ig,183,0.05975246239916769,0.76,1.0,0.9440000000000001,Model-matched,1
adult,mlp,ig,184,0.2070206854865822,0.9200000000000002,1.0,0.8833333333333333,Model-matched,0
adult,mlp,ig,185,0.020425923307641137,0.7999999999999999,1.0,0.768,Model-matched,1
adult,mlp,ig,186,0.1321226689866869,0.8800000000000001,1.0,0.8823529411764706,Model-matched,0
adult,mlp,ig,187,0.034631781642046666,0.8400000000000001,1.0,0.8222222222222223,Model-matched,0
adult,mlp,ig,188,0.08231539230162885,0.8399999999999999,1.0,0.856,Model-matched,0
adult,mlp,ig,189,0.11456463835103765,0.92,1.0,0.8640000000000001,Model-matched,0
adult,mlp,ig,190,0.0475030424438783,0.6599999999999999,1.0,0.7760000000000001,Model-matched,1
adult,mlp,ig,191,0.10023980976848916,0.8400000000000001,1.0,0.904,Model-matched,0
adult,mlp,ig,192,0.0833666419616944,0.92,1.0,0.88,Model-matched,0
adult,mlp,ig,193,0.018179721750927053,0.92,1.0,0.8240000000000001,Model-matched,0
adult,mlp,ig,194,0.10866969648876229,1.0,1.0,0.8640000000000001,Model-matched,0
adult,mlp,ig,195,0.07260894315253934,0.8799999999999999,1.0,0.888,Model-matched,0
adult,mlp,ig,196,0.14282187940742236,0.8399999999999999,1.0,0.8320000000000001,Model-matched,0
adult,mlp,ig,197,0.020746082101199763,0.8400000000000001,1.0,0.7440000000000001,Model-matched,0
adult,mlp,ig,198,0.02879770834345132,0.66,1.0,0.8,Model-matched,1
adult,mlp,ig,199,0.022475249016117742,0.8800000000000001,1.0,0.888,Model-matched,0
adult,mlp,ig,200,0.07954236955886747,0.8800000000000001,1.0,1.0,Model-matched,0
adult,mlp,ig,201,0.05456351209959485,0.7000000000000001,1.0,1.0,Model-matched,1
adult,mlp,ig,202,0.16376261647020782,0.7999999999999999,1.0,1.0,Model-matched,1
adult,mlp,ig,203,0.13892226699215482,1.0,1.0,1.0,Model-matched,0
adult,mlp,ig,204,0.003043037234545727,0.7,1.0,1.0,Model-matched,1
adult,mlp,ig,205,0.17835273064645013,0.86,1.0,1.0,Model-matched,0
adult,mlp,ig,206,0.049393450727514866,1.0,1.0,1.0,Model-matched,0
adult,mlp,ig,207,0.002693673574493233,0.8799999999999999,1.0,1.0,Model-matched,0
adult,mlp,ig,208,0.35381173068069494,1.0,1.0,1.0,Model-matched,0
adult,mlp,ig,209,0.03830356115219304,0.7999999999999999,1.0,1.0,Model-matched,1
adult,mlp,ig,210,0.015244460530998628,0.86,1.0,1.0,Model-matched,0
adult,mlp,ig,211,0.08349113342617843,0.7999999999999999,1.0,1.0,Model-matched,1
adult,mlp,ig,212,0.09258655607580851,0.7999999999999999,1.0,1.0,Model-matched,1
adult,mlp,ig,213,0.06628800479092045,0.7999999999999999,1.0,1.0,Model-matched,1
adult,mlp,ig,214,0.1523587693861049,0.9200000000000002,1.0,1.0,Model-matched,0
adult,mlp,ig,215,0.02048019729523656,0.72,1.0,1.0,Model-matched,1
adult,mlp,ig,216,0.04628450196798189,0.9200000000000002,1.0,1.0,Model-matched,0
adult,mlp,ig,217,0.19859049314440394,0.8799999999999999,1.0,1.0,Model-matched,0
adult,mlp,ig,218,0.06140705849447341,0.8799999999999999,1.0,1.0,Model-matched,0
adult,mlp,ig,219,0.05564321934580948,0.8400000000000001,1.0,1.0,Model-matched,0
adult,mlp,ig,220,0.12201387519044365,0.8799999999999999,1.0,1.0,Model-matched,0
adult,mlp,ig,221,0.07247944629066036,0.82,1.0,1.0,Model-matched,0
adult,mlp,ig,222,0.2178257779113578,0.7,1.0,1.0,Model-matched,1
adult,mlp,ig,223,0.015553342739478126,0.8400000000000001,1.0,1.0,Model-matched,0
adult,mlp,ig,224,0.032579104718833886,0.86,1.0,1.0,Model-matched,0
adult,mlp,ig,225,0.027163172380379564,0.92,1.0,1.0,Model-matched,0
adult,mlp,ig,226,0.11653506320797144,1.0,1.0,1.0,Model-matched,0
adult,mlp,ig,227,0.061705909319350515,0.8400000000000001,1.0,1.0,Model-matched,0
adult,mlp,ig,228,0.0015011460260875823,0.7999999999999999,1.0,1.0,Model-matched,1
adult,mlp,ig,229,0.037914108509409294,0.86,1.0,1.0,Model-matched,0
adult,mlp,ig,230,0.0276903239345328,1.0,1.0,1.0,Model-matched,0
adult,mlp,ig,231,0.19032395317575948,0.7999999999999999,1.0,1.0,Model-matched,1
adult,mlp,ig,232,0.093271070966102,0.7999999999999999,1.0,1.0,Model-matched,1
adult,mlp,ig,233,0.027396109096046395,1.0,1.0,1.0,Model-matched,0
adult,mlp,ig,234,0.007291927044534434,0.86,1.0,1.0,Model-matched,0
adult,mlp,ig,235,0.000945979763848377,0.6999999999999998,1.0,1.0,Model-matched,1
adult,mlp,ig,236,0.00393739524675696,0.92,1.0,1.0,Model-matched,0
adult,mlp,ig,237,0.08437081835178667,0.7199999999999999,1.0,1.0,Model-matched,1
adult,mlp,ig,238,0.053627250291724604,0.8800000000000001,1.0,1.0,Model-matched,0
adult,mlp,ig,239,0.04077148795145529,0.7999999999999999,1.0,1.0,Model-matched,1
adult,mlp,ig,240,0.035187870951473674,1.0,1.0,1.0,Model-matched,0
adult,mlp,ig,241,0.045602640937535084,0.8799999999999999,1.0,1.0,Model-matched,0
adult,mlp,ig,242,0.0776967891467275,0.8399999999999999,1.0,1.0,Model-matched,0
adult,mlp,ig,243,0.008291794221048051,0.68,1.0,1.0,Model-matched,1
adult,mlp,ig,244,0.008291810101298447,0.92,1.0,1.0,Model-matched,0
adult,mlp,ig,245,0.215512757305144,1.0,1.0,1.0,Model-matched,0
adult,mlp,ig,246,0.1296912725613768,0.7999999999999999,1.0,1.0,Model-matched,1
adult,mlp,ig,247,0.11018017421958504,0.82,1.0,1.0,Model-matched,0
adult,mlp,ig,248,0.02213439323261405,0.86,1.0,1.0,Model-matched,0
adult,mlp,ig,249,0.15526822556525105,0.8800000000000001,1.0,1.0,Model-matched,0
adult,mlp,ig,250,0.11007938683280036,0.9200000000000002,1.0,1.0,Model-matched,0
adult,mlp,ig,251,0.027473409872306717,0.72,1.0,1.0,Model-matched,1
adult,mlp,ig,252,0.02357467924859477,0.76,1.0,1.0,Model-matched,1
adult,mlp,ig,253,0.20209610121127447,0.7999999999999999,1.0,1.0,Model-matched,1
adult,mlp,ig,254,0.23044148007849383,0.92,1.0,1.0,Model-matched,0
adult,mlp,ig,255,0.008762127399092575,0.92,1.0,1.0,Model-matched,0
adult,mlp,ig,256,0.0003246008957871098,0.72,1.0,1.0,Model-matched,1
adult,mlp,ig,257,0.025597850755367493,0.9200000000000002,1.0,1.0,Model-matched,0
adult,mlp,ig,258,0.03339829517791538,0.86,1.0,1.0,Model-matched,0
adult,mlp,ig,259,0.033552744799433584,0.92,1.0,1.0,Model-matched,0
adult,mlp,ig,260,0.012872143475993653,0.7199999999999999,1.0,1.0,Model-matched,1
adult,mlp,ig,261,0.021320477607044953,0.82,1.0,1.0,Model-matched,0
adult,mlp,ig,262,0.29950519897073,0.8400000000000001,1.0,1.0,Model-matched,0
adult,mlp,ig,263,0.44775468284822856,0.86,1.0,1.0,Model-matched,0
adult,mlp,ig,264,0.060284726930182296,0.72,1.0,1.0,Model-matched,1
adult,mlp,ig,265,0.10295856174864165,0.86,1.0,1.0,Model-matched,0
adult,mlp,ig,266,0.013496339871419353,0.8400000000000001,1.0,1.0,Model-matched,0
adult,mlp,ig,267,0.047239636325897096,0.7999999999999999,1.0,1.0,Model-matched,1
adult,mlp,ig,268,0.04342013584323334,0.8,1.0,1.0,Model-matched,0
adult,mlp,ig,269,0.04404840625797906,0.7399999999999999,1.0,1.0,Model-matched,1
adult,mlp,ig,270,0.0664299166251593,1.0,1.0,1.0,Model-matched,0
adult,mlp,ig,271,0.11507223179121906,1.0,1.0,1.0,Model-matched,0
adult,mlp,ig,272,0.01798831101118468,0.92,1.0,1.0,Model-matched,0
adult,mlp,ig,273,0.00267450565004207,0.8,1.0,1.0,Model-matched,0
adult,mlp,ig,274,0.13577350969478588,0.92,1.0,1.0,Model-matched,0
adult,mlp,ig,275,0.14963274980425573,0.92,1.0,1.0,Model-matched,0
adult,mlp,ig,276,0.09139611579818707,0.8,1.0,1.0,Model-matched,0
adult,mlp,ig,277,0.09216841278564633,0.92,1.0,1.0,Model-matched,0
adult,mlp,ig,278,0.011651604251882297,0.86,1.0,1.0,Model-matched,0
adult,mlp,ig,279,0.07148549849920563,0.7799999999999999,1.0,1.0,Model-matched,1
adult,mlp,ig,280,0.06235696655209153,0.92,1.0,1.0,Model-matched,0
adult,mlp,ig,281,0.08048598544738618,0.8400000000000001,1.0,1.0,Model-matched,0
adult,mlp,ig,282,0.16588237492163843,0.82,1.0,1.0,Model-matched,0
adult,mlp,ig,283,0.02231802858450306,0.8400000000000001,1.0,1.0,Model-matched,0
adult,mlp,ig,284,0.11500493348816426,0.92,1.0,1.0,Model-matched,0
adult,mlp,ig,285,0.09913277077268672,1.0,1.0,1.0,Model-matched,0
adult,mlp,ig,286,0.09198275353770383,0.92,1.0,1.0,Model-matched,0
adult,mlp,ig,287,0.0023067454507205995,0.92,1.0,1.0,Model-matched,0
adult,mlp,ig,288,0.027275932336623412,0.8400000000000001,1.0,1.0,Model-matched,0
adult,mlp,ig,289,0.024273569927241587,0.7,1.0,1.0,Model-matched,1
adult,mlp,ig,290,0.15045939826293273,0.92,1.0,1.0,Model-matched,0
adult,mlp,ig,291,0.10293374323894762,0.7599999999999999,1.0,1.0,Model-matched,1
adult,mlp,ig,292,0.012238208820547688,0.7799999999999999,1.0,1.0,Model-matched,1
adult,mlp,ig,293,0.03783464531188277,0.76,1.0,1.0,Model-matched,1
adult,mlp,ig,294,0.00985926072552452,0.8800000000000001,1.0,1.0,Model-matched,0
adult,mlp,ig,295,0.12147980905333054,1.0,1.0,1.0,Model-matched,0
adult,mlp,ig,296,0.005984117900371381,0.6799999999999998,1.0,1.0,Model-matched,1
adult,mlp,ig,297,0.15247674852750034,0.86,1.0,1.0,Model-matched,0
adult,mlp,ig,298,0.008870584049469596,0.8,1.0,1.0,Model-matched,0
adult,mlp,ig,299,0.004615130779540055,0.82,1.0,1.0,Model-matched,0
adult,mlp,ig,300,0.19534834852245375,0.86,1.0,1.0,Model-matched,0
adult,mlp,ig,301,0.0820334649425969,0.7599999999999999,1.0,1.0,Model-matched,1
adult,mlp,ig,302,0.009713540340331946,0.8400000000000001,1.0,1.0,Model-matched,0
adult,mlp,ig,303,0.031222889635257784,0.86,1.0,1.0,Model-matched,0
adult,mlp,ig,304,0.053517862295079016,0.8800000000000001,1.0,1.0,Model-matched,0
adult,mlp,ig,305,0.05534914881809435,0.9200000000000002,1.0,1.0,Model-matched,0
adult,mlp,ig,306,0.04986516090870148,1.0,1.0,1.0,Model-matched,0
adult,mlp,ig,307,0.09087281474363747,0.8800000000000001,1.0,1.0,Model-matched,0
adult,mlp,ig,308,0.14326624876907146,0.86,1.0,1.0,Model-matched,0
adult,mlp,ig,309,0.022111505378456648,0.8399999999999999,1.0,1.0,Model-matched,0
adult,mlp,ig,310,0.1546001848991865,0.9200000000000002,1.0,1.0,Model-matched,0
adult,mlp,ig,311,0.006233884267966482,0.8800000000000001,1.0,1.0,Model-matched,0
adult,mlp,ig,312,0.022251936380502955,0.8800000000000001,1.0,1.0,Model-matched,0
adult,mlp,ig,313,0.06014352643839583,0.7999999999999999,1.0,1.0,Model-matched,1
adult,mlp,ig,314,0.08457023662540959,1.0,1.0,1.0,Model-matched,0
adult,mlp,ig,315,0.008622069219469874,0.82,1.0,1.0,Model-matched,0
adult,mlp,ig,316,0.04984764484879481,0.92,1.0,1.0,Model-matched,0
adult,mlp,ig,317,0.12722189192538774,0.7599999999999999,1.0,1.0,Model-matched,1
adult,mlp,ig,318,0.03230790005316854,0.8799999999999999,1.0,1.0,Model-matched,0
adult,mlp,ig,319,0.17220891100479574,1.0,1.0,1.0,Model-matched,0
adult,mlp,ig,320,0.03140013524097142,0.9200000000000002,1.0,1.0,Model-matched,0
adult,mlp,ig,321,0.1466192892785476,0.9200000000000002,1.0,1.0,Model-matched,0
adult,mlp,ig,322,0.02784489725529159,0.8400000000000001,1.0,1.0,Model-matched,0
adult,mlp,ig,323,0.08158565566878107,0.92,1.0,1.0,Model-matched,0
adult,mlp,ig,324,0.01726280242292411,0.8400000000000001,1.0,1.0,Model-matched,0
adult,mlp,ig,325,0.0223779852554319,0.76,1.0,1.0,Model-matched,1
adult,mlp,ig,326,0.01021013233725476,0.86,1.0,1.0,Model-matched,0
adult,mlp,ig,327,0.06224808423928115,0.9200000000000002,1.0,1.0,Model-matched,0
adult,mlp,ig,328,0.10175894702736954,0.86,1.0,1.0,Model-matched,0
adult,mlp,ig,329,0.00815412311723987,0.76,1.0,1.0,Model-matched,1
adult,mlp,ig,330,0.36818431378415495,0.9200000000000002,1.0,1.0,Model-matched,0
adult,mlp,ig,331,0.06202061369050547,0.92,1.0,1.0,Model-matched,0
adult,mlp,ig,332,0.11189211575320171,0.7399999999999999,1.0,1.0,Model-matched,1
adult,mlp,ig,333,0.1629236099237395,0.86,1.0,1.0,Model-matched,0
adult,mlp,ig,334,0.0524892318320519,0.74,1.0,1.0,Model-matched,1
adult,mlp,ig,335,0.13275590528743197,0.7799999999999999,1.0,1.0,Model-matched,1
adult,mlp,ig,336,0.17752740624915975,0.7799999999999999,1.0,1.0,Model-matched,1
adult,mlp,ig,337,0.02537136416981888,0.8400000000000001,1.0,1.0,Model-matched,0
adult,mlp,ig,338,0.0026462677512003488,0.86,1.0,1.0,Model-matched,0
adult,mlp,ig,339,0.011314278670825057,0.64,1.0,1.0,Model-matched,1
adult,mlp,ig,340,0.021654670580882204,0.86,1.0,1.0,Model-matched,0
adult,mlp,ig,341,0.028588078198364227,0.92,1.0,1.0,Model-matched,0
adult,mlp,ig,342,0.06956402625668569,0.72,1.0,1.0,Model-matched,1
adult,mlp,ig,343,0.43535685139834673,0.8400000000000001,1.0,1.0,Model-matched,0
adult,mlp,ig,344,0.2296049653774683,1.0,1.0,1.0,Model-matched,0
adult,mlp,ig,345,0.008539498730441025,0.92,1.0,1.0,Model-matched,0
adult,mlp,ig,346,0.3287927862790032,0.86,1.0,1.0,Model-matched,0
adult,mlp,ig,347,0.021546666729058882,0.8400000000000001,1.0,1.0,Model-matched,0
adult,mlp,ig,348,0.01705314753272647,0.74,1.0,1.0,Model-matched,1
adult,mlp,ig,349,0.16787074219051337,0.8800000000000001,1.0,1.0,Model-matched,0
adult,mlp,ig,350,0.016596122195253547,0.8800000000000001,1.0,1.0,Model-matched,0
adult,mlp,ig,351,0.07024658570731616,0.9200000000000002,1.0,1.0,Model-matched,0
adult,mlp,ig,352,0.0330597836885066,0.8400000000000001,1.0,1.0,Model-matched,0
adult,mlp,ig,353,0.010909160026957583,0.76,1.0,1.0,Model-matched,1
adult,mlp,ig,354,0.04194790536641074,0.82,1.0,1.0,Model-matched,0
adult,mlp,ig,355,0.10627855275188398,0.82,1.0,1.0,Model-matched,0
adult,mlp,ig,356,0.08680014258168439,0.8400000000000001,1.0,1.0,Model-matched,0
adult,mlp,ig,357,0.02775460806616186,1.0,1.0,1.0,Model-matched,0
adult,mlp,ig,358,0.04900458609840769,0.8399999999999999,1.0,1.0,Model-matched,0
adult,mlp,ig,359,0.11485210234547642,0.8400000000000001,1.0,1.0,Model-matched,0
adult,mlp,ig,360,0.1574108847524893,0.8400000000000001,1.0,1.0,Model-matched,0
adult,mlp,ig,361,0.10043775183875321,1.0,1.0,1.0,Model-matched,0
adult,mlp,ig,362,0.0276455147045783,0.86,1.0,1.0,Model-matched,0
adult,mlp,ig,363,0.08324535938403803,0.8800000000000001,1.0,1.0,Model-matched,0
adult,mlp,ig,364,0.08297956491283472,0.86,1.0,1.0,Model-matched,0
adult,mlp,ig,365,0.021386195625261752,0.8399999999999999,1.0,1.0,Model-matched,0
adult,mlp,ig,366,0.11080616141859827,0.8800000000000001,1.0,1.0,Model-matched,0
adult,mlp,ig,367,0.03474200056182522,1.0,1.0,1.0,Model-matched,0
adult,mlp,ig,368,0.08470898947617134,0.8400000000000001,1.0,1.0,Model-matched,0
adult,mlp,ig,369,0.0050657928913230635,0.8,1.0,1.0,Model-matched,0
adult,mlp,ig,370,0.11703029556600802,0.7999999999999999,1.0,1.0,Model-matched,1
adult,mlp,ig,371,0.1652262195944994,0.78,1.0,1.0,Model-matched,1
adult,mlp,ig,372,0.006296673465560281,0.86,1.0,1.0,Model-matched,0
adult,mlp,ig,373,0.043502724952408194,0.7999999999999999,1.0,1.0,Model-matched,1
adult,mlp,ig,374,0.20311646286197993,0.7999999999999999,1.0,1.0,Model-matched,1
adult,mlp,ig,375,0.02050929587139559,0.82,1.0,1.0,Model-matched,0
adult,mlp,ig,376,0.04592868555129813,0.7999999999999999,1.0,1.0,Model-matched,1
adult,mlp,ig,377,0.11323845675058114,0.92,1.0,1.0,Model-matched,0
adult,mlp,ig,378,0.012266070264330173,0.92,1.0,1.0,Model-matched,0
adult,mlp,ig,379,0.0009215531989886551,0.7999999999999999,1.0,1.0,Model-matched,1
adult,mlp,ig,380,0.05364348615721595,0.86,1.0,1.0,Model-matched,0
adult,mlp,ig,381,0.033722870783402095,0.9200000000000002,1.0,1.0,Model-matched,0
adult,mlp,ig,382,0.09077460818320165,0.86,1.0,1.0,Model-matched,0
adult,mlp,ig,383,0.09884053399653148,0.86,1.0,1.0,Model-matched,0
adult,mlp,ig,384,0.015389395805183823,0.72,1.0,1.0,Model-matched,1
adult,mlp,ig,385,0.02759432802118477,0.92,1.0,1.0,Model-matched,0
adult,mlp,ig,386,0.03974761315817556,0.8399999999999999,1.0,1.0,Model-matched,0
adult,mlp,ig,387,0.0017537036998624591,0.7799999999999999,1.0,1.0,Model-matched,1
adult,mlp,ig,388,0.2598295547136865,0.92,1.0,1.0,Model-matched,0
adult,mlp,ig,389,0.033759313174412296,0.7799999999999999,1.0,1.0,Model-matched,1
adult,mlp,ig,390,0.06636643845217897,0.92,1.0,1.0,Model-matched,0
adult,mlp,ig,391,0.08597949508282611,0.9200000000000002,1.0,1.0,Model-matched,0
adult,mlp,ig,392,0.0863430722214825,0.7999999999999999,1.0,1.0,Model-matched,1
adult,mlp,ig,393,0.1762758392853384,0.8400000000000001,1.0,1.0,Model-matched,0
adult,mlp,ig,394,0.1046311405749366,0.7199999999999999,1.0,1.0,Model-matched,1
adult,mlp,ig,395,0.09479931724137979,1.0,1.0,1.0,Model-matched,0
adult,mlp,ig,396,0.06086597203738727,0.8,1.0,1.0,Model-matched,0
adult,mlp,ig,397,0.0675831573943594,0.8400000000000001,1.0,1.0,Model-matched,0
adult,mlp,ig,398,0.08845903144388563,0.92,1.0,1.0,Model-matched,0
adult,mlp,ig,399,0.04660631888519857,0.7599999999999999,1.0,1.0,Model-matched,1
adult,mlp,ig,400,0.03475842300693791,0.8799999999999999,1.0,1.0,Model-matched,0
adult,mlp,ig,401,0.06894989767788288,0.9200000000000002,1.0,1.0,Model-matched,0
adult,mlp,ig,402,0.12927770527727792,0.7999999999999999,1.0,1.0,Model-matched,1
adult,mlp,ig,403,0.07903355150625192,0.7799999999999999,1.0,1.0,Model-matched,1
adult,mlp,ig,404,0.08000811971296368,0.76,1.0,1.0,Model-matched,1
adult,mlp,ig,405,0.10832990562007114,0.6399999999999999,1.0,1.0,Model-matched,1
adult,mlp,ig,406,0.03653932247078323,0.7799999999999999,1.0,1.0,Model-matched,1
adult,mlp,ig,407,0.13786132236968146,0.92,1.0,1.0,Model-matched,0
adult,mlp,ig,408,0.024627020744937923,0.92,1.0,1.0,Model-matched,0
adult,mlp,ig,409,0.010894944495741262,0.7999999999999999,1.0,1.0,Model-matched,1
adult,mlp,ig,410,0.0116975419984212,0.7799999999999999,1.0,1.0,Model-matched,1
adult,mlp,ig,411,0.27531243530677113,1.0,1.0,1.0,Model-matched,0
adult,mlp,ig,412,0.026186536481606522,0.7999999999999999,1.0,1.0,Model-matched,1
adult,mlp,ig,413,0.1626814953971525,0.8799999999999999,1.0,1.0,Model-matched,0
adult,mlp,ig,414,0.12313667280953967,0.8800000000000001,1.0,1.0,Model-matched,0
adult,mlp,ig,415,0.13614157562421564,0.74,1.0,1.0,Model-matched,1
adult,mlp,ig,416,0.12136844746919354,0.92,1.0,1.0,Model-matched,0
adult,mlp,ig,417,0.2792125767054727,1.0,1.0,1.0,Model-matched,0
adult,mlp,ig,418,0.0240753721714686,0.86,1.0,1.0,Model-matched,0
adult,mlp,ig,419,0.14858814695866154,0.9200000000000002,1.0,1.0,Model-matched,0
adult,mlp,ig,420,0.027367907017041473,0.8400000000000001,1.0,1.0,Model-matched,0
adult,mlp,ig,421,0.09635597777343588,0.76,1.0,1.0,Model-matched,1
adult,mlp,ig,422,0.012044348235321925,0.86,1.0,1.0,Model-matched,0
adult,mlp,ig,423,0.04510323055345576,0.82,1.0,1.0,Model-matched,0
adult,mlp,ig,424,0.19577482830929796,0.86,1.0,1.0,Model-matched,0
adult,mlp,ig,425,0.04318730497704709,0.78,1.0,1.0,Model-matched,1
adult,mlp,ig,426,0.011263201869582656,0.92,1.0,1.0,Model-matched,0
adult,mlp,ig,427,0.04444438045561646,0.92,1.0,1.0,Model-matched,0
adult,mlp,ig,428,0.17537741756659778,1.0,1.0,1.0,Model-matched,0
adult,mlp,ig,429,0.015399891145861343,0.86,1.0,1.0,Model-matched,0
adult,mlp,ig,430,0.13214973042382117,0.8800000000000001,1.0,1.0,Model-matched,0
adult,mlp,ig,431,0.06908263737616324,0.8399999999999999,1.0,1.0,Model-matched,0
adult,mlp,ig,432,0.006560661766673373,0.8,1.0,1.0,Model-matched,0
adult,mlp,ig,433,0.014305327059508276,0.86,1.0,1.0,Model-matched,0
adult,mlp,ig,434,0.07168014650553296,0.7999999999999999,1.0,1.0,Model-matched,1
adult,mlp,ig,435,0.1003649467043667,0.92,1.0,1.0,Model-matched,0
adult,mlp,ig,436,0.18987274526107076,1.0,1.0,1.0,Model-matched,0
adult,mlp,ig,437,0.00778245303487684,0.86,1.0,1.0,Model-matched,0
adult,mlp,ig,438,0.04505693198371787,1.0,1.0,1.0,Model-matched,0
adult,mlp,ig,439,0.031580923137777016,0.8399999999999999,1.0,1.0,Model-matched,0
adult,mlp,ig,440,0.058410070208363064,0.92,1.0,1.0,Model-matched,0
adult,mlp,ig,441,0.027129354189811692,0.8,1.0,1.0,Model-matched,0
adult,mlp,ig,442,0.08681276171134486,0.7999999999999999,1.0,1.0,Model-matched,1
adult,mlp,ig,443,0.08086663657787992,0.92,1.0,1.0,Model-matched,0
adult,mlp,ig,444,0.05306009363471491,0.8400000000000001,1.0,1.0,Model-matched,0
adult,mlp,ig,445,0.11677629976166103,0.7999999999999999,1.0,1.0,Model-matched,1
adult,mlp,ig,446,0.042777512255651386,0.7999999999999999,1.0,1.0,Model-matched,1
adult,mlp,ig,447,0.0953111177844416,0.7999999999999999,1.0,1.0,Model-matched,1
adult,mlp,ig,448,0.05912980010791581,0.86,1.0,1.0,Model-matched,0
adult,mlp,ig,449,0.07548104412430154,0.7599999999999999,1.0,1.0,Model-matched,1
adult,mlp,ig,450,0.06602417355885158,0.92,1.0,1.0,Model-matched,0
adult,mlp,ig,451,0.01665573140839637,0.92,1.0,1.0,Model-matched,0
adult,mlp,ig,452,0.1710641059929407,0.7999999999999999,1.0,1.0,Model-matched,1
adult,mlp,ig,453,0.055943002748209174,0.82,1.0,1.0,Model-matched,0
adult,mlp,ig,454,0.00070033731077207,0.8400000000000001,1.0,1.0,Model-matched,0
adult,mlp,ig,455,0.016889334246919283,0.72,1.0,1.0,Model-matched,1
adult,mlp,ig,456,0.05781358902884769,0.8399999999999999,1.0,1.0,Model-matched,0
adult,mlp,ig,457,0.050501738195617374,0.7799999999999999,1.0,1.0,Model-matched,1
adult,mlp,ig,458,0.0022158534626167286,0.66,1.0,1.0,Model-matched,1
adult,mlp,ig,459,0.0008731630271878747,0.86,1.0,1.0,Model-matched,0
adult,mlp,ig,460,0.07126990430991595,1.0,1.0,1.0,Model-matched,0
adult,mlp,ig,461,0.0471676785402303,0.92,1.0,1.0,Model-matched,0
adult,mlp,ig,462,0.23973584800788553,0.92,1.0,1.0,Model-matched,0
adult,mlp,ig,463,0.11103108833065042,1.0,1.0,1.0,Model-matched,0
adult,mlp,ig,464,0.07519391615451029,0.7999999999999999,1.0,1.0,Model-matched,1
adult,mlp,ig,465,0.17759542046690424,0.8400000000000001,1.0,1.0,Model-matched,0
adult,mlp,ig,466,0.030303440169825745,0.8400000000000001,1.0,1.0,Model-matched,0
adult,mlp,ig,467,0.17290540290739517,0.8800000000000001,1.0,1.0,Model-matched,0
adult,mlp,ig,468,0.35944080833214737,1.0,1.0,1.0,Model-matched,0
adult,mlp,ig,469,0.0694380836975745,0.8400000000000001,1.0,1.0,Model-matched,0
adult,mlp,ig,470,0.05597457461024172,0.8399999999999999,1.0,1.0,Model-matched,0
adult,mlp,ig,471,0.06287005893172018,0.76,1.0,1.0,Model-matched,1
adult,mlp,ig,472,0.0298909935533346,0.8,1.0,1.0,Model-matched,0
adult,mlp,ig,473,0.06144016060477134,1.0,1.0,1.0,Model-matched,0
adult,mlp,ig,474,0.061268725205910216,1.0,1.0,1.0,Model-matched,0
adult,mlp,ig,475,0.12245601751658383,0.8800000000000001,1.0,1.0,Model-matched,0
adult,mlp,ig,476,0.10786443737308551,0.86,1.0,1.0,Model-matched,0
adult,mlp,ig,477,0.019501220770799854,0.78,1.0,1.0,Model-matched,1
adult,mlp,ig,478,0.1358569822513772,1.0,1.0,1.0,Model-matched,0
adult,mlp,ig,479,0.01566729125160238,0.92,1.0,1.0,Model-matched,0
adult,mlp,ig,480,0.002832071243647159,0.92,1.0,1.0,Model-matched,0
adult,mlp,ig,481,0.02911016306105782,0.8800000000000001,1.0,1.0,Model-matched,0
adult,mlp,ig,482,0.056575403542834156,0.6799999999999999,1.0,1.0,Model-matched,1
adult,mlp,ig,483,0.001005342041276663,0.8399999999999999,1.0,1.0,Model-matched,0
adult,mlp,ig,484,0.014333119596644399,0.8400000000000001,1.0,1.0,Model-matched,0
adult,mlp,ig,485,0.07923686679742761,0.86,1.0,1.0,Model-matched,0
adult,mlp,ig,486,0.019603156816983425,0.7999999999999999,1.0,1.0,Model-matched,1
adult,mlp,ig,487,0.07339802381075863,0.7599999999999999,1.0,1.0,Model-matched,1
adult,mlp,ig,488,0.10339874501729868,0.8399999999999999,1.0,1.0,Model-matched,0
adult,mlp,ig,489,0.05751174302267252,1.0,1.0,1.0,Model-matched,0
adult,mlp,ig,490,0.15480229128814715,0.92,1.0,1.0,Model-matched,0
adult,mlp,ig,491,0.01284161786601821,0.7799999999999999,1.0,1.0,Model-matched,1
adult,mlp,ig,492,0.10905611671695774,0.92,1.0,1.0,Model-matched,0
adult,mlp,ig,493,0.0806381970747661,0.9200000000000002,1.0,1.0,Model-matched,0
adult,mlp,ig,494,0.1654859132068264,0.92,1.0,1.0,Model-matched,0
adult,mlp,ig,495,0.130318341238296,0.7999999999999999,1.0,1.0,Model-matched,1
adult,mlp,ig,496,0.3257485264886739,1.0,1.0,1.0,Model-matched,0
adult,mlp,ig,497,0.1274928365883113,1.0,1.0,1.0,Model-matched,0
adult,mlp,ig,498,0.10091400810233296,0.76,1.0,1.0,Model-matched,1
adult,mlp,ig,499,0.0771267742366074,1.0,1.0,1.0,Model-matched,0
adult,mlp,lime,0,0.04275027402576235,0.7399999999999999,0.78,0.7760000000000001,LIME,1
adult,mlp,lime,1,0.0023153664540391276,0.5599999999999998,0.6,0.6,LIME,1
adult,mlp,lime,2,0.027092214420789025,0.6799999999999999,0.78,0.688,LIME,1
adult,mlp,lime,3,0.005624402517393649,0.8,0.78,0.784,LIME,0
adult,mlp,lime,4,0.021145641658962613,0.52,0.58,0.616,LIME,1
adult,mlp,lime,5,0.010498397768568707,0.6599999999999999,0.7,0.68,LIME,1
adult,mlp,lime,6,0.03511307795049693,0.74,0.76,0.7440000000000001,LIME,1
adult,mlp,lime,7,0.002565272252693268,0.6599999999999999,0.74,0.7565217391304347,LIME,1
adult,mlp,lime,8,0.0014153455003067092,0.8,0.82,0.8,LIME,0
adult,mlp,lime,9,0.0445316517146916,0.6799999999999999,0.78,0.7809523809523808,LIME,1
adult,mlp,lime,10,0.012062675592233773,0.7599999999999999,0.8,0.77,LIME,1
adult,mlp,lime,11,0.002542012645597756,0.6199999999999999,0.58,0.688,LIME,1
adult,mlp,lime,12,0.011238748927347343,0.72,0.7,0.728,LIME,1
adult,mlp,lime,13,0.10969216778108307,0.78,0.72,0.752,LIME,1
adult,mlp,lime,14,0.03092325450822393,0.6799999999999999,0.8,0.7333333333333333,LIME,1
adult,mlp,lime,15,0.017376213654579555,0.6799999999999999,0.7,0.7360000000000001,LIME,1
adult,mlp,lime,16,0.048236904928444485,0.64,0.64,0.696,LIME,1
adult,mlp,lime,17,0.00124499483471837,0.5399999999999999,0.6599999999999999,0.64,LIME,1
adult,mlp,lime,18,0.006989896655406109,0.52,0.6,0.6559999999999999,LIME,1
adult,mlp,lime,19,0.004076583034899283,0.5599999999999999,0.6599999999999999,0.632,LIME,1
adult,mlp,lime,20,0.0087594915999887,0.6599999999999999,0.6599999999999999,0.696,LIME,1
adult,mlp,lime,21,0.02133885819806089,0.7,0.74,0.7040000000000001,LIME,1
adult,mlp,lime,22,0.002001283314952917,0.52,0.6799999999999999,0.616,LIME,1
adult,mlp,lime,23,0.0018084166433560923,0.6399999999999999,0.6599999999999999,0.672,LIME,1
adult,mlp,lime,24,0.027068482297592133,0.6599999999999999,0.7,0.688,LIME,1
adult,mlp,lime,25,0.057047423212647955,0.5999999999999999,0.5599999999999999,0.608,LIME,1
adult,mlp,lime,26,0.0008847243406083768,0.7199999999999999,0.74,0.7760000000000001,LIME,1
adult,mlp,lime,27,0.006440124833141959,0.6599999999999999,0.64,0.6909090909090909,LIME,1
adult,mlp,lime,28,0.029002308604505648,0.6799999999999999,0.64,0.632,LIME,1
adult,mlp,lime,29,0.02810201684935526,0.5999999999999999,0.62,0.648,LIME,1
adult,mlp,lime,30,0.03264875085756913,0.6399999999999999,0.72,0.6916666666666668,LIME,1
adult,mlp,lime,31,0.10452677425552116,0.7799999999999999,0.8,0.792,LIME,1
adult,mlp,lime,32,0.02981464914814322,0.74,0.8,0.784,LIME,1
adult,mlp,lime,33,0.09386171884513954,0.82,0.86,0.8222222222222223,LIME,0
adult,mlp,lime,34,0.01085964881500526,0.58,0.6799999999999999,0.664,LIME,1
adult,mlp,lime,35,0.019984492261472128,0.64,0.6799999999999999,0.728,LIME,1
adult,mlp,lime,36,0.004121682517647415,0.7,0.66,0.72,LIME,1
adult,mlp,lime,37,0.0057515007121385535,0.7,0.76,0.768,LIME,1
adult,mlp,lime,38,0.028239187669848485,0.7199999999999999,0.74,0.7391304347826086,LIME,1
adult,mlp,lime,39,0.028631140634722486,0.72,0.76,0.7440000000000001,LIME,1
adult,mlp,lime,40,0.005175629186970001,0.7599999999999999,0.78,0.7166666666666667,LIME,1
adult,mlp,lime,41,0.020696290225840866,0.7599999999999999,0.74,0.728,LIME,1
adult,mlp,lime,42,0.09085058494874816,0.8399999999999999,0.74,0.8444444444444446,LIME,0
adult,mlp,lime,43,0.012023319151629479,0.6399999999999999,0.74,0.7440000000000001,LIME,1
adult,mlp,lime,44,0.021794902912309663,0.7,0.74,0.7760000000000001,LIME,1
adult,mlp,lime,45,0.04876747602017058,0.5999999999999999,0.64,0.616,LIME,1
adult,mlp,lime,46,0.07385240964791588,0.6599999999999999,0.72,0.672,LIME,1
adult,mlp,lime,47,0.005059437161690076,0.7999999999999999,0.78,0.784,LIME,1
adult,mlp,lime,48,0.03486843959056149,0.7,0.74,0.72,LIME,1
adult,mlp,lime,49,0.04396963203908153,0.6799999999999999,0.8,0.7583333333333333,LIME,1
adult,mlp,lime,50,0.03642138933995697,0.8400000000000001,1.0,1.0,LIME,0
adult,mlp,lime,51,0.0948897884063355,0.7,1.0,1.0,LIME,1
adult,mlp,lime,52,0.09572174552433067,0.8799999999999999,1.0,1.0,LIME,0
adult,mlp,lime,53,0.037389665005226926,0.74,1.0,1.0,LIME,1
adult,mlp,lime,54,0.017172909481273983,0.7,1.0,1.0,LIME,1
adult,mlp,lime,55,0.031010732272509507,0.6599999999999999,1.0,1.0,LIME,1
adult,mlp,lime,56,0.044734379631793934,0.7599999999999999,1.0,1.0,LIME,1
adult,mlp,lime,57,0.010654493298956262,0.7199999999999999,1.0,1.0,LIME,1
adult,mlp,lime,58,0.004310773089579575,0.76,1.0,1.0,LIME,1
adult,mlp,lime,59,0.004379013405430117,0.6199999999999999,1.0,1.0,LIME,1
adult,mlp,lime,60,0.005655005259703687,0.7,1.0,1.0,LIME,1
adult,mlp,lime,61,0.0025420162098894416,0.6199999999999999,1.0,1.0,LIME,1
adult,mlp,lime,62,0.06414493488386185,0.8399999999999999,1.0,1.0,LIME,0
adult,mlp,lime,63,0.010944998810463622,0.8,1.0,1.0,LIME,0
adult,mlp,lime,64,0.017161386363818407,0.58,1.0,1.0,LIME,1
adult,mlp,lime,65,0.03631333294264047,0.7,1.0,1.0,LIME,1
adult,mlp,lime,66,0.028542511232133548,0.82,1.0,1.0,LIME,0
adult,mlp,lime,67,0.009481393143532663,0.7599999999999999,1.0,1.0,LIME,1
adult,mlp,lime,68,0.02850228921429516,0.7,1.0,1.0,LIME,1
adult,mlp,lime,69,0.03622922004659136,0.6399999999999999,1.0,1.0,LIME,1
adult,mlp,lime,70,0.04107703843718755,0.6599999999999999,1.0,1.0,LIME,1
adult,mlp,lime,71,0.0980842053993226,0.76,1.0,1.0,LIME,1
adult,mlp,lime,72,0.024704191694640696,0.7399999999999999,1.0,1.0,LIME,1
adult,mlp,lime,73,0.03811212181021442,0.6599999999999999,1.0,1.0,LIME,1
adult,mlp,lime,74,0.0434867773244194,0.86,1.0,1.0,LIME,0
adult,mlp,lime,75,0.10254495084558078,0.58,1.0,1.0,LIME,1
adult,mlp,lime,76,0.0012209201237374824,0.6799999999999999,1.0,1.0,LIME,1
adult,mlp,lime,77,0.019081473515019962,0.6599999999999999,1.0,1.0,LIME,1
adult,mlp,lime,78,0.007445146159338301,0.72,1.0,1.0,LIME,1
adult,mlp,lime,79,0.0019037207414755414,0.58,1.0,1.0,LIME,1
adult,mlp,lime,80,0.05612617191190578,0.72,1.0,1.0,LIME,1
adult,mlp,lime,81,0.03139263980367352,0.7999999999999999,1.0,1.0,LIME,1
adult,mlp,lime,82,0.006453886807516777,0.6599999999999999,1.0,1.0,LIME,1
adult,mlp,lime,83,0.0048194259295278475,0.72,1.0,1.0,LIME,1
adult,mlp,lime,84,0.008364797783021885,0.58,1.0,1.0,LIME,1
adult,mlp,lime,85,0.055696215158208655,0.74,1.0,1.0,LIME,1
adult,mlp,lime,86,0.006346953224924171,0.64,1.0,1.0,LIME,1
adult,mlp,lime,87,0.013283916984002631,0.7799999999999999,1.0,1.0,LIME,1
adult,mlp,lime,88,0.19036265218194237,0.86,1.0,1.0,LIME,0
adult,mlp,lime,89,0.024357254123559158,0.74,1.0,1.0,LIME,1
adult,mlp,lime,90,0.021022702675741307,0.7999999999999999,1.0,1.0,LIME,1
adult,mlp,lime,91,0.028763332294927606,0.86,1.0,1.0,LIME,0
adult,mlp,lime,92,0.0038432924358425295,0.7599999999999999,1.0,1.0,LIME,1
adult,mlp,lime,93,0.00887003198445618,0.7599999999999999,1.0,1.0,LIME,1
adult,mlp,lime,94,0.005559982511191753,0.6399999999999999,1.0,1.0,LIME,1
adult,mlp,lime,95,0.002238999876888838,0.52,1.0,1.0,LIME,1
adult,mlp,lime,96,0.025797436101332265,0.64,1.0,1.0,LIME,1
adult,mlp,lime,97,0.052394866819103436,0.6799999999999999,1.0,1.0,LIME,1
adult,mlp,lime,98,0.09577640865248091,0.7799999999999999,1.0,1.0,LIME,1
adult,mlp,lime,99,0.0895087294840342,0.6799999999999999,1.0,1.0,LIME,1
adult,mlp,kshap,0,0.020218118268325293,0.8400000000000001,1.0,1.0,Model-matched,0
adult,mlp,kshap,1,0.030991685257274127,0.92,1.0,1.0,Model-matched,0
adult,mlp,kshap,2,0.10915731504449118,0.92,1.0,1.0,Model-matched,0
adult,mlp,kshap,3,0.01947244184722535,0.8400000000000001,1.0,1.0,Model-matched,0
adult,mlp,kshap,4,0.12227271909664626,1.0,1.0,1.0,Model-matched,0
adult,mlp,kshap,5,0.01536408283013689,0.82,1.0,1.0,Model-matched,0
adult,mlp,kshap,6,0.04647498727823515,0.8799999999999999,1.0,1.0,Model-matched,0
adult,mlp,kshap,7,0.10333917318414453,0.8799999999999999,1.0,1.0,Model-matched,0
adult,mlp,kshap,8,0.06836523777047243,0.7799999999999999,1.0,1.0,Model-matched,1
adult,mlp,kshap,9,0.14683414112288812,0.7999999999999999,1.0,1.0,Model-matched,1
adult,mlp,kshap,10,0.07562597707987902,0.7399999999999999,1.0,1.0,Model-matched,1
adult,mlp,kshap,11,0.21448192800343094,0.86,1.0,1.0,Model-matched,0
adult,mlp,kshap,12,0.006568756707049668,0.72,1.0,1.0,Model-matched,1
adult,mlp,kshap,13,0.012123483945436804,0.82,1.0,1.0,Model-matched,0
adult,mlp,kshap,14,0.1583157934805626,0.8400000000000001,1.0,1.0,Model-matched,0
adult,mlp,kshap,15,0.06522257422320495,0.92,1.0,1.0,Model-matched,0
adult,mlp,kshap,16,0.003134521399723742,0.92,1.0,1.0,Model-matched,0
adult,mlp,kshap,17,0.022551898076134808,0.92,1.0,1.0,Model-matched,0
adult,mlp,kshap,18,0.044642670430347656,0.92,1.0,1.0,Model-matched,0
adult,mlp,kshap,19,0.019902470488401484,0.8799999999999999,1.0,1.0,Model-matched,0
adult,mlp,kshap,20,0.07023451329329997,0.7,1.0,1.0,Model-matched,1
adult,mlp,kshap,21,0.028686365497208738,0.8799999999999999,1.0,1.0,Model-matched,0
adult,mlp,kshap,22,0.021921168345928683,0.86,1.0,1.0,Model-matched,0
adult,mlp,kshap,23,0.01843616637218561,0.8800000000000001,1.0,1.0,Model-matched,0
adult,mlp,kshap,24,0.08331629661675208,0.7999999999999999,1.0,1.0,Model-matched,1
adult,mlp,kshap,25,0.1582263931783918,1.0,1.0,1.0,Model-matched,0
adult,mlp,kshap,26,0.03703618937941006,0.8400000000000001,1.0,1.0,Model-matched,0
adult,mlp,kshap,27,0.09199138605098504,0.7999999999999999,1.0,1.0,Model-matched,1
adult,mlp,kshap,28,0.08770559430557746,0.74,1.0,1.0,Model-matched,1
adult,mlp,kshap,29,0.13079841189621755,1.0,1.0,1.0,Model-matched,0
adult,mlp,kshap,30,0.027090296448518847,0.92,1.0,1.0,Model-matched,0
adult,mlp,kshap,31,0.02181774173436508,0.82,1.0,1.0,Model-matched,0
adult,mlp,kshap,32,0.00287750652670005,0.76,1.0,1.0,Model-matched,1
adult,mlp,kshap,33,0.004040598379628987,0.8400000000000001,1.0,1.0,Model-matched,0
adult,mlp,kshap,34,0.01305779362319978,0.86,1.0,1.0,Model-matched,0
adult,mlp,kshap,35,0.009589781618479154,0.6799999999999999,1.0,1.0,Model-matched,1
adult,mlp,kshap,36,0.18682648028417348,0.8800000000000001,1.0,1.0,Model-matched,0
adult,mlp,kshap,37,0.02376231679134571,0.86,1.0,1.0,Model-matched,0
adult,mlp,kshap,38,0.0001430338598692477,0.7799999999999999,1.0,1.0,Model-matched,1
adult,mlp,kshap,39,0.03292256142349993,0.7799999999999999,1.0,1.0,Model-matched,1
adult,mlp,kshap,40,0.03497610091075445,0.92,1.0,1.0,Model-matched,0
adult,mlp,kshap,41,0.010775745093319054,0.86,1.0,1.0,Model-matched,0
adult,mlp,kshap,42,0.01767866122341708,0.74,1.0,1.0,Model-matched,1
adult,mlp,kshap,43,0.021050477936636603,0.8799999999999999,1.0,1.0,Model-matched,0
adult,mlp,kshap,44,0.154286735187625,0.7999999999999999,1.0,1.0,Model-matched,1
adult,mlp,kshap,45,0.013916976097378528,0.8800000000000001,1.0,1.0,Model-matched,0
adult,mlp,kshap,46,0.0715946373486702,0.8800000000000001,1.0,1.0,Model-matched,0
adult,mlp,kshap,47,0.020335226590904785,0.8400000000000001,1.0,1.0,Model-matched,0
adult,mlp,kshap,48,0.010660567832271371,0.8399999999999999,1.0,1.0,Model-matched,0
adult,mlp,kshap,49,0.017167265327377647,0.8800000000000001,1.0,1.0,Model-matched,0
adult,mlp,kshap,50,0.02421843227119833,0.8,1.0,1.0,Model-matched,0
adult,mlp,kshap,51,0.01175641550348135,0.7599999999999999,1.0,1.0,Model-matched,1
adult,mlp,kshap,52,0.011932025130541103,0.78,1.0,1.0,Model-matched,1
adult,mlp,kshap,53,0.09815097603709177,0.6999999999999998,1.0,1.0,Model-matched,1
adult,mlp,kshap,54,0.0958739476677835,0.7599999999999999,1.0,1.0,Model-matched,1
adult,mlp,kshap,55,0.030521415026115665,0.8400000000000001,1.0,1.0,Model-matched,0
adult,mlp,kshap,56,0.08833017791035962,0.7799999999999999,1.0,1.0,Model-matched,1
adult,mlp,kshap,57,0.03291377774937189,0.7999999999999999,1.0,1.0,Model-matched,1
adult,mlp,kshap,58,0.29196181288376527,1.0,1.0,1.0,Model-matched,0
adult,mlp,kshap,59,0.17281283504499811,1.0,1.0,1.0,Model-matched,0
adult,mlp,kshap,60,0.1350765882215195,1.0,1.0,1.0,Model-matched,0
adult,mlp,kshap,61,0.14689656271634285,0.9200000000000002,1.0,1.0,Model-matched,0
adult,mlp,kshap,62,0.08814279290168087,0.7599999999999999,1.0,1.0,Model-matched,1
adult,mlp,kshap,63,0.03695293786473399,1.0,1.0,1.0,Model-matched,0
adult,mlp,kshap,64,0.023947257658148095,0.92,1.0,1.0,Model-matched,0
adult,mlp,kshap,65,0.0050528325486328685,0.8399999999999999,1.0,1.0,Model-matched,0
adult,mlp,kshap,66,0.0069975155299696005,0.82,1.0,1.0,Model-matched,0
adult,mlp,kshap,67,0.1118654766238482,0.72,1.0,1.0,Model-matched,1
adult,mlp,kshap,68,0.18920344391540045,0.92,1.0,1.0,Model-matched,0
adult,mlp,kshap,69,0.0033886763132568816,0.86,1.0,1.0,Model-matched,0
adult,mlp,kshap,70,0.06404759456269368,1.0,1.0,1.0,Model-matched,0
adult,mlp,kshap,71,0.04246133538213874,0.7999999999999999,1.0,1.0,Model-matched,1
adult,mlp,kshap,72,0.03819235355219493,0.8400000000000001,1.0,1.0,Model-matched,0
adult,mlp,kshap,73,0.11906618647429144,0.9200000000000002,1.0,1.0,Model-matched,0
adult,mlp,kshap,74,0.05143867784036934,0.9200000000000002,1.0,1.0,Model-matched,0
adult,mlp,kshap,75,0.03196658357810958,0.86,1.0,1.0,Model-matched,0
adult,mlp,kshap,76,0.0020478338358733998,0.8400000000000001,1.0,1.0,Model-matched,0
adult,mlp,kshap,77,0.018040093130447743,0.9200000000000002,1.0,1.0,Model-matched,0
adult,mlp,kshap,78,0.04033264010821646,0.7799999999999999,1.0,1.0,Model-matched,1
adult,mlp,kshap,79,0.02837009240701444,0.92,1.0,1.0,Model-matched,0
adult,mlp,kshap,80,0.25245775910171425,0.86,1.0,1.0,Model-matched,0
adult,mlp,kshap,81,0.07656000640072749,0.7599999999999999,1.0,1.0,Model-matched,1
adult,mlp,kshap,82,0.14191641359300403,1.0,1.0,1.0,Model-matched,0
adult,mlp,kshap,83,0.036264705506307594,1.0,1.0,1.0,Model-matched,0
adult,mlp,kshap,84,0.03972287713702032,0.86,1.0,1.0,Model-matched,0
adult,mlp,kshap,85,0.029732489868240224,1.0,1.0,1.0,Model-matched,0
adult,mlp,kshap,86,0.00379277598761923,0.86,1.0,1.0,Model-matched,0
adult,mlp,kshap,87,0.06582842214541285,0.8399999999999999,1.0,1.0,Model-matched,0
adult,mlp,kshap,88,0.1693740011792821,1.0,1.0,1.0,Model-matched,0
adult,mlp,kshap,89,0.018524715812998138,0.86,1.0,1.0,Model-matched,0
adult,mlp,kshap,90,0.12274149019573181,0.92,1.0,1.0,Model-matched,0
adult,mlp,kshap,91,0.1170426369901237,0.8400000000000001,1.0,1.0,Model-matched,0
adult,mlp,kshap,92,0.12335924857152444,1.0,1.0,1.0,Model-matched,0
adult,mlp,kshap,93,0.08258841724060256,0.86,1.0,1.0,Model-matched,0
adult,mlp,kshap,94,0.006130359170438902,0.86,1.0,1.0,Model-matched,0
adult,mlp,kshap,95,0.11485743237244851,0.92,1.0,1.0,Model-matched,0
adult,mlp,kshap,96,0.10339212436830568,0.92,1.0,1.0,Model-matched,0
adult,mlp,kshap,97,0.13671190877621778,1.0,1.0,1.0,Model-matched,0
adult,mlp,kshap,98,0.11092134426626452,0.8400000000000001,1.0,1.0,Model-matched,0
adult,mlp,kshap,99,0.028270527795799947,0.92,1.0,1.0,Model-matched,0
credit_g,logreg,linshap,0,0.008244588722754811,1.0,1.0,0.9083333333333333,Model-matched,0
credit_g,logreg,linshap,1,0.002932824231482143,1.0,1.0,0.8240000000000001,Model-matched,0
credit_g,logreg,linshap,2,0.0326687019394139,1.0,1.0,0.88,Model-matched,0
credit_g,logreg,linshap,3,0.12680477190561115,1.0,1.0,1.0,Model-matched,0
credit_g,logreg,linshap,4,0.10203484317811409,1.0,1.0,0.9840000000000001,Model-matched,0
credit_g,logreg,linshap,5,0.06715299954454426,1.0,1.0,0.9359999999999999,Model-matched,0
credit_g,logreg,linshap,6,0.02404757313105865,1.0,1.0,0.9359999999999999,Model-matched,0
credit_g,logreg,linshap,7,0.07535529408825313,1.0,1.0,0.9666666666666667,Model-matched,0
credit_g,logreg,linshap,8,0.002932824231482143,1.0,1.0,0.8320000000000001,Model-matched,0
credit_g,logreg,linshap,9,0.010927911077873213,1.0,1.0,0.9333333333333333,Model-matched,0
credit_g,logreg,linshap,10,0.01234595705969447,1.0,1.0,0.9440000000000001,Model-matched,0
credit_g,logreg,linshap,11,0.09451264483773207,1.0,1.0,1.0,Model-matched,0
credit_g,logreg,linshap,12,0.04820369545118375,1.0,1.0,0.9440000000000001,Model-matched,0
credit_g,logreg,linshap,13,0.0071109603667382955,1.0,1.0,0.888,Model-matched,0
credit_g,logreg,linshap,14,0.07422301040912768,1.0,1.0,0.9279999999999999,Model-matched,0
credit_g,logreg,linshap,15,0.08429411444854279,1.0,1.0,1.0,Model-matched,0
credit_g,logreg,linshap,16,0.0191429691215399,1.0,1.0,0.8320000000000001,Model-matched,0
credit_g,logreg,linshap,17,0.05031424698990328,1.0,1.0,0.912,Model-matched,0
credit_g,logreg,linshap,18,0.024797899504865686,1.0,1.0,0.92,Model-matched,0
credit_g,logreg,linshap,19,0.002094162341491765,1.0,1.0,0.912,Model-matched,0
credit_g,logreg,linshap,20,0.0191429691215399,1.0,1.0,0.8240000000000001,Model-matched,0
credit_g,logreg,linshap,21,0.10318182448484277,1.0,1.0,0.992,Model-matched,0
credit_g,logreg,linshap,22,0.040256375177611214,1.0,1.0,0.9279999999999999,Model-matched,0
credit_g,logreg,linshap,23,0.027254152951667776,1.0,1.0,0.904,Model-matched,0
credit_g,logreg,linshap,24,0.05173301516196462,1.0,1.0,0.9176470588235294,Model-matched,0
credit_g,logreg,linshap,25,0.004947492871096325,1.0,1.0,0.8285714285714286,Model-matched,0
credit_g,logreg,linshap,26,0.03938079839685924,1.0,1.0,0.92,Model-matched,0
credit_g,logreg,linshap,27,0.11215898260688097,1.0,1.0,0.9800000000000001,Model-matched,0
credit_g,logreg,linshap,28,0.05523449333892837,1.0,1.0,0.92,Model-matched,0
credit_g,logreg,linshap,29,0.007928339139091972,1.0,1.0,0.84,Model-matched,0
credit_g,logreg,linshap,30,0.17136628783714714,1.0,1.0,0.92,Model-matched,0
credit_g,logreg,linshap,31,0.004072615394346863,1.0,1.0,0.92,Model-matched,0
credit_g,logreg,linshap,32,0.013416104132327682,1.0,1.0,0.9279999999999999,Model-matched,0
credit_g,logreg,linshap,33,0.06340341018205431,1.0,1.0,0.9440000000000001,Model-matched,0
credit_g,logreg,linshap,34,0.034031498651618,1.0,1.0,0.96,Model-matched,0
credit_g,logreg,linshap,35,0.07199513040240128,1.0,1.0,0.9520000000000001,Model-matched,0
credit_g,logreg,linshap,36,0.0606726146831948,1.0,1.0,0.9440000000000001,Model-matched,0
credit_g,logreg,linshap,37,0.09071225954737297,1.0,1.0,1.0,Model-matched,0
credit_g,logreg,linshap,38,0.030508053704691385,1.0,1.0,0.768,Model-matched,0
credit_g,logreg,linshap,39,0.027093357412162417,1.0,1.0,0.8240000000000001,Model-matched,0
credit_g,logreg,linshap,40,0.00388820322207691,1.0,1.0,0.8640000000000001,Model-matched,0
credit_g,logreg,linshap,41,0.07535529408825313,1.0,1.0,0.990909090909091,Model-matched,0
credit_g,logreg,linshap,42,0.006085474101860235,1.0,1.0,0.848,Model-matched,0
credit_g,logreg,linshap,43,0.06256505218935164,1.0,1.0,0.9359999999999999,Model-matched,0
credit_g,logreg,linshap,44,0.006484035327371683,1.0,1.0,0.9440000000000001,Model-matched,0
credit_g,logreg,linshap,45,0.05173301516196462,1.0,1.0,0.9359999999999999,Model-matched,0
credit_g,logreg,linshap,46,0.054879511929751504,1.0,1.0,0.9279999999999999,Model-matched,0
credit_g,logreg,linshap,47,0.014048206761108852,1.0,1.0,0.9279999999999999,Model-matched,0
credit_g,logreg,linshap,48,0.03676472064809614,1.0,1.0,0.904,Model-matched,0
credit_g,logreg,linshap,49,0.0940232799027739,1.0,1.0,0.9359999999999999,Model-matched,0
credit_g,logreg,linshap,50,0.1463156768882238,1.0,1.0,1.0,Model-matched,0
credit_g,logreg,linshap,51,0.1364882323020764,1.0,1.0,1.0,Model-matched,0
credit_g,logreg,linshap,52,0.040591558333342305,1.0,1.0,0.8160000000000001,Model-matched,0
credit_g,logreg,linshap,53,0.018260459555249783,1.0,1.0,0.9440000000000001,Model-matched,0
credit_g,logreg,linshap,54,0.014679118641526191,1.0,1.0,0.8333333333333334,Model-matched,0
credit_g,logreg,linshap,55,0.07079987373160257,1.0,1.0,0.904,Model-matched,0
credit_g,logreg,linshap,56,0.01911631946039784,1.0,1.0,0.88,Model-matched,0
credit_g,logreg,linshap,57,0.05885089598167342,1.0,1.0,0.88,Model-matched,0
credit_g,logreg,linshap,58,0.027093357412162417,1.0,1.0,0.784,Model-matched,0
credit_g,logreg,linshap,59,0.022096180506802555,1.0,1.0,0.9279999999999999,Model-matched,0
credit_g,logreg,linshap,60,0.020769433497488294,1.0,1.0,0.848,Model-matched,0
credit_g,logreg,linshap,61,0.01731080895647047,1.0,1.0,0.8240000000000001,Model-matched,0
credit_g,logreg,linshap,62,0.005586179546701607,1.0,1.0,0.8960000000000001,Model-matched,0
credit_g,logreg,linshap,63,0.04231045555250796,1.0,1.0,0.9440000000000001,Model-matched,0
credit_g,logreg,linshap,64,0.1333353226155445,1.0,1.0,1.0,Model-matched,0
credit_g,logreg,linshap,65,0.02703349761303144,1.0,1.0,0.968,Model-matched,0
credit_g,logreg,linshap,66,0.014679118641526191,1.0,1.0,0.888,Model-matched,0
credit_g,logreg,linshap,67,0.027093357412162417,1.0,1.0,0.848,Model-matched,0
credit_g,logreg,linshap,68,0.05886800486493319,1.0,1.0,0.9840000000000001,Model-matched,0
credit_g,logreg,linshap,69,0.022574944001415662,1.0,1.0,0.848,Model-matched,0
credit_g,logreg,linshap,70,0.04137216396518998,1.0,1.0,0.976,Model-matched,0
credit_g,logreg,linshap,71,0.006484035327371683,1.0,1.0,0.992,Model-matched,0
credit_g,logreg,linshap,72,0.020769433497488294,1.0,1.0,0.872,Model-matched,0
credit_g,logreg,linshap,73,0.0610077732921607,1.0,1.0,0.9359999999999999,Model-matched,0
credit_g,logreg,linshap,74,0.039096676433702675,1.0,1.0,0.9359999999999999,Model-matched,0
credit_g,logreg,linshap,75,0.020769433497488294,1.0,1.0,0.9279999999999999,Model-matched,0
credit_g,logreg,linshap,76,0.016510816888811532,1.0,1.0,0.976,Model-matched,0
credit_g,logreg,linshap,77,0.06256505218935164,1.0,1.0,1.0,Model-matched,0
credit_g,logreg,linshap,78,0.1593654069173384,1.0,1.0,0.992,Model-matched,0
credit_g,logreg,linshap,79,0.04131974267362412,1.0,1.0,0.888,Model-matched,0
credit_g,logreg,linshap,80,0.07242246985677099,1.0,1.0,0.9359999999999999,Model-matched,0
credit_g,logreg,linshap,81,0.020910741482255645,1.0,1.0,0.904,Model-matched,0
credit_g,logreg,linshap,82,0.022574944001415662,1.0,1.0,0.9440000000000001,Model-matched,0
credit_g,logreg,linshap,83,0.1264137413856466,1.0,1.0,0.904,Model-matched,0
credit_g,logreg,linshap,84,0.03359355729475575,1.0,1.0,0.872,Model-matched,0
credit_g,logreg,linshap,85,0.016510816888811532,1.0,1.0,0.9279999999999999,Model-matched,0
credit_g,logreg,linshap,86,0.027149737900037395,1.0,1.0,0.96,Model-matched,0
credit_g,logreg,linshap,87,0.009722688656560972,1.0,1.0,0.8960000000000001,Model-matched,0
credit_g,logreg,linshap,88,0.04029558616305451,1.0,1.0,0.92,Model-matched,0
credit_g,logreg,linshap,89,0.07507040335865897,1.0,1.0,1.0,Model-matched,0
credit_g,logreg,linshap,90,0.1600201622798398,1.0,1.0,1.0,Model-matched,0
credit_g,logreg,linshap,91,0.035332319126616545,1.0,1.0,0.968,Model-matched,0
credit_g,logreg,linshap,92,0.010600041568709154,1.0,1.0,0.8160000000000001,Model-matched,0
credit_g,logreg,linshap,93,0.04877610167940059,1.0,1.0,0.904,Model-matched,0
credit_g,logreg,linshap,94,0.01911631946039784,1.0,1.0,0.84,Model-matched,0
credit_g,logreg,linshap,95,0.08033834598956573,1.0,1.0,0.9520000000000001,Model-matched,0
credit_g,logreg,linshap,96,0.014679118641526191,1.0,1.0,0.8560000000000001,Model-matched,0
credit_g,logreg,linshap,97,0.047668027853769133,1.0,1.0,0.9279999999999999,Model-matched,0
credit_g,logreg,linshap,98,0.009722688656560972,1.0,1.0,0.8,Model-matched,0
credit_g,logreg,linshap,99,0.048511545847076384,1.0,1.0,0.9304347826086956,Model-matched,0
credit_g,logreg,linshap,100,0.027691640757449693,1.0,1.0,0.8521739130434783,Model-matched,0
credit_g,logreg,linshap,101,0.02159225807319883,1.0,1.0,0.9440000000000001,Model-matched,0
credit_g,logreg,linshap,102,0.0079981401108534,1.0,1.0,0.888,Model-matched,0
credit_g,logreg,linshap,103,0.02588891470129818,1.0,1.0,0.912,Model-matched,0
credit_g,logreg,linshap,104,0.15169614471750456,1.0,1.0,0.9359999999999999,Model-matched,0
credit_g,logreg,linshap,105,0.034783699981896614,1.0,1.0,0.96,Model-matched,0
credit_g,logreg,linshap,106,0.01911631946039784,1.0,1.0,0.8560000000000001,Model-matched,0
credit_g,logreg,linshap,107,0.11711031271175248,1.0,1.0,0.976,Model-matched,0
credit_g,logreg,linshap,108,0.008244588722754811,1.0,1.0,0.8640000000000001,Model-matched,0
credit_g,logreg,linshap,109,0.011693023645815913,1.0,1.0,0.784,Model-matched,0
credit_g,logreg,linshap,110,0.0013526135159950268,1.0,1.0,0.8960000000000001,Model-matched,0
credit_g,logreg,linshap,111,0.002921736298707309,1.0,1.0,0.872,Model-matched,0
credit_g,logreg,linshap,112,0.029126553102263072,1.0,1.0,0.904,Model-matched,0
credit_g,logreg,linshap,113,0.00388820322207691,1.0,1.0,0.8560000000000001,Model-matched,0
credit_g,logreg,linshap,114,0.01672068969514753,1.0,1.0,0.872,Model-matched,0
credit_g,logreg,linshap,115,0.040591558333342305,1.0,1.0,0.904,Model-matched,0
credit_g,logreg,linshap,116,0.014679118641526191,1.0,1.0,0.8320000000000001,Model-matched,0
credit_g,logreg,linshap,117,0.02585239431511958,1.0,1.0,0.8640000000000001,Model-matched,0
credit_g,logreg,linshap,118,0.049631352787675866,1.0,1.0,0.9359999999999999,Model-matched,0
credit_g,logreg,linshap,119,0.06619388256981092,1.0,1.0,0.976,Model-matched,0
credit_g,logreg,linshap,120,0.07803766039371718,1.0,1.0,0.9440000000000001,Model-matched,0
credit_g,logreg,linshap,121,0.017280314682922834,1.0,1.0,0.904,Model-matched,0
credit_g,logreg,linshap,122,0.017280314682922834,1.0,1.0,0.9279999999999999,Model-matched,0
credit_g,logreg,linshap,123,0.01366965973890314,1.0,1.0,0.8640000000000001,Model-matched,0
credit_g,logreg,linshap,124,0.009722688656560972,1.0,1.0,0.8560000000000001,Model-matched,0
credit_g,logreg,linshap,125,0.07214866705995165,1.0,1.0,0.976,Model-matched,0
credit_g,logreg,linshap,126,0.089366624699007,1.0,1.0,0.96,Model-matched,0
credit_g,logreg,linshap,127,0.11087616165708523,1.0,1.0,0.976,Model-matched,0
credit_g,logreg,linshap,128,0.009722688656560972,1.0,1.0,0.8640000000000001,Model-matched,0
credit_g,logreg,linshap,129,0.0611010397356446,1.0,1.0,0.976,Model-matched,0
credit_g,logreg,linshap,130,0.034818433924831756,1.0,1.0,0.9047619047619048,Model-matched,0
credit_g,logreg,linshap,131,0.07352646549069801,1.0,1.0,0.992,Model-matched,0
credit_g,logreg,linshap,132,0.027797428995367093,1.0,1.0,0.92,Model-matched,0
credit_g,logreg,linshap,133,0.006998001038586558,1.0,1.0,0.88,Model-matched,0
credit_g,logreg,linshap,134,0.06246440303218906,1.0,1.0,0.96,Model-matched,0
credit_g,logreg,linshap,135,0.01731080895647047,1.0,1.0,0.8320000000000001,Model-matched,0
credit_g,logreg,linshap,136,0.025976697598296437,1.0,1.0,0.872,Model-matched,0
credit_g,logreg,linshap,137,0.009722688656560972,1.0,1.0,0.88,Model-matched,0
credit_g,logreg,linshap,138,0.015692360070105854,1.0,1.0,0.84,Model-matched,0
credit_g,logreg,linshap,139,0.04231045555250796,1.0,1.0,0.888,Model-matched,0
credit_g,logreg,linshap,140,0.0420666764858209,1.0,1.0,0.88,Model-matched,0
credit_g,logreg,linshap,141,0.014048206761108852,1.0,1.0,0.8960000000000001,Model-matched,0
credit_g,logreg,linshap,142,0.03808639705097198,1.0,1.0,0.9279999999999999,Model-matched,0
credit_g,logreg,linshap,143,0.01731080895647047,1.0,1.0,0.88,Model-matched,0
credit_g,logreg,linshap,144,0.019459252943280464,1.0,1.0,0.9359999999999999,Model-matched,0
credit_g,logreg,linshap,145,0.015099680510628178,1.0,1.0,0.92,Model-matched,0
credit_g,logreg,linshap,146,0.040591558333342305,1.0,1.0,0.912,Model-matched,0
credit_g,logreg,linshap,147,0.03442059248171909,1.0,1.0,0.9454545454545454,Model-matched,0
credit_g,logreg,linshap,148,0.00914150946085352,1.0,1.0,0.9363636363636364,Model-matched,0
credit_g,logreg,linshap,149,0.14788443751520755,1.0,1.0,0.96,Model-matched,0
credit_g,logreg,linshap,150,0.06773208583160337,1.0,1.0,0.888,Model-matched,0
credit_g,logreg,linshap,151,0.04859682021709056,1.0,1.0,0.92,Model-matched,0
credit_g,logreg,linshap,152,0.07211672280015283,1.0,1.0,1.0,Model-matched,0
credit_g,logreg,linshap,153,0.173956091333644,1.0,1.0,0.9520000000000001,Model-matched,0
credit_g,logreg,linshap,154,0.16217980959328382,1.0,1.0,1.0,Model-matched,0
credit_g,logreg,linshap,155,0.07214866705995165,1.0,1.0,0.976,Model-matched,0
credit_g,logreg,linshap,156,0.09413346741501978,1.0,1.0,0.9520000000000001,Model-matched,0
credit_g,logreg,linshap,157,0.05924626232651092,1.0,1.0,0.9181818181818181,Model-matched,0
credit_g,logreg,linshap,158,0.003356612084444282,1.0,1.0,0.8,Model-matched,0
credit_g,logreg,linshap,159,0.026277457406393024,1.0,1.0,0.84,Model-matched,0
credit_g,logreg,linshap,160,0.1409668534619045,1.0,1.0,1.0,Model-matched,0
credit_g,logreg,linshap,161,0.09217958128287233,1.0,1.0,0.992,Model-matched,0
credit_g,logreg,linshap,162,0.07263503035777201,1.0,1.0,0.968,Model-matched,0
credit_g,logreg,linshap,163,0.0333545383882307,1.0,1.0,0.9478260869565218,Model-matched,0
credit_g,logreg,linshap,164,0.015993371971534366,1.0,1.0,0.8240000000000001,Model-matched,0
credit_g,logreg,linshap,165,0.01777361985521455,1.0,1.0,0.912,Model-matched,0
credit_g,logreg,linshap,166,0.014679118641526191,1.0,1.0,0.84,Model-matched,0
credit_g,logreg,linshap,167,0.034783699981896614,1.0,1.0,0.9359999999999999,Model-matched,0
credit_g,logreg,linshap,168,0.00811839770799735,1.0,1.0,0.8560000000000001,Model-matched,0
credit_g,logreg,linshap,169,0.07199513040240128,1.0,1.0,0.9440000000000001,Model-matched,0
credit_g,logreg,linshap,170,0.02348445013736843,1.0,1.0,0.8640000000000001,Model-matched,0
credit_g,logreg,linshap,171,0.08033834598956573,1.0,1.0,0.9359999999999999,Model-matched,0
credit_g,logreg,linshap,172,0.06773208583160337,1.0,1.0,0.92,Model-matched,0
credit_g,logreg,linshap,173,0.2072167939782097,1.0,1.0,1.0,Model-matched,0
credit_g,logreg,linshap,174,0.0006685921618003968,1.0,1.0,0.8250000000000001,Model-matched,0
credit_g,logreg,linshap,175,0.06993396237696994,1.0,1.0,0.9090909090909091,Model-matched,0
credit_g,logreg,linshap,176,0.008568198166599506,1.0,1.0,0.8875000000000001,Model-matched,0
credit_g,logreg,linshap,177,0.005834485434484063,1.0,1.0,0.84,Model-matched,0
credit_g,logreg,linshap,178,0.002932824231482143,1.0,1.0,0.888,Model-matched,0
credit_g,logreg,linshap,179,0.11463407534252495,1.0,1.0,0.888,Model-matched,0
credit_g,logreg,linshap,180,0.03283931989146477,1.0,1.0,0.8560000000000001,Model-matched,0
credit_g,logreg,linshap,181,0.008244588722754811,1.0,1.0,0.872,Model-matched,0
credit_g,logreg,linshap,182,0.02968777184259233,1.0,1.0,0.8640000000000001,Model-matched,0
credit_g,logreg,linshap,183,0.03442059248171909,1.0,1.0,0.92,Model-matched,0
credit_g,logreg,linshap,184,0.003297095851658487,1.0,1.0,0.8079999999999999,Model-matched,0
credit_g,logreg,linshap,185,0.006085474101860235,1.0,1.0,0.8583333333333334,Model-matched,0
credit_g,logreg,linshap,186,0.020769433497488294,1.0,1.0,0.9440000000000001,Model-matched,0
credit_g,logreg,linshap,187,0.02585239431511958,1.0,1.0,0.8285714285714285,Model-matched,0
credit_g,logreg,linshap,188,0.003458624541017824,1.0,1.0,0.784,Model-matched,0
credit_g,logreg,linshap,189,0.03260113839588208,1.0,1.0,0.888,Model-matched,0
credit_g,logreg,linshap,190,0.1722431801240141,1.0,1.0,1.0,Model-matched,0
credit_g,logreg,linshap,191,0.03488594234222927,1.0,1.0,0.9916666666666667,Model-matched,0
credit_g,logreg,linshap,192,0.045442018944321275,1.0,1.0,0.92,Model-matched,0
credit_g,logreg,linshap,193,0.015956250246778013,1.0,1.0,0.8640000000000001,Model-matched,0
credit_g,logreg,linshap,194,0.008244588722754811,1.0,1.0,0.8333333333333334,Model-matched,0
credit_g,logreg,linshap,195,0.06773208583160337,1.0,1.0,0.8640000000000001,Model-matched,0
credit_g,logreg,linshap,196,0.1161085184359357,1.0,1.0,0.976,Model-matched,0
credit_g,logreg,linshap,197,0.027035550437399247,1.0,1.0,0.8960000000000001,Model-matched,0
credit_g,logreg,linshap,198,0.01672068969514753,1.0,1.0,0.848,Model-matched,0
credit_g,logreg,linshap,199,0.034783699981896614,1.0,1.0,0.912,Model-matched,0
credit_g,logreg,linshap,200,0.0191429691215399,1.0,1.0,1.0,Model-matched,0
credit_g,logreg,linshap,201,0.02544003214716446,1.0,1.0,1.0,Model-matched,0
credit_g,logreg,linshap,202,0.003297095851658487,1.0,1.0,1.0,Model-matched,0
credit_g,logreg,linshap,203,0.01591074986724301,1.0,1.0,1.0,Model-matched,0
credit_g,logreg,linshap,204,0.0054131352890499414,1.0,1.0,1.0,Model-matched,0
credit_g,logreg,linshap,205,0.03235551010635163,1.0,1.0,1.0,Model-matched,0
credit_g,logreg,linshap,206,0.0199182702798278,1.0,1.0,1.0,Model-matched,0
credit_g,logreg,linshap,207,0.0031327117757286903,1.0,1.0,1.0,Model-matched,0
credit_g,logreg,linshap,208,0.039885752957886135,1.0,1.0,1.0,Model-matched,0
credit_g,logreg,linshap,209,0.027691640757449693,1.0,1.0,1.0,Model-matched,0
credit_g,logreg,linshap,210,0.01731080895647047,1.0,1.0,1.0,Model-matched,0
credit_g,logreg,linshap,211,0.045720238392370195,1.0,1.0,1.0,Model-matched,0
credit_g,logreg,linshap,212,0.01716546214479168,1.0,1.0,1.0,Model-matched,0
credit_g,logreg,linshap,213,0.03359355729475575,1.0,1.0,1.0,Model-matched,0
credit_g,logreg,linshap,214,0.014904276849600285,1.0,1.0,1.0,Model-matched,0
credit_g,logreg,linshap,215,0.1409668534619045,1.0,1.0,1.0,Model-matched,0
credit_g,logreg,linshap,216,0.03938079839685924,1.0,1.0,1.0,Model-matched,0
credit_g,logreg,linshap,217,0.02445651836173053,1.0,1.0,1.0,Model-matched,0
credit_g,logreg,linshap,218,0.01643806103529254,1.0,1.0,1.0,Model-matched,0
credit_g,logreg,linshap,219,0.03442059248171909,1.0,1.0,1.0,Model-matched,0
credit_g,logreg,linshap,220,0.06038255647012015,1.0,1.0,1.0,Model-matched,0
credit_g,logreg,linshap,221,0.06256505218935164,1.0,1.0,1.0,Model-matched,0
credit_g,logreg,linshap,222,0.009722688656560972,1.0,1.0,1.0,Model-matched,0
credit_g,logreg,linshap,223,0.02662994739841284,1.0,1.0,1.0,Model-matched,0
credit_g,logreg,linshap,224,0.07871884605489299,1.0,1.0,1.0,Model-matched,0
credit_g,logreg,linshap,225,0.02038390296738367,1.0,1.0,1.0,Model-matched,0
credit_g,logreg,linshap,226,0.034783699981896614,1.0,1.0,1.0,Model-matched,0
credit_g,logreg,linshap,227,0.005567436227059202,1.0,1.0,1.0,Model-matched,0
credit_g,logreg,linshap,228,0.003458624541017824,1.0,1.0,1.0,Model-matched,0
credit_g,logreg,linshap,229,0.11410876336701381,1.0,1.0,1.0,Model-matched,0
credit_g,logreg,linshap,230,0.043482088528236644,1.0,1.0,1.0,Model-matched,0
credit_g,logreg,linshap,231,0.16425580890710226,1.0,1.0,1.0,Model-matched,0
credit_g,logreg,linshap,232,0.018236956504735325,1.0,1.0,1.0,Model-matched,0
credit_g,logreg,linshap,233,0.018667879645200433,1.0,1.0,1.0,Model-matched,0
credit_g,logreg,linshap,234,0.036788965568412775,1.0,1.0,1.0,Model-matched,0
credit_g,logreg,linshap,235,0.02037835060052812,1.0,1.0,1.0,Model-matched,0
credit_g,logreg,linshap,236,0.02037835060052812,1.0,1.0,1.0,Model-matched,0
credit_g,logreg,linshap,237,0.04473290029550328,1.0,1.0,1.0,Model-matched,0
credit_g,logreg,linshap,238,0.2374275922670627,1.0,1.0,1.0,Model-matched,0
credit_g,logreg,linshap,239,0.002517230845937027,1.0,1.0,1.0,Model-matched,0
credit_g,logreg,linshap,240,0.025667190056941437,1.0,1.0,1.0,Model-matched,0
credit_g,logreg,linshap,241,0.022923707364281003,1.0,1.0,1.0,Model-matched,0
credit_g,logreg,linshap,242,0.06836798154617094,1.0,1.0,1.0,Model-matched,0
credit_g,logreg,linshap,243,0.023145294390954533,1.0,1.0,1.0,Model-matched,0
credit_g,logreg,linshap,244,0.2964464955301872,1.0,1.0,1.0,Model-matched,0
credit_g,logreg,linshap,245,0.05450780831780051,1.0,1.0,1.0,Model-matched,0
credit_g,logreg,linshap,246,0.04231045555250796,1.0,1.0,1.0,Model-matched,0
credit_g,logreg,linshap,247,0.07368614579591229,1.0,1.0,1.0,Model-matched,0
credit_g,logreg,linshap,248,0.04096472253811517,1.0,1.0,1.0,Model-matched,0
credit_g,logreg,linshap,249,0.02810762354434538,1.0,1.0,1.0,Model-matched,0
credit_g,logreg,linshap,250,0.027506057491290172,1.0,1.0,1.0,Model-matched,0
credit_g,logreg,linshap,251,0.02585239431511958,1.0,1.0,1.0,Model-matched,0
credit_g,logreg,linshap,252,0.05275266928449514,1.0,1.0,1.0,Model-matched,0
credit_g,logreg,linshap,253,0.025622899127135144,1.0,1.0,1.0,Model-matched,0
credit_g,logreg,linshap,254,0.023633574834592525,1.0,1.0,1.0,Model-matched,0
credit_g,logreg,linshap,255,0.008542927552830745,1.0,1.0,1.0,Model-matched,0
credit_g,logreg,linshap,256,0.002932824231482143,1.0,1.0,1.0,Model-matched,0
credit_g,logreg,linshap,257,0.04268260933949738,1.0,1.0,1.0,Model-matched,0
credit_g,logreg,linshap,258,0.03442059248171909,1.0,1.0,1.0,Model-matched,0
credit_g,logreg,linshap,259,0.20904748702705117,1.0,1.0,1.0,Model-matched,0
credit_g,logreg,linshap,260,0.0079981401108534,1.0,1.0,1.0,Model-matched,0
credit_g,logreg,linshap,261,0.09951578192675935,1.0,1.0,1.0,Model-matched,0
credit_g,logreg,linshap,262,0.057227538482242775,1.0,1.0,1.0,Model-matched,0
credit_g,logreg,linshap,263,0.010104315196662479,1.0,1.0,1.0,Model-matched,0
credit_g,logreg,linshap,264,0.027093357412162417,1.0,1.0,1.0,Model-matched,0
credit_g,logreg,linshap,265,0.01731080895647047,1.0,1.0,1.0,Model-matched,0
credit_g,logreg,linshap,266,0.08999686209886007,1.0,1.0,1.0,Model-matched,0
credit_g,logreg,linshap,267,0.04547684966701116,1.0,1.0,1.0,Model-matched,0
credit_g,logreg,linshap,268,0.0029283199028118092,1.0,1.0,1.0,Model-matched,0
credit_g,logreg,linshap,269,0.004072615394346863,1.0,1.0,1.0,Model-matched,0
credit_g,logreg,linshap,270,0.051448809322878146,1.0,1.0,1.0,Model-matched,0
credit_g,logreg,linshap,271,0.1364882323020764,1.0,1.0,1.0,Model-matched,0
credit_g,logreg,linshap,272,0.025304579744993148,1.0,1.0,1.0,Model-matched,0
credit_g,logreg,linshap,273,0.0004918428040225448,1.0,1.0,1.0,Model-matched,0
credit_g,logreg,linshap,274,0.014904276849600285,1.0,1.0,1.0,Model-matched,0
credit_g,logreg,linshap,275,0.09431463718296441,1.0,1.0,1.0,Model-matched,0
credit_g,logreg,linshap,276,0.020769433497488294,1.0,1.0,1.0,Model-matched,0
credit_g,logreg,linshap,277,0.003458624541017824,1.0,1.0,1.0,Model-matched,0
credit_g,logreg,linshap,278,0.003458624541017824,1.0,1.0,1.0,Model-matched,0
credit_g,logreg,linshap,279,0.08519962800880565,1.0,1.0,1.0,Model-matched,0
credit_g,logreg,linshap,280,0.20727592251285948,1.0,1.0,1.0,Model-matched,0
credit_g,logreg,linshap,281,0.06741350073116015,1.0,1.0,1.0,Model-matched,0
credit_g,logreg,linshap,282,0.048511545847076384,1.0,1.0,1.0,Model-matched,0
credit_g,logreg,linshap,283,0.08476566966679111,1.0,1.0,1.0,Model-matched,0
credit_g,logreg,linshap,284,0.005834485434484063,1.0,1.0,1.0,Model-matched,0
credit_g,logreg,linshap,285,0.005372668806447305,1.0,1.0,1.0,Model-matched,0
credit_g,logreg,linshap,286,0.050940815143624175,1.0,1.0,1.0,Model-matched,0
credit_g,logreg,linshap,287,0.1015630773263712,1.0,1.0,1.0,Model-matched,0
credit_g,logreg,linshap,288,0.017280314682922834,1.0,1.0,1.0,Model-matched,0
credit_g,logreg,linshap,289,0.009438414766581412,1.0,1.0,1.0,Model-matched,0
credit_g,logreg,linshap,290,0.010914227917706793,1.0,1.0,1.0,Model-matched,0
credit_g,logreg,linshap,291,0.06293919472316586,1.0,1.0,1.0,Model-matched,0
credit_g,logreg,linshap,292,0.015165483096930402,1.0,1.0,1.0,Model-matched,0
credit_g,logreg,linshap,293,0.022597032551644327,1.0,1.0,1.0,Model-matched,0
credit_g,logreg,linshap,294,0.0485916971281035,1.0,1.0,1.0,Model-matched,0
credit_g,logreg,linshap,295,0.014149214611303614,1.0,1.0,1.0,Model-matched,0
credit_g,logreg,linshap,296,0.023807054608385975,1.0,1.0,1.0,Model-matched,0
credit_g,logreg,linshap,297,0.04340988171296839,1.0,1.0,1.0,Model-matched,0
credit_g,logreg,linshap,298,0.022923707364281003,1.0,1.0,1.0,Model-matched,0
credit_g,logreg,linshap,299,0.02038390296738367,1.0,1.0,1.0,Model-matched,0
credit_g,logreg,lime,0,0.13797644507861237,0.7799999999999999,0.86,0.8416666666666667,LIME,1
credit_g,logreg,lime,1,0.08363280566821002,0.8400000000000001,0.8,0.8240000000000001,LIME,0
credit_g,logreg,lime,2,0.00547644310226182,0.86,0.8800000000000001,0.88,LIME,0
credit_g,logreg,lime,3,0.03139893230652387,0.92,0.9199999999999999,0.912,LIME,0
credit_g,logreg,lime,4,0.10688882627890504,0.9200000000000002,0.96,0.9359999999999999,LIME,0
credit_g,logreg,lime,5,0.001834625729702112,0.7999999999999999,0.8400000000000001,0.872,LIME,1
credit_g,logreg,lime,6,0.023934647837988272,0.8399999999999999,0.8400000000000001,0.848,LIME,0
credit_g,logreg,lime,7,0.1834823643006859,0.8799999999999999,0.86,0.8666666666666667,LIME,0
credit_g,logreg,lime,8,0.04397991389698261,0.7799999999999999,0.86,0.848,LIME,1
credit_g,logreg,lime,9,0.19608682237198058,0.8400000000000001,0.8,0.8533333333333334,LIME,0
credit_g,logreg,lime,10,0.10317056979030188,0.8399999999999999,0.8400000000000001,0.84,LIME,0
credit_g,logreg,lime,11,0.05270698801053846,0.8399999999999999,0.86,0.872,LIME,0
credit_g,logreg,lime,12,0.09211694131817912,0.92,0.9,0.8960000000000001,LIME,0
credit_g,logreg,lime,13,0.04798783988135398,1.0,0.9400000000000001,0.968,LIME,0
credit_g,logreg,lime,14,0.016581103554715718,0.82,0.8200000000000001,0.8240000000000001,LIME,0
credit_g,logreg,lime,15,0.014807244526854672,0.82,0.86,0.8240000000000001,LIME,0
credit_g,logreg,lime,16,0.001510036728200329,0.92,0.9,0.904,LIME,0
credit_g,logreg,lime,17,0.14815798531188637,1.0,0.96,0.9520000000000001,LIME,0
credit_g,logreg,lime,18,0.04354488294523781,0.7599999999999999,0.8,0.784,LIME,1
credit_g,logreg,lime,19,0.014811159510863207,0.8400000000000001,0.78,0.7759999999999999,LIME,0
credit_g,logreg,lime,20,0.05879539659432613,0.82,0.86,0.8320000000000001,LIME,0
credit_g,logreg,lime,21,0.034171489872189376,0.8400000000000001,0.8800000000000001,0.8560000000000001,LIME,0
credit_g,logreg,lime,22,0.03518575715896792,1.0,1.0,0.9520000000000001,LIME,0
credit_g,logreg,lime,23,0.03467540737679481,0.92,0.86,0.8160000000000001,LIME,0
credit_g,logreg,lime,24,0.041299119341104,0.8799999999999999,0.8400000000000001,0.8941176470588236,LIME,0
credit_g,logreg,lime,25,0.012290481283887593,0.86,0.8200000000000001,0.8380952380952381,LIME,0
credit_g,logreg,lime,26,0.15467396764293911,1.0,1.0,0.992,LIME,0
credit_g,logreg,lime,27,0.09314547816686153,0.86,0.8400000000000001,0.85,LIME,0
credit_g,logreg,lime,28,0.09886557293581678,0.8400000000000001,0.9199999999999999,0.88,LIME,0
credit_g,logreg,lime,29,0.047344656818526745,0.8400000000000001,0.9,0.872,LIME,0
credit_g,logreg,lime,30,0.03356252299012233,0.82,0.8200000000000001,0.752,LIME,0
credit_g,logreg,lime,31,0.031390338636709356,0.8400000000000001,0.8400000000000001,0.872,LIME,0
credit_g,logreg,lime,32,0.0506726927360649,0.92,0.9199999999999999,0.9440000000000001,LIME,0
credit_g,logreg,lime,33,0.16516184487547167,0.92,0.9,0.92,LIME,0
credit_g,logreg,lime,34,0.015054265769687216,0.86,0.9,0.904,LIME,0
credit_g,logreg,lime,35,0.01517799465825571,0.86,0.9,0.8960000000000001,LIME,0
credit_g,logreg,lime,36,0.04579611380579847,0.8,0.86,0.88,LIME,0
credit_g,logreg,lime,37,0.10907646235387244,0.92,0.9199999999999999,0.9440000000000001,LIME,0
credit_g,logreg,lime,38,0.09655525706991731,0.7599999999999999,0.72,0.8,LIME,1
credit_g,logreg,lime,39,0.06129555955178782,0.86,0.8400000000000001,0.8079999999999999,LIME,0
credit_g,logreg,lime,40,0.11673588109108918,0.86,0.9,0.8640000000000001,LIME,0
credit_g,logreg,lime,41,0.13025938433847625,1.0,0.9,0.9272727272727272,LIME,0
credit_g,logreg,lime,42,0.027591057789588497,0.86,0.8800000000000001,0.8640000000000001,LIME,0
credit_g,logreg,lime,43,0.054187333647720895,0.92,0.8800000000000001,0.9279999999999999,LIME,0
credit_g,logreg,lime,44,0.025404971889353607,0.7999999999999999,0.86,0.8240000000000001,LIME,1
credit_g,logreg,lime,45,0.09493865765332557,1.0,0.9800000000000001,0.9359999999999999,LIME,0
credit_g,logreg,lime,46,0.035667931679296355,0.9200000000000002,0.9,0.8560000000000001,LIME,0
credit_g,logreg,lime,47,0.02815125882012463,1.0,0.9199999999999999,0.8960000000000001,LIME,0
credit_g,logreg,lime,48,0.009161716257005138,0.92,0.96,0.912,LIME,0
credit_g,logreg,lime,49,0.04916102291440403,0.86,0.86,0.88,LIME,0
credit_g,logreg,lime,50,0.147625789672808,0.7199999999999999,1.0,1.0,LIME,1
credit_g,logreg,lime,51,0.05174467739503233,0.7999999999999999,1.0,1.0,LIME,1
credit_g,logreg,lime,52,0.003983843902774545,0.86,1.0,1.0,LIME,0
credit_g,logreg,lime,53,0.018158726412411154,0.7999999999999999,1.0,1.0,LIME,1
credit_g,logreg,lime,54,0.20451372330114592,0.8799999999999999,1.0,1.0,LIME,0
credit_g,logreg,lime,55,0.10347725156263132,0.8800000000000001,1.0,1.0,LIME,0
credit_g,logreg,lime,56,0.07312278523711739,0.8400000000000001,1.0,1.0,LIME,0
credit_g,logreg,lime,57,0.07108451663007678,0.8799999999999999,1.0,1.0,LIME,0
credit_g,logreg,lime,58,0.09479527448952857,0.7999999999999999,1.0,1.0,LIME,1
credit_g,logreg,lime,59,0.003236492447699923,0.76,1.0,1.0,LIME,1
credit_g,logreg,lime,60,0.027981955041984988,0.82,1.0,1.0,LIME,0
credit_g,logreg,lime,61,0.13420397199169085,0.86,1.0,1.0,LIME,0
credit_g,logreg,lime,62,0.01664802725440226,0.8400000000000001,1.0,1.0,LIME,0
credit_g,logreg,lime,63,0.0008919023818414174,0.8400000000000001,1.0,1.0,LIME,0
credit_g,logreg,lime,64,0.020967660019572495,0.82,1.0,1.0,LIME,0
credit_g,logreg,lime,65,0.10847035968465116,0.8800000000000001,1.0,1.0,LIME,0
credit_g,logreg,lime,66,0.021656310670219003,0.86,1.0,1.0,LIME,0
credit_g,logreg,lime,67,0.2696346907194805,0.92,1.0,1.0,LIME,0
credit_g,logreg,lime,68,0.08736749104942067,0.92,1.0,1.0,LIME,0
credit_g,logreg,lime,69,0.05427350758631133,0.92,1.0,1.0,LIME,0
credit_g,logreg,lime,70,0.007805556934165372,0.76,1.0,1.0,LIME,1
credit_g,logreg,lime,71,0.03616426250568708,0.92,1.0,1.0,LIME,0
credit_g,logreg,lime,72,0.03575907031343913,0.8799999999999999,1.0,1.0,LIME,0
credit_g,logreg,lime,73,0.11285981968218546,0.92,1.0,1.0,LIME,0
credit_g,logreg,lime,74,0.04072662339996827,0.8400000000000001,1.0,1.0,LIME,0
credit_g,logreg,lime,75,0.15880187382293529,0.8399999999999999,1.0,1.0,LIME,0
credit_g,logreg,lime,76,0.003901610306285632,0.9200000000000002,1.0,1.0,LIME,0
credit_g,logreg,lime,77,7.356714550388322e-05,0.92,1.0,1.0,LIME,0
credit_g,logreg,lime,78,0.050073267352900956,0.92,1.0,1.0,LIME,0
credit_g,logreg,lime,79,0.09548661437489232,0.7799999999999999,1.0,1.0,LIME,1
credit_g,logreg,lime,80,0.006645815402814423,0.7799999999999999,1.0,1.0,LIME,1
credit_g,logreg,lime,81,0.007134324850215303,0.8400000000000001,1.0,1.0,LIME,0
credit_g,logreg,lime,82,0.1448352499921854,1.0,1.0,1.0,LIME,0
credit_g,logreg,lime,83,0.005429450351188546,0.8400000000000001,1.0,1.0,LIME,0
credit_g,logreg,lime,84,0.12086252328750449,0.8400000000000001,1.0,1.0,LIME,0
credit_g,logreg,lime,85,0.049417487236688984,0.8800000000000001,1.0,1.0,LIME,0
credit_g,logreg,lime,86,0.003416926039905422,0.8,1.0,1.0,LIME,0
credit_g,logreg,lime,87,0.17734907451500226,0.92,1.0,1.0,LIME,0
credit_g,logreg,lime,88,0.19599676609274297,0.8399999999999999,1.0,1.0,LIME,0
credit_g,logreg,lime,89,0.06235805486376268,0.92,1.0,1.0,LIME,0
credit_g,logreg,lime,90,0.05393279520782187,1.0,1.0,1.0,LIME,0
credit_g,logreg,lime,91,0.03726129349257211,0.8400000000000001,1.0,1.0,LIME,0
credit_g,logreg,lime,92,0.06709856560502268,0.82,1.0,1.0,LIME,0
credit_g,logreg,lime,93,0.035511020926394604,0.8400000000000001,1.0,1.0,LIME,0
credit_g,logreg,lime,94,0.006855873938312292,0.92,1.0,1.0,LIME,0
credit_g,logreg,lime,95,0.0544042247722098,0.86,1.0,1.0,LIME,0
credit_g,logreg,lime,96,0.08510214411397617,0.8400000000000001,1.0,1.0,LIME,0
credit_g,logreg,lime,97,0.06887380961400229,0.8800000000000001,1.0,1.0,LIME,0
credit_g,logreg,lime,98,0.00357995228456984,0.7999999999999999,1.0,1.0,LIME,1
credit_g,logreg,lime,99,0.001911538121051757,0.8400000000000001,1.0,1.0,LIME,0
credit_g,rf,treeshap,0,0.004647035389582469,0.6599999999999999,1.0,0.8960000000000001,Model-matched,1
credit_g,rf,treeshap,1,0.021685633326353797,0.86,1.0,0.9279999999999999,Model-matched,0
credit_g,rf,treeshap,2,8.189060363436427e-05,0.7799999999999999,1.0,0.872,Model-matched,1
credit_g,rf,treeshap,3,0.15459298625776519,1.0,1.0,0.992,Model-matched,0
credit_g,rf,treeshap,4,0.012007152378296002,0.82,1.0,0.912,Model-matched,0
credit_g,rf,treeshap,5,0.07626334950253606,0.86,1.0,0.9279999999999999,Model-matched,0
credit_g,rf,treeshap,6,0.04421592829168023,1.0,1.0,0.968,Model-matched,0
credit_g,rf,treeshap,7,0.00043756539819571376,0.7999999999999999,1.0,0.9440000000000001,Model-matched,1
credit_g,rf,treeshap,8,0.020159086054992198,0.92,1.0,0.88,Model-matched,0
credit_g,rf,treeshap,9,0.023923651312617544,0.7999999999999999,1.0,0.888,Model-matched,1
credit_g,rf,treeshap,10,0.17769139205973225,1.0,1.0,1.0,Model-matched,0
credit_g,rf,treeshap,11,0.012376528267805113,0.82,1.0,0.9440000000000001,Model-matched,0
credit_g,rf,treeshap,12,0.026540760462304486,0.8799999999999999,1.0,0.912,Model-matched,0
credit_g,rf,treeshap,13,0.019097883962225944,0.7399999999999999,1.0,0.88,Model-matched,1
credit_g,rf,treeshap,14,0.0038029156104350185,0.86,1.0,0.912,Model-matched,0
credit_g,rf,treeshap,15,0.17781727143768455,0.7999999999999999,1.0,0.9440000000000001,Model-matched,1
credit_g,rf,treeshap,16,0.03961563162419004,1.0,1.0,0.904,Model-matched,0
credit_g,rf,treeshap,17,0.014706599195623955,0.9200000000000002,1.0,0.9279999999999999,Model-matched,0
credit_g,rf,treeshap,18,0.01753506274581944,0.8400000000000001,1.0,0.8640000000000001,Model-matched,0
credit_g,rf,treeshap,19,0.03810219384035636,0.8400000000000001,1.0,0.912,Model-matched,0
credit_g,rf,treeshap,20,0.019915442681215114,0.92,1.0,0.968,Model-matched,0
credit_g,rf,treeshap,21,0.006435469702344101,0.7999999999999999,1.0,0.976,Model-matched,1
credit_g,rf,treeshap,22,0.11697301401661733,1.0,1.0,1.0,Model-matched,0
credit_g,rf,treeshap,23,0.0752542994226286,0.8400000000000001,1.0,0.9440000000000001,Model-matched,0
credit_g,rf,treeshap,24,0.002673586141265313,0.82,1.0,0.9359999999999999,Model-matched,0
credit_g,rf,treeshap,25,0.11783133461831218,1.0,1.0,0.9440000000000001,Model-matched,0
credit_g,rf,treeshap,26,0.0037756257610396886,0.8800000000000001,1.0,0.9520000000000001,Model-matched,0
credit_g,rf,treeshap,27,0.0018818303810375294,0.82,1.0,0.888,Model-matched,0
credit_g,rf,treeshap,28,0.02785112577608067,1.0,1.0,0.92,Model-matched,0
credit_g,rf,treeshap,29,0.014061944815600887,0.8400000000000001,1.0,0.8640000000000001,Model-matched,0
credit_g,rf,treeshap,30,0.04118357376512749,0.7999999999999999,1.0,0.7759999999999999,Model-matched,1
credit_g,rf,treeshap,31,0.05244049740124802,0.92,1.0,0.8960000000000001,Model-matched,0
credit_g,rf,treeshap,32,0.030039701847582995,0.86,1.0,1.0,Model-matched,0
credit_g,rf,treeshap,33,0.016675167748991943,0.7999999999999999,1.0,0.912,Model-matched,1
credit_g,rf,treeshap,34,0.025887608690599164,0.74,1.0,0.9279999999999999,Model-matched,1
credit_g,rf,treeshap,35,0.009751822924715683,0.92,1.0,0.9520000000000001,Model-matched,0
credit_g,rf,treeshap,36,0.011042392506144858,0.92,1.0,0.888,Model-matched,0
credit_g,rf,treeshap,37,0.006739372546966503,0.8400000000000001,1.0,0.912,Model-matched,0
credit_g,rf,treeshap,38,0.032682556200591295,0.8400000000000001,1.0,0.9279999999999999,Model-matched,0
credit_g,rf,treeshap,39,0.000915114561376268,0.82,1.0,0.88,Model-matched,0
credit_g,rf,treeshap,40,0.02954722192478192,0.8400000000000001,1.0,0.8560000000000001,Model-matched,0
credit_g,rf,treeshap,41,0.024310902400451726,0.7399999999999999,1.0,0.8173913043478261,Model-matched,1
credit_g,rf,treeshap,42,0.05698666492719252,0.7999999999999999,1.0,0.8320000000000001,Model-matched,1
credit_g,rf,treeshap,43,0.06778491101354862,1.0,1.0,0.88,Model-matched,0
credit_g,rf,treeshap,44,0.05759705560350704,0.8,1.0,0.9279999999999999,Model-matched,0
credit_g,rf,treeshap,45,0.016200184473299174,0.86,1.0,0.912,Model-matched,0
credit_g,rf,treeshap,46,0.005683757988554287,0.92,1.0,0.9520000000000001,Model-matched,0
credit_g,rf,treeshap,47,0.13934720494652839,1.0,1.0,0.992,Model-matched,0
credit_g,rf,treeshap,48,0.009983900688942777,0.7999999999999999,1.0,0.888,Model-matched,1
credit_g,rf,treeshap,49,0.030012214858336748,0.8800000000000001,1.0,0.9840000000000001,Model-matched,0
credit_g,rf,treeshap,50,0.04348659697411393,0.7999999999999999,1.0,0.912,Model-matched,1
credit_g,rf,treeshap,51,0.030308302149855613,0.92,1.0,0.9279999999999999,Model-matched,0
credit_g,rf,treeshap,52,0.031510640799857624,0.8800000000000001,1.0,0.8320000000000001,Model-matched,0
credit_g,rf,treeshap,53,0.06004331541391174,1.0,1.0,0.8960000000000001,Model-matched,0
credit_g,rf,treeshap,54,0.006941912156930398,0.72,1.0,0.8560000000000001,Model-matched,1
credit_g,rf,treeshap,55,0.021062134925450317,0.8400000000000001,1.0,0.92,Model-matched,0
credit_g,rf,treeshap,56,0.07710920160424946,0.92,1.0,0.9440000000000001,Model-matched,0
credit_g,rf,treeshap,57,0.039310576326223916,0.8800000000000001,1.0,0.976,Model-matched,0
credit_g,rf,treeshap,58,0.012501678679608497,1.0,1.0,0.9520000000000001,Model-matched,0
credit_g,rf,treeshap,59,0.08232397038623407,0.8400000000000001,1.0,0.9359999999999999,Model-matched,0
credit_g,rf,treeshap,60,0.0023369894908142784,0.82,1.0,0.7760000000000001,Model-matched,0
credit_g,rf,treeshap,61,0.0010367723383282784,0.82,1.0,0.912,Model-matched,0
credit_g,rf,treeshap,62,0.06918584088618482,0.8400000000000001,1.0,0.904,Model-matched,0
credit_g,rf,treeshap,63,0.025172810258592977,0.92,1.0,0.9440000000000001,Model-matched,0
credit_g,rf,treeshap,64,0.022047290903050333,0.82,1.0,0.976,Model-matched,0
credit_g,rf,treeshap,65,0.003779908470310655,0.7999999999999999,1.0,0.9279999999999999,Model-matched,1
credit_g,rf,treeshap,66,0.005303849230894964,0.7999999999999999,1.0,0.911111111111111,Model-matched,1
credit_g,rf,treeshap,67,0.020814962242224965,0.7599999999999999,1.0,0.84,Model-matched,1
credit_g,rf,treeshap,68,0.007629656003950036,0.8400000000000001,1.0,0.92,Model-matched,0
credit_g,rf,treeshap,69,0.0011591991618656334,0.86,1.0,0.9279999999999999,Model-matched,0
credit_g,rf,treeshap,70,0.011816804757070839,0.92,1.0,0.96,Model-matched,0
credit_g,rf,treeshap,71,0.006650625129046018,0.74,1.0,0.8583333333333334,Model-matched,1
credit_g,rf,treeshap,72,0.0010268665998221596,0.8399999999999999,1.0,0.872,Model-matched,0
credit_g,rf,treeshap,73,0.008175939632243027,1.0,1.0,0.9440000000000001,Model-matched,0
credit_g,rf,treeshap,74,0.021699366699451657,1.0,1.0,0.992,Model-matched,0
credit_g,rf,treeshap,75,0.000421527459567124,0.7999999999999999,1.0,0.92,Model-matched,1
credit_g,rf,treeshap,76,0.043658212433785315,0.86,1.0,0.92,Model-matched,0
credit_g,rf,treeshap,77,0.011502731515382102,0.7999999999999999,1.0,0.848,Model-matched,1
credit_g,rf,treeshap,78,0.020944557005859097,0.92,1.0,0.96,Model-matched,0
credit_g,rf,treeshap,79,0.02107794252407843,0.6799999999999999,1.0,0.728,Model-matched,1
credit_g,rf,treeshap,80,0.017148070173847924,0.8400000000000001,1.0,0.8560000000000001,Model-matched,0
credit_g,rf,treeshap,81,0.042321631537074245,1.0,1.0,0.888,Model-matched,0
credit_g,rf,treeshap,82,0.022098646321787478,0.6599999999999999,1.0,0.8640000000000001,Model-matched,1
credit_g,rf,treeshap,83,0.019891030437529534,0.8399999999999999,1.0,0.92,Model-matched,0
credit_g,rf,treeshap,84,0.03224278276084677,0.92,1.0,0.872,Model-matched,0
credit_g,rf,treeshap,85,0.018880336971219668,1.0,1.0,0.912,Model-matched,0
credit_g,rf,treeshap,86,0.014933782410149015,0.92,1.0,0.92,Model-matched,0
credit_g,rf,treeshap,87,0.014507402592986541,0.7199999999999999,1.0,0.848,Model-matched,1
credit_g,rf,treeshap,88,0.025651150374420287,0.86,1.0,0.88,Model-matched,0
credit_g,rf,treeshap,89,0.03770797989642847,0.78,1.0,0.8625,Model-matched,1
credit_g,rf,treeshap,90,0.02924414726812163,0.9200000000000002,1.0,0.9279999999999999,Model-matched,0
credit_g,rf,treeshap,91,0.08273610091908924,0.7999999999999999,1.0,0.872,Model-matched,1
credit_g,rf,treeshap,92,0.0063970296242593224,0.7799999999999999,1.0,0.9,Model-matched,1
credit_g,rf,treeshap,93,0.006049227282328655,0.6799999999999999,1.0,0.8320000000000001,Model-matched,1
credit_g,rf,treeshap,94,0.004092271785195273,0.74,1.0,0.8959999999999999,Model-matched,1
credit_g,rf,treeshap,95,0.02720298007475107,0.8399999999999999,1.0,0.96,Model-matched,0
credit_g,rf,treeshap,96,0.005453799780579077,0.74,1.0,0.8,Model-matched,1
credit_g,rf,treeshap,97,0.12174332574322637,1.0,1.0,0.991304347826087,Model-matched,0
credit_g,rf,treeshap,98,0.03973436483083231,0.9200000000000002,1.0,0.8960000000000001,Model-matched,0
credit_g,rf,treeshap,99,0.03743806172873004,0.86,1.0,0.8560000000000001,Model-matched,0
credit_g,rf,treeshap,100,0.08122916022827212,1.0,1.0,0.96,Model-matched,0
credit_g,rf,treeshap,101,0.008787130841542295,0.92,1.0,0.9520000000000001,Model-matched,0
credit_g,rf,treeshap,102,0.028316004361733448,0.92,1.0,0.96,Model-matched,0
credit_g,rf,treeshap,103,0.06458788141169272,1.0,1.0,0.92,Model-matched,0
credit_g,rf,treeshap,104,0.004883397596184246,0.86,1.0,0.872,Model-matched,0
credit_g,rf,treeshap,105,0.0062498417600279415,0.8,1.0,0.88,Model-matched,0
credit_g,rf,treeshap,106,0.07129652093247821,0.92,1.0,0.88,Model-matched,0
credit_g,rf,treeshap,107,0.01286181842274716,0.8800000000000001,1.0,0.9249999999999999,Model-matched,0
credit_g,rf,treeshap,108,0.017706368660440817,0.7999999999999999,1.0,0.8640000000000001,Model-matched,1
credit_g,rf,treeshap,109,0.01828732267703734,0.6399999999999999,1.0,0.8320000000000001,Model-matched,1
credit_g,rf,treeshap,110,0.11526657367895848,1.0,1.0,0.976,Model-matched,0
credit_g,rf,treeshap,111,0.039381962172898355,0.6599999999999999,1.0,0.9,Model-matched,1
credit_g,rf,treeshap,112,0.0327234644877856,0.8800000000000001,1.0,0.8320000000000001,Model-matched,0
credit_g,rf,treeshap,113,0.01041844126426435,0.7799999999999999,1.0,0.912,Model-matched,1
credit_g,rf,treeshap,114,0.009303117237109762,0.8400000000000001,1.0,0.904,Model-matched,0
credit_g,rf,treeshap,115,0.016818308663625985,0.82,1.0,0.8560000000000001,Model-matched,0
credit_g,rf,treeshap,116,0.019987558668726365,0.92,1.0,0.9238095238095237,Model-matched,0
credit_g,rf,treeshap,117,0.013440071455716646,0.7199999999999999,1.0,0.8,Model-matched,1
credit_g,rf,treeshap,118,0.012878088154141622,0.86,1.0,0.9359999999999999,Model-matched,0
credit_g,rf,treeshap,119,0.09564462565178161,1.0,1.0,0.992,Model-matched,0
credit_g,rf,treeshap,120,0.01559590866880916,0.7999999999999999,1.0,0.8640000000000001,Model-matched,1
credit_g,rf,treeshap,121,0.02462311720455263,0.8400000000000001,1.0,0.8777777777777778,Model-matched,0
credit_g,rf,treeshap,122,0.04982738604172351,0.8800000000000001,1.0,0.9279999999999999,Model-matched,0
credit_g,rf,treeshap,123,0.08009226106482714,0.82,1.0,0.976,Model-matched,0
credit_g,rf,treeshap,124,0.011015722424250403,0.82,1.0,0.8160000000000001,Model-matched,0
credit_g,rf,treeshap,125,0.04296350842576642,0.8400000000000001,1.0,0.9166666666666666,Model-matched,0
credit_g,rf,treeshap,126,0.03753820893926619,1.0,1.0,0.9359999999999999,Model-matched,0
credit_g,rf,treeshap,127,0.0033281623123038707,1.0,1.0,0.9279999999999999,Model-matched,0
credit_g,rf,treeshap,128,0.002240464879855637,0.8399999999999999,1.0,0.8640000000000001,Model-matched,0
credit_g,rf,treeshap,129,0.006465666262845278,0.8799999999999999,1.0,0.9279999999999999,Model-matched,0
credit_g,rf,treeshap,130,0.05840339073811793,0.82,1.0,0.9333333333333332,Model-matched,0
credit_g,rf,treeshap,131,0.10887315608382275,0.92,1.0,0.9520000000000001,Model-matched,0
credit_g,rf,treeshap,132,0.017076552311653493,0.8399999999999999,1.0,0.88,Model-matched,0
credit_g,rf,treeshap,133,0.07107867903256133,0.86,1.0,0.904,Model-matched,0
credit_g,rf,treeshap,134,0.0284956912898909,0.8400000000000001,1.0,0.9359999999999999,Model-matched,0
credit_g,rf,treeshap,135,0.016663177384674766,0.92,1.0,0.8640000000000001,Model-matched,0
credit_g,rf,treeshap,136,0.0008075106080680607,0.7999999999999999,1.0,0.848,Model-matched,1
credit_g,rf,treeshap,137,0.03632582810812711,0.8399999999999999,1.0,0.9359999999999999,Model-matched,0
credit_g,rf,treeshap,138,0.011318318134997783,0.8399999999999999,1.0,0.792,Model-matched,0
credit_g,rf,treeshap,139,0.15506173005501783,0.92,1.0,0.9440000000000001,Model-matched,0
credit_g,rf,treeshap,140,0.0051221912233320056,0.72,1.0,0.8640000000000001,Model-matched,1
credit_g,rf,treeshap,141,0.1740717367887829,1.0,1.0,0.9520000000000001,Model-matched,0
credit_g,rf,treeshap,142,0.004508979080778304,0.92,1.0,0.8960000000000001,Model-matched,0
credit_g,rf,treeshap,143,0.009489731481049573,0.74,1.0,0.9279999999999999,Model-matched,1
credit_g,rf,treeshap,144,0.034037071803062986,0.92,1.0,0.9279999999999999,Model-matched,0
credit_g,rf,treeshap,145,0.011838274497501121,0.86,1.0,0.8560000000000001,Model-matched,0
credit_g,rf,treeshap,146,0.000530494803554322,0.7399999999999999,1.0,0.8960000000000001,Model-matched,1
credit_g,rf,treeshap,147,0.007240946568213336,0.76,1.0,0.8560000000000001,Model-matched,1
credit_g,rf,treeshap,148,0.05183901070629144,0.92,1.0,0.9520000000000001,Model-matched,0
credit_g,rf,treeshap,149,0.021091526025930948,0.86,1.0,0.888,Model-matched,0
credit_g,rf,treeshap,150,0.032781127253098,0.8400000000000001,1.0,0.9416666666666668,Model-matched,0
credit_g,rf,treeshap,151,0.0034181539068345473,0.86,1.0,0.9359999999999999,Model-matched,0
credit_g,rf,treeshap,152,0.0406018513853317,0.8400000000000001,1.0,0.92,Model-matched,0
credit_g,rf,treeshap,153,0.13340350646832905,0.86,1.0,0.8640000000000001,Model-matched,0
credit_g,rf,treeshap,154,0.10797605605474962,1.0,1.0,0.8941176470588236,Model-matched,0
credit_g,rf,treeshap,155,0.006312806445819399,0.74,1.0,0.8320000000000001,Model-matched,1
credit_g,rf,treeshap,156,0.012146256477974552,0.7799999999999999,1.0,0.92,Model-matched,1
credit_g,rf,treeshap,157,0.06814599663920234,0.8400000000000001,1.0,0.9279999999999999,Model-matched,0
credit_g,rf,treeshap,158,0.014824373082295372,0.8400000000000001,1.0,0.856,Model-matched,0
credit_g,rf,treeshap,159,0.01678017414801889,0.7799999999999999,1.0,0.8560000000000001,Model-matched,1
credit_g,rf,treeshap,160,0.0299529806508713,0.92,1.0,0.982608695652174,Model-matched,0
credit_g,rf,treeshap,161,0.03626021767332245,0.86,1.0,0.976,Model-matched,0
credit_g,rf,treeshap,162,0.00043838993114370296,0.86,1.0,0.992,Model-matched,0
credit_g,rf,treeshap,163,0.000916784317425568,0.7799999999999999,1.0,0.7999999999999999,Model-matched,1
credit_g,rf,treeshap,164,0.023424496403415495,0.86,1.0,0.9440000000000001,Model-matched,0
credit_g,rf,treeshap,165,0.17145452944514308,1.0,1.0,1.0,Model-matched,0
credit_g,rf,treeshap,166,0.026255902176697186,0.86,1.0,0.9304347826086956,Model-matched,0
credit_g,rf,treeshap,167,0.04496284493095498,0.8800000000000001,1.0,0.9840000000000001,Model-matched,0
credit_g,rf,treeshap,168,0.009666459197220758,0.8799999999999999,1.0,0.912,Model-matched,0
credit_g,rf,treeshap,169,0.023536867064700165,0.7999999999999999,1.0,0.968,Model-matched,1
credit_g,rf,treeshap,170,0.03554559396938534,0.9200000000000002,1.0,0.9279999999999999,Model-matched,0
credit_g,rf,treeshap,171,0.0060834991933433336,0.86,1.0,0.9520000000000001,Model-matched,0
credit_g,rf,treeshap,172,0.06827536904186554,0.7,1.0,0.88,Model-matched,1
credit_g,rf,treeshap,173,0.01738309396407498,0.78,1.0,0.96,Model-matched,1
credit_g,rf,treeshap,174,0.04642909990544436,1.0,1.0,0.904,Model-matched,0
credit_g,rf,treeshap,175,0.09491193967027663,0.8400000000000001,1.0,0.976,Model-matched,0
credit_g,rf,treeshap,176,0.010398505483494162,0.58,1.0,0.8,Model-matched,1
credit_g,rf,treeshap,177,0.005654675203925461,0.8400000000000001,1.0,0.9520000000000001,Model-matched,0
credit_g,rf,treeshap,178,0.014378082036378087,0.74,1.0,0.856,Model-matched,1
credit_g,rf,treeshap,179,0.09570801606520075,0.7599999999999999,1.0,0.9279999999999999,Model-matched,1
credit_g,rf,treeshap,180,0.0003319298616046116,0.72,1.0,0.848,Model-matched,1
credit_g,rf,treeshap,181,0.015780124544299466,0.8399999999999999,1.0,0.88,Model-matched,0
credit_g,rf,treeshap,182,0.03557986710036,0.92,1.0,0.8960000000000001,Model-matched,0
credit_g,rf,treeshap,183,0.019386110762463823,0.92,1.0,0.872,Model-matched,0
credit_g,rf,treeshap,184,0.014708608830190619,0.8799999999999999,1.0,0.92,Model-matched,0
credit_g,rf,treeshap,185,0.002817131479364745,0.74,1.0,0.912,Model-matched,1
credit_g,rf,treeshap,186,0.006287511691193312,0.74,1.0,0.904,Model-matched,1
credit_g,rf,treeshap,187,0.002013036783210864,0.7799999999999999,1.0,0.912,Model-matched,1
credit_g,rf,treeshap,188,0.00339970190514515,0.8400000000000001,1.0,0.8320000000000001,Model-matched,0
credit_g,rf,treeshap,189,0.15401656211910283,1.0,1.0,0.976,Model-matched,0
credit_g,rf,treeshap,190,0.06901461233856361,0.8400000000000001,1.0,0.9840000000000001,Model-matched,0
credit_g,rf,treeshap,191,0.0013167647746728846,0.7,1.0,0.88,Model-matched,1
credit_g,rf,treeshap,192,0.14730927569854232,0.8799999999999999,1.0,0.9840000000000001,Model-matched,0
credit_g,rf,treeshap,193,0.09396427363742949,0.8800000000000001,1.0,0.904,Model-matched,0
credit_g,rf,treeshap,194,0.01455883006908687,0.8399999999999999,1.0,0.848,Model-matched,0
credit_g,rf,treeshap,195,0.008805309372213046,0.86,1.0,0.856,Model-matched,0
credit_g,rf,treeshap,196,0.023539562286007457,0.86,1.0,0.904,Model-matched,0
credit_g,rf,treeshap,197,0.0005896804792734999,0.7999999999999999,1.0,0.872,Model-matched,1
credit_g,rf,treeshap,198,0.011474629339710263,0.6199999999999999,1.0,0.8240000000000001,Model-matched,1
credit_g,rf,treeshap,199,0.0017108201586171227,0.8800000000000001,1.0,0.912,Model-matched,0
credit_g,rf,treeshap,200,0.03471139423414547,0.7999999999999999,1.0,1.0,Model-matched,1
credit_g,rf,treeshap,201,0.04943659165320399,0.7999999999999999,1.0,1.0,Model-matched,1
credit_g,rf,treeshap,202,0.012410012462052032,0.86,1.0,1.0,Model-matched,0
credit_g,rf,treeshap,203,0.01921294037568913,0.82,1.0,1.0,Model-matched,0
credit_g,rf,treeshap,204,0.2577769203132884,0.9200000000000002,1.0,1.0,Model-matched,0
credit_g,rf,treeshap,205,0.10398661941435292,0.92,1.0,1.0,Model-matched,0
credit_g,rf,treeshap,206,0.023302082743167554,0.7599999999999999,1.0,1.0,Model-matched,1
credit_g,rf,treeshap,207,0.013496002555131639,0.92,1.0,1.0,Model-matched,0
credit_g,rf,treeshap,208,0.021332087568725754,0.86,1.0,1.0,Model-matched,0
credit_g,rf,treeshap,209,0.02618320501457017,0.8800000000000001,1.0,1.0,Model-matched,0
credit_g,rf,treeshap,210,0.003161938330637265,0.7799999999999999,1.0,1.0,Model-matched,1
credit_g,rf,treeshap,211,0.022277463923456416,0.6799999999999999,1.0,1.0,Model-matched,1
credit_g,rf,treeshap,212,0.008736057775244438,0.86,1.0,1.0,Model-matched,0
credit_g,rf,treeshap,213,0.0017187759994565293,0.7599999999999999,1.0,1.0,Model-matched,1
credit_g,rf,treeshap,214,0.012799691624718125,0.8399999999999999,1.0,1.0,Model-matched,0
credit_g,rf,treeshap,215,2.5956756010379093e-05,0.7999999999999999,1.0,1.0,Model-matched,1
credit_g,rf,treeshap,216,0.025012760713717754,0.8800000000000001,1.0,1.0,Model-matched,0
credit_g,rf,treeshap,217,0.13320839713241708,0.86,1.0,1.0,Model-matched,0
credit_g,rf,treeshap,218,0.03171697565649345,0.86,1.0,1.0,Model-matched,0
credit_g,rf,treeshap,219,0.0008302489735885523,0.6199999999999999,1.0,1.0,Model-matched,1
credit_g,rf,treeshap,220,0.030219980069610453,0.8400000000000001,1.0,1.0,Model-matched,0
credit_g,rf,treeshap,221,0.006447273680942875,0.8399999999999999,1.0,1.0,Model-matched,0
credit_g,rf,treeshap,222,0.03251405584049944,0.7999999999999999,1.0,1.0,Model-matched,1
credit_g,rf,treeshap,223,0.033911752619170385,0.92,1.0,1.0,Model-matched,0
credit_g,rf,treeshap,224,0.008283675601781249,0.86,1.0,1.0,Model-matched,0
credit_g,rf,treeshap,225,0.023069289884483812,0.7999999999999999,1.0,1.0,Model-matched,1
credit_g,rf,treeshap,226,0.005774633721185338,0.8,1.0,1.0,Model-matched,0
credit_g,rf,treeshap,227,0.07440286291865415,0.86,1.0,1.0,Model-matched,0
credit_g,rf,treeshap,228,0.010070789787071785,0.7199999999999999,1.0,1.0,Model-matched,1
credit_g,rf,treeshap,229,0.026967887394162525,0.92,1.0,1.0,Model-matched,0
credit_g,rf,treeshap,230,0.033820230488156404,0.78,1.0,1.0,Model-matched,1
credit_g,rf,treeshap,231,0.05433733226321924,0.8799999999999999,1.0,1.0,Model-matched,0
credit_g,rf,treeshap,232,0.007266355100410778,0.86,1.0,1.0,Model-matched,0
credit_g,rf,treeshap,233,0.037743146858023394,0.82,1.0,1.0,Model-matched,0
credit_g,rf,treeshap,234,0.046648495938691074,1.0,1.0,1.0,Model-matched,0
credit_g,rf,treeshap,235,0.07098063394123176,0.82,1.0,1.0,Model-matched,0
credit_g,rf,treeshap,236,0.008138911651174013,0.78,1.0,1.0,Model-matched,1
credit_g,rf,treeshap,237,0.034316029005781123,0.92,1.0,1.0,Model-matched,0
credit_g,rf,treeshap,238,0.060459743770157094,0.92,1.0,1.0,Model-matched,0
credit_g,rf,treeshap,239,0.10237385734978567,0.8800000000000001,1.0,1.0,Model-matched,0
credit_g,rf,treeshap,240,0.01190491887638759,1.0,1.0,1.0,Model-matched,0
credit_g,rf,treeshap,241,0.0044593068810354864,0.7799999999999999,1.0,1.0,Model-matched,1
credit_g,rf,treeshap,242,0.007869626989479853,0.92,1.0,1.0,Model-matched,0
credit_g,rf,treeshap,243,0.01982781063039738,0.92,1.0,1.0,Model-matched,0
credit_g,rf,treeshap,244,0.04671664408802584,1.0,1.0,1.0,Model-matched,0
credit_g,rf,treeshap,245,0.014454214225511089,0.92,1.0,1.0,Model-matched,0
credit_g,rf,treeshap,246,0.04195840177896165,0.7599999999999999,1.0,1.0,Model-matched,1
credit_g,rf,treeshap,247,0.0523745303576908,1.0,1.0,1.0,Model-matched,0
credit_g,rf,treeshap,248,0.040979360579568275,0.8800000000000001,1.0,1.0,Model-matched,0
credit_g,rf,treeshap,249,0.05753795135227385,1.0,1.0,1.0,Model-matched,0
credit_g,rf,treeshap,250,0.03829677699361023,1.0,1.0,1.0,Model-matched,0
credit_g,rf,treeshap,251,0.0015086487691541783,0.76,1.0,1.0,Model-matched,1
credit_g,rf,treeshap,252,0.009690678286649856,1.0,1.0,1.0,Model-matched,0
credit_g,rf,treeshap,253,0.04457983248113955,0.72,1.0,1.0,Model-matched,1
credit_g,rf,treeshap,254,0.04093805369453267,0.92,1.0,1.0,Model-matched,0
credit_g,rf,treeshap,255,0.029772295011568698,0.7999999999999999,1.0,1.0,Model-matched,1
credit_g,rf,treeshap,256,0.03023167986464883,0.92,1.0,1.0,Model-matched,0
credit_g,rf,treeshap,257,0.05455216809639706,0.8799999999999999,1.0,1.0,Model-matched,0
credit_g,rf,treeshap,258,0.01359570175774664,0.64,1.0,1.0,Model-matched,1
credit_g,rf,treeshap,259,0.00880704970993962,0.7999999999999999,1.0,1.0,Model-matched,1
credit_g,rf,treeshap,260,0.010360820391599688,0.92,1.0,1.0,Model-matched,0
credit_g,rf,treeshap,261,0.020193628206866432,0.82,1.0,1.0,Model-matched,0
credit_g,rf,treeshap,262,0.12583372900241319,0.92,1.0,1.0,Model-matched,0
credit_g,rf,treeshap,263,0.0032019631587558127,0.7999999999999999,1.0,1.0,Model-matched,1
credit_g,rf,treeshap,264,0.07947825087332011,0.92,1.0,1.0,Model-matched,0
credit_g,rf,treeshap,265,0.002248047024179343,0.7,1.0,1.0,Model-matched,1
credit_g,rf,treeshap,266,0.01592751598464165,0.86,1.0,1.0,Model-matched,0
credit_g,rf,treeshap,267,0.05163682324083724,0.8400000000000001,1.0,1.0,Model-matched,0
credit_g,rf,treeshap,268,0.02686260557825933,0.8799999999999999,1.0,1.0,Model-matched,0
credit_g,rf,treeshap,269,0.0050432129714549166,0.8400000000000001,1.0,1.0,Model-matched,0
credit_g,rf,treeshap,270,0.17692755675840474,1.0,1.0,1.0,Model-matched,0
credit_g,rf,treeshap,271,0.07576862491387573,1.0,1.0,1.0,Model-matched,0
credit_g,rf,treeshap,272,0.02456004227496968,0.92,1.0,1.0,Model-matched,0
credit_g,rf,treeshap,273,0.08675592000084317,0.8800000000000001,1.0,1.0,Model-matched,0
credit_g,rf,treeshap,274,0.018894072654667915,0.92,1.0,1.0,Model-matched,0
credit_g,rf,treeshap,275,0.019880367329991305,0.8800000000000001,1.0,1.0,Model-matched,0
credit_g,rf,treeshap,276,0.020641332504057912,0.7599999999999999,1.0,1.0,Model-matched,1
credit_g,rf,treeshap,277,0.013313078108430786,0.86,1.0,1.0,Model-matched,0
credit_g,rf,treeshap,278,0.03479401837415902,0.7599999999999999,1.0,1.0,Model-matched,1
credit_g,rf,treeshap,279,0.042496540429376894,0.8399999999999999,1.0,1.0,Model-matched,0
credit_g,rf,treeshap,280,0.021535178232270386,0.72,1.0,1.0,Model-matched,1
credit_g,rf,treeshap,281,0.007829130467274705,0.6,1.0,1.0,Model-matched,1
credit_g,rf,treeshap,282,0.004046786315877918,1.0,1.0,1.0,Model-matched,0
credit_g,rf,treeshap,283,0.20507069988998214,0.86,1.0,1.0,Model-matched,0
credit_g,rf,treeshap,284,9.267839153544779e-05,0.92,1.0,1.0,Model-matched,0
credit_g,rf,treeshap,285,0.02113261168197161,0.9200000000000002,1.0,1.0,Model-matched,0
credit_g,rf,treeshap,286,0.0842036160267954,0.8400000000000001,1.0,1.0,Model-matched,0
credit_g,rf,treeshap,287,0.05057555574894419,0.8800000000000001,1.0,1.0,Model-matched,0
credit_g,rf,treeshap,288,0.0402703847011264,0.92,1.0,1.0,Model-matched,0
credit_g,rf,treeshap,289,0.03610468057096259,0.8399999999999999,1.0,1.0,Model-matched,0
credit_g,rf,treeshap,290,0.1972988351131817,0.92,1.0,1.0,Model-matched,0
credit_g,rf,treeshap,291,0.0040923109096822775,0.9200000000000002,1.0,1.0,Model-matched,0
credit_g,rf,treeshap,292,0.07352654450149468,0.86,1.0,1.0,Model-matched,0
credit_g,rf,treeshap,293,0.006026083686620089,0.8,1.0,1.0,Model-matched,0
credit_g,rf,treeshap,294,0.004781598894710245,0.92,1.0,1.0,Model-matched,0
credit_g,rf,treeshap,295,0.016684866177928376,0.86,1.0,1.0,Model-matched,0
credit_g,rf,treeshap,296,0.021371364679273037,0.82,1.0,1.0,Model-matched,0
credit_g,rf,treeshap,297,0.019469706557135393,0.7999999999999999,1.0,1.0,Model-matched,1
credit_g,rf,treeshap,298,0.013834183232427313,0.8799999999999999,1.0,1.0,Model-matched,0
credit_g,rf,treeshap,299,0.051452789290020874,0.8400000000000001,1.0,1.0,Model-matched,0
credit_g,rf,lime,0,0.01010656964224169,0.6599999999999998,0.76,0.7120000000000001,LIME,1
credit_g,rf,lime,1,0.0009981602897841278,0.7199999999999999,0.8,0.784,LIME,1
credit_g,rf,lime,2,0.029081950104630373,0.8400000000000001,0.8800000000000001,0.8160000000000001,LIME,0
credit_g,rf,lime,3,0.029797503485110337,0.8399999999999999,0.74,0.768,LIME,0
credit_g,rf,lime,4,0.09180680792239802,0.6799999999999999,0.86,0.848,LIME,1
credit_g,rf,lime,5,0.04863954243808477,0.7799999999999999,0.8800000000000001,0.88,LIME,1
credit_g,rf,lime,6,0.02194821835040866,0.78,0.8400000000000001,0.848,LIME,1
credit_g,rf,lime,7,0.006101803976991739,0.86,0.8400000000000001,0.8320000000000001,LIME,0
credit_g,rf,lime,8,0.06662948503558856,0.7599999999999999,0.78,0.8,LIME,1
credit_g,rf,lime,9,0.002570611833542794,0.76,0.8,0.8160000000000001,LIME,1
credit_g,rf,lime,10,0.0850462614570394,0.92,0.9199999999999999,0.9279999999999999,LIME,0
credit_g,rf,lime,11,0.02164734130653027,0.72,0.86,0.84,LIME,1
credit_g,rf,lime,12,0.022662588754093643,0.74,0.8,0.8,LIME,1
credit_g,rf,lime,13,0.024300464083768198,0.7599999999999999,0.78,0.648,LIME,1
credit_g,rf,lime,14,0.03133397198813029,0.7999999999999999,0.76,0.7760000000000001,LIME,1
credit_g,rf,lime,15,0.03929734463222296,0.86,0.8,0.7760000000000001,LIME,0
credit_g,rf,lime,16,0.007361756601101636,0.72,0.78,0.72,LIME,1
credit_g,rf,lime,17,0.01463397878042066,0.8399999999999999,0.8,0.8079999999999999,LIME,0
credit_g,rf,lime,18,0.02955775658845941,0.7999999999999999,0.76,0.688,LIME,1
credit_g,rf,lime,19,0.005262849540262441,0.8400000000000001,0.74,0.752,LIME,0
credit_g,rf,lime,20,0.003752134123497782,0.74,0.76,0.696,LIME,1
credit_g,rf,lime,21,0.03545796744972497,0.5999999999999999,0.78,0.76,LIME,1
credit_g,rf,lime,22,0.009521257857103869,0.86,0.8,0.8079999999999999,LIME,0
credit_g,rf,lime,23,0.0062423837203661745,0.7799999999999999,0.8,0.728,LIME,1
credit_g,rf,lime,24,0.022123084471139334,0.74,0.78,0.7760000000000001,LIME,1
credit_g,rf,lime,25,0.006797958017967735,0.7799999999999999,0.86,0.752,LIME,1
credit_g,rf,lime,26,0.027353715843177265,0.6399999999999999,0.76,0.752,LIME,1
credit_g,rf,lime,27,0.0029482009849842237,0.78,0.8200000000000001,0.8240000000000001,LIME,1
credit_g,rf,lime,28,0.014136909791909421,0.8400000000000001,0.8200000000000001,0.8240000000000001,LIME,0
credit_g,rf,lime,29,0.020806056949594122,0.6399999999999999,0.72,0.68,LIME,1
credit_g,rf,lime,30,0.09851418492345604,0.6399999999999999,0.78,0.664,LIME,1
credit_g,rf,lime,31,0.019279469012453657,0.6799999999999999,0.82,0.8320000000000001,LIME,1
credit_g,rf,lime,32,0.16397573114575173,0.6599999999999999,0.8,0.7760000000000001,LIME,1
credit_g,rf,lime,33,0.011978585836333693,0.6399999999999999,0.76,0.68,LIME,1
credit_g,rf,lime,34,0.11308328711234185,0.6799999999999999,0.78,0.736,LIME,1
credit_g,rf,lime,35,0.03966309373014149,0.66,0.6799999999999999,0.72,LIME,1
credit_g,rf,lime,36,0.010799666773528581,0.6599999999999999,0.78,0.8079999999999999,LIME,1
credit_g,rf,lime,37,0.10203329702739931,0.74,0.8,0.8,LIME,1
credit_g,rf,lime,38,0.005197988990771538,0.92,0.82,0.8560000000000001,LIME,0
credit_g,rf,lime,39,0.02506859907777404,0.7999999999999999,0.7,0.7120000000000001,LIME,1
credit_g,rf,lime,40,0.0015444047297465198,0.7799999999999999,0.8,0.76,LIME,1
credit_g,rf,lime,41,0.056382414354485384,0.7999999999999999,0.72,0.7130434782608696,LIME,1
credit_g,rf,lime,42,0.009536831997753228,0.76,0.76,0.7120000000000001,LIME,1
credit_g,rf,lime,43,0.07652748004432827,0.86,0.8400000000000001,0.904,LIME,0
credit_g,rf,lime,44,0.015427576773039043,0.8799999999999999,0.82,0.848,LIME,0
credit_g,rf,lime,45,0.006367790024370201,0.7199999999999999,0.76,0.768,LIME,1
credit_g,rf,lime,46,0.003547739413802499,0.74,0.8,0.84,LIME,1
credit_g,rf,lime,47,0.000292913960207244,0.8400000000000001,0.8800000000000001,0.84,LIME,0
credit_g,rf,lime,48,0.02958128710992676,0.7999999999999999,0.8,0.6960000000000001,LIME,1
credit_g,rf,lime,49,0.007920301517051273,0.74,0.8,0.792,LIME,1
credit_g,rf,lime,50,0.017851855036765125,0.86,1.0,1.0,LIME,0
credit_g,rf,lime,51,0.004535001695960441,0.7599999999999999,1.0,1.0,LIME,1
credit_g,rf,lime,52,0.003920201969373003,0.6799999999999999,1.0,1.0,LIME,1
credit_g,rf,lime,53,0.006686287302981045,0.6599999999999999,1.0,1.0,LIME,1
credit_g,rf,lime,54,0.03890443561824554,0.78,1.0,1.0,LIME,1
credit_g,rf,lime,55,0.011969013631964181,0.7,1.0,1.0,LIME,1
credit_g,rf,lime,56,0.02490740820241526,0.8400000000000001,1.0,1.0,LIME,0
credit_g,rf,lime,57,0.007318006863284609,0.6799999999999999,1.0,1.0,LIME,1
credit_g,rf,lime,58,0.016376969354935513,0.72,1.0,1.0,LIME,1
credit_g,rf,lime,59,0.001341436393293079,0.7399999999999999,1.0,1.0,LIME,1
credit_g,rf,lime,60,0.017582048186804408,0.6599999999999999,1.0,1.0,LIME,1
credit_g,rf,lime,61,0.004872480937476816,0.7,1.0,1.0,LIME,1
credit_g,rf,lime,62,0.014019122966121034,0.7199999999999999,1.0,1.0,LIME,1
credit_g,rf,lime,63,0.013480779605677855,0.82,1.0,1.0,LIME,0
credit_g,rf,lime,64,0.061715567562153885,0.7599999999999999,1.0,1.0,LIME,1
credit_g,rf,lime,65,0.03687533864772007,0.64,1.0,1.0,LIME,1
credit_g,rf,lime,66,0.04745104413883001,0.7399999999999999,1.0,1.0,LIME,1
credit_g,rf,lime,67,0.19039330801901436,0.92,1.0,1.0,LIME,0
credit_g,rf,lime,68,0.00019858646618575393,0.6799999999999999,1.0,1.0,LIME,1
credit_g,rf,lime,69,0.004827527479656156,0.6999999999999998,1.0,1.0,LIME,1
credit_g,rf,lime,70,0.001361165867589898,0.72,1.0,1.0,LIME,1
credit_g,rf,lime,71,0.06671617770922042,0.6399999999999999,1.0,1.0,LIME,1
credit_g,rf,lime,72,0.0020110460414005066,0.78,1.0,1.0,LIME,1
credit_g,rf,lime,73,0.006029793572207507,0.7999999999999999,1.0,1.0,LIME,1
credit_g,rf,lime,74,0.015252299615938122,0.7799999999999999,1.0,1.0,LIME,1
credit_g,rf,lime,75,0.032904494285806635,0.72,1.0,1.0,LIME,1
credit_g,rf,lime,76,0.04530411437804328,0.74,1.0,1.0,LIME,1
credit_g,rf,lime,77,0.05046409125758631,0.8799999999999999,1.0,1.0,LIME,0
credit_g,rf,lime,78,0.008279688691139332,0.7599999999999999,1.0,1.0,LIME,1
credit_g,rf,lime,79,0.12480014508312252,0.7799999999999999,1.0,1.0,LIME,1
credit_g,rf,lime,80,0.0645452535762826,0.7599999999999999,1.0,1.0,LIME,1
credit_g,rf,lime,81,0.001136252762544457,0.7599999999999999,1.0,1.0,LIME,1
credit_g,rf,lime,82,0.017352050816747528,0.82,1.0,1.0,LIME,0
credit_g,rf,lime,83,0.13997530272822595,0.6399999999999999,1.0,1.0,LIME,1
credit_g,rf,lime,84,0.008209019067694221,0.76,1.0,1.0,LIME,1
credit_g,rf,lime,85,0.019523759141464703,0.6799999999999999,1.0,1.0,LIME,1
credit_g,rf,lime,86,0.027894599449546385,0.7999999999999999,1.0,1.0,LIME,1
credit_g,rf,lime,87,0.062167759998180194,0.86,1.0,1.0,LIME,0
credit_g,rf,lime,88,0.005079049265312382,0.6599999999999999,1.0,1.0,LIME,1
credit_g,rf,lime,89,0.09550013971374872,0.74,1.0,1.0,LIME,1
credit_g,rf,lime,90,0.03911475209272367,0.62,1.0,1.0,LIME,1
credit_g,rf,lime,91,0.007948134219599431,0.7799999999999999,1.0,1.0,LIME,1
credit_g,rf,lime,92,0.03803937565077817,0.58,1.0,1.0,LIME,1
credit_g,rf,lime,93,0.0128774470813842,0.6399999999999999,1.0,1.0,LIME,1
credit_g,rf,lime,94,0.08582071735412426,0.7,1.0,1.0,LIME,1
credit_g,rf,lime,95,0.0642026184147747,0.86,1.0,1.0,LIME,0
credit_g,rf,lime,96,0.029404611293065656,0.7199999999999999,1.0,1.0,LIME,1
credit_g,rf,lime,97,0.2954890290759024,0.8399999999999999,1.0,1.0,LIME,0
credit_g,rf,lime,98,0.02223085625047067,0.7799999999999999,1.0,1.0,LIME,1
credit_g,rf,lime,99,0.08347706599439605,0.8400000000000001,1.0,1.0,LIME,0
credit_g,hgb,treeshap,0,0.01913888617644511,0.56,1.0,0.8083333333333332,Model-matched,1
credit_g,hgb,treeshap,1,0.16100801272028123,0.76,1.0,0.9363636363636364,Model-matched,1
credit_g,hgb,treeshap,2,0.019249874584450002,0.6599999999999999,1.0,0.7360000000000001,Model-matched,1
credit_g,hgb,treeshap,3,0.054403055734432555,0.86,1.0,0.9840000000000001,Model-matched,0
credit_g,hgb,treeshap,4,0.006306606511278553,0.7,1.0,0.8571428571428571,Model-matched,1
credit_g,hgb,treeshap,5,0.022924412681030307,0.82,1.0,0.912,Model-matched,0
credit_g,hgb,treeshap,6,0.011937219938563962,0.8400000000000001,1.0,0.912,Model-matched,0
credit_g,hgb,treeshap,7,0.017871171111551905,0.7599999999999999,1.0,0.9440000000000001,Model-matched,1
credit_g,hgb,treeshap,8,0.006907547866836986,0.7399999999999999,1.0,0.8560000000000001,Model-matched,1
credit_g,hgb,treeshap,9,0.0199522581048966,0.52,1.0,0.88,Model-matched,1
credit_g,hgb,treeshap,10,0.047257357010451716,0.92,1.0,0.991304347826087,Model-matched,0
credit_g,hgb,treeshap,11,0.06809943137327176,0.86,1.0,0.976,Model-matched,0
credit_g,hgb,treeshap,12,0.04945421270148432,0.58,1.0,0.848,Model-matched,1
credit_g,hgb,treeshap,13,0.03299977438102902,0.78,1.0,0.8960000000000001,Model-matched,1
credit_g,hgb,treeshap,14,0.0398550015877558,0.6599999999999999,1.0,0.84,Model-matched,1
credit_g,hgb,treeshap,15,0.010019224524251368,0.54,1.0,0.8320000000000001,Model-matched,1
credit_g,hgb,treeshap,16,0.03493661241354082,0.6,1.0,0.8235294117647058,Model-matched,1
credit_g,hgb,treeshap,17,0.02628551510518063,0.6399999999999999,1.0,0.8640000000000001,Model-matched,1
credit_g,hgb,treeshap,18,0.03789439946590649,0.7,1.0,0.8160000000000001,Model-matched,1
credit_g,hgb,treeshap,19,0.07188299484413098,0.7999999999999999,1.0,0.8320000000000001,Model-matched,1
credit_g,hgb,treeshap,20,0.014547728987236837,0.6199999999999999,1.0,0.8666666666666667,Model-matched,1
credit_g,hgb,treeshap,21,0.011859388544825624,1.0,1.0,0.9565217391304348,Model-matched,0
credit_g,hgb,treeshap,22,0.032991355813350255,0.7,1.0,0.872,Model-matched,1
credit_g,hgb,treeshap,23,0.00256916538316146,0.7199999999999999,1.0,0.84,Model-matched,1
credit_g,hgb,treeshap,24,0.005406458850239927,0.68,1.0,0.872,Model-matched,1
credit_g,hgb,treeshap,25,0.05039388701428888,0.72,1.0,0.8666666666666667,Model-matched,1
credit_g,hgb,treeshap,26,0.004489737502881137,0.7799999999999999,1.0,0.904,Model-matched,1
credit_g,hgb,treeshap,27,0.017157335407455496,0.6599999999999999,1.0,0.8583333333333334,Model-matched,1
credit_g,hgb,treeshap,28,0.04530127479539666,0.6599999999999999,1.0,0.9359999999999999,Model-matched,1
credit_g,hgb,treeshap,29,0.0956484030353606,0.6399999999999999,1.0,0.76,Model-matched,1
credit_g,hgb,treeshap,30,0.08766286040169577,0.5999999999999999,1.0,0.7916666666666666,Model-matched,1
credit_g,hgb,treeshap,31,0.07381678926346576,0.7599999999999999,1.0,0.8434782608695653,Model-matched,1
credit_g,hgb,treeshap,32,0.02888582698749692,0.7399999999999999,1.0,0.992,Model-matched,1
credit_g,hgb,treeshap,33,0.17111336701418486,0.72,1.0,0.8320000000000001,Model-matched,1
credit_g,hgb,treeshap,34,0.005749198359223379,0.76,1.0,0.888,Model-matched,1
credit_g,hgb,treeshap,35,0.04111560100985277,0.8399999999999999,1.0,0.92,Model-matched,0
credit_g,hgb,treeshap,36,0.007222853247507424,0.54,1.0,0.872,Model-matched,1
credit_g,hgb,treeshap,37,0.07710905224075022,0.82,1.0,0.904,Model-matched,0
credit_g,hgb,treeshap,38,0.043588106441443515,0.7599999999999999,1.0,0.904,Model-matched,1
credit_g,hgb,treeshap,39,0.02548253801383438,0.5599999999999999,1.0,0.881818181818182,Model-matched,1
credit_g,hgb,treeshap,40,0.04732620627407141,0.5000000000000001,1.0,0.72,Model-matched,1
credit_g,hgb,treeshap,41,0.02699647790070972,0.7,1.0,0.8777777777777778,Model-matched,1
credit_g,hgb,treeshap,42,0.08203230628707579,0.76,1.0,0.8240000000000001,Model-matched,1
credit_g,hgb,treeshap,43,0.004485442316894078,0.8,1.0,0.8608695652173913,Model-matched,0
credit_g,hgb,treeshap,44,0.0585051557504424,0.76,1.0,0.8320000000000001,Model-matched,1
credit_g,hgb,treeshap,45,0.012353083269974868,0.62,1.0,0.9359999999999999,Model-matched,1
credit_g,hgb,treeshap,46,0.02985031888443457,0.7799999999999999,1.0,0.9440000000000001,Model-matched,1
credit_g,hgb,treeshap,47,0.03499580827025227,0.86,1.0,0.872,Model-matched,0
credit_g,hgb,treeshap,48,0.07020223911329043,0.7,1.0,0.8160000000000001,Model-matched,1
credit_g,hgb,treeshap,49,0.022769771136164657,0.8799999999999999,1.0,0.9840000000000001,Model-matched,0
credit_g,hgb,treeshap,50,0.08184252138788298,0.6,1.0,0.88,Model-matched,1
credit_g,hgb,treeshap,51,0.03490565257497095,0.7999999999999999,1.0,0.888,Model-matched,1
credit_g,hgb,treeshap,52,0.02068850777091972,0.5599999999999999,1.0,0.84,Model-matched,1
credit_g,hgb,treeshap,53,0.0767578530039738,0.6399999999999999,1.0,0.8240000000000001,Model-matched,1
credit_g,hgb,treeshap,54,0.008017255478718998,0.58,1.0,0.819047619047619,Model-matched,1
credit_g,hgb,treeshap,55,0.011782434957576068,0.6799999999999999,1.0,0.888,Model-matched,1
credit_g,hgb,treeshap,56,0.020246289159910284,0.8,1.0,0.8560000000000001,Model-matched,0
credit_g,hgb,treeshap,57,0.14275757387631854,0.9200000000000002,1.0,0.888,Model-matched,0
credit_g,hgb,treeshap,58,0.07147084025596116,0.6199999999999999,1.0,0.875,Model-matched,1
credit_g,hgb,treeshap,59,0.10049133463631697,0.6999999999999998,1.0,0.888,Model-matched,1
credit_g,hgb,treeshap,60,0.026958108565809734,0.6599999999999999,1.0,0.8240000000000001,Model-matched,1
credit_g,hgb,treeshap,61,0.04836786302226233,0.7,1.0,0.8079999999999999,Model-matched,1
credit_g,hgb,treeshap,62,0.03647668199387347,0.6599999999999999,1.0,0.9083333333333333,Model-matched,1
credit_g,hgb,treeshap,63,0.029600470076502693,0.6799999999999999,1.0,0.92,Model-matched,1
credit_g,hgb,treeshap,64,0.03646473050567855,0.74,1.0,0.9440000000000001,Model-matched,1
credit_g,hgb,treeshap,65,0.04423092155513863,0.76,1.0,0.888,Model-matched,1
credit_g,hgb,treeshap,66,0.0006429483904276819,0.7999999999999999,1.0,0.9052631578947368,Model-matched,1
credit_g,hgb,treeshap,67,0.05212179335259046,0.58,1.0,0.784,Model-matched,1
credit_g,hgb,treeshap,68,0.05221578583418653,0.8,1.0,0.912,Model-matched,0
credit_g,hgb,treeshap,69,0.07525462624111233,0.5399999999999999,1.0,0.888,Model-matched,1
credit_g,hgb,treeshap,70,0.006933309522226274,0.74,1.0,0.888,Model-matched,1
credit_g,hgb,treeshap,71,0.013634918837763372,0.74,1.0,0.8857142857142858,Model-matched,1
credit_g,hgb,treeshap,72,0.0031024596638644414,0.7399999999999999,1.0,0.848,Model-matched,1
credit_g,hgb,treeshap,73,0.08440992415565725,0.8,1.0,0.92,Model-matched,0
credit_g,hgb,treeshap,74,0.12094605187072277,0.86,1.0,0.982608695652174,Model-matched,0
credit_g,hgb,treeshap,75,0.010703078151486564,0.6399999999999999,1.0,0.848,Model-matched,1
credit_g,hgb,treeshap,76,0.01743624296923766,0.92,1.0,0.912,Model-matched,0
credit_g,hgb,treeshap,77,0.014834686200874652,0.76,1.0,0.912,Model-matched,1
credit_g,hgb,treeshap,78,0.10297243192210176,0.8399999999999999,1.0,0.9359999999999999,Model-matched,0
credit_g,hgb,treeshap,79,0.05595080288477357,0.5,1.0,0.8,Model-matched,1
credit_g,hgb,treeshap,80,0.052504522557501536,0.6799999999999999,1.0,0.8521739130434783,Model-matched,1
credit_g,hgb,treeshap,81,0.015354833182010977,0.6399999999999999,1.0,0.8160000000000001,Model-matched,1
credit_g,hgb,treeshap,82,0.0021651896725180544,0.5599999999999998,1.0,0.8,Model-matched,1
credit_g,hgb,treeshap,83,0.0985860117353426,0.6799999999999999,1.0,0.848,Model-matched,1
credit_g,hgb,treeshap,84,0.020648697035467404,0.6399999999999999,1.0,0.872,Model-matched,1
credit_g,hgb,treeshap,85,0.012799116450079156,0.64,1.0,0.8640000000000001,Model-matched,1
credit_g,hgb,treeshap,86,0.19512763630175034,0.82,1.0,0.9,Model-matched,0
credit_g,hgb,treeshap,87,0.004797013871556049,0.54,1.0,0.8,Model-matched,1
credit_g,hgb,treeshap,88,0.08343949529118923,0.7599999999999999,1.0,0.890909090909091,Model-matched,1
credit_g,hgb,treeshap,89,0.0004735539377347264,0.6799999999999999,1.0,0.8083333333333332,Model-matched,1
credit_g,hgb,treeshap,90,0.01465532809475169,0.5999999999999999,1.0,0.8571428571428571,Model-matched,1
credit_g,hgb,treeshap,91,0.0819865819233631,0.34,1.0,0.7760000000000001,Model-matched,1
credit_g,hgb,treeshap,92,0.011326148003212867,0.58,1.0,0.8833333333333333,Model-matched,1
credit_g,hgb,treeshap,93,0.03685711031405563,0.6,1.0,0.819047619047619,Model-matched,1
credit_g,hgb,treeshap,94,0.025950121238842896,0.52,1.0,0.672,Model-matched,1
credit_g,hgb,treeshap,95,0.0026876611894084477,0.6999999999999998,1.0,0.9279999999999999,Model-matched,1
credit_g,hgb,treeshap,96,0.013226779786157997,0.6399999999999999,1.0,0.8608695652173913,Model-matched,1
credit_g,hgb,treeshap,97,0.01683867235422892,0.86,1.0,0.8625,Model-matched,0
credit_g,hgb,treeshap,98,0.00724079992725589,0.6399999999999999,1.0,0.8959999999999999,Model-matched,1
credit_g,hgb,treeshap,99,0.023030771398466786,0.72,1.0,0.8555555555555556,Model-matched,1
credit_g,hgb,treeshap,100,0.11771144278523414,0.6399999999999999,1.0,0.8736842105263158,Model-matched,1
credit_g,hgb,treeshap,101,0.06736379230744802,0.8400000000000001,1.0,0.9583333333333334,Model-matched,0
credit_g,hgb,treeshap,102,0.013861072782288809,0.62,1.0,0.8160000000000001,Model-matched,1
credit_g,hgb,treeshap,103,0.010828786733264798,0.76,1.0,0.8240000000000001,Model-matched,1
credit_g,hgb,treeshap,104,0.1552965170460749,0.5800000000000001,1.0,0.7760000000000001,Model-matched,1
credit_g,hgb,treeshap,105,0.025056858877662253,0.7799999999999999,1.0,0.8240000000000001,Model-matched,1
credit_g,hgb,treeshap,106,0.0040708796281461275,0.7399999999999999,1.0,0.8160000000000001,Model-matched,1
credit_g,hgb,treeshap,107,0.02535211488041555,0.7799999999999999,1.0,0.9473684210526315,Model-matched,1
credit_g,hgb,treeshap,108,0.005056061660718304,0.6199999999999999,1.0,0.863157894736842,Model-matched,1
credit_g,hgb,treeshap,109,0.007120209873909754,0.5799999999999998,1.0,0.7684210526315789,Model-matched,1
credit_g,hgb,treeshap,110,0.020463562208571724,0.7199999999999999,1.0,0.976,Model-matched,1
credit_g,hgb,treeshap,111,0.10162985126784012,0.6799999999999999,1.0,0.976,Model-matched,1
credit_g,hgb,treeshap,112,0.0022943468140749117,0.7799999999999999,1.0,0.8160000000000001,Model-matched,1
credit_g,hgb,treeshap,113,0.0015287796088476995,0.6599999999999999,1.0,0.848,Model-matched,1
credit_g,hgb,treeshap,114,0.012798131049222096,0.7799999999999999,1.0,0.9359999999999999,Model-matched,1
credit_g,hgb,treeshap,115,0.01697905127354593,0.5,1.0,0.84,Model-matched,1
credit_g,hgb,treeshap,116,0.09014389044785416,0.7399999999999999,1.0,0.92,Model-matched,1
credit_g,hgb,treeshap,117,0.026511235543330076,0.62,1.0,0.84,Model-matched,1
credit_g,hgb,treeshap,118,0.06009545777813794,0.7399999999999999,1.0,0.88,Model-matched,1
credit_g,hgb,treeshap,119,0.00942998208979248,0.8399999999999999,1.0,0.9279999999999999,Model-matched,0
credit_g,hgb,treeshap,120,0.1520512080338552,0.62,1.0,0.872,Model-matched,1
credit_g,hgb,treeshap,121,0.014261955362588003,0.74,1.0,0.888,Model-matched,1
credit_g,hgb,treeshap,122,0.13852192010613998,0.86,1.0,0.9333333333333332,Model-matched,0
credit_g,hgb,treeshap,123,0.0232015207893234,0.7199999999999999,1.0,0.872,Model-matched,1
credit_g,hgb,treeshap,124,0.0016239238087742377,0.48,1.0,0.872,Model-matched,1
credit_g,hgb,treeshap,125,0.037351592095868046,0.7399999999999999,1.0,0.8160000000000001,Model-matched,1
credit_g,hgb,treeshap,126,0.01452086768682953,0.76,1.0,0.8240000000000001,Model-matched,1
credit_g,hgb,treeshap,127,0.019868234170841385,0.6399999999999999,1.0,0.8640000000000001,Model-matched,1
credit_g,hgb,treeshap,128,0.03462209083497424,0.7599999999999999,1.0,0.904,Model-matched,1
credit_g,hgb,treeshap,129,0.04916170935057182,0.8400000000000001,1.0,0.93,Model-matched,0
credit_g,hgb,treeshap,130,0.1980828200836353,0.6999999999999998,1.0,0.8608695652173913,Model-matched,1
credit_g,hgb,treeshap,131,0.042772718362011956,0.7999999999999999,1.0,0.9359999999999999,Model-matched,1
credit_g,hgb,treeshap,132,0.013360587626004129,0.7,1.0,0.9166666666666666,Model-matched,1
credit_g,hgb,treeshap,133,0.0033267309091832256,0.6199999999999999,1.0,0.9359999999999999,Model-matched,1
credit_g,hgb,treeshap,134,0.0890844045658689,0.92,1.0,0.904,Model-matched,0
credit_g,hgb,treeshap,135,0.017949265542444977,0.7599999999999999,1.0,0.872,Model-matched,1
credit_g,hgb,treeshap,136,0.02294663163821775,0.58,1.0,0.8320000000000001,Model-matched,1
credit_g,hgb,treeshap,137,0.0378649814211139,0.72,1.0,0.88,Model-matched,1
credit_g,hgb,treeshap,138,0.15090802189517405,1.0,1.0,0.8666666666666666,Model-matched,0
credit_g,hgb,treeshap,139,0.03500372702249548,0.7799999999999999,1.0,0.8640000000000001,Model-matched,1
credit_g,hgb,treeshap,140,0.018668644416792973,0.7,1.0,0.8416666666666667,Model-matched,1
credit_g,hgb,treeshap,141,0.001299535745223155,0.82,1.0,0.9840000000000001,Model-matched,0
credit_g,hgb,treeshap,142,0.03146702065475672,0.7999999999999999,1.0,0.9083333333333333,Model-matched,1
credit_g,hgb,treeshap,143,0.014040802112413323,0.74,1.0,0.92,Model-matched,1
credit_g,hgb,treeshap,144,0.0071660723279574345,0.7799999999999999,1.0,0.8640000000000001,Model-matched,1
credit_g,hgb,treeshap,145,0.011096891848402221,0.5199999999999999,1.0,0.7363636363636363,Model-matched,1
credit_g,hgb,treeshap,146,0.014014507240394497,0.5999999999999999,1.0,0.8960000000000001,Model-matched,1
credit_g,hgb,treeshap,147,0.0215685299734853,0.5799999999999998,1.0,0.7999999999999999,Model-matched,1
credit_g,hgb,treeshap,148,0.08757941106962913,0.7999999999999999,1.0,0.9714285714285713,Model-matched,1
credit_g,hgb,treeshap,149,0.0033821028854668814,0.6599999999999999,1.0,0.8105263157894737,Model-matched,1
credit_g,hgb,treeshap,150,0.011967283060591251,0.8400000000000001,1.0,0.9400000000000001,Model-matched,0
credit_g,hgb,treeshap,151,0.07678022596289945,0.72,1.0,0.8526315789473684,Model-matched,1
credit_g,hgb,treeshap,152,0.07085663234855244,0.86,1.0,0.9359999999999999,Model-matched,0
credit_g,hgb,treeshap,153,0.05782713730312831,0.7199999999999999,1.0,0.8240000000000001,Model-matched,1
credit_g,hgb,treeshap,154,0.031857039720186095,0.82,1.0,0.8545454545454546,Model-matched,0
credit_g,hgb,treeshap,155,0.042871485690383244,0.76,1.0,0.9,Model-matched,1
credit_g,hgb,treeshap,156,0.02798830460913974,0.9200000000000002,1.0,0.888,Model-matched,0
credit_g,hgb,treeshap,157,0.03606733863185473,0.62,1.0,0.8320000000000001,Model-matched,1
credit_g,hgb,treeshap,158,0.025485376286587678,0.72,1.0,0.9142857142857143,Model-matched,1
credit_g,hgb,treeshap,159,0.04571422514457417,0.7399999999999999,1.0,0.8240000000000001,Model-matched,1
credit_g,hgb,treeshap,160,0.007442413440743674,0.72,1.0,0.792,Model-matched,1
credit_g,hgb,treeshap,161,0.01944453076469084,0.74,1.0,0.912,Model-matched,1
credit_g,hgb,treeshap,162,0.04885312370368424,0.76,1.0,0.9279999999999999,Model-matched,1
credit_g,hgb,treeshap,163,0.010038648870011567,0.7,1.0,0.8666666666666667,Model-matched,1
credit_g,hgb,treeshap,164,0.029625415479415756,0.92,1.0,0.912,Model-matched,0
credit_g,hgb,treeshap,165,0.008168148474156672,0.8399999999999999,1.0,0.9279999999999999,Model-matched,0
credit_g,hgb,treeshap,166,0.012022872041501667,0.7599999999999999,1.0,0.8857142857142858,Model-matched,1
credit_g,hgb,treeshap,167,0.01692243205616761,0.6399999999999999,1.0,0.8160000000000001,Model-matched,1
credit_g,hgb,treeshap,168,0.018924554734603093,0.86,1.0,0.9440000000000001,Model-matched,0
credit_g,hgb,treeshap,169,0.048710471694559394,0.76,1.0,0.9440000000000001,Model-matched,1
credit_g,hgb,treeshap,170,0.11706386707072465,0.5999999999999999,1.0,0.856,Model-matched,1
credit_g,hgb,treeshap,171,0.03242367773353502,0.6799999999999999,1.0,0.8240000000000001,Model-matched,1
credit_g,hgb,treeshap,172,0.03129578951779878,0.5200000000000001,1.0,0.8380952380952381,Model-matched,1
credit_g,hgb,treeshap,173,0.023776658045581545,0.6599999999999999,1.0,0.88,Model-matched,1
credit_g,hgb,treeshap,174,0.02883801174638401,0.72,1.0,0.8695652173913043,Model-matched,1
credit_g,hgb,treeshap,175,0.024515841582685494,0.5999999999999999,1.0,0.7523809523809524,Model-matched,1
credit_g,hgb,treeshap,176,0.016392744775251326,0.78,1.0,0.8444444444444444,Model-matched,1
credit_g,hgb,treeshap,177,0.0061284513604555465,0.5799999999999998,1.0,0.7759999999999999,Model-matched,1
credit_g,hgb,treeshap,178,0.0011550852665442436,0.6599999999999999,1.0,0.904,Model-matched,1
credit_g,hgb,treeshap,179,0.004356744694670113,0.7399999999999999,1.0,0.8160000000000001,Model-matched,1
credit_g,hgb,treeshap,180,0.007087871414521072,0.74,1.0,0.872,Model-matched,1
credit_g,hgb,treeshap,181,0.0024591417607475103,0.6399999999999999,1.0,0.8500000000000001,Model-matched,1
credit_g,hgb,treeshap,182,0.013201568991544904,0.7999999999999999,1.0,0.904,Model-matched,1
credit_g,hgb,treeshap,183,0.043305471516464154,0.7399999999999999,1.0,0.8952380952380953,Model-matched,1
credit_g,hgb,treeshap,184,0.013790722370091407,0.62,1.0,0.8173913043478261,Model-matched,1
credit_g,hgb,treeshap,185,0.052679204971249616,0.6599999999999999,1.0,0.8083333333333332,Model-matched,1
credit_g,hgb,treeshap,186,0.0037049642096820563,0.86,1.0,0.848,Model-matched,0
credit_g,hgb,treeshap,187,0.04070123546466135,0.6,1.0,0.8166666666666668,Model-matched,1
credit_g,hgb,treeshap,188,0.012146618886999002,0.7199999999999999,1.0,0.8160000000000001,Model-matched,1
credit_g,hgb,treeshap,189,0.11505443223599394,0.7799999999999999,1.0,0.9478260869565218,Model-matched,1
credit_g,hgb,treeshap,190,0.0421727891380685,0.8800000000000001,1.0,0.9359999999999999,Model-matched,0
credit_g,hgb,treeshap,191,0.005320983745548659,0.6,1.0,0.8640000000000001,Model-matched,1
credit_g,hgb,treeshap,192,0.0546674969650877,0.7599999999999999,1.0,0.8869565217391305,Model-matched,1
credit_g,hgb,treeshap,193,0.15482168971908944,0.5800000000000001,1.0,0.8434782608695651,Model-matched,1
credit_g,hgb,treeshap,194,0.0024480945904167715,0.56,1.0,0.8,Model-matched,1
credit_g,hgb,treeshap,195,0.011598387068460283,0.7599999999999999,1.0,0.8285714285714285,Model-matched,1
credit_g,hgb,treeshap,196,0.031937006763634035,0.4600000000000001,1.0,0.784,Model-matched,1
credit_g,hgb,treeshap,197,0.021793085653181294,0.6599999999999999,1.0,0.8833333333333333,Model-matched,1
credit_g,hgb,treeshap,198,0.0484518415497303,0.7,1.0,0.88,Model-matched,1
credit_g,hgb,treeshap,199,0.012841813737066572,0.74,1.0,0.904,Model-matched,1
credit_g,hgb,treeshap,200,0.0063344025003608615,0.8399999999999999,1.0,1.0,Model-matched,0
credit_g,hgb,treeshap,201,0.005148773164382148,0.76,1.0,1.0,Model-matched,1
credit_g,hgb,treeshap,202,0.005711967558145421,0.54,1.0,1.0,Model-matched,1
credit_g,hgb,treeshap,203,0.011173790439808486,0.6,1.0,1.0,Model-matched,1
credit_g,hgb,treeshap,204,0.1098110719846713,0.7,1.0,1.0,Model-matched,1
credit_g,hgb,treeshap,205,0.03225202066361351,0.52,1.0,1.0,Model-matched,1
credit_g,hgb,treeshap,206,0.000703127931160204,0.82,1.0,1.0,Model-matched,0
credit_g,hgb,treeshap,207,0.0697932059790352,0.8400000000000001,1.0,1.0,Model-matched,0
credit_g,hgb,treeshap,208,0.0031241648615880284,0.8,1.0,1.0,Model-matched,0
credit_g,hgb,treeshap,209,0.004070720639674526,0.62,1.0,1.0,Model-matched,1
credit_g,hgb,treeshap,210,0.03246696667711692,0.5399999999999999,1.0,1.0,Model-matched,1
credit_g,hgb,treeshap,211,0.016894079058342795,0.6399999999999999,1.0,1.0,Model-matched,1
credit_g,hgb,treeshap,212,0.012837224682131517,0.7,1.0,1.0,Model-matched,1
credit_g,hgb,treeshap,213,0.02295627442712603,0.58,1.0,1.0,Model-matched,1
credit_g,hgb,treeshap,214,0.029743301280828756,0.8400000000000001,1.0,1.0,Model-matched,0
credit_g,hgb,treeshap,215,0.0042619967228304375,0.6799999999999999,1.0,1.0,Model-matched,1
credit_g,hgb,treeshap,216,0.03885386843612279,1.0,1.0,1.0,Model-matched,0
credit_g,hgb,treeshap,217,0.02883503668410255,0.6799999999999999,1.0,1.0,Model-matched,1
credit_g,hgb,treeshap,218,0.01801041574197966,0.7,1.0,1.0,Model-matched,1
credit_g,hgb,treeshap,219,0.02265419884050103,0.6999999999999998,1.0,1.0,Model-matched,1
credit_g,hgb,treeshap,220,0.033327528330549375,0.7,1.0,1.0,Model-matched,1
credit_g,hgb,treeshap,221,0.018986112079981386,0.5199999999999999,1.0,1.0,Model-matched,1
credit_g,hgb,treeshap,222,0.001455169614021606,0.86,1.0,1.0,Model-matched,0
credit_g,hgb,treeshap,223,0.018492119232090157,0.6599999999999999,1.0,1.0,Model-matched,1
credit_g,hgb,treeshap,224,0.038841791985380805,1.0,1.0,1.0,Model-matched,0
credit_g,hgb,treeshap,225,0.044374329198797295,0.7599999999999999,1.0,1.0,Model-matched,1
credit_g,hgb,treeshap,226,0.03033910745131746,0.72,1.0,1.0,Model-matched,1
credit_g,hgb,treeshap,227,0.14296861693676008,0.86,1.0,1.0,Model-matched,0
credit_g,hgb,treeshap,228,0.0034548594949510435,0.6799999999999999,1.0,1.0,Model-matched,1
credit_g,hgb,treeshap,229,0.011604003132931343,0.6599999999999999,1.0,1.0,Model-matched,1
credit_g,hgb,treeshap,230,0.03208756290065456,0.6599999999999999,1.0,1.0,Model-matched,1
credit_g,hgb,treeshap,231,0.004926718429423015,0.7799999999999999,1.0,1.0,Model-matched,1
credit_g,hgb,treeshap,232,0.04558627962484377,0.7,1.0,1.0,Model-matched,1
credit_g,hgb,treeshap,233,0.009769602607258145,0.76,1.0,1.0,Model-matched,1
credit_g,hgb,treeshap,234,0.013871688095324118,0.6599999999999999,1.0,1.0,Model-matched,1
credit_g,hgb,treeshap,235,0.02168094652437291,0.6599999999999999,1.0,1.0,Model-matched,1
credit_g,hgb,treeshap,236,0.023362897290684487,0.7,1.0,1.0,Model-matched,1
credit_g,hgb,treeshap,237,0.01381344708633968,0.8400000000000001,1.0,1.0,Model-matched,0
credit_g,hgb,treeshap,238,0.00033195336919272843,0.86,1.0,1.0,Model-matched,0
credit_g,hgb,treeshap,239,0.0137777924332389,0.72,1.0,1.0,Model-matched,1
credit_g,hgb,treeshap,240,0.011625416148876863,0.74,1.0,1.0,Model-matched,1
credit_g,hgb,treeshap,241,0.025740501368037808,0.8,1.0,1.0,Model-matched,0
credit_g,hgb,treeshap,242,0.006153179335427228,0.72,1.0,1.0,Model-matched,1
credit_g,hgb,treeshap,243,0.026327728172893004,0.6799999999999999,1.0,1.0,Model-matched,1
credit_g,hgb,treeshap,244,0.013251993931597457,0.8400000000000001,1.0,1.0,Model-matched,0
credit_g,hgb,treeshap,245,0.058360429931700625,0.54,1.0,1.0,Model-matched,1
credit_g,hgb,treeshap,246,0.0217634724078999,0.74,1.0,1.0,Model-matched,1
credit_g,hgb,treeshap,247,0.005171095397421853,0.6799999999999999,1.0,1.0,Model-matched,1
credit_g,hgb,treeshap,248,0.007212299765649188,0.6199999999999999,1.0,1.0,Model-matched,1
credit_g,hgb,treeshap,249,0.2099834229132483,0.78,1.0,1.0,Model-matched,1
credit_g,hgb,treeshap,250,0.01852494296386714,0.7,1.0,1.0,Model-matched,1
credit_g,hgb,treeshap,251,0.015972956666019125,0.72,1.0,1.0,Model-matched,1
credit_g,hgb,treeshap,252,0.0013048283976156369,0.6999999999999998,1.0,1.0,Model-matched,1
credit_g,hgb,treeshap,253,0.14066390846358845,0.7399999999999999,1.0,1.0,Model-matched,1
credit_g,hgb,treeshap,254,0.03608844703343166,0.74,1.0,1.0,Model-matched,1
credit_g,hgb,treeshap,255,0.01866823060589322,0.7999999999999999,1.0,1.0,Model-matched,1
credit_g,hgb,treeshap,256,0.0392160234389258,0.8800000000000001,1.0,1.0,Model-matched,0
credit_g,hgb,treeshap,257,0.0015738868588600333,0.7,1.0,1.0,Model-matched,1
credit_g,hgb,treeshap,258,0.005952120123085024,0.5599999999999999,1.0,1.0,Model-matched,1
credit_g,hgb,treeshap,259,0.020869111055608392,0.7799999999999999,1.0,1.0,Model-matched,1
credit_g,hgb,treeshap,260,0.01073510737199992,0.4,1.0,1.0,Model-matched,1
credit_g,hgb,treeshap,261,0.03760832576183714,0.6399999999999999,1.0,1.0,Model-matched,1
credit_g,hgb,treeshap,262,0.011857162061100006,0.7399999999999999,1.0,1.0,Model-matched,1
credit_g,hgb,treeshap,263,0.03138096290579759,0.76,1.0,1.0,Model-matched,1
credit_g,hgb,treeshap,264,0.15392376564102364,0.7799999999999999,1.0,1.0,Model-matched,1
credit_g,hgb,treeshap,265,0.008259857514892475,0.6799999999999999,1.0,1.0,Model-matched,1
credit_g,hgb,treeshap,266,0.011921059743916874,0.7999999999999999,1.0,1.0,Model-matched,1
credit_g,hgb,treeshap,267,0.1846521127262196,0.7799999999999999,1.0,1.0,Model-matched,1
credit_g,hgb,treeshap,268,0.09040655057478493,0.86,1.0,1.0,Model-matched,0
credit_g,hgb,treeshap,269,0.03981967230642905,0.86,1.0,1.0,Model-matched,0
credit_g,hgb,treeshap,270,0.00026489390871499945,0.86,1.0,1.0,Model-matched,0
credit_g,hgb,treeshap,271,0.09909274802774105,0.86,1.0,1.0,Model-matched,0
credit_g,hgb,treeshap,272,0.006319023174783107,0.7,1.0,1.0,Model-matched,1
credit_g,hgb,treeshap,273,0.029686410772797215,0.7000000000000002,1.0,1.0,Model-matched,1
credit_g,hgb,treeshap,274,0.06479798793205428,0.74,1.0,1.0,Model-matched,1
credit_g,hgb,treeshap,275,0.1147325631153628,0.54,1.0,1.0,Model-matched,1
credit_g,hgb,treeshap,276,0.004602865314315026,0.54,1.0,1.0,Model-matched,1
credit_g,hgb,treeshap,277,0.0018676548797419226,0.6199999999999999,1.0,1.0,Model-matched,1
credit_g,hgb,treeshap,278,0.027216452438277267,0.5599999999999998,1.0,1.0,Model-matched,1
credit_g,hgb,treeshap,279,0.010000065408668601,0.7999999999999999,1.0,1.0,Model-matched,1
credit_g,hgb,treeshap,280,0.05183917445118726,0.5199999999999999,1.0,1.0,Model-matched,1
credit_g,hgb,treeshap,281,0.07155059025580718,0.7599999999999999,1.0,1.0,Model-matched,1
credit_g,hgb,treeshap,282,0.06023877159186421,0.6799999999999999,1.0,1.0,Model-matched,1
credit_g,hgb,treeshap,283,0.07729682644451384,0.78,1.0,1.0,Model-matched,1
credit_g,hgb,treeshap,284,0.01257299418833627,0.6599999999999999,1.0,1.0,Model-matched,1
credit_g,hgb,treeshap,285,0.01348730132660267,0.6799999999999999,1.0,1.0,Model-matched,1
credit_g,hgb,treeshap,286,0.058565779719932716,0.92,1.0,1.0,Model-matched,0
credit_g,hgb,treeshap,287,0.006353144351235591,0.58,1.0,1.0,Model-matched,1
credit_g,hgb,treeshap,288,0.07734748054872649,0.7,1.0,1.0,Model-matched,1
credit_g,hgb,treeshap,289,0.006936751590158536,0.6199999999999999,1.0,1.0,Model-matched,1
credit_g,hgb,treeshap,290,0.028108323467848768,0.6799999999999999,1.0,1.0,Model-matched,1
credit_g,hgb,treeshap,291,0.015202384744659502,0.7799999999999999,1.0,1.0,Model-matched,1
credit_g,hgb,treeshap,292,0.023073837001823753,0.8399999999999999,1.0,1.0,Model-matched,0
credit_g,hgb,treeshap,293,0.023399803802159946,0.7,1.0,1.0,Model-matched,1
credit_g,hgb,treeshap,294,0.13406279801800683,0.7,1.0,1.0,Model-matched,1
credit_g,hgb,treeshap,295,0.0254868022716654,0.52,1.0,1.0,Model-matched,1
credit_g,hgb,treeshap,296,0.045177378674491286,0.6599999999999999,1.0,1.0,Model-matched,1
credit_g,hgb,treeshap,297,0.04280254497711189,0.72,1.0,1.0,Model-matched,1
credit_g,hgb,treeshap,298,0.017040635306461754,0.74,1.0,1.0,Model-matched,1
credit_g,hgb,treeshap,299,0.001742728862428084,0.7,1.0,1.0,Model-matched,1
credit_g,hgb,lime,0,0.025881240308124387,0.5399999999999999,0.74,0.6583333333333333,LIME,1
credit_g,hgb,lime,1,0.02870196674075779,0.7,0.74,0.7181818181818183,LIME,1
credit_g,hgb,lime,2,0.01612199906748226,0.6799999999999999,0.72,0.664,LIME,1
credit_g,hgb,lime,3,0.05645076759340501,0.76,0.76,0.768,LIME,1
credit_g,hgb,lime,4,0.059297764909621936,0.7999999999999999,0.76,0.7714285714285714,LIME,1
credit_g,hgb,lime,5,0.14170284334001826,0.54,0.72,0.72,LIME,1
credit_g,hgb,lime,6,0.10399382921752025,0.6,0.72,0.7040000000000001,LIME,1
credit_g,hgb,lime,7,0.03282230309048346,0.7799999999999999,0.6799999999999999,0.72,LIME,1
credit_g,hgb,lime,8,0.11462735164282593,0.8400000000000001,0.76,0.696,LIME,0
credit_g,hgb,lime,9,0.021374966572640892,0.72,0.72,0.72,LIME,1
credit_g,hgb,lime,10,0.04912016317261133,0.7,0.86,0.7913043478260869,LIME,1
credit_g,hgb,lime,11,0.054680861264503194,0.82,0.9199999999999999,0.9279999999999999,LIME,0
credit_g,hgb,lime,12,0.15012952926287879,0.5400000000000001,0.72,0.7040000000000001,LIME,1
credit_g,hgb,lime,13,0.022766221872932525,0.5399999999999999,0.74,0.64,LIME,1
credit_g,hgb,lime,14,0.014408078483016173,0.6399999999999999,0.6799999999999999,0.7360000000000001,LIME,1
credit_g,hgb,lime,15,0.0024314146974630576,0.6599999999999999,0.9,0.8160000000000001,LIME,1
credit_g,hgb,lime,16,0.06456367427719696,0.6199999999999999,0.8,0.7411764705882353,LIME,1
credit_g,hgb,lime,17,0.06084781641815446,0.7399999999999999,0.76,0.7360000000000001,LIME,1
credit_g,hgb,lime,18,0.005242798628905168,0.58,0.64,0.568,LIME,1
credit_g,hgb,lime,19,0.0793006248094924,0.64,0.82,0.76,LIME,1
credit_g,hgb,lime,20,0.1327512309409687,0.5200000000000001,0.7,0.6083333333333334,LIME,1
credit_g,hgb,lime,21,0.02326942058605777,0.7,0.76,0.8347826086956521,LIME,1
credit_g,hgb,lime,22,0.003614344803556493,0.6599999999999999,0.8,0.7440000000000001,LIME,1
credit_g,hgb,lime,23,0.06496825805290916,0.5000000000000001,0.7,0.6559999999999999,LIME,1
credit_g,hgb,lime,24,0.013329248009494598,0.7599999999999999,0.74,0.728,LIME,1
credit_g,hgb,lime,25,0.027832843519283876,0.6199999999999999,0.8,0.64,LIME,1
credit_g,hgb,lime,26,0.002242296388819428,0.6199999999999999,0.76,0.72,LIME,1
credit_g,hgb,lime,27,0.16280612577066564,0.6399999999999999,0.8,0.6916666666666668,LIME,1
credit_g,hgb,lime,28,0.02508205884296695,0.6799999999999998,0.6599999999999999,0.72,LIME,1
credit_g,hgb,lime,29,0.003590121753514434,0.56,0.74,0.73,LIME,1
credit_g,hgb,lime,30,0.0476983895476368,0.6,0.6599999999999999,0.5666666666666667,LIME,1
credit_g,hgb,lime,31,0.04361601834053542,0.82,0.8400000000000001,0.8260869565217391,LIME,0
credit_g,hgb,lime,32,0.00483264445593408,0.5999999999999999,0.76,0.7360000000000001,LIME,1
credit_g,hgb,lime,33,0.09694623176717299,0.6199999999999999,0.74,0.7120000000000001,LIME,1
credit_g,hgb,lime,34,0.005470440170144667,0.7,0.74,0.728,LIME,1
credit_g,hgb,lime,35,0.03605561901422953,0.58,0.76,0.752,LIME,1
credit_g,hgb,lime,36,0.005645328844495696,0.6399999999999999,0.6599999999999999,0.7120000000000001,LIME,1
credit_g,hgb,lime,37,5.434292276034631e-05,0.7799999999999999,0.86,0.8,LIME,1
credit_g,hgb,lime,38,0.09350726634420167,0.6599999999999999,0.58,0.6559999999999999,LIME,1
credit_g,hgb,lime,39,0.02982246667995925,0.74,0.7,0.6909090909090909,LIME,1
credit_g,hgb,lime,40,0.11235747287889677,0.6399999999999999,0.7,0.616,LIME,1
credit_g,hgb,lime,41,0.04895375490151826,0.5200000000000001,0.64,0.6111111111111112,LIME,1
credit_g,hgb,lime,42,0.010256544713700298,0.5999999999999999,0.76,0.64,LIME,1
credit_g,hgb,lime,43,0.01857109758689404,0.78,0.8400000000000001,0.8347826086956521,LIME,1
credit_g,hgb,lime,44,0.02759082506178553,0.74,0.78,0.728,LIME,1
credit_g,hgb,lime,45,0.013400912895921522,0.7399999999999999,0.74,0.8560000000000001,LIME,1
credit_g,hgb,lime,46,0.042971544137126755,0.7,0.78,0.8,LIME,1
credit_g,hgb,lime,47,0.015511027339967334,0.7599999999999999,0.74,0.752,LIME,1
credit_g,hgb,lime,48,0.0009549789904479716,0.54,0.5599999999999999,0.544,LIME,1
credit_g,hgb,lime,49,0.004031262166616674,0.72,0.8200000000000001,0.8240000000000001,LIME,1
credit_g,hgb,lime,50,0.004501237669771793,0.6,1.0,1.0,LIME,1
credit_g,hgb,lime,51,0.013671412065855837,0.7599999999999999,1.0,1.0,LIME,1
credit_g,hgb,lime,52,0.06668873460601858,0.5399999999999999,1.0,1.0,LIME,1
credit_g,hgb,lime,53,0.0031510154785772894,0.6599999999999999,1.0,1.0,LIME,1
credit_g,hgb,lime,54,0.0002705564461029731,0.74,1.0,1.0,LIME,1
credit_g,hgb,lime,55,0.08364859532384182,0.4600000000000001,1.0,1.0,LIME,1
credit_g,hgb,lime,56,0.07814987201727844,0.6200000000000001,1.0,1.0,LIME,1
credit_g,hgb,lime,57,0.002477766574486608,0.6799999999999999,1.0,1.0,LIME,1
credit_g,hgb,lime,58,0.016835523842747814,0.6799999999999999,1.0,1.0,LIME,1
credit_g,hgb,lime,59,0.014595331770717252,0.6,1.0,1.0,LIME,1
credit_g,hgb,lime,60,0.0051591017876717144,0.5000000000000001,1.0,1.0,LIME,1
credit_g,hgb,lime,61,0.048424102710105915,0.6599999999999999,1.0,1.0,LIME,1
credit_g,hgb,lime,62,0.08501532749154456,0.7,1.0,1.0,LIME,1
credit_g,hgb,lime,63,0.05848231634272767,0.72,1.0,1.0,LIME,1
credit_g,hgb,lime,64,0.014300623168466031,0.6599999999999999,1.0,1.0,LIME,1
credit_g,hgb,lime,65,0.15138381457371636,0.54,1.0,1.0,LIME,1
credit_g,hgb,lime,66,0.08358598851574761,0.6399999999999999,1.0,1.0,LIME,1
credit_g,hgb,lime,67,0.08050825735702444,0.6199999999999999,1.0,1.0,LIME,1
credit_g,hgb,lime,68,0.011511380558176151,0.6799999999999999,1.0,1.0,LIME,1
credit_g,hgb,lime,69,0.007350472603445624,0.6799999999999999,1.0,1.0,LIME,1
credit_g,hgb,lime,70,0.05113319205497661,0.6599999999999999,1.0,1.0,LIME,1
credit_g,hgb,lime,71,0.05212624260790134,0.7199999999999999,1.0,1.0,LIME,1
credit_g,hgb,lime,72,0.0022064862679579775,0.6199999999999999,1.0,1.0,LIME,1
credit_g,hgb,lime,73,0.05709526870413891,0.7799999999999999,1.0,1.0,LIME,1
credit_g,hgb,lime,74,0.02029369390640609,0.6799999999999999,1.0,1.0,LIME,1
credit_g,hgb,lime,75,0.0038968728868686926,0.5000000000000001,1.0,1.0,LIME,1
credit_g,hgb,lime,76,0.002503689189869728,0.6599999999999999,1.0,1.0,LIME,1
credit_g,hgb,lime,77,0.005710645593030145,0.6599999999999999,1.0,1.0,LIME,1
credit_g,hgb,lime,78,0.0184177812801213,0.72,1.0,1.0,LIME,1
credit_g,hgb,lime,79,0.052837545177166156,0.5399999999999999,1.0,1.0,LIME,1
credit_g,hgb,lime,80,0.004224985432413987,0.48,1.0,1.0,LIME,1
credit_g,hgb,lime,81,0.03305083574726137,0.8400000000000001,1.0,1.0,LIME,0
credit_g,hgb,lime,82,0.04792040944567693,0.6399999999999999,1.0,1.0,LIME,1
credit_g,hgb,lime,83,0.04977974443027232,0.6399999999999999,1.0,1.0,LIME,1
credit_g,hgb,lime,84,0.03480809436878881,0.7799999999999999,1.0,1.0,LIME,1
credit_g,hgb,lime,85,0.0643560721674585,0.5599999999999999,1.0,1.0,LIME,1
credit_g,hgb,lime,86,0.04292023777541856,0.7,1.0,1.0,LIME,1
credit_g,hgb,lime,87,0.09541935410106683,0.6199999999999999,1.0,1.0,LIME,1
credit_g,hgb,lime,88,0.010002684034471628,0.7,1.0,1.0,LIME,1
credit_g,hgb,lime,89,0.02142452060541011,0.7,1.0,1.0,LIME,1
credit_g,hgb,lime,90,0.012593880071071508,0.4600000000000001,1.0,1.0,LIME,1
credit_g,hgb,lime,91,0.0398350724615852,0.7,1.0,1.0,LIME,1
credit_g,hgb,lime,92,0.03569334526199121,0.7,1.0,1.0,LIME,1
credit_g,hgb,lime,93,7.538899482522084e-05,0.5599999999999999,1.0,1.0,LIME,1
credit_g,hgb,lime,94,0.02405650790014754,0.6799999999999999,1.0,1.0,LIME,1
credit_g,hgb,lime,95,0.09183985790387983,0.6,1.0,1.0,LIME,1
credit_g,hgb,lime,96,0.058535464848258174,0.86,1.0,1.0,LIME,0
credit_g,hgb,lime,97,0.07613120545287354,0.6599999999999999,1.0,1.0,LIME,1
credit_g,hgb,lime,98,0.049775716610284876,0.58,1.0,1.0,LIME,1
credit_g,hgb,lime,99,0.07530518984547062,0.6399999999999999,1.0,1.0,LIME,1
credit_g,mlp,ig,0,0.010591175056647948,0.42,1.0,0.8666666666666667,Model-matched,1
credit_g,mlp,ig,1,0.10299448955303747,0.7999999999999999,1.0,0.92,Model-matched,1
credit_g,mlp,ig,2,0.24422285941609867,0.6799999999999999,1.0,0.912,Model-matched,1
credit_g,mlp,ig,3,0.010108897764403635,0.7399999999999999,1.0,0.992,Model-matched,1
credit_g,mlp,ig,4,0.0439127494121973,0.6999999999999998,1.0,0.9333333333333332,Model-matched,1
credit_g,mlp,ig,5,0.19150477848225125,0.7199999999999999,1.0,0.9440000000000001,Model-matched,1
credit_g,mlp,ig,6,0.05167430805838068,0.7,1.0,0.9652173913043478,Model-matched,1
credit_g,mlp,ig,7,0.052231053923585256,0.5599999999999999,1.0,0.8947368421052632,Model-matched,1
credit_g,mlp,ig,8,0.08838225701224806,0.5199999999999999,1.0,0.856,Model-matched,1
credit_g,mlp,ig,9,0.066039506565292,0.44,1.0,0.8272727272727273,Model-matched,1
credit_g,mlp,ig,10,0.019987075312818594,0.66,1.0,0.9500000000000001,Model-matched,1
credit_g,mlp,ig,11,0.22758519540232214,0.5200000000000001,1.0,0.9520000000000001,Model-matched,1
credit_g,mlp,ig,12,0.05441286398703923,0.6199999999999999,1.0,0.912,Model-matched,1
credit_g,mlp,ig,13,0.11367522287462713,0.6,1.0,0.88,Model-matched,1
credit_g,mlp,ig,14,0.17099348793513214,0.6200000000000001,1.0,0.9440000000000001,Model-matched,1
credit_g,mlp,ig,15,0.06313508422276508,0.5800000000000001,1.0,0.856,Model-matched,1
credit_g,mlp,ig,16,0.0075443924318940505,0.52,1.0,0.8320000000000001,Model-matched,1
credit_g,mlp,ig,17,0.15288264966631274,0.5799999999999998,1.0,0.888,Model-matched,1
credit_g,mlp,ig,18,0.01239400890704544,0.4600000000000001,1.0,0.8320000000000001,Model-matched,1
credit_g,mlp,ig,19,0.05429590769361317,0.6599999999999999,1.0,0.92,Model-matched,1
credit_g,mlp,ig,20,0.009672954732543221,0.7199999999999999,1.0,0.904,Model-matched,1
credit_g,mlp,ig,21,0.10871052291159727,0.72,1.0,0.9440000000000001,Model-matched,1
credit_g,mlp,ig,22,0.0782009236892517,0.74,1.0,0.9279999999999999,Model-matched,1
credit_g,mlp,ig,23,0.05180742979778843,0.6,1.0,0.8959999999999999,Model-matched,1
credit_g,mlp,ig,24,0.001363381340085825,0.58,1.0,0.8833333333333333,Model-matched,1
credit_g,mlp,ig,25,0.1408776824757196,0.7999999999999999,1.0,0.8869565217391305,Model-matched,1
credit_g,mlp,ig,26,0.07321058807388454,0.6599999999999999,1.0,0.9359999999999999,Model-matched,1
credit_g,mlp,ig,27,0.02880310657749139,0.74,1.0,0.9363636363636364,Model-matched,1
credit_g,mlp,ig,28,0.03139435038453786,0.6799999999999999,1.0,0.8959999999999999,Model-matched,1
credit_g,mlp,ig,29,0.02155981765944387,0.6399999999999999,1.0,0.8640000000000001,Model-matched,1
credit_g,mlp,ig,30,0.11409253107607382,0.52,1.0,0.7904761904761906,Model-matched,1
credit_g,mlp,ig,31,0.03225456208345885,0.5800000000000002,1.0,0.8666666666666667,Model-matched,1
credit_g,mlp,ig,32,0.0011982082004824842,0.5399999999999999,1.0,0.88,Model-matched,1
credit_g,mlp,ig,33,0.04412120879206701,0.58,1.0,0.8434782608695651,Model-matched,1
credit_g,mlp,ig,34,0.19538106551431264,0.7799999999999999,1.0,0.968,Model-matched,1
credit_g,mlp,ig,35,0.12846485512798841,0.5399999999999999,1.0,0.904,Model-matched,1
credit_g,mlp,ig,36,0.10831397472251884,0.7399999999999999,1.0,0.912,Model-matched,1
credit_g,mlp,ig,37,0.025779840791975043,0.5800000000000001,1.0,0.872,Model-matched,1
credit_g,mlp,ig,38,0.030611860641985622,0.5600000000000002,1.0,0.9279999999999999,Model-matched,1
credit_g,mlp,ig,39,0.000693327236573368,0.5799999999999998,1.0,0.8560000000000001,Model-matched,1
credit_g,mlp,ig,40,0.02023995893356486,0.5,1.0,0.848,Model-matched,1
credit_g,mlp,ig,41,0.05470058421048973,0.5999999999999999,1.0,0.8736842105263158,Model-matched,1
credit_g,mlp,ig,42,0.03312728007362672,0.52,1.0,0.912,Model-matched,1
credit_g,mlp,ig,43,0.008634620109688067,0.7,1.0,0.9359999999999999,Model-matched,1
credit_g,mlp,ig,44,0.15868712888005493,0.6799999999999999,1.0,0.904,Model-matched,1
credit_g,mlp,ig,45,0.011527304116008,0.6399999999999999,1.0,0.912,Model-matched,1
credit_g,mlp,ig,46,0.06496312984471136,0.6799999999999999,1.0,0.9043478260869565,Model-matched,1
credit_g,mlp,ig,47,0.22868892877460884,0.9200000000000002,1.0,0.9181818181818181,Model-matched,0
credit_g,mlp,ig,48,0.09827234490559758,0.58,1.0,0.9359999999999999,Model-matched,1
credit_g,mlp,ig,49,0.10182330747056902,0.64,1.0,0.8959999999999999,Model-matched,1
credit_g,mlp,ig,50,0.06067320472297223,0.5999999999999999,1.0,0.92,Model-matched,1
credit_g,mlp,ig,51,0.19150778858071474,0.7199999999999999,1.0,0.9279999999999999,Model-matched,1
credit_g,mlp,ig,52,0.024454517834925294,0.6199999999999999,1.0,0.8,Model-matched,1
credit_g,mlp,ig,53,0.05281181924968151,0.74,1.0,0.904,Model-matched,1
credit_g,mlp,ig,54,0.015359853953441693,0.52,1.0,0.8526315789473684,Model-matched,1
credit_g,mlp,ig,55,0.03776160906714976,0.6199999999999999,1.0,0.9279999999999999,Model-matched,1
credit_g,mlp,ig,56,0.02662940799331238,0.7000000000000001,1.0,0.912,Model-matched,1
credit_g,mlp,ig,57,0.009804389827079953,0.7399999999999999,1.0,0.88,Model-matched,1
credit_g,mlp,ig,58,0.025510132430853562,0.5999999999999999,1.0,0.848,Model-matched,1
credit_g,mlp,ig,59,0.07530277345277978,0.72,1.0,0.888,Model-matched,1
credit_g,mlp,ig,60,0.08441756601558964,0.6199999999999999,1.0,0.8160000000000001,Model-matched,1
credit_g,mlp,ig,61,0.024515974825721862,0.62,1.0,0.8960000000000001,Model-matched,1
credit_g,mlp,ig,62,0.035943628151950346,0.5599999999999999,1.0,0.904,Model-matched,1
credit_g,mlp,ig,63,0.001326601740400403,0.6399999999999999,1.0,0.872,Model-matched,1
credit_g,mlp,ig,64,0.05437101354156363,0.7200000000000001,1.0,0.9359999999999999,Model-matched,1
credit_g,mlp,ig,65,0.07256575708959222,0.6399999999999999,1.0,0.904,Model-matched,1
credit_g,mlp,ig,66,0.02319083519707235,0.6,1.0,0.9416666666666668,Model-matched,1
credit_g,mlp,ig,67,0.029745949004416725,0.5599999999999999,1.0,0.856,Model-matched,1
credit_g,mlp,ig,68,0.08281325723914336,0.6,1.0,0.92,Model-matched,1
credit_g,mlp,ig,69,0.16993192808676358,0.7199999999999999,1.0,0.9279999999999999,Model-matched,1
credit_g,mlp,ig,70,0.028663959370764575,0.7,1.0,0.8640000000000001,Model-matched,1
credit_g,mlp,ig,71,0.017807609374996387,0.6399999999999999,1.0,0.872,Model-matched,1
credit_g,mlp,ig,72,0.16611601399207154,0.7599999999999999,1.0,0.8960000000000001,Model-matched,1
credit_g,mlp,ig,73,0.17516311247117378,0.7799999999999999,1.0,0.9520000000000001,Model-matched,1
credit_g,mlp,ig,74,0.16332533140360783,0.6799999999999999,1.0,0.92,Model-matched,1
credit_g,mlp,ig,75,0.05658040956736689,0.58,1.0,0.9279999999999999,Model-matched,1
credit_g,mlp,ig,76,0.0011815981988495955,0.58,1.0,0.88,Model-matched,1
credit_g,mlp,ig,77,0.088179933931127,0.5800000000000001,1.0,0.872,Model-matched,1
credit_g,mlp,ig,78,0.016039804925727617,0.7999999999999999,1.0,0.872,Model-matched,1
credit_g,mlp,ig,79,0.08860593384216976,0.5599999999999999,1.0,0.872,Model-matched,1
credit_g,mlp,ig,80,0.13254556113134758,0.6399999999999999,1.0,0.912,Model-matched,1
credit_g,mlp,ig,81,0.0962865894669067,0.8400000000000001,1.0,0.872,Model-matched,0
credit_g,mlp,ig,82,0.04233032860684106,0.5999999999999999,1.0,0.888,Model-matched,1
credit_g,mlp,ig,83,0.029612109712186568,0.6199999999999999,1.0,0.872,Model-matched,1
credit_g,mlp,ig,84,0.004631813453892029,0.6199999999999999,1.0,0.8320000000000001,Model-matched,1
credit_g,mlp,ig,85,0.0028084160611941836,0.7599999999999999,1.0,0.92,Model-matched,1
credit_g,mlp,ig,86,0.04988566195259417,0.7,1.0,0.9391304347826087,Model-matched,1
credit_g,mlp,ig,87,0.01333269575695524,0.62,1.0,0.872,Model-matched,1
credit_g,mlp,ig,88,0.13176351055932511,0.8400000000000001,1.0,0.92,Model-matched,0
credit_g,mlp,ig,89,0.06704815446573838,0.7399999999999999,1.0,0.912,Model-matched,1
credit_g,mlp,ig,90,0.022312210060373174,0.6799999999999999,1.0,0.92,Model-matched,1
credit_g,mlp,ig,91,0.0004434985867835547,0.4399999999999999,1.0,0.8500000000000001,Model-matched,1
credit_g,mlp,ig,92,0.10963368133137881,0.6399999999999999,1.0,0.9,Model-matched,1
credit_g,mlp,ig,93,0.01297409619453107,0.6,1.0,0.8888888888888888,Model-matched,1
credit_g,mlp,ig,94,0.022669030686573974,0.56,1.0,0.88,Model-matched,1
credit_g,mlp,ig,95,0.3019050693725702,0.7599999999999999,1.0,0.912,Model-matched,1
credit_g,mlp,ig,96,0.04995073963642163,0.7,1.0,0.8640000000000001,Model-matched,1
credit_g,mlp,ig,97,0.0045170838637213885,0.6599999999999999,1.0,0.8959999999999999,Model-matched,1
credit_g,mlp,ig,98,0.08749510134170711,0.7,1.0,0.92,Model-matched,1
credit_g,mlp,ig,99,0.1291861767497613,0.72,1.0,0.9,Model-matched,1
credit_g,mlp,ig,100,0.028904964858115136,0.6,1.0,0.8444444444444446,Model-matched,1
credit_g,mlp,ig,101,0.13561976373163814,0.72,1.0,0.912,Model-matched,1
credit_g,mlp,ig,102,0.05783151481721892,0.7999999999999999,1.0,0.904,Model-matched,1
credit_g,mlp,ig,103,0.06908786274797664,0.6599999999999999,1.0,0.84,Model-matched,1
credit_g,mlp,ig,104,0.0006665551781767658,0.42,1.0,0.8416666666666667,Model-matched,1
credit_g,mlp,ig,105,0.048072034113532655,0.62,1.0,0.888,Model-matched,1
credit_g,mlp,ig,106,0.0785493682119524,0.7599999999999999,1.0,0.88,Model-matched,1
credit_g,mlp,ig,107,0.16694180983394777,0.6599999999999999,1.0,0.912,Model-matched,1
credit_g,mlp,ig,108,0.002501495756672671,0.52,1.0,0.792,Model-matched,1
credit_g,mlp,ig,109,0.0016094616491957392,0.6,1.0,0.9047619047619048,Model-matched,1
credit_g,mlp,ig,110,0.13635186274547081,0.58,1.0,0.904,Model-matched,1
credit_g,mlp,ig,111,0.07065070322624763,0.5599999999999998,1.0,0.9,Model-matched,1
credit_g,mlp,ig,112,0.05121608702088362,0.7599999999999999,1.0,0.904,Model-matched,1
credit_g,mlp,ig,113,0.1650824845829664,0.5799999999999998,1.0,0.8640000000000001,Model-matched,1
credit_g,mlp,ig,114,0.09466425638832335,0.86,1.0,0.888,Model-matched,0
credit_g,mlp,ig,115,0.05081272459212559,0.48,1.0,0.8560000000000001,Model-matched,1
credit_g,mlp,ig,116,0.018054322118081934,0.56,1.0,0.904,Model-matched,1
credit_g,mlp,ig,117,0.004851497820630131,0.6000000000000001,1.0,0.8095238095238095,Model-matched,1
credit_g,mlp,ig,118,0.10799769156129191,0.5800000000000001,1.0,0.9359999999999999,Model-matched,1
credit_g,mlp,ig,119,0.004678453086744591,0.6199999999999999,1.0,0.9249999999999999,Model-matched,1
credit_g,mlp,ig,120,0.02842226188942467,0.44,1.0,0.8583333333333334,Model-matched,1
credit_g,mlp,ig,121,0.07161143211283456,0.58,1.0,0.9217391304347826,Model-matched,1
credit_g,mlp,ig,122,0.10110668475853293,0.5800000000000001,1.0,0.9217391304347826,Model-matched,1
credit_g,mlp,ig,123,0.016203460246851785,0.6399999999999999,1.0,0.848,Model-matched,1
credit_g,mlp,ig,124,0.000576580370068257,0.7999999999999999,1.0,0.912,Model-matched,1
credit_g,mlp,ig,125,0.1126780246458381,0.5199999999999999,1.0,0.8960000000000001,Model-matched,1
credit_g,mlp,ig,126,0.057264565734178256,0.6199999999999999,1.0,0.9440000000000001,Model-matched,1
credit_g,mlp,ig,127,0.0432048551807323,0.6399999999999999,1.0,0.888,Model-matched,1
credit_g,mlp,ig,128,0.011003923417466895,0.6599999999999999,1.0,0.888,Model-matched,1
credit_g,mlp,ig,129,0.03285012370830956,0.7799999999999999,1.0,0.9090909090909091,Model-matched,1
credit_g,mlp,ig,130,0.033825079298904714,0.7,1.0,0.875,Model-matched,1
credit_g,mlp,ig,131,0.03343976259004191,0.6399999999999999,1.0,0.9478260869565218,Model-matched,1
credit_g,mlp,ig,132,0.0406152487115694,0.58,1.0,0.92,Model-matched,1
credit_g,mlp,ig,133,0.01022772699819268,0.6599999999999999,1.0,0.9440000000000001,Model-matched,1
credit_g,mlp,ig,134,0.014290741397030023,0.7799999999999999,1.0,0.9520000000000001,Model-matched,1
credit_g,mlp,ig,135,0.13087469123184295,0.6799999999999999,1.0,0.84,Model-matched,1
credit_g,mlp,ig,136,0.023155594411902448,0.6799999999999999,1.0,0.8640000000000001,Model-matched,1
credit_g,mlp,ig,137,0.007345390874776246,0.7599999999999999,1.0,0.8240000000000001,Model-matched,1
credit_g,mlp,ig,138,0.07219822259167176,0.6399999999999999,1.0,0.8640000000000001,Model-matched,1
credit_g,mlp,ig,139,0.14506849245216674,0.7199999999999999,1.0,0.92,Model-matched,1
credit_g,mlp,ig,140,0.009034937824261837,0.6399999999999999,1.0,0.848,Model-matched,1
credit_g,mlp,ig,141,0.0022406883548544572,0.6599999999999999,1.0,0.8583333333333334,Model-matched,1
credit_g,mlp,ig,142,0.00427638345109752,0.6999999999999998,1.0,0.9099999999999999,Model-matched,1
credit_g,mlp,ig,143,0.012159694179994221,0.6399999999999999,1.0,0.8959999999999999,Model-matched,1
credit_g,mlp,ig,144,0.021758710727116555,0.72,1.0,0.9279999999999999,Model-matched,1
credit_g,mlp,ig,145,0.04208643061073031,0.56,1.0,0.8083333333333335,Model-matched,1
credit_g,mlp,ig,146,0.010511423942154645,0.5800000000000001,1.0,0.8240000000000001,Model-matched,1
credit_g,mlp,ig,147,0.007980584416844794,0.5000000000000001,1.0,0.8083333333333332,Model-matched,1
credit_g,mlp,ig,148,0.09937496364403366,0.7799999999999999,1.0,0.9333333333333332,Model-matched,1
credit_g,mlp,ig,149,0.18427742686283383,0.54,1.0,0.8956521739130435,Model-matched,1
credit_g,mlp,ig,150,0.04882516176620689,0.6000000000000001,1.0,0.875,Model-matched,1
credit_g,mlp,ig,151,0.009915575918519527,0.6799999999999999,1.0,0.8666666666666666,Model-matched,1
credit_g,mlp,ig,152,0.03531934981842725,0.5999999999999999,1.0,0.904,Model-matched,1
credit_g,mlp,ig,153,0.047199232577594674,0.5599999999999999,1.0,0.8560000000000001,Model-matched,1
credit_g,mlp,ig,154,0.0844995396610807,0.6599999999999999,1.0,0.9199999999999999,Model-matched,1
credit_g,mlp,ig,155,0.05107498932633542,0.5599999999999999,1.0,0.848,Model-matched,1
credit_g,mlp,ig,156,0.17944427218547404,0.6599999999999999,1.0,0.88,Model-matched,1
credit_g,mlp,ig,157,0.010207999286057139,0.6599999999999999,1.0,0.912,Model-matched,1
credit_g,mlp,ig,158,0.18433340518856975,0.6199999999999999,1.0,0.8333333333333334,Model-matched,1
credit_g,mlp,ig,159,0.10581600298499136,0.6199999999999999,1.0,0.8560000000000001,Model-matched,1
credit_g,mlp,ig,160,0.12007367342239943,0.72,1.0,0.8640000000000001,Model-matched,1
credit_g,mlp,ig,161,0.017318727851645756,0.8400000000000001,1.0,0.976,Model-matched,0
credit_g,mlp,ig,162,0.007616524741996265,0.6599999999999999,1.0,0.904,Model-matched,1
credit_g,mlp,ig,163,0.014643962202596292,0.6000000000000001,1.0,0.8500000000000001,Model-matched,1
credit_g,mlp,ig,164,0.0351684798759009,0.7,1.0,0.92,Model-matched,1
credit_g,mlp,ig,165,0.0958612882563703,0.6599999999999999,1.0,0.9739130434782608,Model-matched,1
credit_g,mlp,ig,166,0.03593976427906839,0.6399999999999999,1.0,0.8545454545454546,Model-matched,1
credit_g,mlp,ig,167,0.16549664544054338,0.6599999999999999,1.0,0.904,Model-matched,1
credit_g,mlp,ig,168,0.09723228647629137,0.6799999999999999,1.0,0.92,Model-matched,1
credit_g,mlp,ig,169,0.007999442937328464,0.6799999999999999,1.0,0.8960000000000001,Model-matched,1
credit_g,mlp,ig,170,0.003208428505510305,0.5,1.0,0.88,Model-matched,1
credit_g,mlp,ig,171,0.022983815075518197,0.78,1.0,0.9411764705882353,Model-matched,1
credit_g,mlp,ig,172,0.02560731389236243,0.6199999999999999,1.0,0.8960000000000001,Model-matched,1
credit_g,mlp,ig,173,0.011717478925554473,0.6999999999999998,1.0,0.9666666666666667,Model-matched,1
credit_g,mlp,ig,174,0.04395011876400878,0.4599999999999999,1.0,0.8181818181818182,Model-matched,1
credit_g,mlp,ig,175,0.08569706407159293,0.56,1.0,0.9333333333333332,Model-matched,1
credit_g,mlp,ig,176,0.03236780493246906,0.6399999999999999,1.0,0.8454545454545456,Model-matched,1
credit_g,mlp,ig,177,0.03686441909098634,0.6799999999999999,1.0,0.84,Model-matched,1
credit_g,mlp,ig,178,0.048278723855685546,0.6599999999999999,1.0,0.92,Model-matched,1
credit_g,mlp,ig,179,0.03628557617807476,0.6599999999999999,1.0,0.872,Model-matched,1
credit_g,mlp,ig,180,0.08890217189990376,0.5799999999999998,1.0,0.8560000000000001,Model-matched,1
credit_g,mlp,ig,181,0.006559223760640429,0.52,1.0,0.856,Model-matched,1
credit_g,mlp,ig,182,0.07291683314695233,0.6799999999999999,1.0,0.84,Model-matched,1
credit_g,mlp,ig,183,0.025931870386886446,0.6799999999999999,1.0,0.8947368421052632,Model-matched,1
credit_g,mlp,ig,184,0.008798734361548734,0.6799999999999999,1.0,0.84,Model-matched,1
credit_g,mlp,ig,185,0.02580314588771865,0.7399999999999999,1.0,0.8521739130434783,Model-matched,1
credit_g,mlp,ig,186,0.0017148306585628584,0.7,1.0,0.912,Model-matched,1
credit_g,mlp,ig,187,0.01738494809546362,0.7399999999999999,1.0,0.8500000000000001,Model-matched,1
credit_g,mlp,ig,188,0.03192260679794261,0.6799999999999999,1.0,0.84,Model-matched,1
credit_g,mlp,ig,189,0.007829945957532315,0.58,1.0,0.8916666666666666,Model-matched,1
credit_g,mlp,ig,190,0.1382081299711015,0.8399999999999999,1.0,0.976,Model-matched,0
credit_g,mlp,ig,191,0.010680730662048908,0.72,1.0,0.912,Model-matched,1
credit_g,mlp,ig,192,0.018235548668958768,0.6399999999999999,1.0,0.888,Model-matched,1
credit_g,mlp,ig,193,0.015034997875376495,0.4800000000000001,1.0,0.8,Model-matched,1
credit_g,mlp,ig,194,0.03680926636705411,0.6,1.0,0.9125,Model-matched,1
credit_g,mlp,ig,195,0.013704308810340324,0.6399999999999999,1.0,0.8545454545454546,Model-matched,1
credit_g,mlp,ig,196,0.15243967860949156,0.76,1.0,0.9279999999999999,Model-matched,1
credit_g,mlp,ig,197,0.01739408173896672,0.7,1.0,0.9279999999999999,Model-matched,1
credit_g,mlp,ig,198,0.028185618725122687,0.5599999999999999,1.0,0.872,Model-matched,1
credit_g,mlp,ig,199,0.10173946651279053,0.6,1.0,0.84,Model-matched,1
credit_g,mlp,ig,200,0.05191077595542465,0.5999999999999999,1.0,1.0,Model-matched,1
credit_g,mlp,ig,201,0.01291739533552181,0.6,1.0,1.0,Model-matched,1
credit_g,mlp,ig,202,0.08284312291992679,0.6399999999999999,1.0,1.0,Model-matched,1
credit_g,mlp,ig,203,0.03616680591871767,0.5599999999999999,1.0,1.0,Model-matched,1
credit_g,mlp,ig,204,0.06292693914354654,0.52,1.0,1.0,Model-matched,1
credit_g,mlp,ig,205,0.01350525509890908,0.6199999999999999,1.0,1.0,Model-matched,1
credit_g,mlp,ig,206,0.025095912368303525,0.64,1.0,1.0,Model-matched,1
credit_g,mlp,ig,207,0.1136259357761968,0.7799999999999999,1.0,1.0,Model-matched,1
credit_g,mlp,ig,208,0.04799544492874521,0.74,1.0,1.0,Model-matched,1
credit_g,mlp,ig,209,0.0008707488205681338,0.5800000000000001,1.0,1.0,Model-matched,1
credit_g,mlp,ig,210,0.005861776394483723,0.52,1.0,1.0,Model-matched,1
credit_g,mlp,ig,211,0.04230427057183999,0.54,1.0,1.0,Model-matched,1
credit_g,mlp,ig,212,0.019816063198823664,0.56,1.0,1.0,Model-matched,1
credit_g,mlp,ig,213,0.023009594660336696,0.48,1.0,1.0,Model-matched,1
credit_g,mlp,ig,214,0.17789343361013588,0.6599999999999999,1.0,1.0,Model-matched,1
credit_g,mlp,ig,215,0.03364385475156897,0.6799999999999999,1.0,1.0,Model-matched,1
credit_g,mlp,ig,216,0.04390238768699174,0.6199999999999999,1.0,1.0,Model-matched,1
credit_g,mlp,ig,217,0.05555383009341686,0.5999999999999999,1.0,1.0,Model-matched,1
credit_g,mlp,ig,218,0.08937949339426977,0.56,1.0,1.0,Model-matched,1
credit_g,mlp,ig,219,0.0006535201102911504,0.4600000000000001,1.0,1.0,Model-matched,1
credit_g,mlp,ig,220,0.03357006711261607,0.7799999999999999,1.0,1.0,Model-matched,1
credit_g,mlp,ig,221,0.04286466623183722,0.5,1.0,1.0,Model-matched,1
credit_g,mlp,ig,222,0.12177979312604323,0.5999999999999999,1.0,1.0,Model-matched,1
credit_g,mlp,ig,223,0.01624100389047345,0.6599999999999999,1.0,1.0,Model-matched,1
credit_g,mlp,ig,224,0.00487766944591654,0.6799999999999999,1.0,1.0,Model-matched,1
credit_g,mlp,ig,225,0.052714362433855105,0.6399999999999999,1.0,1.0,Model-matched,1
credit_g,mlp,ig,226,0.015147364253788435,0.6399999999999999,1.0,1.0,Model-matched,1
credit_g,mlp,ig,227,0.023615369806783276,0.6399999999999999,1.0,1.0,Model-matched,1
credit_g,mlp,ig,228,0.015204671656742814,0.6799999999999999,1.0,1.0,Model-matched,1
credit_g,mlp,ig,229,0.006455301530561155,0.62,1.0,1.0,Model-matched,1
credit_g,mlp,ig,230,0.0032495029239348276,0.58,1.0,1.0,Model-matched,1
credit_g,mlp,ig,231,0.1301290823668142,0.52,1.0,1.0,Model-matched,1
credit_g,mlp,ig,232,0.0032161604685329685,0.6,1.0,1.0,Model-matched,1
credit_g,mlp,ig,233,0.015840336769597726,0.7599999999999999,1.0,1.0,Model-matched,1
credit_g,mlp,ig,234,0.04535258584804357,0.5999999999999999,1.0,1.0,Model-matched,1
credit_g,mlp,ig,235,0.005478733436088681,0.6399999999999999,1.0,1.0,Model-matched,1
credit_g,mlp,ig,236,0.08079229439309193,0.6199999999999999,1.0,1.0,Model-matched,1
credit_g,mlp,ig,237,0.027060861519430955,0.72,1.0,1.0,Model-matched,1
credit_g,mlp,ig,238,0.00564050753102974,0.7599999999999999,1.0,1.0,Model-matched,1
credit_g,mlp,ig,239,0.007763205044741606,0.6199999999999999,1.0,1.0,Model-matched,1
credit_g,mlp,ig,240,0.044958026441391616,0.7599999999999999,1.0,1.0,Model-matched,1
credit_g,mlp,ig,241,0.003169937117695653,0.6399999999999999,1.0,1.0,Model-matched,1
credit_g,mlp,ig,242,0.03948872147304001,0.6399999999999999,1.0,1.0,Model-matched,1
credit_g,mlp,ig,243,0.0015206333221801983,0.5999999999999999,1.0,1.0,Model-matched,1
credit_g,mlp,ig,244,0.028052830730850943,0.6799999999999999,1.0,1.0,Model-matched,1
credit_g,mlp,ig,245,0.005245820002293738,0.52,1.0,1.0,Model-matched,1
credit_g,mlp,ig,246,0.24628271812498628,0.7399999999999999,1.0,1.0,Model-matched,1
credit_g,mlp,ig,247,0.07459363590148282,0.6799999999999999,1.0,1.0,Model-matched,1
credit_g,mlp,ig,248,0.06166297598285229,0.68,1.0,1.0,Model-matched,1
credit_g,mlp,ig,249,0.06690705793831407,0.6599999999999999,1.0,1.0,Model-matched,1
credit_g,mlp,ig,250,0.011781698159187108,0.7599999999999999,1.0,1.0,Model-matched,1
credit_g,mlp,ig,251,0.028924676984980694,0.7999999999999999,1.0,1.0,Model-matched,1
credit_g,mlp,ig,252,0.05821426927265331,0.72,1.0,1.0,Model-matched,1
credit_g,mlp,ig,253,0.012558708630982263,0.44,1.0,1.0,Model-matched,1
credit_g,mlp,ig,254,0.033095354667153166,0.5800000000000001,1.0,1.0,Model-matched,1
credit_g,mlp,ig,255,0.10879598479096471,0.6799999999999998,1.0,1.0,Model-matched,1
credit_g,mlp,ig,256,0.024316856980271195,0.82,1.0,1.0,Model-matched,0
credit_g,mlp,ig,257,0.13532272043352825,0.6399999999999999,1.0,1.0,Model-matched,1
credit_g,mlp,ig,258,0.042703270299120896,0.5,1.0,1.0,Model-matched,1
credit_g,mlp,ig,259,0.03751791684755505,0.6399999999999999,1.0,1.0,Model-matched,1
credit_g,mlp,ig,260,0.09891826098566339,0.7,1.0,1.0,Model-matched,1
credit_g,mlp,ig,261,0.01861689709163098,0.42,1.0,1.0,Model-matched,1
credit_g,mlp,ig,262,0.12030817935329749,0.6599999999999999,1.0,1.0,Model-matched,1
credit_g,mlp,ig,263,0.09865109351652256,0.7,1.0,1.0,Model-matched,1
credit_g,mlp,ig,264,0.07549010910688785,0.5800000000000001,1.0,1.0,Model-matched,1
credit_g,mlp,ig,265,0.018368373308585925,0.54,1.0,1.0,Model-matched,1
credit_g,mlp,ig,266,0.06422398448079512,0.8400000000000001,1.0,1.0,Model-matched,0
credit_g,mlp,ig,267,0.0017339720374503385,0.6599999999999999,1.0,1.0,Model-matched,1
credit_g,mlp,ig,268,0.003164950199857899,0.6199999999999999,1.0,1.0,Model-matched,1
credit_g,mlp,ig,269,0.0029048620781563644,0.7799999999999999,1.0,1.0,Model-matched,1
credit_g,mlp,ig,270,0.047091828445596576,0.7599999999999999,1.0,1.0,Model-matched,1
credit_g,mlp,ig,271,0.2956304704863928,0.68,1.0,1.0,Model-matched,1
credit_g,mlp,ig,272,0.017449805392011204,0.68,1.0,1.0,Model-matched,1
credit_g,mlp,ig,273,0.0035442995855793887,0.6399999999999999,1.0,1.0,Model-matched,1
credit_g,mlp,ig,274,0.02347083920617689,0.6799999999999999,1.0,1.0,Model-matched,1
credit_g,mlp,ig,275,0.049332315782502925,0.6,1.0,1.0,Model-matched,1
credit_g,mlp,ig,276,0.0005489247225399106,0.6199999999999999,1.0,1.0,Model-matched,1
credit_g,mlp,ig,277,0.1453223135711486,0.6599999999999999,1.0,1.0,Model-matched,1
credit_g,mlp,ig,278,0.0025000813289786927,0.6199999999999999,1.0,1.0,Model-matched,1
credit_g,mlp,ig,279,0.09621997334594388,0.6599999999999999,1.0,1.0,Model-matched,1
credit_g,mlp,ig,280,0.02311034847083969,0.52,1.0,1.0,Model-matched,1
credit_g,mlp,ig,281,0.07415603822809266,0.5399999999999999,1.0,1.0,Model-matched,1
credit_g,mlp,ig,282,0.001347897664461248,0.52,1.0,1.0,Model-matched,1
credit_g,mlp,ig,283,0.08043427694713727,0.6599999999999999,1.0,1.0,Model-matched,1
credit_g,mlp,ig,284,0.08951479345065369,0.6399999999999999,1.0,1.0,Model-matched,1
credit_g,mlp,ig,285,0.05603537324235982,0.56,1.0,1.0,Model-matched,1
credit_g,mlp,ig,286,0.129566258863888,0.52,1.0,1.0,Model-matched,1
credit_g,mlp,ig,287,0.035608444142105226,0.5599999999999999,1.0,1.0,Model-matched,1
credit_g,mlp,ig,288,0.00439691712641862,0.72,1.0,1.0,Model-matched,1
credit_g,mlp,ig,289,0.0669755010280913,0.58,1.0,1.0,Model-matched,1
credit_g,mlp,ig,290,0.05849174929409931,0.6799999999999999,1.0,1.0,Model-matched,1
credit_g,mlp,ig,291,0.029431399803394206,0.6599999999999999,1.0,1.0,Model-matched,1
credit_g,mlp,ig,292,0.004176141968415262,0.5599999999999999,1.0,1.0,Model-matched,1
credit_g,mlp,ig,293,0.01794803328447298,0.5999999999999999,1.0,1.0,Model-matched,1
credit_g,mlp,ig,294,0.10429968073409623,0.5,1.0,1.0,Model-matched,1
credit_g,mlp,ig,295,0.009445976631365042,0.54,1.0,1.0,Model-matched,1
credit_g,mlp,ig,296,0.004070666955566067,0.52,1.0,1.0,Model-matched,1
credit_g,mlp,ig,297,0.002704622477308556,0.6,1.0,1.0,Model-matched,1
credit_g,mlp,ig,298,0.025297189928489765,0.6599999999999999,1.0,1.0,Model-matched,1
credit_g,mlp,ig,299,0.002499433602750458,0.56,1.0,1.0,Model-matched,1
credit_g,mlp,lime,0,0.03894410974639404,0.6599999999999999,0.76,0.7444444444444445,LIME,1
credit_g,mlp,lime,1,0.02524149254644095,0.8399999999999999,0.9,0.872,LIME,0
credit_g,mlp,lime,2,0.010317785590994,0.6199999999999999,0.8,0.72,LIME,1
credit_g,mlp,lime,3,0.001675972487293955,0.52,0.76,0.752,LIME,1
credit_g,mlp,lime,4,0.0018379937437492634,0.6399999999999999,0.8400000000000001,0.7833333333333333,LIME,1
credit_g,mlp,lime,5,0.00787570953910464,0.56,0.82,0.7759999999999999,LIME,1
credit_g,mlp,lime,6,0.07795725075706056,0.76,0.8400000000000001,0.8260869565217391,LIME,1
credit_g,mlp,lime,7,0.004202208838824645,0.66,0.86,0.9052631578947368,LIME,1
credit_g,mlp,lime,8,0.07021176957130372,0.5800000000000001,0.8,0.768,LIME,1
credit_g,mlp,lime,9,0.031391552468957494,0.7599999999999999,0.8200000000000001,0.881818181818182,LIME,1
credit_g,mlp,lime,10,0.05244242009802888,0.5999999999999999,0.8200000000000001,0.8250000000000001,LIME,1
credit_g,mlp,lime,11,0.012539626108789748,0.54,0.78,0.8240000000000001,LIME,1
credit_g,mlp,lime,12,0.03822094252600401,0.62,0.74,0.8,LIME,1
credit_g,mlp,lime,13,0.1369207528527422,0.64,0.78,0.728,LIME,1
credit_g,mlp,lime,14,0.10028195855974208,0.6199999999999999,0.8,0.8,LIME,1
credit_g,mlp,lime,15,0.043276797532887844,0.5199999999999999,0.82,0.768,LIME,1
credit_g,mlp,lime,16,3.836369238024819e-05,0.5999999999999999,0.74,0.7360000000000001,LIME,1
credit_g,mlp,lime,17,0.00798415608532417,0.7599999999999999,0.8200000000000001,0.8079999999999999,LIME,1
credit_g,mlp,lime,18,0.10156704863283586,0.56,0.72,0.72,LIME,1
credit_g,mlp,lime,19,0.01610789143256013,0.7399999999999999,0.9199999999999999,0.8320000000000001,LIME,1
credit_g,mlp,lime,20,0.031862891124206434,0.56,0.8,0.7040000000000001,LIME,1
credit_g,mlp,lime,21,0.019920042232343827,0.6399999999999999,0.9400000000000001,0.92,LIME,1
credit_g,mlp,lime,22,0.05917566827483434,0.6599999999999999,0.8400000000000001,0.792,LIME,1
credit_g,mlp,lime,23,0.01719244513057643,0.54,0.74,0.72,LIME,1
credit_g,mlp,lime,24,0.04087116873468611,0.8400000000000001,0.9,0.8583333333333334,LIME,0
credit_g,mlp,lime,25,0.009877338134412604,0.7,0.76,0.7304347826086957,LIME,1
credit_g,mlp,lime,26,0.021981344343584067,0.48,0.7,0.72,LIME,1
credit_g,mlp,lime,27,0.007372649177222388,0.6799999999999999,0.9,0.8636363636363636,LIME,1
credit_g,mlp,lime,28,0.13744369876428753,0.6,0.78,0.7760000000000001,LIME,1
credit_g,mlp,lime,29,0.0900351580280379,0.6199999999999999,0.76,0.8,LIME,1
credit_g,mlp,lime,30,0.022863735312019066,0.5199999999999999,0.72,0.6952380952380953,LIME,1
credit_g,mlp,lime,31,0.07450973461430767,0.6399999999999999,0.9,0.8583333333333334,LIME,1
credit_g,mlp,lime,32,0.011429502967898159,0.5399999999999999,0.8400000000000001,0.8640000000000001,LIME,1
credit_g,mlp,lime,33,0.016164454472120924,0.54,0.74,0.782608695652174,LIME,1
credit_g,mlp,lime,34,0.019901268092741748,0.8399999999999999,0.8800000000000001,0.8240000000000001,LIME,0
credit_g,mlp,lime,35,0.011227967889366247,0.5599999999999999,0.76,0.792,LIME,1
credit_g,mlp,lime,36,0.110313393549233,0.6399999999999999,0.8800000000000001,0.88,LIME,1
credit_g,mlp,lime,37,0.0032166959538448034,0.54,0.78,0.792,LIME,1
credit_g,mlp,lime,38,0.07406695819723451,0.34,0.6799999999999999,0.6960000000000001,LIME,1
credit_g,mlp,lime,39,0.008642987223570672,0.6399999999999999,0.78,0.728,LIME,1
credit_g,mlp,lime,40,0.01848322997228111,0.7,0.8200000000000001,0.784,LIME,1
credit_g,mlp,lime,41,0.006018204725563916,0.54,0.74,0.7263157894736842,LIME,1
credit_g,mlp,lime,42,0.006569729478044189,0.5199999999999999,0.7,0.672,LIME,1
credit_g,mlp,lime,43,0.0009210282726009915,0.6799999999999999,0.8400000000000001,0.8640000000000001,LIME,1
credit_g,mlp,lime,44,0.0676570513705382,0.6399999999999999,0.74,0.728,LIME,1
credit_g,mlp,lime,45,0.03649766071364782,0.5799999999999998,0.82,0.8320000000000001,LIME,1
credit_g,mlp,lime,46,0.12178541277026572,0.7199999999999999,0.96,0.9478260869565218,LIME,1
credit_g,mlp,lime,47,0.02084538127981482,0.6999999999999998,0.8800000000000001,0.8636363636363636,LIME,1
credit_g,mlp,lime,48,0.02523740041674345,0.5,0.78,0.688,LIME,1
credit_g,mlp,lime,49,0.11513094085031833,0.6399999999999999,0.8,0.8079999999999999,LIME,1
credit_g,mlp,lime,50,0.03711340677970227,0.6799999999999999,1.0,1.0,LIME,1
credit_g,mlp,lime,51,0.01938261167479655,0.6399999999999999,1.0,1.0,LIME,1
credit_g,mlp,lime,52,0.02283667158622688,0.6599999999999999,1.0,1.0,LIME,1
credit_g,mlp,lime,53,0.023861961173516914,0.5599999999999999,1.0,1.0,LIME,1
credit_g,mlp,lime,54,0.0032968315948763015,0.7599999999999999,1.0,1.0,LIME,1
credit_g,mlp,lime,55,0.021840199254836653,0.58,1.0,1.0,LIME,1
credit_g,mlp,lime,56,0.015261795099434363,0.5799999999999998,1.0,1.0,LIME,1
credit_g,mlp,lime,57,0.05015830100793107,0.86,1.0,1.0,LIME,0
credit_g,mlp,lime,58,0.06915201293827529,0.58,1.0,1.0,LIME,1
credit_g,mlp,lime,59,0.0750055334560832,0.4600000000000001,1.0,1.0,LIME,1
credit_g,mlp,lime,60,0.020102889439747477,0.6,1.0,1.0,LIME,1
credit_g,mlp,lime,61,0.002739554074301551,0.62,1.0,1.0,LIME,1
credit_g,mlp,lime,62,0.065028170734968,0.6599999999999999,1.0,1.0,LIME,1
credit_g,mlp,lime,63,0.03134866761427832,0.5200000000000001,1.0,1.0,LIME,1
credit_g,mlp,lime,64,0.08464635580654752,0.6199999999999999,1.0,1.0,LIME,1
credit_g,mlp,lime,65,0.0019217099965202088,0.7599999999999999,1.0,1.0,LIME,1
credit_g,mlp,lime,66,0.006578593719921745,0.6199999999999999,1.0,1.0,LIME,1
credit_g,mlp,lime,67,0.1480780834079113,0.6599999999999999,1.0,1.0,LIME,1
credit_g,mlp,lime,68,0.06253282154271578,0.5799999999999998,1.0,1.0,LIME,1
credit_g,mlp,lime,69,0.1389838087859654,0.5200000000000001,1.0,1.0,LIME,1
credit_g,mlp,lime,70,0.022134220951523176,0.82,1.0,1.0,LIME,0
credit_g,mlp,lime,71,0.011318809175508454,0.6799999999999999,1.0,1.0,LIME,1
credit_g,mlp,lime,72,0.003933475708739402,0.6799999999999999,1.0,1.0,LIME,1
credit_g,mlp,lime,73,0.022479443910485754,0.7599999999999999,1.0,1.0,LIME,1
credit_g,mlp,lime,74,0.04012788238148534,0.5999999999999999,1.0,1.0,LIME,1
credit_g,mlp,lime,75,0.11160223957741502,0.72,1.0,1.0,LIME,1
credit_g,mlp,lime,76,0.06742165228564036,0.7399999999999999,1.0,1.0,LIME,1
credit_g,mlp,lime,77,0.028312459610931356,0.52,1.0,1.0,LIME,1
credit_g,mlp,lime,78,0.04798203762406161,0.5999999999999999,1.0,1.0,LIME,1
credit_g,mlp,lime,79,0.0644330084288589,0.6399999999999999,1.0,1.0,LIME,1
credit_g,mlp,lime,80,0.09726837624214549,0.82,1.0,1.0,LIME,0
credit_g,mlp,lime,81,0.07753000002876874,0.7399999999999999,1.0,1.0,LIME,1
credit_g,mlp,lime,82,0.15084982153366114,0.6799999999999998,1.0,1.0,LIME,1
credit_g,mlp,lime,83,0.020904281634283785,0.48,1.0,1.0,LIME,1
credit_g,mlp,lime,84,0.11162095238481423,0.72,1.0,1.0,LIME,1
credit_g,mlp,lime,85,0.05617871051841865,0.6,1.0,1.0,LIME,1
credit_g,mlp,lime,86,0.027845412944073757,0.6399999999999999,1.0,1.0,LIME,1
credit_g,mlp,lime,87,0.02184753279772407,0.7,1.0,1.0,LIME,1
credit_g,mlp,lime,88,0.07166820523210414,0.7199999999999999,1.0,1.0,LIME,1
credit_g,mlp,lime,89,0.009671694915078306,0.6599999999999999,1.0,1.0,LIME,1
credit_g,mlp,lime,90,0.0470673230742459,0.54,1.0,1.0,LIME,1
credit_g,mlp,lime,91,0.15831583076752043,0.52,1.0,1.0,LIME,1
credit_g,mlp,lime,92,0.0027683782423812866,0.6399999999999999,1.0,1.0,LIME,1
credit_g,mlp,lime,93,0.0024576249904908203,0.6400000000000001,1.0,1.0,LIME,1
credit_g,mlp,lime,94,0.06274385842466872,0.8,1.0,1.0,LIME,0
credit_g,mlp,lime,95,0.04460361645446836,0.6399999999999999,1.0,1.0,LIME,1
credit_g,mlp,lime,96,0.03433877038190812,0.7399999999999999,1.0,1.0,LIME,1
credit_g,mlp,lime,97,0.022166204519565757,0.6399999999999999,1.0,1.0,LIME,1
credit_g,mlp,lime,98,0.00231631353037993,0.56,1.0,1.0,LIME,1
credit_g,mlp,lime,99,0.1844376934593294,0.6199999999999999,1.0,1.0,LIME,1
credit_g,mlp,kshap,0,0.04924164289379597,0.56,1.0,1.0,Model-matched,1
credit_g,mlp,kshap,1,0.027510573251491918,0.78,1.0,1.0,Model-matched,1
credit_g,mlp,kshap,2,0.010350149604421181,0.6799999999999999,1.0,1.0,Model-matched,1
credit_g,mlp,kshap,3,0.11538421788519966,0.7799999999999999,1.0,1.0,Model-matched,1
credit_g,mlp,kshap,4,0.06864903133202946,0.7599999999999999,1.0,1.0,Model-matched,1
credit_g,mlp,kshap,5,0.07466047411771794,0.7599999999999999,1.0,1.0,Model-matched,1
credit_g,mlp,kshap,6,0.045492593573912714,0.7,1.0,1.0,Model-matched,1
credit_g,mlp,kshap,7,0.004781092189370256,0.6199999999999999,1.0,1.0,Model-matched,1
credit_g,mlp,kshap,8,0.006891327058235183,0.6599999999999999,1.0,1.0,Model-matched,1
credit_g,mlp,kshap,9,0.014136831210191459,0.4800000000000001,1.0,1.0,Model-matched,1
credit_g,mlp,kshap,10,0.038622276545956076,0.7599999999999999,1.0,1.0,Model-matched,1
credit_g,mlp,kshap,11,0.050229903060978076,0.6599999999999999,1.0,1.0,Model-matched,1
credit_g,mlp,kshap,12,0.002951144504484085,0.7399999999999999,1.0,1.0,Model-matched,1
credit_g,mlp,kshap,13,0.03975920554198449,0.7,1.0,1.0,Model-matched,1
credit_g,mlp,kshap,14,0.21418486857644825,0.5600000000000002,1.0,1.0,Model-matched,1
credit_g,mlp,kshap,15,0.13515434431791623,0.6599999999999999,1.0,1.0,Model-matched,1
credit_g,mlp,kshap,16,0.047389488821341995,0.4600000000000001,1.0,1.0,Model-matched,1
credit_g,mlp,kshap,17,0.09337723129973757,0.58,1.0,1.0,Model-matched,1
credit_g,mlp,kshap,18,0.06529089394497581,0.6599999999999999,1.0,1.0,Model-matched,1
credit_g,mlp,kshap,19,0.004987795217377048,0.5799999999999998,1.0,1.0,Model-matched,1
credit_g,mlp,kshap,20,0.084786526688954,0.74,1.0,1.0,Model-matched,1
credit_g,mlp,kshap,21,0.22612668031519528,0.7,1.0,1.0,Model-matched,1
credit_g,mlp,kshap,22,0.006203832820493841,0.6799999999999999,1.0,1.0,Model-matched,1
credit_g,mlp,kshap,23,0.02085990366309517,0.6,1.0,1.0,Model-matched,1
credit_g,mlp,kshap,24,0.08693519372352809,0.6399999999999999,1.0,1.0,Model-matched,1
credit_g,mlp,kshap,25,0.09865106039087759,0.76,1.0,1.0,Model-matched,1
credit_g,mlp,kshap,26,0.2736304266887134,0.7999999999999999,1.0,1.0,Model-matched,1
credit_g,mlp,kshap,27,0.11333353793835582,0.72,1.0,1.0,Model-matched,1
credit_g,mlp,kshap,28,0.21981645670049363,0.8400000000000001,1.0,1.0,Model-matched,0
credit_g,mlp,kshap,29,0.0948696213422049,0.5999999999999999,1.0,1.0,Model-matched,1
credit_g,mlp,kshap,30,0.21855761136237675,0.6799999999999999,1.0,1.0,Model-matched,1
credit_g,mlp,kshap,31,0.015386378424374725,0.4400000000000001,1.0,1.0,Model-matched,1
credit_g,mlp,kshap,32,0.0033870743422201293,0.7999999999999999,1.0,1.0,Model-matched,1
credit_g,mlp,kshap,33,0.0344127363859384,0.5399999999999999,1.0,1.0,Model-matched,1
credit_g,mlp,kshap,34,0.1581442607165763,0.86,1.0,1.0,Model-matched,0
credit_g,mlp,kshap,35,0.21311070770965873,0.6199999999999999,1.0,1.0,Model-matched,1
credit_g,mlp,kshap,36,0.022148237870287316,0.6599999999999999,1.0,1.0,Model-matched,1
credit_g,mlp,kshap,37,0.07852396423137548,0.7,1.0,1.0,Model-matched,1
credit_g,mlp,kshap,38,0.10889872692960727,0.6199999999999999,1.0,1.0,Model-matched,1
credit_g,mlp,kshap,39,0.12996632099732616,0.62,1.0,1.0,Model-matched,1
credit_g,mlp,kshap,40,0.001927848886458001,0.7599999999999999,1.0,1.0,Model-matched,1
credit_g,mlp,kshap,41,0.03594129373579062,0.6399999999999999,1.0,1.0,Model-matched,1
credit_g,mlp,kshap,42,0.01365793638092005,0.6799999999999999,1.0,1.0,Model-matched,1
credit_g,mlp,kshap,43,0.022416703376424523,0.7599999999999999,1.0,1.0,Model-matched,1
credit_g,mlp,kshap,44,0.04871344343208384,0.48,1.0,1.0,Model-matched,1
credit_g,mlp,kshap,45,0.07136198546008057,0.56,1.0,1.0,Model-matched,1
credit_g,mlp,kshap,46,0.10417141684708192,0.72,1.0,1.0,Model-matched,1
credit_g,mlp,kshap,47,0.19870134410310097,0.8400000000000001,1.0,1.0,Model-matched,0
credit_g,mlp,kshap,48,0.05402275093362162,0.6599999999999999,1.0,1.0,Model-matched,1
credit_g,mlp,kshap,49,0.13567680719118566,0.74,1.0,1.0,Model-matched,1
credit_g,mlp,kshap,50,0.04510187079344455,0.6000000000000001,1.0,1.0,Model-matched,1
credit_g,mlp,kshap,51,0.21294570832833556,0.86,1.0,1.0,Model-matched,0
credit_g,mlp,kshap,52,0.09198838323961865,0.6000000000000001,1.0,1.0,Model-matched,1
credit_g,mlp,kshap,53,0.022625943616417152,0.6799999999999999,1.0,1.0,Model-matched,1
credit_g,mlp,kshap,54,0.014516081773386365,0.5599999999999999,1.0,1.0,Model-matched,1
credit_g,mlp,kshap,55,0.06517463420615112,0.6,1.0,1.0,Model-matched,1
credit_g,mlp,kshap,56,0.026719691688534664,0.8400000000000001,1.0,1.0,Model-matched,0
credit_g,mlp,kshap,57,0.13166231192991887,0.6599999999999999,1.0,1.0,Model-matched,1
credit_g,mlp,kshap,58,0.06184090659765631,0.6199999999999999,1.0,1.0,Model-matched,1
credit_g,mlp,kshap,59,0.044019803838963215,0.7999999999999999,1.0,1.0,Model-matched,1
credit_g,mlp,kshap,60,0.037339385897776314,0.54,1.0,1.0,Model-matched,1
credit_g,mlp,kshap,61,0.15785569096513016,0.6799999999999999,1.0,1.0,Model-matched,1
credit_g,mlp,kshap,62,0.04372247325393008,0.6799999999999999,1.0,1.0,Model-matched,1
credit_g,mlp,kshap,63,0.3812290516238352,0.7,1.0,1.0,Model-matched,1
credit_g,mlp,kshap,64,0.007614877713876309,0.7799999999999999,1.0,1.0,Model-matched,1
credit_g,mlp,kshap,65,0.07631355604200311,0.7599999999999999,1.0,1.0,Model-matched,1
credit_g,mlp,kshap,66,0.018319949508075514,0.6799999999999999,1.0,1.0,Model-matched,1
credit_g,mlp,kshap,67,0.06723262263512837,0.6199999999999999,1.0,1.0,Model-matched,1
credit_g,mlp,kshap,68,0.05129019355427597,0.62,1.0,1.0,Model-matched,1
credit_g,mlp,kshap,69,0.16228814587834575,0.6799999999999999,1.0,1.0,Model-matched,1
credit_g,mlp,kshap,70,0.023162377140708523,0.6199999999999999,1.0,1.0,Model-matched,1
credit_g,mlp,kshap,71,0.06818836964748606,0.7799999999999999,1.0,1.0,Model-matched,1
credit_g,mlp,kshap,72,0.051053783327136254,0.7599999999999999,1.0,1.0,Model-matched,1
credit_g,mlp,kshap,73,0.09419905930173617,0.76,1.0,1.0,Model-matched,1
credit_g,mlp,kshap,74,0.08943485704020795,0.64,1.0,1.0,Model-matched,1
credit_g,mlp,kshap,75,0.13039544608523357,0.6799999999999999,1.0,1.0,Model-matched,1
credit_g,mlp,kshap,76,4.568682821568362e-05,0.76,1.0,1.0,Model-matched,1
credit_g,mlp,kshap,77,0.01504048721164159,0.6,1.0,1.0,Model-matched,1
credit_g,mlp,kshap,78,0.10252511413383576,0.72,1.0,1.0,Model-matched,1
credit_g,mlp,kshap,79,0.07105556256479496,0.5599999999999999,1.0,1.0,Model-matched,1
credit_g,mlp,kshap,80,0.004256461211710167,0.6,1.0,1.0,Model-matched,1
credit_g,mlp,kshap,81,0.13208090125794267,0.8400000000000001,1.0,1.0,Model-matched,0
credit_g,mlp,kshap,82,0.05502597932964958,0.6799999999999999,1.0,1.0,Model-matched,1
credit_g,mlp,kshap,83,0.09466370996414394,0.5800000000000001,1.0,1.0,Model-matched,1
credit_g,mlp,kshap,84,0.04386997705471273,0.5999999999999999,1.0,1.0,Model-matched,1
credit_g,mlp,kshap,85,0.023927769345151884,0.8399999999999999,1.0,1.0,Model-matched,0
credit_g,mlp,kshap,86,0.08129128486819703,0.7,1.0,1.0,Model-matched,1
credit_g,mlp,kshap,87,0.030355437020788457,0.6399999999999999,1.0,1.0,Model-matched,1
credit_g,mlp,kshap,88,0.10760735982026426,0.8399999999999999,1.0,1.0,Model-matched,0
credit_g,mlp,kshap,89,0.0011574537094031607,0.6399999999999999,1.0,1.0,Model-matched,1
credit_g,mlp,kshap,90,0.008320453426570534,0.7599999999999999,1.0,1.0,Model-matched,1
credit_g,mlp,kshap,91,0.429209150687123,0.76,1.0,1.0,Model-matched,1
credit_g,mlp,kshap,92,0.043306153217979995,0.6399999999999999,1.0,1.0,Model-matched,1
credit_g,mlp,kshap,93,0.003934007381408811,0.6199999999999999,1.0,1.0,Model-matched,1
credit_g,mlp,kshap,94,0.13718815248005028,0.5799999999999998,1.0,1.0,Model-matched,1
credit_g,mlp,kshap,95,0.17521866365208782,0.6599999999999999,1.0,1.0,Model-matched,1
credit_g,mlp,kshap,96,0.01417871644279528,0.6199999999999999,1.0,1.0,Model-matched,1
credit_g,mlp,kshap,97,0.4284973574730638,0.7999999999999999,1.0,1.0,Model-matched,1
credit_g,mlp,kshap,98,0.12616816593204327,0.8399999999999999,1.0,1.0,Model-matched,0
credit_g,mlp,kshap,99,0.04952146772631646,0.6799999999999998,1.0,1.0,Model-matched,1
bank_marketing,logreg,linshap,0,0.025785241475034176,1.0,1.0,0.9279999999999999,Model-matched,0
bank_marketing,logreg,linshap,1,0.01496690269083543,1.0,1.0,0.9840000000000001,Model-matched,0
bank_marketing,logreg,linshap,2,0.01496690269083543,1.0,1.0,0.968,Model-matched,0
bank_marketing,logreg,linshap,3,0.0205089361913482,1.0,1.0,0.8960000000000001,Model-matched,0
bank_marketing,logreg,linshap,4,0.01262535473249531,1.0,1.0,0.872,Model-matched,0
bank_marketing,logreg,linshap,5,0.05668190858697588,1.0,1.0,1.0,Model-matched,0
bank_marketing,logreg,linshap,6,7.641110916379004e-05,1.0,1.0,0.968,Model-matched,0
bank_marketing,logreg,linshap,7,0.05604842408359277,1.0,1.0,0.9520000000000001,Model-matched,0
bank_marketing,logreg,linshap,8,0.020137286425316998,1.0,1.0,0.96,Model-matched,0
bank_marketing,logreg,linshap,9,0.08037221674984597,1.0,1.0,0.96,Model-matched,0
bank_marketing,logreg,linshap,10,0.007386802465503684,1.0,1.0,0.912,Model-matched,0
bank_marketing,logreg,linshap,11,0.015547910835832039,1.0,1.0,0.904,Model-matched,0
bank_marketing,logreg,linshap,12,0.02787721064116984,1.0,1.0,0.9359999999999999,Model-matched,0
bank_marketing,logreg,linshap,13,0.057829877759873,1.0,1.0,0.9359999999999999,Model-matched,0
bank_marketing,logreg,linshap,14,0.10421931739970196,1.0,1.0,0.888,Model-matched,0
bank_marketing,logreg,linshap,15,0.14338305640387908,1.0,1.0,1.0,Model-matched,0
bank_marketing,logreg,linshap,16,0.11714008309038632,1.0,1.0,1.0,Model-matched,0
bank_marketing,logreg,linshap,17,0.04923118387114008,1.0,1.0,0.9279999999999999,Model-matched,0
bank_marketing,logreg,linshap,18,0.0075048810502250035,1.0,1.0,0.888,Model-matched,0
bank_marketing,logreg,linshap,19,0.1323771452090384,1.0,1.0,0.992,Model-matched,0
bank_marketing,logreg,linshap,20,0.057220870794290314,1.0,1.0,0.992,Model-matched,0
bank_marketing,logreg,linshap,21,0.12041169584904515,1.0,1.0,0.912,Model-matched,0
bank_marketing,logreg,linshap,22,0.01496690269083543,1.0,1.0,0.8640000000000001,Model-matched,0
bank_marketing,logreg,linshap,23,0.0044506762309643455,1.0,1.0,0.888,Model-matched,0
bank_marketing,logreg,linshap,24,0.031304294187040484,1.0,1.0,0.912,Model-matched,0
bank_marketing,logreg,linshap,25,0.17716565413747576,1.0,1.0,0.992,Model-matched,0
bank_marketing,logreg,linshap,26,0.012412957001406034,1.0,1.0,0.904,Model-matched,0
bank_marketing,logreg,linshap,27,0.015201811601049506,1.0,1.0,0.92,Model-matched,0
bank_marketing,logreg,linshap,28,0.013230499802828746,1.0,1.0,0.8960000000000001,Model-matched,0
bank_marketing,logreg,linshap,29,0.09779107174126378,1.0,1.0,0.9440000000000001,Model-matched,0
bank_marketing,logreg,linshap,30,0.13648463700540267,1.0,1.0,0.976,Model-matched,0
bank_marketing,logreg,linshap,31,0.10127158592353448,1.0,1.0,0.84,Model-matched,0
bank_marketing,logreg,linshap,32,0.025818884168004295,1.0,1.0,1.0,Model-matched,0
bank_marketing,logreg,linshap,33,0.1759399048611406,1.0,1.0,1.0,Model-matched,0
bank_marketing,logreg,linshap,34,0.24929276078108642,1.0,1.0,1.0,Model-matched,0
bank_marketing,logreg,linshap,35,0.10193082526575103,1.0,1.0,0.92,Model-matched,0
bank_marketing,logreg,linshap,36,0.01634027438544066,1.0,1.0,0.8560000000000001,Model-matched,0
bank_marketing,logreg,linshap,37,0.02823971661679209,1.0,1.0,0.9279999999999999,Model-matched,0
bank_marketing,logreg,linshap,38,0.11197043946278123,1.0,1.0,1.0,Model-matched,0
bank_marketing,logreg,linshap,39,0.027328668435482224,1.0,1.0,0.8960000000000001,Model-matched,0
bank_marketing,logreg,linshap,40,0.02259466769330306,1.0,1.0,0.904,Model-matched,0
bank_marketing,logreg,linshap,41,0.01496690269083543,1.0,1.0,0.968,Model-matched,0
bank_marketing,logreg,linshap,42,0.006203399203512919,1.0,1.0,0.912,Model-matched,0
bank_marketing,logreg,linshap,43,0.0014464103226752164,1.0,1.0,0.992,Model-matched,0
bank_marketing,logreg,linshap,44,0.04424478471833013,1.0,1.0,0.9520000000000001,Model-matched,0
bank_marketing,logreg,linshap,45,0.16967406622850614,1.0,1.0,1.0,Model-matched,0
bank_marketing,logreg,linshap,46,0.085765562673469,1.0,1.0,0.9440000000000001,Model-matched,0
bank_marketing,logreg,linshap,47,0.11925502898895245,1.0,1.0,0.92,Model-matched,0
bank_marketing,logreg,linshap,48,0.04898442475085748,1.0,1.0,0.8960000000000001,Model-matched,0
bank_marketing,logreg,linshap,49,0.01496690269083543,1.0,1.0,0.976,Model-matched,0
bank_marketing,logreg,linshap,50,0.0665460306810451,1.0,1.0,0.9359999999999999,Model-matched,0
bank_marketing,logreg,linshap,51,0.13164845690163954,1.0,1.0,0.9840000000000001,Model-matched,0
bank_marketing,logreg,linshap,52,0.09188272883146273,1.0,1.0,1.0,Model-matched,0
bank_marketing,logreg,linshap,53,0.06577197183494171,1.0,1.0,0.904,Model-matched,0
bank_marketing,logreg,linshap,54,0.06653694382619267,1.0,1.0,0.9279999999999999,Model-matched,0
bank_marketing,logreg,linshap,55,0.036407344223445604,1.0,1.0,0.8960000000000001,Model-matched,0
bank_marketing,logreg,linshap,56,0.0756379311450572,1.0,1.0,0.9440000000000001,Model-matched,0
bank_marketing,logreg,linshap,57,0.2131889652917783,1.0,1.0,1.0,Model-matched,0
bank_marketing,logreg,linshap,58,0.10702198014665405,1.0,1.0,0.9279999999999999,Model-matched,0
bank_marketing,logreg,linshap,59,0.13275695898082265,1.0,1.0,0.992,Model-matched,0
bank_marketing,logreg,linshap,60,0.10376639093526473,1.0,1.0,0.9440000000000001,Model-matched,0
bank_marketing,logreg,linshap,61,0.020748902856750812,1.0,1.0,0.8160000000000001,Model-matched,0
bank_marketing,logreg,linshap,62,0.012479639692097208,1.0,1.0,0.96,Model-matched,0
bank_marketing,logreg,linshap,63,0.019417578921799777,1.0,1.0,0.92,Model-matched,0
bank_marketing,logreg,linshap,64,0.1166626924737718,1.0,1.0,0.96,Model-matched,0
bank_marketing,logreg,linshap,65,0.1877981290895059,1.0,1.0,1.0,Model-matched,0
bank_marketing,logreg,linshap,66,0.06606475543340434,1.0,1.0,1.0,Model-matched,0
bank_marketing,logreg,linshap,67,0.055827827376761174,1.0,1.0,0.9359999999999999,Model-matched,0
bank_marketing,logreg,linshap,68,0.09186934305807201,1.0,1.0,0.9359999999999999,Model-matched,0
bank_marketing,logreg,linshap,69,0.09186934305807201,1.0,1.0,0.9840000000000001,Model-matched,0
bank_marketing,logreg,linshap,70,0.061657789877553756,1.0,1.0,0.96,Model-matched,0
bank_marketing,logreg,linshap,71,0.021599402317989496,1.0,1.0,0.968,Model-matched,0
bank_marketing,logreg,linshap,72,0.10421931739970196,1.0,1.0,0.912,Model-matched,0
bank_marketing,logreg,linshap,73,0.0215079226777553,1.0,1.0,0.9359999999999999,Model-matched,0
bank_marketing,logreg,linshap,74,0.03198281543535834,1.0,1.0,0.9279999999999999,Model-matched,0
bank_marketing,logreg,linshap,75,0.014653362565150613,1.0,1.0,0.872,Model-matched,0
bank_marketing,logreg,linshap,76,0.11416242060665385,1.0,1.0,0.912,Model-matched,0
bank_marketing,logreg,linshap,77,0.11644650985316406,1.0,1.0,0.92,Model-matched,0
bank_marketing,logreg,linshap,78,0.007386802465503684,1.0,1.0,0.84,Model-matched,0
bank_marketing,logreg,linshap,79,0.04423022571481426,1.0,1.0,0.9279999999999999,Model-matched,0
bank_marketing,logreg,linshap,80,0.04368394576132971,1.0,1.0,0.8320000000000001,Model-matched,0
bank_marketing,logreg,linshap,81,0.10413988023101275,1.0,1.0,0.9359999999999999,Model-matched,0
bank_marketing,logreg,linshap,82,0.08576191678982115,1.0,1.0,0.968,Model-matched,0
bank_marketing,logreg,linshap,83,0.07690244036723658,1.0,1.0,0.912,Model-matched,0
bank_marketing,logreg,linshap,84,0.2234743463886544,1.0,1.0,0.9440000000000001,Model-matched,0
bank_marketing,logreg,linshap,85,0.08029310263171872,1.0,1.0,0.992,Model-matched,0
bank_marketing,logreg,linshap,86,0.009164666063959982,1.0,1.0,0.9279999999999999,Model-matched,0
bank_marketing,logreg,linshap,87,0.01496690269083543,1.0,1.0,0.9840000000000001,Model-matched,0
bank_marketing,logreg,linshap,88,0.04129579547166832,1.0,1.0,0.92,Model-matched,0
bank_marketing,logreg,linshap,89,0.07199464350808141,1.0,1.0,0.92,Model-matched,0
bank_marketing,logreg,linshap,90,0.035525539877539314,1.0,1.0,0.8640000000000001,Model-matched,0
bank_marketing,logreg,linshap,91,0.2023829618948498,1.0,1.0,0.968,Model-matched,0
bank_marketing,logreg,linshap,92,0.014831385480020422,1.0,1.0,0.88,Model-matched,0
bank_marketing,logreg,linshap,93,0.01496690269083543,1.0,1.0,0.9359999999999999,Model-matched,0
bank_marketing,logreg,linshap,94,0.20899872171401562,1.0,1.0,0.9840000000000001,Model-matched,0
bank_marketing,logreg,linshap,95,0.036585535211153486,1.0,1.0,0.8960000000000001,Model-matched,0
bank_marketing,logreg,linshap,96,0.009958166158058245,1.0,1.0,0.9333333333333332,Model-matched,0
bank_marketing,logreg,linshap,97,0.12252861709967253,1.0,1.0,0.968,Model-matched,0
bank_marketing,logreg,linshap,98,0.1166626924737718,1.0,1.0,0.9440000000000001,Model-matched,0
bank_marketing,logreg,linshap,99,0.04301483374210577,1.0,1.0,0.92,Model-matched,0
bank_marketing,logreg,linshap,100,0.01496690269083543,1.0,1.0,0.9279999999999999,Model-matched,0
bank_marketing,logreg,linshap,101,0.0044506762309643455,1.0,1.0,0.912,Model-matched,0
bank_marketing,logreg,linshap,102,0.04338971382974491,1.0,1.0,0.92,Model-matched,0
bank_marketing,logreg,linshap,103,0.11576414166817117,1.0,1.0,0.9840000000000001,Model-matched,0
bank_marketing,logreg,linshap,104,0.07690244036723658,1.0,1.0,0.9840000000000001,Model-matched,0
bank_marketing,logreg,linshap,105,0.028213372405901674,1.0,1.0,0.848,Model-matched,0
bank_marketing,logreg,linshap,106,0.015547910835832039,1.0,1.0,0.912,Model-matched,0
bank_marketing,logreg,linshap,107,0.005398703916692792,1.0,1.0,0.912,Model-matched,0
bank_marketing,logreg,linshap,108,0.028160294443138438,1.0,1.0,1.0,Model-matched,0
bank_marketing,logreg,linshap,109,0.05217096836115487,1.0,1.0,0.8560000000000001,Model-matched,0
bank_marketing,logreg,linshap,110,0.03607769540803877,1.0,1.0,0.9279999999999999,Model-matched,0
bank_marketing,logreg,linshap,111,0.007386802465503684,1.0,1.0,0.8960000000000001,Model-matched,0
bank_marketing,logreg,linshap,112,0.20606011399586857,1.0,1.0,0.9440000000000001,Model-matched,0
bank_marketing,logreg,linshap,113,0.010094702159965004,1.0,1.0,0.968,Model-matched,0
bank_marketing,logreg,linshap,114,0.010720487645480113,1.0,1.0,0.9279999999999999,Model-matched,0
bank_marketing,logreg,linshap,115,0.017958282300100093,1.0,1.0,0.8240000000000001,Model-matched,0
bank_marketing,logreg,linshap,116,0.09726991564161251,1.0,1.0,0.9279999999999999,Model-matched,0
bank_marketing,logreg,linshap,117,0.09873602393141154,1.0,1.0,0.968,Model-matched,0
bank_marketing,logreg,linshap,118,0.01496690269083543,1.0,1.0,0.904,Model-matched,0
bank_marketing,logreg,linshap,119,0.06528188569394412,1.0,1.0,0.9359999999999999,Model-matched,0
bank_marketing,logreg,linshap,120,0.008985213314241087,1.0,1.0,0.976,Model-matched,0
bank_marketing,logreg,linshap,121,0.045891171826503326,1.0,1.0,0.96,Model-matched,0
bank_marketing,logreg,linshap,122,0.009288570751602743,1.0,1.0,0.912,Model-matched,0
bank_marketing,logreg,linshap,123,0.009259490076210276,1.0,1.0,0.904,Model-matched,0
bank_marketing,logreg,linshap,124,0.022055294183189012,1.0,1.0,0.9440000000000001,Model-matched,0
bank_marketing,logreg,linshap,125,0.2329802945895657,1.0,1.0,0.9840000000000001,Model-matched,0
bank_marketing,logreg,linshap,126,0.031123886516188727,1.0,1.0,0.92,Model-matched,0
bank_marketing,logreg,linshap,127,0.13068160882544635,1.0,1.0,0.912,Model-matched,0
bank_marketing,logreg,linshap,128,0.00812955835828965,1.0,1.0,0.9440000000000001,Model-matched,0
bank_marketing,logreg,linshap,129,0.08591774358450582,1.0,1.0,0.968,Model-matched,0
bank_marketing,logreg,linshap,130,0.06015155946795088,1.0,1.0,0.9279999999999999,Model-matched,0
bank_marketing,logreg,linshap,131,0.10819397429539854,1.0,1.0,0.9440000000000001,Model-matched,0
bank_marketing,logreg,linshap,132,0.08537933808865807,1.0,1.0,0.968,Model-matched,0
bank_marketing,logreg,linshap,133,0.010728400443388733,1.0,1.0,0.8560000000000001,Model-matched,0
bank_marketing,logreg,linshap,134,0.2939341134669763,1.0,1.0,0.96,Model-matched,0
bank_marketing,logreg,linshap,135,0.0031734598373544427,1.0,1.0,0.8960000000000001,Model-matched,0
bank_marketing,logreg,linshap,136,0.01496690269083543,1.0,1.0,0.9440000000000001,Model-matched,0
bank_marketing,logreg,linshap,137,0.016267618339349223,1.0,1.0,0.7440000000000001,Model-matched,0
bank_marketing,logreg,linshap,138,0.04781240035043241,1.0,1.0,0.9840000000000001,Model-matched,0
bank_marketing,logreg,linshap,139,0.0599653671215935,1.0,1.0,0.9520000000000001,Model-matched,0
bank_marketing,logreg,linshap,140,0.009288570751602743,1.0,1.0,0.9279999999999999,Model-matched,0
bank_marketing,logreg,linshap,141,0.3450351195900767,1.0,1.0,0.96,Model-matched,0
bank_marketing,logreg,linshap,142,0.26129500664471306,1.0,1.0,0.9520000000000001,Model-matched,0
bank_marketing,logreg,linshap,143,0.006491028415166431,1.0,1.0,1.0,Model-matched,0
bank_marketing,logreg,linshap,144,0.15751132373199495,1.0,1.0,0.9440000000000001,Model-matched,0
bank_marketing,logreg,linshap,145,0.015251464320947115,1.0,1.0,0.888,Model-matched,0
bank_marketing,logreg,linshap,146,0.12198540126951575,1.0,1.0,0.8640000000000001,Model-matched,0
bank_marketing,logreg,linshap,147,0.3938093048716085,1.0,1.0,0.9840000000000001,Model-matched,0
bank_marketing,logreg,linshap,148,0.021087345705721322,1.0,1.0,0.92,Model-matched,0
bank_marketing,logreg,linshap,149,0.15162381437277617,1.0,1.0,0.88,Model-matched,0
bank_marketing,logreg,linshap,150,0.10072919032515185,1.0,1.0,0.9520000000000001,Model-matched,0
bank_marketing,logreg,linshap,151,0.07261845285583335,1.0,1.0,0.9520000000000001,Model-matched,0
bank_marketing,logreg,linshap,152,0.07703795757805158,1.0,1.0,0.96,Model-matched,0
bank_marketing,logreg,linshap,153,0.10323572962488524,1.0,1.0,0.968,Model-matched,0
bank_marketing,logreg,linshap,154,0.23194886299676593,1.0,1.0,0.976,Model-matched,0
bank_marketing,logreg,linshap,155,0.07046947483959194,1.0,1.0,0.9520000000000001,Model-matched,0
bank_marketing,logreg,linshap,156,0.05509422357474634,1.0,1.0,0.848,Model-matched,0
bank_marketing,logreg,linshap,157,0.05388811976392222,1.0,1.0,0.8960000000000001,Model-matched,0
bank_marketing,logreg,linshap,158,0.1166626924737718,1.0,1.0,0.968,Model-matched,0
bank_marketing,logreg,linshap,159,0.04869046647227011,1.0,1.0,0.848,Model-matched,0
bank_marketing,logreg,linshap,160,0.03005851322529811,1.0,1.0,0.872,Model-matched,0
bank_marketing,logreg,linshap,161,0.06073279695754923,1.0,1.0,0.9520000000000001,Model-matched,0
bank_marketing,logreg,linshap,162,0.0738824816261699,1.0,1.0,0.96,Model-matched,0
bank_marketing,logreg,linshap,163,0.09560808570481677,1.0,1.0,0.9359999999999999,Model-matched,0
bank_marketing,logreg,linshap,164,0.014457956823829186,1.0,1.0,0.88,Model-matched,0
bank_marketing,logreg,linshap,165,0.18556225509288626,1.0,1.0,0.9440000000000001,Model-matched,0
bank_marketing,logreg,linshap,166,0.36889221290198015,1.0,1.0,0.9840000000000001,Model-matched,0
bank_marketing,logreg,linshap,167,0.06055457896905164,1.0,1.0,1.0,Model-matched,0
bank_marketing,logreg,linshap,168,0.015479118536584716,1.0,1.0,0.9279999999999999,Model-matched,0
bank_marketing,logreg,linshap,169,0.06501596322980505,1.0,1.0,0.912,Model-matched,0
bank_marketing,logreg,linshap,170,0.01954666247132666,1.0,1.0,0.96,Model-matched,0
bank_marketing,logreg,linshap,171,0.06469712228355985,1.0,1.0,1.0,Model-matched,0
bank_marketing,logreg,linshap,172,0.01734134148162868,1.0,1.0,0.912,Model-matched,0
bank_marketing,logreg,linshap,173,0.0732370206914948,1.0,1.0,0.904,Model-matched,0
bank_marketing,logreg,linshap,174,0.03746637583301437,1.0,1.0,0.9500000000000001,Model-matched,0
bank_marketing,logreg,linshap,175,0.06577197183494171,1.0,1.0,0.9440000000000001,Model-matched,0
bank_marketing,logreg,linshap,176,0.1166626924737718,1.0,1.0,1.0,Model-matched,0
bank_marketing,logreg,linshap,177,0.0673964807004029,1.0,1.0,0.9840000000000001,Model-matched,0
bank_marketing,logreg,linshap,178,0.07839439087660531,1.0,1.0,0.9520000000000001,Model-matched,0
bank_marketing,logreg,linshap,179,0.01938714224898709,1.0,1.0,0.84,Model-matched,0
bank_marketing,logreg,linshap,180,0.17085301787009527,1.0,1.0,0.968,Model-matched,0
bank_marketing,logreg,linshap,181,0.03788665354741164,1.0,1.0,1.0,Model-matched,0
bank_marketing,logreg,linshap,182,0.03607769540803877,1.0,1.0,0.912,Model-matched,0
bank_marketing,logreg,linshap,183,0.06530194954924617,1.0,1.0,0.9359999999999999,Model-matched,0
bank_marketing,logreg,linshap,184,0.04682341227316957,1.0,1.0,0.912,Model-matched,0
bank_marketing,logreg,linshap,185,0.04693802991442376,1.0,1.0,0.92,Model-matched,0
bank_marketing,logreg,linshap,186,0.019802804637952073,1.0,1.0,0.982608695652174,Model-matched,0
bank_marketing,logreg,linshap,187,0.01496690269083543,1.0,1.0,1.0,Model-matched,0
bank_marketing,logreg,linshap,188,0.0003296488154068325,1.0,1.0,0.84,Model-matched,0
bank_marketing,logreg,linshap,189,0.036407344223445604,1.0,1.0,0.88,Model-matched,0
bank_marketing,logreg,linshap,190,0.1673596747130719,1.0,1.0,0.912,Model-matched,0
bank_marketing,logreg,linshap,191,0.09186934305807201,1.0,1.0,0.904,Model-matched,0
bank_marketing,logreg,linshap,192,0.017968571429068186,1.0,1.0,0.8560000000000001,Model-matched,0
bank_marketing,logreg,linshap,193,0.02787721064116984,1.0,1.0,0.888,Model-matched,0
bank_marketing,logreg,linshap,194,0.10169578978293638,1.0,1.0,0.968,Model-matched,0
bank_marketing,logreg,linshap,195,0.02787721064116984,1.0,1.0,0.9359999999999999,Model-matched,0
bank_marketing,logreg,linshap,196,0.050045343955304085,1.0,1.0,0.992,Model-matched,0
bank_marketing,logreg,linshap,197,0.015583054603504894,1.0,1.0,0.904,Model-matched,0
bank_marketing,logreg,linshap,198,0.03173363009128836,1.0,1.0,0.848,Model-matched,0
bank_marketing,logreg,linshap,199,0.13705399983518746,1.0,1.0,0.9840000000000001,Model-matched,0
bank_marketing,logreg,linshap,200,0.20795747813959314,1.0,1.0,1.0,Model-matched,0
bank_marketing,logreg,linshap,201,0.024560290345382804,1.0,1.0,1.0,Model-matched,0
bank_marketing,logreg,linshap,202,0.06015155946795088,1.0,1.0,1.0,Model-matched,0
bank_marketing,logreg,linshap,203,0.3883796021475893,1.0,1.0,1.0,Model-matched,0
bank_marketing,logreg,linshap,204,0.03938403757372472,1.0,1.0,1.0,Model-matched,0
bank_marketing,logreg,linshap,205,0.016267618339349223,1.0,1.0,1.0,Model-matched,0
bank_marketing,logreg,linshap,206,0.2086186257022792,1.0,1.0,1.0,Model-matched,0
bank_marketing,logreg,linshap,207,0.06528188569394412,1.0,1.0,1.0,Model-matched,0
bank_marketing,logreg,linshap,208,0.09015216664144304,1.0,1.0,1.0,Model-matched,0
bank_marketing,logreg,linshap,209,0.08432670397710958,1.0,1.0,1.0,Model-matched,0
bank_marketing,logreg,linshap,210,0.1423198432719957,1.0,1.0,1.0,Model-matched,0
bank_marketing,logreg,linshap,211,0.1079556296436009,1.0,1.0,1.0,Model-matched,0
bank_marketing,logreg,linshap,212,0.03607769540803877,1.0,1.0,1.0,Model-matched,0
bank_marketing,logreg,linshap,213,0.15645578442222244,1.0,1.0,1.0,Model-matched,0
bank_marketing,logreg,linshap,214,0.014258031105262152,1.0,1.0,1.0,Model-matched,0
bank_marketing,logreg,linshap,215,0.10421931739970196,1.0,1.0,1.0,Model-matched,0
bank_marketing,logreg,linshap,216,0.049733974858112075,1.0,1.0,1.0,Model-matched,0
bank_marketing,logreg,linshap,217,0.010079791558794569,1.0,1.0,1.0,Model-matched,0
bank_marketing,logreg,linshap,218,0.007386802465503684,1.0,1.0,1.0,Model-matched,0
bank_marketing,logreg,linshap,219,0.042844113332005274,1.0,1.0,1.0,Model-matched,0
bank_marketing,logreg,linshap,220,0.151212619381754,1.0,1.0,1.0,Model-matched,0
bank_marketing,logreg,linshap,221,0.0014020541511657201,1.0,1.0,1.0,Model-matched,0
bank_marketing,logreg,linshap,222,0.02777532422210028,1.0,1.0,1.0,Model-matched,0
bank_marketing,logreg,linshap,223,0.2975355240294462,1.0,1.0,1.0,Model-matched,0
bank_marketing,logreg,linshap,224,0.10193082526575103,1.0,1.0,1.0,Model-matched,0
bank_marketing,logreg,linshap,225,0.27805475750395,1.0,1.0,1.0,Model-matched,0
bank_marketing,logreg,linshap,226,0.02787721064116984,1.0,1.0,1.0,Model-matched,0
bank_marketing,logreg,linshap,227,0.01496690269083543,1.0,1.0,1.0,Model-matched,0
bank_marketing,logreg,linshap,228,0.015147380846095735,1.0,1.0,1.0,Model-matched,0
bank_marketing,logreg,linshap,229,0.01734134148162868,1.0,1.0,1.0,Model-matched,0
bank_marketing,logreg,linshap,230,0.00013551721081500777,1.0,1.0,1.0,Model-matched,0
bank_marketing,logreg,linshap,231,0.05570204457813738,1.0,1.0,1.0,Model-matched,0
bank_marketing,logreg,linshap,232,0.007676791283247779,1.0,1.0,1.0,Model-matched,0
bank_marketing,logreg,linshap,233,0.059405858214464105,1.0,1.0,1.0,Model-matched,0
bank_marketing,logreg,linshap,234,0.07571388703668426,1.0,1.0,1.0,Model-matched,0
bank_marketing,logreg,linshap,235,0.1166626924737718,1.0,1.0,1.0,Model-matched,0
bank_marketing,logreg,linshap,236,0.09624112197673643,1.0,1.0,1.0,Model-matched,0
bank_marketing,logreg,linshap,237,0.054437286513559925,1.0,1.0,1.0,Model-matched,0
bank_marketing,logreg,linshap,238,0.01496690269083543,1.0,1.0,1.0,Model-matched,0
bank_marketing,logreg,linshap,239,0.028733264941169068,1.0,1.0,1.0,Model-matched,0
bank_marketing,logreg,linshap,240,0.13731472553630533,1.0,1.0,1.0,Model-matched,0
bank_marketing,logreg,linshap,241,0.07435977840299396,1.0,1.0,1.0,Model-matched,0
bank_marketing,logreg,linshap,242,0.036407344223445604,1.0,1.0,1.0,Model-matched,0
bank_marketing,logreg,linshap,243,0.08760678161864727,1.0,1.0,1.0,Model-matched,0
bank_marketing,logreg,linshap,244,0.004696299514053953,1.0,1.0,1.0,Model-matched,0
bank_marketing,logreg,linshap,245,0.04750242228247782,1.0,1.0,1.0,Model-matched,0
bank_marketing,logreg,linshap,246,0.022958670224428164,1.0,1.0,1.0,Model-matched,0
bank_marketing,logreg,linshap,247,0.1053042311670207,1.0,1.0,1.0,Model-matched,0
bank_marketing,logreg,linshap,248,0.033439951953044826,1.0,1.0,1.0,Model-matched,0
bank_marketing,logreg,linshap,249,0.37154168214485656,1.0,1.0,1.0,Model-matched,0
bank_marketing,logreg,linshap,250,0.024793349415699797,1.0,1.0,1.0,Model-matched,0
bank_marketing,logreg,linshap,251,0.00013551721081500777,1.0,1.0,1.0,Model-matched,0
bank_marketing,logreg,linshap,252,0.22155502472820568,1.0,1.0,1.0,Model-matched,0
bank_marketing,logreg,linshap,253,0.012792448285840675,1.0,1.0,1.0,Model-matched,0
bank_marketing,logreg,linshap,254,0.017160021117691472,1.0,1.0,1.0,Model-matched,0
bank_marketing,logreg,linshap,255,0.013775266953024948,1.0,1.0,1.0,Model-matched,0
bank_marketing,logreg,linshap,256,0.026910089237322098,1.0,1.0,1.0,Model-matched,0
bank_marketing,logreg,linshap,257,0.09838174644473023,1.0,1.0,1.0,Model-matched,0
bank_marketing,logreg,linshap,258,0.11925502898895245,1.0,1.0,1.0,Model-matched,0
bank_marketing,logreg,linshap,259,0.25386890967923437,1.0,1.0,1.0,Model-matched,0
bank_marketing,logreg,linshap,260,0.06707531633974076,1.0,1.0,1.0,Model-matched,0
bank_marketing,logreg,linshap,261,0.0044506762309643455,1.0,1.0,1.0,Model-matched,0
bank_marketing,logreg,linshap,262,0.03337328714173268,1.0,1.0,1.0,Model-matched,0
bank_marketing,logreg,linshap,263,0.031520223892654936,1.0,1.0,1.0,Model-matched,0
bank_marketing,logreg,linshap,264,0.0394300037015091,1.0,1.0,1.0,Model-matched,0
bank_marketing,logreg,linshap,265,0.031541640597893085,1.0,1.0,1.0,Model-matched,0
bank_marketing,logreg,linshap,266,0.014831385480020422,1.0,1.0,1.0,Model-matched,0
bank_marketing,logreg,linshap,267,0.14225846593124564,1.0,1.0,1.0,Model-matched,0
bank_marketing,logreg,linshap,268,0.00013551721081500777,1.0,1.0,1.0,Model-matched,0
bank_marketing,logreg,linshap,269,0.2644504266770593,1.0,1.0,1.0,Model-matched,0
bank_marketing,logreg,linshap,270,0.016259182076890942,1.0,1.0,1.0,Model-matched,0
bank_marketing,logreg,linshap,271,0.02390847821691773,1.0,1.0,1.0,Model-matched,0
bank_marketing,logreg,linshap,272,0.14067254324387912,1.0,1.0,1.0,Model-matched,0
bank_marketing,logreg,linshap,273,0.05085095665836715,1.0,1.0,1.0,Model-matched,0
bank_marketing,logreg,linshap,274,0.01616620488428989,1.0,1.0,1.0,Model-matched,0
bank_marketing,logreg,linshap,275,0.1715270655117265,1.0,1.0,1.0,Model-matched,0
bank_marketing,logreg,linshap,276,0.04588187971478466,1.0,1.0,1.0,Model-matched,0
bank_marketing,logreg,linshap,277,0.10741725389390405,1.0,1.0,1.0,Model-matched,0
bank_marketing,logreg,linshap,278,0.004486042189538764,1.0,1.0,1.0,Model-matched,0
bank_marketing,logreg,linshap,279,0.03072189504320192,1.0,1.0,1.0,Model-matched,0
bank_marketing,logreg,linshap,280,0.19834547171426026,1.0,1.0,1.0,Model-matched,0
bank_marketing,logreg,linshap,281,0.2635345465961261,1.0,1.0,1.0,Model-matched,0
bank_marketing,logreg,linshap,282,0.02876222196991365,1.0,1.0,1.0,Model-matched,0
bank_marketing,logreg,linshap,283,0.017968571429068186,1.0,1.0,1.0,Model-matched,0
bank_marketing,logreg,linshap,284,0.009245438579867758,1.0,1.0,1.0,Model-matched,0
bank_marketing,logreg,linshap,285,0.2740979991493629,1.0,1.0,1.0,Model-matched,0
bank_marketing,logreg,linshap,286,0.0732370206914948,1.0,1.0,1.0,Model-matched,0
bank_marketing,logreg,linshap,287,0.08469430455924949,1.0,1.0,1.0,Model-matched,0
bank_marketing,logreg,linshap,288,0.02372807763112674,1.0,1.0,1.0,Model-matched,0
bank_marketing,logreg,linshap,289,0.01496690269083543,1.0,1.0,1.0,Model-matched,0
bank_marketing,logreg,linshap,290,0.06015155946795088,1.0,1.0,1.0,Model-matched,0
bank_marketing,logreg,linshap,291,0.3097609551780769,1.0,1.0,1.0,Model-matched,0
bank_marketing,logreg,linshap,292,0.07763461164629597,1.0,1.0,1.0,Model-matched,0
bank_marketing,logreg,linshap,293,0.18550411395558142,1.0,1.0,1.0,Model-matched,0
bank_marketing,logreg,linshap,294,0.08036498392685927,1.0,1.0,1.0,Model-matched,0
bank_marketing,logreg,linshap,295,0.08144320887924772,1.0,1.0,1.0,Model-matched,0
bank_marketing,logreg,linshap,296,0.003902416028658644,1.0,1.0,1.0,Model-matched,0
bank_marketing,logreg,linshap,297,0.045114669039783825,1.0,1.0,1.0,Model-matched,0
bank_marketing,logreg,linshap,298,0.040069013672506225,1.0,1.0,1.0,Model-matched,0
bank_marketing,logreg,linshap,299,0.11925502898895245,1.0,1.0,1.0,Model-matched,0
bank_marketing,logreg,linshap,300,0.031181703346504917,1.0,1.0,1.0,Model-matched,0
bank_marketing,logreg,linshap,301,0.07335878190227818,1.0,1.0,1.0,Model-matched,0
bank_marketing,logreg,linshap,302,0.0010364807448711752,1.0,1.0,1.0,Model-matched,0
bank_marketing,logreg,linshap,303,0.016677092229234042,1.0,1.0,1.0,Model-matched,0
bank_marketing,logreg,linshap,304,0.0034343915519377466,1.0,1.0,1.0,Model-matched,0
bank_marketing,logreg,linshap,305,0.040762554093282104,1.0,1.0,1.0,Model-matched,0
bank_marketing,logreg,linshap,306,0.006511034232085568,1.0,1.0,1.0,Model-matched,0
bank_marketing,logreg,linshap,307,0.08303648978330865,1.0,1.0,1.0,Model-matched,0
bank_marketing,logreg,linshap,308,0.02248974766703591,1.0,1.0,1.0,Model-matched,0
bank_marketing,logreg,linshap,309,0.056985598146301386,1.0,1.0,1.0,Model-matched,0
bank_marketing,logreg,linshap,310,0.04902522972606674,1.0,1.0,1.0,Model-matched,0
bank_marketing,logreg,linshap,311,0.10421931739970196,1.0,1.0,1.0,Model-matched,0
bank_marketing,logreg,linshap,312,0.03607769540803877,1.0,1.0,1.0,Model-matched,0
bank_marketing,logreg,linshap,313,0.014578856856740022,1.0,1.0,1.0,Model-matched,0
bank_marketing,logreg,linshap,314,0.029060306288352707,1.0,1.0,1.0,Model-matched,0
bank_marketing,logreg,linshap,315,0.019727970359571127,1.0,1.0,1.0,Model-matched,0
bank_marketing,logreg,linshap,316,0.051215362538264614,1.0,1.0,1.0,Model-matched,0
bank_marketing,logreg,linshap,317,0.01666637477107012,1.0,1.0,1.0,Model-matched,0
bank_marketing,logreg,linshap,318,0.14066209214681685,1.0,1.0,1.0,Model-matched,0
bank_marketing,logreg,linshap,319,0.11925502898895245,1.0,1.0,1.0,Model-matched,0
bank_marketing,logreg,linshap,320,0.15284610812233415,1.0,1.0,1.0,Model-matched,0
bank_marketing,logreg,linshap,321,0.04772045164444349,1.0,1.0,1.0,Model-matched,0
bank_marketing,logreg,linshap,322,0.06501596322980505,1.0,1.0,1.0,Model-matched,0
bank_marketing,logreg,linshap,323,0.03520418145904548,1.0,1.0,1.0,Model-matched,0
bank_marketing,logreg,linshap,324,0.02787721064116984,1.0,1.0,1.0,Model-matched,0
bank_marketing,logreg,linshap,325,0.032008752832683236,1.0,1.0,1.0,Model-matched,0
bank_marketing,logreg,linshap,326,0.055490841106661304,1.0,1.0,1.0,Model-matched,0
bank_marketing,logreg,linshap,327,0.01496690269083543,1.0,1.0,1.0,Model-matched,0
bank_marketing,logreg,linshap,328,0.0533384643625734,1.0,1.0,1.0,Model-matched,0
bank_marketing,logreg,linshap,329,0.023229949947025624,1.0,1.0,1.0,Model-matched,0
bank_marketing,logreg,linshap,330,0.02900510039069924,1.0,1.0,1.0,Model-matched,0
bank_marketing,logreg,linshap,331,0.07335878190227818,1.0,1.0,1.0,Model-matched,0
bank_marketing,logreg,linshap,332,0.026850670777220923,1.0,1.0,1.0,Model-matched,0
bank_marketing,logreg,linshap,333,0.012820747195505518,1.0,1.0,1.0,Model-matched,0
bank_marketing,logreg,linshap,334,0.016267618339349223,1.0,1.0,1.0,Model-matched,0
bank_marketing,logreg,linshap,335,0.023426534410205493,1.0,1.0,1.0,Model-matched,0
bank_marketing,logreg,linshap,336,0.04218322265197613,1.0,1.0,1.0,Model-matched,0
bank_marketing,logreg,linshap,337,0.014570542127067043,1.0,1.0,1.0,Model-matched,0
bank_marketing,logreg,linshap,338,0.07466838224585767,1.0,1.0,1.0,Model-matched,0
bank_marketing,logreg,linshap,339,0.026460908858597542,1.0,1.0,1.0,Model-matched,0
bank_marketing,logreg,linshap,340,0.13903644186259992,1.0,1.0,1.0,Model-matched,0
bank_marketing,logreg,linshap,341,0.11529083938097553,1.0,1.0,1.0,Model-matched,0
bank_marketing,logreg,linshap,342,0.04532563629208003,1.0,1.0,1.0,Model-matched,0
bank_marketing,logreg,linshap,343,0.012133032120233833,1.0,1.0,1.0,Model-matched,0
bank_marketing,logreg,linshap,344,0.02809104739110879,1.0,1.0,1.0,Model-matched,0
bank_marketing,logreg,linshap,345,0.012741016651261495,1.0,1.0,1.0,Model-matched,0
bank_marketing,logreg,linshap,346,0.02740556255258613,1.0,1.0,1.0,Model-matched,0
bank_marketing,logreg,linshap,347,0.047446561761793606,1.0,1.0,1.0,Model-matched,0
bank_marketing,logreg,linshap,348,0.03036425724008158,1.0,1.0,1.0,Model-matched,0
bank_marketing,logreg,linshap,349,0.06528188569394412,1.0,1.0,1.0,Model-matched,0
bank_marketing,logreg,linshap,350,0.10563397206289162,1.0,1.0,1.0,Model-matched,0
bank_marketing,logreg,linshap,351,0.04902522972606674,1.0,1.0,1.0,Model-matched,0
bank_marketing,logreg,linshap,352,0.07514333702525705,1.0,1.0,1.0,Model-matched,0
bank_marketing,logreg,linshap,353,0.06362962644127991,1.0,1.0,1.0,Model-matched,0
bank_marketing,logreg,linshap,354,0.05324614303162576,1.0,1.0,1.0,Model-matched,0
bank_marketing,logreg,linshap,355,0.01534419649042718,1.0,1.0,1.0,Model-matched,0
bank_marketing,logreg,linshap,356,0.26788615131801335,1.0,1.0,1.0,Model-matched,0
bank_marketing,logreg,linshap,357,0.007386802465503684,1.0,1.0,1.0,Model-matched,0
bank_marketing,logreg,linshap,358,0.009000394552405987,1.0,1.0,1.0,Model-matched,0
bank_marketing,logreg,linshap,359,0.036407344223445604,1.0,1.0,1.0,Model-matched,0
bank_marketing,logreg,linshap,360,0.04902522972606674,1.0,1.0,1.0,Model-matched,0
bank_marketing,logreg,linshap,361,0.1454642193479794,1.0,1.0,1.0,Model-matched,0
bank_marketing,logreg,linshap,362,0.02384868273181086,1.0,1.0,1.0,Model-matched,0
bank_marketing,logreg,linshap,363,0.03607769540803877,1.0,1.0,1.0,Model-matched,0
bank_marketing,logreg,linshap,364,0.009228231938376243,1.0,1.0,1.0,Model-matched,0
bank_marketing,logreg,linshap,365,0.05731855707974546,1.0,1.0,1.0,Model-matched,0
bank_marketing,logreg,linshap,366,0.009688054367809581,1.0,1.0,1.0,Model-matched,0
bank_marketing,logreg,linshap,367,0.08125109037152642,1.0,1.0,1.0,Model-matched,0
bank_marketing,logreg,linshap,368,0.17778688077229285,1.0,1.0,1.0,Model-matched,0
bank_marketing,logreg,linshap,369,0.015555232801992436,1.0,1.0,1.0,Model-matched,0
bank_marketing,logreg,linshap,370,0.14840301484929477,1.0,1.0,1.0,Model-matched,0
bank_marketing,logreg,linshap,371,0.0483464035276252,1.0,1.0,1.0,Model-matched,0
bank_marketing,logreg,linshap,372,0.042844113332005274,1.0,1.0,1.0,Model-matched,0
bank_marketing,logreg,linshap,373,0.0135336179021045,1.0,1.0,1.0,Model-matched,0
bank_marketing,logreg,linshap,374,0.14130002591557522,1.0,1.0,1.0,Model-matched,0
bank_marketing,logreg,linshap,375,0.013045395552838124,1.0,1.0,1.0,Model-matched,0
bank_marketing,logreg,linshap,376,0.10595134949898158,1.0,1.0,1.0,Model-matched,0
bank_marketing,logreg,linshap,377,0.02744987537414648,1.0,1.0,1.0,Model-matched,0
bank_marketing,logreg,linshap,378,0.21935529891407193,1.0,1.0,1.0,Model-matched,0
bank_marketing,logreg,linshap,379,0.037584223479501806,1.0,1.0,1.0,Model-matched,0
bank_marketing,logreg,linshap,380,0.1870670021652088,1.0,1.0,1.0,Model-matched,0
bank_marketing,logreg,linshap,381,0.13670551104055637,1.0,1.0,1.0,Model-matched,0
bank_marketing,logreg,linshap,382,0.03474367352527327,1.0,1.0,1.0,Model-matched,0
bank_marketing,logreg,linshap,383,0.017958282300100093,1.0,1.0,1.0,Model-matched,0
bank_marketing,logreg,linshap,384,0.0671574356533946,1.0,1.0,1.0,Model-matched,0
bank_marketing,logreg,linshap,385,0.01284066222464269,1.0,1.0,1.0,Model-matched,0
bank_marketing,logreg,linshap,386,0.12810939107590358,1.0,1.0,1.0,Model-matched,0
bank_marketing,logreg,linshap,387,0.0383252593413008,1.0,1.0,1.0,Model-matched,0
bank_marketing,logreg,linshap,388,0.09465463505964515,1.0,1.0,1.0,Model-matched,0
bank_marketing,logreg,linshap,389,0.24134736048310987,1.0,1.0,1.0,Model-matched,0
bank_marketing,logreg,linshap,390,0.0019017682860990588,1.0,1.0,1.0,Model-matched,0
bank_marketing,logreg,linshap,391,0.1637692367033447,1.0,1.0,1.0,Model-matched,0
bank_marketing,logreg,linshap,392,0.01496690269083543,1.0,1.0,1.0,Model-matched,0
bank_marketing,logreg,linshap,393,0.025224264238290012,1.0,1.0,1.0,Model-matched,0
bank_marketing,logreg,linshap,394,0.013367818557150381,1.0,1.0,1.0,Model-matched,0
bank_marketing,logreg,linshap,395,0.012521545273568751,1.0,1.0,1.0,Model-matched,0
bank_marketing,logreg,linshap,396,0.11925502898895245,1.0,1.0,1.0,Model-matched,0
bank_marketing,logreg,linshap,397,0.12804845375827664,1.0,1.0,1.0,Model-matched,0
bank_marketing,logreg,linshap,398,0.01496690269083543,1.0,1.0,1.0,Model-matched,0
bank_marketing,logreg,linshap,399,0.007386802465503684,1.0,1.0,1.0,Model-matched,0
bank_marketing,logreg,linshap,400,0.0978933083497588,1.0,1.0,1.0,Model-matched,0
bank_marketing,logreg,linshap,401,0.2673223647451546,1.0,1.0,1.0,Model-matched,0
bank_marketing,logreg,linshap,402,0.05441385134089645,1.0,1.0,1.0,Model-matched,0
bank_marketing,logreg,linshap,403,0.14503907926551082,1.0,1.0,1.0,Model-matched,0
bank_marketing,logreg,linshap,404,0.10693630947537544,1.0,1.0,1.0,Model-matched,0
bank_marketing,logreg,linshap,405,0.12675929039467757,1.0,1.0,1.0,Model-matched,0
bank_marketing,logreg,linshap,406,0.004706544438832386,1.0,1.0,1.0,Model-matched,0
bank_marketing,logreg,linshap,407,0.0662516729911254,1.0,1.0,1.0,Model-matched,0
bank_marketing,logreg,linshap,408,0.043429860703389625,1.0,1.0,1.0,Model-matched,0
bank_marketing,logreg,linshap,409,0.01496690269083543,1.0,1.0,1.0,Model-matched,0
bank_marketing,logreg,linshap,410,0.19564095204796977,1.0,1.0,1.0,Model-matched,0
bank_marketing,logreg,linshap,411,0.006962868502938513,1.0,1.0,1.0,Model-matched,0
bank_marketing,logreg,linshap,412,0.042844113332005274,1.0,1.0,1.0,Model-matched,0
bank_marketing,logreg,linshap,413,0.10036822266177331,1.0,1.0,1.0,Model-matched,0
bank_marketing,logreg,linshap,414,0.047481485107064375,1.0,1.0,1.0,Model-matched,0
bank_marketing,logreg,linshap,415,0.03807953769770187,1.0,1.0,1.0,Model-matched,0
bank_marketing,logreg,linshap,416,0.09867915556389191,1.0,1.0,1.0,Model-matched,0
bank_marketing,logreg,linshap,417,0.21458374966904725,1.0,1.0,1.0,Model-matched,0
bank_marketing,logreg,linshap,418,0.07690244036723658,1.0,1.0,1.0,Model-matched,0
bank_marketing,logreg,linshap,419,0.36717291432804705,1.0,1.0,1.0,Model-matched,0
bank_marketing,logreg,linshap,420,0.34586673068020635,1.0,1.0,1.0,Model-matched,0
bank_marketing,logreg,linshap,421,0.32201053167089755,1.0,1.0,1.0,Model-matched,0
bank_marketing,logreg,linshap,422,0.039638541732243765,1.0,1.0,1.0,Model-matched,0
bank_marketing,logreg,linshap,423,0.006795874535499278,1.0,1.0,1.0,Model-matched,0
bank_marketing,logreg,linshap,424,0.04226935117880694,1.0,1.0,1.0,Model-matched,0
bank_marketing,logreg,linshap,425,0.0981389527207517,1.0,1.0,1.0,Model-matched,0
bank_marketing,logreg,linshap,426,0.08249851446887191,1.0,1.0,1.0,Model-matched,0
bank_marketing,logreg,linshap,427,0.17635088889964068,1.0,1.0,1.0,Model-matched,0
bank_marketing,logreg,linshap,428,0.03573853130858174,1.0,1.0,1.0,Model-matched,0
bank_marketing,logreg,linshap,429,0.013182458571758782,1.0,1.0,1.0,Model-matched,0
bank_marketing,logreg,linshap,430,0.010124965737449488,1.0,1.0,1.0,Model-matched,0
bank_marketing,logreg,linshap,431,0.04789261471681684,1.0,1.0,1.0,Model-matched,0
bank_marketing,logreg,linshap,432,0.19147381195648158,1.0,1.0,1.0,Model-matched,0
bank_marketing,logreg,linshap,433,0.009228231938376243,1.0,1.0,1.0,Model-matched,0
bank_marketing,logreg,linshap,434,0.03782066025605866,1.0,1.0,1.0,Model-matched,0
bank_marketing,logreg,linshap,435,0.04419296381171159,1.0,1.0,1.0,Model-matched,0
bank_marketing,logreg,linshap,436,0.024793349415699797,1.0,1.0,1.0,Model-matched,0
bank_marketing,logreg,linshap,437,0.1316626657402064,1.0,1.0,1.0,Model-matched,0
bank_marketing,logreg,linshap,438,0.08014280215904983,1.0,1.0,1.0,Model-matched,0
bank_marketing,logreg,linshap,439,0.017470230744422166,1.0,1.0,1.0,Model-matched,0
bank_marketing,logreg,linshap,440,0.055090797346824164,1.0,1.0,1.0,Model-matched,0
bank_marketing,logreg,linshap,441,0.20098295116697368,1.0,1.0,1.0,Model-matched,0
bank_marketing,logreg,linshap,442,0.01496690269083543,1.0,1.0,1.0,Model-matched,0
bank_marketing,logreg,linshap,443,0.0044506762309643455,1.0,1.0,1.0,Model-matched,0
bank_marketing,logreg,linshap,444,0.38227407490365195,1.0,1.0,1.0,Model-matched,0
bank_marketing,logreg,linshap,445,0.00510076249661408,1.0,1.0,1.0,Model-matched,0
bank_marketing,logreg,linshap,446,0.017968571429068186,1.0,1.0,1.0,Model-matched,0
bank_marketing,logreg,linshap,447,0.09679322043422327,1.0,1.0,1.0,Model-matched,0
bank_marketing,logreg,linshap,448,0.022535210888044215,1.0,1.0,1.0,Model-matched,0
bank_marketing,logreg,linshap,449,0.07335878190227818,1.0,1.0,1.0,Model-matched,0
bank_marketing,logreg,linshap,450,0.1392572528558705,1.0,1.0,1.0,Model-matched,0
bank_marketing,logreg,linshap,451,0.06679901943952732,1.0,1.0,1.0,Model-matched,0
bank_marketing,logreg,linshap,452,0.23651088867350137,1.0,1.0,1.0,Model-matched,0
bank_marketing,logreg,linshap,453,0.05446618607708637,1.0,1.0,1.0,Model-matched,0
bank_marketing,logreg,linshap,454,0.01496690269083543,1.0,1.0,1.0,Model-matched,0
bank_marketing,logreg,linshap,455,0.07690244036723658,1.0,1.0,1.0,Model-matched,0
bank_marketing,logreg,linshap,456,0.001976637140565623,1.0,1.0,1.0,Model-matched,0
bank_marketing,logreg,linshap,457,0.0792179758736726,1.0,1.0,1.0,Model-matched,0
bank_marketing,logreg,linshap,458,0.11854534828469417,1.0,1.0,1.0,Model-matched,0
bank_marketing,logreg,linshap,459,0.01212356170777966,1.0,1.0,1.0,Model-matched,0
bank_marketing,logreg,linshap,460,0.0013671730115821796,1.0,1.0,1.0,Model-matched,0
bank_marketing,logreg,linshap,461,0.2234743463886544,1.0,1.0,1.0,Model-matched,0
bank_marketing,logreg,linshap,462,0.024599016453736498,1.0,1.0,1.0,Model-matched,0
bank_marketing,logreg,linshap,463,0.0981389527207517,1.0,1.0,1.0,Model-matched,0
bank_marketing,logreg,linshap,464,0.08467980903946926,1.0,1.0,1.0,Model-matched,0
bank_marketing,logreg,linshap,465,0.05693104629002201,1.0,1.0,1.0,Model-matched,0
bank_marketing,logreg,linshap,466,0.07206530123764966,1.0,1.0,1.0,Model-matched,0
bank_marketing,logreg,linshap,467,0.013719151025339915,1.0,1.0,1.0,Model-matched,0
bank_marketing,logreg,linshap,468,0.055448054466668326,1.0,1.0,1.0,Model-matched,0
bank_marketing,logreg,linshap,469,0.11452168709659025,1.0,1.0,1.0,Model-matched,0
bank_marketing,logreg,linshap,470,0.07703795757805158,1.0,1.0,1.0,Model-matched,0
bank_marketing,logreg,linshap,471,0.24324858522580128,1.0,1.0,1.0,Model-matched,0
bank_marketing,logreg,linshap,472,0.0044506762309643455,1.0,1.0,1.0,Model-matched,0
bank_marketing,logreg,linshap,473,0.07690244036723658,1.0,1.0,1.0,Model-matched,0
bank_marketing,logreg,linshap,474,0.14405216842310303,1.0,1.0,1.0,Model-matched,0
bank_marketing,logreg,linshap,475,0.013848868990654928,1.0,1.0,1.0,Model-matched,0
bank_marketing,logreg,linshap,476,0.04165664572170283,1.0,1.0,1.0,Model-matched,0
bank_marketing,logreg,linshap,477,0.018115359455273376,1.0,1.0,1.0,Model-matched,0
bank_marketing,logreg,linshap,478,0.008994374622051712,1.0,1.0,1.0,Model-matched,0
bank_marketing,logreg,linshap,479,0.05323902057666714,1.0,1.0,1.0,Model-matched,0
bank_marketing,logreg,linshap,480,0.002326959590901003,1.0,1.0,1.0,Model-matched,0
bank_marketing,logreg,linshap,481,0.11925502898895245,1.0,1.0,1.0,Model-matched,0
bank_marketing,logreg,linshap,482,0.0027036542722349496,1.0,1.0,1.0,Model-matched,0
bank_marketing,logreg,linshap,483,0.09646989835397152,1.0,1.0,1.0,Model-matched,0
bank_marketing,logreg,linshap,484,0.05266664618243653,1.0,1.0,1.0,Model-matched,0
bank_marketing,logreg,linshap,485,0.2107229123646951,1.0,1.0,1.0,Model-matched,0
bank_marketing,logreg,linshap,486,0.031123886516188727,1.0,1.0,1.0,Model-matched,0
bank_marketing,logreg,linshap,487,0.07766320449513366,1.0,1.0,1.0,Model-matched,0
bank_marketing,logreg,linshap,488,0.057829877759873,1.0,1.0,1.0,Model-matched,0
bank_marketing,logreg,linshap,489,0.06969733044475258,1.0,1.0,1.0,Model-matched,0
bank_marketing,logreg,linshap,490,0.031420863632668605,1.0,1.0,1.0,Model-matched,0
bank_marketing,logreg,linshap,491,0.06508380121783992,1.0,1.0,1.0,Model-matched,0
bank_marketing,logreg,linshap,492,0.04001139041330652,1.0,1.0,1.0,Model-matched,0
bank_marketing,logreg,linshap,493,0.027835486872312087,1.0,1.0,1.0,Model-matched,0
bank_marketing,logreg,linshap,494,0.07628983184950937,1.0,1.0,1.0,Model-matched,0
bank_marketing,logreg,linshap,495,0.004225251843906554,1.0,1.0,1.0,Model-matched,0
bank_marketing,logreg,linshap,496,0.09724511355197203,1.0,1.0,1.0,Model-matched,0
bank_marketing,logreg,linshap,497,0.025383525781461934,1.0,1.0,1.0,Model-matched,0
bank_marketing,logreg,linshap,498,0.32201053167089755,1.0,1.0,1.0,Model-matched,0
bank_marketing,logreg,linshap,499,0.06874538845956325,1.0,1.0,1.0,Model-matched,0
bank_marketing,logreg,lime,0,0.06386149953420207,0.7799999999999999,0.7,0.752,LIME,1
bank_marketing,logreg,lime,1,0.1283539728376404,0.74,0.82,0.792,LIME,1
bank_marketing,logreg,lime,2,0.307664144769784,0.86,0.86,0.8240000000000001,LIME,0
bank_marketing,logreg,lime,3,0.016883166611313248,0.7199999999999999,0.64,0.72,LIME,1
bank_marketing,logreg,lime,4,0.05570189881869206,0.6399999999999999,0.78,0.728,LIME,1
bank_marketing,logreg,lime,5,0.023380590400725428,0.76,0.74,0.7360000000000001,LIME,1
bank_marketing,logreg,lime,6,0.023250498614200452,0.7599999999999999,0.8,0.8079999999999999,LIME,1
bank_marketing,logreg,lime,7,0.009307086696537957,0.78,0.74,0.752,LIME,1
bank_marketing,logreg,lime,8,0.047141911449590526,0.7999999999999999,0.78,0.768,LIME,1
bank_marketing,logreg,lime,9,0.21918026040332192,0.7999999999999999,0.82,0.792,LIME,1
bank_marketing,logreg,lime,10,0.0730762778785028,0.76,0.78,0.7760000000000001,LIME,1
bank_marketing,logreg,lime,11,0.00467792737407524,0.78,0.78,0.768,LIME,1
bank_marketing,logreg,lime,12,0.02638391546742779,0.7999999999999999,0.8,0.752,LIME,1
bank_marketing,logreg,lime,13,0.038813772442247284,0.76,0.74,0.76,LIME,1
bank_marketing,logreg,lime,14,0.09862056579497265,0.6599999999999999,0.72,0.68,LIME,1
bank_marketing,logreg,lime,15,0.06861924647674483,0.7999999999999999,0.8800000000000001,0.8,LIME,1
bank_marketing,logreg,lime,16,0.0991387145557173,0.78,0.74,0.76,LIME,1
bank_marketing,logreg,lime,17,0.013370958847133031,0.8400000000000001,0.8400000000000001,0.8240000000000001,LIME,0
bank_marketing,logreg,lime,18,0.04406001021372114,0.8800000000000001,0.9,0.904,LIME,0
bank_marketing,logreg,lime,19,0.1763143707805611,0.8399999999999999,0.8800000000000001,0.8320000000000001,LIME,0
bank_marketing,logreg,lime,20,0.05538518551878099,0.8400000000000001,0.8,0.8,LIME,0
bank_marketing,logreg,lime,21,0.017689312555043028,0.6399999999999999,0.72,0.688,LIME,1
bank_marketing,logreg,lime,22,0.04577608915771772,0.6799999999999999,0.6799999999999999,0.7440000000000001,LIME,1
bank_marketing,logreg,lime,23,0.16125182323050483,0.7999999999999999,0.8200000000000001,0.7440000000000001,LIME,1
bank_marketing,logreg,lime,24,0.0004344880682665098,0.6399999999999999,0.6799999999999999,0.7040000000000001,LIME,1
bank_marketing,logreg,lime,25,0.051880186296890035,0.7999999999999999,0.76,0.768,LIME,1
bank_marketing,logreg,lime,26,0.015768306302425948,0.7599999999999999,0.74,0.784,LIME,1
bank_marketing,logreg,lime,27,0.05627992930382173,0.8800000000000001,0.86,0.848,LIME,0
bank_marketing,logreg,lime,28,0.012902621356894168,0.86,0.82,0.8640000000000001,LIME,0
bank_marketing,logreg,lime,29,0.05337389149461344,0.7999999999999999,0.8,0.784,LIME,1
bank_marketing,logreg,lime,30,0.0484809459279706,0.86,0.82,0.8240000000000001,LIME,0
bank_marketing,logreg,lime,31,0.020650413540792657,0.72,0.7,0.7120000000000001,LIME,1
bank_marketing,logreg,lime,32,0.009844210668750675,0.7599999999999999,0.78,0.8,LIME,1
bank_marketing,logreg,lime,33,0.0016633325815445792,0.92,0.74,0.768,LIME,0
bank_marketing,logreg,lime,34,0.20491030460054732,0.92,0.8200000000000001,0.8,LIME,0
bank_marketing,logreg,lime,35,0.005252941506861944,0.6599999999999999,0.64,0.632,LIME,1
bank_marketing,logreg,lime,36,0.04135846384559294,0.7999999999999999,0.86,0.8240000000000001,LIME,1
bank_marketing,logreg,lime,37,0.007877545288741785,0.62,0.6799999999999999,0.6559999999999999,LIME,1
bank_marketing,logreg,lime,38,0.03547764796172372,0.6199999999999999,0.6799999999999999,0.688,LIME,1
bank_marketing,logreg,lime,39,0.16777008162468673,0.74,0.78,0.792,LIME,1
bank_marketing,logreg,lime,40,0.08765342816018494,0.7799999999999999,0.82,0.768,LIME,1
bank_marketing,logreg,lime,41,0.009837746260567949,0.8400000000000001,0.8,0.8160000000000001,LIME,0
bank_marketing,logreg,lime,42,0.009673224291991162,0.86,0.8400000000000001,0.8079999999999999,LIME,0
bank_marketing,logreg,lime,43,0.0016878642516665648,0.7799999999999999,0.62,0.64,LIME,1
bank_marketing,logreg,lime,44,0.020781408539773765,0.7,0.76,0.7760000000000001,LIME,1
bank_marketing,logreg,lime,45,0.05896781032108436,0.86,0.82,0.8240000000000001,LIME,0
bank_marketing,logreg,lime,46,0.023643113896663823,0.7,0.78,0.7760000000000001,LIME,1
bank_marketing,logreg,lime,47,0.027665531174291196,0.8799999999999999,0.78,0.752,LIME,0
bank_marketing,logreg,lime,48,0.0022823497259490404,0.72,0.76,0.7360000000000001,LIME,1
bank_marketing,logreg,lime,49,0.0003440061047678679,0.8400000000000001,0.8,0.8079999999999999,LIME,0
bank_marketing,logreg,lime,50,0.06874701807588722,0.86,1.0,1.0,LIME,0
bank_marketing,logreg,lime,51,0.01435599505673303,0.8,1.0,1.0,LIME,0
bank_marketing,logreg,lime,52,0.16797172217767103,0.82,1.0,1.0,LIME,0
bank_marketing,logreg,lime,53,0.05158205148859222,0.8,1.0,1.0,LIME,0
bank_marketing,logreg,lime,54,0.009658942642838127,0.64,1.0,1.0,LIME,1
bank_marketing,logreg,lime,55,0.06739259225148556,0.7999999999999999,1.0,1.0,LIME,1
bank_marketing,logreg,lime,56,0.07851604370844889,0.78,1.0,1.0,LIME,1
bank_marketing,logreg,lime,57,0.001108026105428191,0.7799999999999999,1.0,1.0,LIME,1
bank_marketing,logreg,lime,58,0.09685015336099148,0.8399999999999999,1.0,1.0,LIME,0
bank_marketing,logreg,lime,59,0.009849619100518132,0.72,1.0,1.0,LIME,1
bank_marketing,logreg,lime,60,0.008045310271480139,0.86,1.0,1.0,LIME,0
bank_marketing,logreg,lime,61,0.17444545552030696,0.76,1.0,1.0,LIME,1
bank_marketing,logreg,lime,62,0.006763312247135934,0.7199999999999999,1.0,1.0,LIME,1
bank_marketing,logreg,lime,63,0.011412741305967282,0.8799999999999999,1.0,1.0,LIME,0
bank_marketing,logreg,lime,64,0.16518705692553104,0.7,1.0,1.0,LIME,1
bank_marketing,logreg,lime,65,0.11620111593459023,0.7599999999999999,1.0,1.0,LIME,1
bank_marketing,logreg,lime,66,0.013850446853303349,0.6599999999999999,1.0,1.0,LIME,1
bank_marketing,logreg,lime,67,0.023043983228684447,0.86,1.0,1.0,LIME,0
bank_marketing,logreg,lime,68,0.12718915153473662,0.86,1.0,1.0,LIME,0
bank_marketing,logreg,lime,69,0.039277525694223166,0.86,1.0,1.0,LIME,0
bank_marketing,logreg,lime,70,0.02261740356884715,0.92,1.0,1.0,LIME,0
bank_marketing,logreg,lime,71,0.2227440408786313,0.7799999999999999,1.0,1.0,LIME,1
bank_marketing,logreg,lime,72,0.048507761668952196,0.6799999999999999,1.0,1.0,LIME,1
bank_marketing,logreg,lime,73,0.07963388216657283,0.9200000000000002,1.0,1.0,LIME,0
bank_marketing,logreg,lime,74,0.06442965266043513,0.86,1.0,1.0,LIME,0
bank_marketing,logreg,lime,75,0.014726077809731704,0.72,1.0,1.0,LIME,1
bank_marketing,logreg,lime,76,0.033441168809063934,0.5999999999999999,1.0,1.0,LIME,1
bank_marketing,logreg,lime,77,0.06928659243036045,0.92,1.0,1.0,LIME,0
bank_marketing,logreg,lime,78,0.11275362508113511,0.7,1.0,1.0,LIME,1
bank_marketing,logreg,lime,79,0.0514933922585226,0.72,1.0,1.0,LIME,1
bank_marketing,logreg,lime,80,0.07103264937000273,0.7999999999999999,1.0,1.0,LIME,1
bank_marketing,logreg,lime,81,0.0829381242085815,0.72,1.0,1.0,LIME,1
bank_marketing,logreg,lime,82,0.006065163528960411,0.92,1.0,1.0,LIME,0
bank_marketing,logreg,lime,83,0.23015259162510698,0.74,1.0,1.0,LIME,1
bank_marketing,logreg,lime,84,0.04637151730326929,0.7599999999999999,1.0,1.0,LIME,1
bank_marketing,logreg,lime,85,0.05415407605413635,0.8400000000000001,1.0,1.0,LIME,0
bank_marketing,logreg,lime,86,0.19901131856480267,0.82,1.0,1.0,LIME,0
bank_marketing,logreg,lime,87,0.06033244186985431,0.86,1.0,1.0,LIME,0
bank_marketing,logreg,lime,88,0.1614086710791971,0.7799999999999999,1.0,1.0,LIME,1
bank_marketing,logreg,lime,89,0.15063431102182362,0.92,1.0,1.0,LIME,0
bank_marketing,logreg,lime,90,0.03610818657428192,0.8399999999999999,1.0,1.0,LIME,0
bank_marketing,logreg,lime,91,0.07061277393491486,0.7599999999999999,1.0,1.0,LIME,1
bank_marketing,logreg,lime,92,0.029228748595541667,0.7399999999999999,1.0,1.0,LIME,1
bank_marketing,logreg,lime,93,0.006453425850418265,0.92,1.0,1.0,LIME,0
bank_marketing,logreg,lime,94,0.012426685568403786,0.86,1.0,1.0,LIME,0
bank_marketing,logreg,lime,95,0.0558613563509048,0.8400000000000001,1.0,1.0,LIME,0
bank_marketing,logreg,lime,96,0.004775180838799052,0.6399999999999999,1.0,1.0,LIME,1
bank_marketing,logreg,lime,97,0.0030377243257044078,0.7,1.0,1.0,LIME,1
bank_marketing,logreg,lime,98,0.20603269846196037,0.7999999999999999,1.0,1.0,LIME,1
bank_marketing,logreg,lime,99,0.03785771469576376,0.6799999999999999,1.0,1.0,LIME,1
bank_marketing,rf,treeshap,0,0.01310169660863343,0.74,1.0,0.8560000000000001,Model-matched,1
bank_marketing,rf,treeshap,1,0.06959323021302762,1.0,1.0,0.8960000000000001,Model-matched,0
bank_marketing,rf,treeshap,2,0.08415705561016788,0.8799999999999999,1.0,0.768,Model-matched,0
bank_marketing,rf,treeshap,3,0.0038285076779158923,0.86,1.0,0.8160000000000001,Model-matched,0
bank_marketing,rf,treeshap,4,0.02964734205912209,0.7799999999999999,1.0,0.8,Model-matched,1
bank_marketing,rf,treeshap,5,0.003679661657107781,0.92,1.0,0.8959999999999999,Model-matched,0
bank_marketing,rf,treeshap,6,0.0231475164046245,0.92,1.0,0.92,Model-matched,0
bank_marketing,rf,treeshap,7,0.052851925074015815,0.7799999999999999,1.0,0.9520000000000001,Model-matched,1
bank_marketing,rf,treeshap,8,0.08139711468698074,1.0,1.0,0.9279999999999999,Model-matched,0
bank_marketing,rf,treeshap,9,0.0422131709518786,0.8800000000000001,1.0,0.8960000000000001,Model-matched,0
bank_marketing,rf,treeshap,10,0.050176625537918275,1.0,1.0,0.904,Model-matched,0
bank_marketing,rf,treeshap,11,0.041778921704340756,1.0,1.0,0.904,Model-matched,0
bank_marketing,rf,treeshap,12,0.09543546666184724,1.0,1.0,0.904,Model-matched,0
bank_marketing,rf,treeshap,13,0.07025160197841547,1.0,1.0,0.8959999999999999,Model-matched,0
bank_marketing,rf,treeshap,14,0.022979770476169583,0.7599999999999999,1.0,0.688,Model-matched,1
bank_marketing,rf,treeshap,15,0.1264920876320346,0.92,1.0,0.76,Model-matched,0
bank_marketing,rf,treeshap,16,0.045092165581602915,0.8400000000000001,1.0,0.8320000000000001,Model-matched,0
bank_marketing,rf,treeshap,17,0.007256889058002751,0.92,1.0,0.84,Model-matched,0
bank_marketing,rf,treeshap,18,0.024758448301503387,0.8400000000000001,1.0,0.728,Model-matched,0
bank_marketing,rf,treeshap,19,0.01164869588106259,1.0,1.0,0.8640000000000001,Model-matched,0
bank_marketing,rf,treeshap,20,0.019735715404728738,0.8399999999999999,1.0,0.88,Model-matched,0
bank_marketing,rf,treeshap,21,0.13865449950693381,0.92,1.0,0.7760000000000001,Model-matched,0
bank_marketing,rf,treeshap,22,0.11424660539628426,1.0,1.0,0.888,Model-matched,0
bank_marketing,rf,treeshap,23,0.10655425770659421,1.0,1.0,0.9440000000000001,Model-matched,0
bank_marketing,rf,treeshap,24,0.08928902203591871,1.0,1.0,1.0,Model-matched,0
bank_marketing,rf,treeshap,25,0.011275813963603065,0.86,1.0,0.8320000000000001,Model-matched,0
bank_marketing,rf,treeshap,26,0.03745837944180045,1.0,1.0,0.84,Model-matched,0
bank_marketing,rf,treeshap,27,0.02647517368913469,1.0,1.0,0.728,Model-matched,0
bank_marketing,rf,treeshap,28,0.052713191562283226,0.8799999999999999,1.0,0.84,Model-matched,0
bank_marketing,rf,treeshap,29,0.020041090819674017,0.8399999999999999,1.0,0.768,Model-matched,0
bank_marketing,rf,treeshap,30,0.013767065259510033,0.86,1.0,0.8240000000000001,Model-matched,0
bank_marketing,rf,treeshap,31,0.036603810361097916,0.8800000000000001,1.0,0.84,Model-matched,0
bank_marketing,rf,treeshap,32,0.002556374178077014,0.7999999999999999,1.0,0.792,Model-matched,1
bank_marketing,rf,treeshap,33,0.022476335179115615,0.8799999999999999,1.0,0.792,Model-matched,0
bank_marketing,rf,treeshap,34,0.027149419841683037,0.92,1.0,0.76,Model-matched,0
bank_marketing,rf,treeshap,35,0.016574481280870693,0.8400000000000001,1.0,0.8079999999999999,Model-matched,0
bank_marketing,rf,treeshap,36,0.1356680319430545,1.0,1.0,0.904,Model-matched,0
bank_marketing,rf,treeshap,37,0.04874615670445033,0.8400000000000001,1.0,0.8640000000000001,Model-matched,0
bank_marketing,rf,treeshap,38,0.0510386045687371,0.8799999999999999,1.0,0.9520000000000001,Model-matched,0
bank_marketing,rf,treeshap,39,0.020587271461839415,0.72,1.0,0.7760000000000001,Model-matched,1
bank_marketing,rf,treeshap,40,0.041035871864206264,1.0,1.0,0.88,Model-matched,0
bank_marketing,rf,treeshap,41,0.04887579960363146,0.92,1.0,0.8160000000000001,Model-matched,0
bank_marketing,rf,treeshap,42,0.029765804934542072,1.0,1.0,0.88,Model-matched,0
bank_marketing,rf,treeshap,43,0.14227114695682241,0.92,1.0,0.9840000000000001,Model-matched,0
bank_marketing,rf,treeshap,44,0.015370028900940793,0.78,1.0,0.8320000000000001,Model-matched,1
bank_marketing,rf,treeshap,45,0.010461612181100827,1.0,1.0,0.92,Model-matched,0
bank_marketing,rf,treeshap,46,0.07877687865877636,1.0,1.0,0.8960000000000001,Model-matched,0
bank_marketing,rf,treeshap,47,0.007083074465643472,0.8400000000000001,1.0,0.888,Model-matched,0
bank_marketing,rf,treeshap,48,0.0024207170348238076,0.82,1.0,0.848,Model-matched,0
bank_marketing,rf,treeshap,49,0.06024762628865285,1.0,1.0,0.904,Model-matched,0
bank_marketing,rf,treeshap,50,4.323317197308768e-05,0.7,1.0,0.84,Model-matched,1
bank_marketing,rf,treeshap,51,0.0058557568027740045,0.82,1.0,0.8160000000000001,Model-matched,0
bank_marketing,rf,treeshap,52,0.015763754363651006,0.82,1.0,0.88,Model-matched,0
bank_marketing,rf,treeshap,53,0.018922142671438595,0.8400000000000001,1.0,0.8560000000000001,Model-matched,0
bank_marketing,rf,treeshap,54,0.020720573250309144,0.8400000000000001,1.0,0.8079999999999999,Model-matched,0
bank_marketing,rf,treeshap,55,0.05431928817640456,1.0,1.0,0.9279999999999999,Model-matched,0
bank_marketing,rf,treeshap,56,0.0045819692392375525,0.92,1.0,0.8320000000000001,Model-matched,0
bank_marketing,rf,treeshap,57,0.0008611770474244597,0.92,1.0,0.8560000000000001,Model-matched,0
bank_marketing,rf,treeshap,58,0.006587418141368942,0.86,1.0,0.7759999999999999,Model-matched,0
bank_marketing,rf,treeshap,59,0.004339950865161845,0.7999999999999999,1.0,0.8640000000000001,Model-matched,1
bank_marketing,rf,treeshap,60,0.05570624612477067,0.82,1.0,0.784,Model-matched,0
bank_marketing,rf,treeshap,61,0.05327819001503621,0.82,1.0,0.8560000000000001,Model-matched,0
bank_marketing,rf,treeshap,62,0.09612123517491211,0.76,1.0,0.7120000000000001,Model-matched,1
bank_marketing,rf,treeshap,63,0.056586088515286216,0.86,1.0,0.8640000000000001,Model-matched,0
bank_marketing,rf,treeshap,64,0.0679637836428594,1.0,1.0,0.888,Model-matched,0
bank_marketing,rf,treeshap,65,0.06202452483189645,1.0,1.0,0.9359999999999999,Model-matched,0
bank_marketing,rf,treeshap,66,0.003745903112487721,0.7799999999999999,1.0,0.856,Model-matched,1
bank_marketing,rf,treeshap,67,0.0492168926354452,0.92,1.0,0.8,Model-matched,0
bank_marketing,rf,treeshap,68,0.024270146611768986,1.0,1.0,0.888,Model-matched,0
bank_marketing,rf,treeshap,69,0.04255169689977805,0.8800000000000001,1.0,0.848,Model-matched,0
bank_marketing,rf,treeshap,70,3.966779840092726e-05,0.7599999999999999,1.0,0.68,Model-matched,1
bank_marketing,rf,treeshap,71,0.000979183971863193,0.78,1.0,0.8240000000000001,Model-matched,1
bank_marketing,rf,treeshap,72,0.06466920902756115,0.6399999999999999,1.0,0.792,Model-matched,1
bank_marketing,rf,treeshap,73,0.02651935178441021,0.92,1.0,0.875,Model-matched,0
bank_marketing,rf,treeshap,74,0.00034742041109990816,0.8800000000000001,1.0,0.8079999999999999,Model-matched,0
bank_marketing,rf,treeshap,75,0.10791331029942154,1.0,1.0,0.9440000000000001,Model-matched,0
bank_marketing,rf,treeshap,76,0.01926093505471069,1.0,1.0,0.8640000000000001,Model-matched,0
bank_marketing,rf,treeshap,77,0.02130541040299221,0.78,1.0,0.752,Model-matched,1
bank_marketing,rf,treeshap,78,0.11106394093013947,1.0,1.0,0.92,Model-matched,0
bank_marketing,rf,treeshap,79,0.0358076538945338,0.7799999999999999,1.0,0.784,Model-matched,1
bank_marketing,rf,treeshap,80,0.18657288953652673,0.92,1.0,0.9359999999999999,Model-matched,0
bank_marketing,rf,treeshap,81,0.008503635909598236,0.8800000000000001,1.0,0.8320000000000001,Model-matched,0
bank_marketing,rf,treeshap,82,0.026312506896089185,0.9200000000000002,1.0,0.92,Model-matched,0
bank_marketing,rf,treeshap,83,0.12172457680357708,1.0,1.0,0.9359999999999999,Model-matched,0
bank_marketing,rf,treeshap,84,0.07066441692529567,1.0,1.0,0.848,Model-matched,0
bank_marketing,rf,treeshap,85,0.01384692636410228,0.92,1.0,0.88,Model-matched,0
bank_marketing,rf,treeshap,86,0.006258273551511933,0.7599999999999999,1.0,0.8160000000000001,Model-matched,1
bank_marketing,rf,treeshap,87,0.08287374468845773,1.0,1.0,0.904,Model-matched,0
bank_marketing,rf,treeshap,88,0.0033963614594807244,0.8399999999999999,1.0,0.8960000000000001,Model-matched,0
bank_marketing,rf,treeshap,89,0.09635615683886475,0.76,1.0,0.76,Model-matched,1
bank_marketing,rf,treeshap,90,0.07013716354500957,0.92,1.0,0.848,Model-matched,0
bank_marketing,rf,treeshap,91,0.0012821675555303503,0.8400000000000001,1.0,0.784,Model-matched,0
bank_marketing,rf,treeshap,92,0.10005899749633984,1.0,1.0,0.848,Model-matched,0
bank_marketing,rf,treeshap,93,0.06331010831597203,1.0,1.0,0.88,Model-matched,0
bank_marketing,rf,treeshap,94,0.000649209175455145,0.7199999999999999,1.0,0.872,Model-matched,1
bank_marketing,rf,treeshap,95,0.02359597966742409,0.92,1.0,0.8,Model-matched,0
bank_marketing,rf,treeshap,96,0.005136195456049331,0.86,1.0,0.888,Model-matched,0
bank_marketing,rf,treeshap,97,0.0281763880777224,0.86,1.0,0.912,Model-matched,0
bank_marketing,rf,treeshap,98,0.03486464883563044,1.0,1.0,0.92,Model-matched,0
bank_marketing,rf,treeshap,99,0.1035801380342282,0.8400000000000001,1.0,0.9279999999999999,Model-matched,0
bank_marketing,rf,treeshap,100,0.07042494606098489,1.0,1.0,0.912,Model-matched,0
bank_marketing,rf,treeshap,101,0.09092109555368173,1.0,1.0,0.9359999999999999,Model-matched,0
bank_marketing,rf,treeshap,102,0.008940324427258227,0.7999999999999999,1.0,0.728,Model-matched,1
bank_marketing,rf,treeshap,103,0.11985946154304884,0.92,1.0,0.96,Model-matched,0
bank_marketing,rf,treeshap,104,0.05712218370065246,1.0,1.0,0.9440000000000001,Model-matched,0
bank_marketing,rf,treeshap,105,0.06235116663630445,0.9200000000000002,1.0,0.8640000000000001,Model-matched,0
bank_marketing,rf,treeshap,106,0.06373943283625003,1.0,1.0,0.8960000000000001,Model-matched,0
bank_marketing,rf,treeshap,107,0.04004919122055288,1.0,1.0,0.9440000000000001,Model-matched,0
bank_marketing,rf,treeshap,108,0.008429660046218423,0.82,1.0,0.976,Model-matched,0
bank_marketing,rf,treeshap,109,0.038844736689026736,0.92,1.0,0.752,Model-matched,0
bank_marketing,rf,treeshap,110,0.01582276160063579,0.86,1.0,0.848,Model-matched,0
bank_marketing,rf,treeshap,111,0.035205733077261506,1.0,1.0,0.888,Model-matched,0
bank_marketing,rf,treeshap,112,0.15877058022216037,0.92,1.0,0.904,Model-matched,0
bank_marketing,rf,treeshap,113,0.01459750071083316,1.0,1.0,0.8959999999999999,Model-matched,0
bank_marketing,rf,treeshap,114,0.08849147584585666,1.0,1.0,0.888,Model-matched,0
bank_marketing,rf,treeshap,115,0.0229358934754248,1.0,1.0,0.872,Model-matched,0
bank_marketing,rf,treeshap,116,0.1133189860910113,1.0,1.0,0.9279999999999999,Model-matched,0
bank_marketing,rf,treeshap,117,0.019071197740502605,0.92,1.0,0.88,Model-matched,0
bank_marketing,rf,treeshap,118,0.12419352931624957,1.0,1.0,0.8960000000000001,Model-matched,0
bank_marketing,rf,treeshap,119,0.051014327788473056,0.8399999999999999,1.0,0.8240000000000001,Model-matched,0
bank_marketing,rf,treeshap,120,0.043067643359449403,1.0,1.0,0.872,Model-matched,0
bank_marketing,rf,treeshap,121,0.020830605936413144,1.0,1.0,0.888,Model-matched,0
bank_marketing,rf,treeshap,122,0.10311411798770055,1.0,1.0,0.8960000000000001,Model-matched,0
bank_marketing,rf,treeshap,123,0.00806635775633451,0.92,1.0,0.784,Model-matched,0
bank_marketing,rf,treeshap,124,0.021697813104971667,0.92,1.0,0.888,Model-matched,0
bank_marketing,rf,treeshap,125,0.00823960919281266,0.92,1.0,0.8160000000000001,Model-matched,0
bank_marketing,rf,treeshap,126,0.008092179272098005,0.8800000000000001,1.0,0.8160000000000001,Model-matched,0
bank_marketing,rf,treeshap,127,0.016801699817043318,0.8799999999999999,1.0,0.752,Model-matched,0
bank_marketing,rf,treeshap,128,0.09308104126239593,1.0,1.0,0.872,Model-matched,0
bank_marketing,rf,treeshap,129,0.002905561444621275,0.74,1.0,0.7440000000000001,Model-matched,1
bank_marketing,rf,treeshap,130,0.02753917863126126,0.8400000000000001,1.0,0.792,Model-matched,0
bank_marketing,rf,treeshap,131,0.004390972666582255,0.7799999999999999,1.0,0.8079999999999999,Model-matched,1
bank_marketing,rf,treeshap,132,0.1536338663671925,0.92,1.0,0.9840000000000001,Model-matched,0
bank_marketing,rf,treeshap,133,0.048154385640764685,0.92,1.0,0.7760000000000001,Model-matched,0
bank_marketing,rf,treeshap,134,0.003980170913525291,0.82,1.0,0.768,Model-matched,0
bank_marketing,rf,treeshap,135,0.010643277753808734,0.8799999999999999,1.0,0.9359999999999999,Model-matched,0
bank_marketing,rf,treeshap,136,0.09116350920381372,1.0,1.0,0.904,Model-matched,0
bank_marketing,rf,treeshap,137,0.11486192343151154,1.0,1.0,0.8240000000000001,Model-matched,0
bank_marketing,rf,treeshap,138,0.0020860442198605915,0.86,1.0,0.768,Model-matched,0
bank_marketing,rf,treeshap,139,0.03408477600606124,0.92,1.0,0.8960000000000001,Model-matched,0
bank_marketing,rf,treeshap,140,0.08709246642299827,0.92,1.0,0.856,Model-matched,0
bank_marketing,rf,treeshap,141,0.016313368614154656,0.92,1.0,0.968,Model-matched,0
bank_marketing,rf,treeshap,142,0.0009885141839272795,1.0,1.0,0.904,Model-matched,0
bank_marketing,rf,treeshap,143,0.015033872829323882,0.7999999999999999,1.0,0.8,Model-matched,1
bank_marketing,rf,treeshap,144,0.011643420523839295,0.8400000000000001,1.0,0.7360000000000001,Model-matched,0
bank_marketing,rf,treeshap,145,0.03501918991213244,0.86,1.0,0.8240000000000001,Model-matched,0
bank_marketing,rf,treeshap,146,0.010939067243612842,0.86,1.0,0.848,Model-matched,0
bank_marketing,rf,treeshap,147,0.0006691532980890619,0.8400000000000001,1.0,0.8160000000000001,Model-matched,0
bank_marketing,rf,treeshap,148,0.016234078049682573,0.92,1.0,0.8640000000000001,Model-matched,0
bank_marketing,rf,treeshap,149,0.05615413703258734,0.92,1.0,0.8079999999999999,Model-matched,0
bank_marketing,rf,treeshap,150,0.010909493955787606,0.82,1.0,0.88,Model-matched,0
bank_marketing,rf,treeshap,151,0.03278427829847229,0.8399999999999999,1.0,0.8320000000000001,Model-matched,0
bank_marketing,rf,treeshap,152,0.035779794903689904,0.92,1.0,0.888,Model-matched,0
bank_marketing,rf,treeshap,153,0.011461559020044976,1.0,1.0,0.8079999999999999,Model-matched,0
bank_marketing,rf,treeshap,154,0.05744494349314096,0.9200000000000002,1.0,0.872,Model-matched,0
bank_marketing,rf,treeshap,155,0.05233365440747915,0.92,1.0,0.8320000000000001,Model-matched,0
bank_marketing,rf,treeshap,156,0.007514049136941976,0.92,1.0,0.8160000000000001,Model-matched,0
bank_marketing,rf,treeshap,157,0.035681802798739864,1.0,1.0,0.8160000000000001,Model-matched,0
bank_marketing,rf,treeshap,158,0.005174405887656214,0.92,1.0,0.904,Model-matched,0
bank_marketing,rf,treeshap,159,0.0684301906353425,0.8400000000000001,1.0,0.8160000000000001,Model-matched,0
bank_marketing,rf,treeshap,160,0.00887439609887103,0.92,1.0,0.912,Model-matched,0
bank_marketing,rf,treeshap,161,0.015174643301203345,0.8799999999999999,1.0,0.8608695652173913,Model-matched,0
bank_marketing,rf,treeshap,162,0.015165681199044002,0.8799999999999999,1.0,0.8560000000000001,Model-matched,0
bank_marketing,rf,treeshap,163,0.00592149977419922,0.7999999999999999,1.0,0.872,Model-matched,1
bank_marketing,rf,treeshap,164,0.003883949941058819,0.86,1.0,0.784,Model-matched,0
bank_marketing,rf,treeshap,165,0.0710773781349474,0.74,1.0,0.7760000000000001,Model-matched,1
bank_marketing,rf,treeshap,166,0.061502564967130115,0.8799999999999999,1.0,0.8079999999999999,Model-matched,0
bank_marketing,rf,treeshap,167,0.00014913783079994764,0.92,1.0,0.8952380952380953,Model-matched,0
bank_marketing,rf,treeshap,168,0.038539264861464556,1.0,1.0,0.912,Model-matched,0
bank_marketing,rf,treeshap,169,0.003725752299455092,0.7799999999999999,1.0,0.8160000000000001,Model-matched,1
bank_marketing,rf,treeshap,170,0.12146721095328937,1.0,1.0,1.0,Model-matched,0
bank_marketing,rf,treeshap,171,0.0012034924643495792,0.86,1.0,0.84,Model-matched,0
bank_marketing,rf,treeshap,172,0.0196192787581901,0.8799999999999999,1.0,0.8960000000000001,Model-matched,0
bank_marketing,rf,treeshap,173,0.021590764841454994,1.0,1.0,0.8,Model-matched,0
bank_marketing,rf,treeshap,174,0.0004269823266111513,0.82,1.0,0.8160000000000001,Model-matched,0
bank_marketing,rf,treeshap,175,0.0373490251360721,1.0,1.0,0.8959999999999999,Model-matched,0
bank_marketing,rf,treeshap,176,0.04587721178073669,1.0,1.0,0.8560000000000001,Model-matched,0
bank_marketing,rf,treeshap,177,0.03863184654582605,0.7999999999999999,1.0,0.7760000000000001,Model-matched,1
bank_marketing,rf,treeshap,178,0.024451690046724255,0.92,1.0,0.8640000000000001,Model-matched,0
bank_marketing,rf,treeshap,179,0.03906396642964629,0.92,1.0,0.7360000000000001,Model-matched,0
bank_marketing,rf,treeshap,180,0.025610690707577093,0.7999999999999999,1.0,0.8079999999999999,Model-matched,1
bank_marketing,rf,treeshap,181,0.0003436532925998752,0.8399999999999999,1.0,0.8240000000000001,Model-matched,0
bank_marketing,rf,treeshap,182,0.005848431766047927,0.92,1.0,0.8,Model-matched,0
bank_marketing,rf,treeshap,183,0.00917964164392461,0.92,1.0,0.88,Model-matched,0
bank_marketing,rf,treeshap,184,0.010272427837044533,0.7599999999999999,1.0,0.7440000000000001,Model-matched,1
bank_marketing,rf,treeshap,185,0.07293963502901885,1.0,1.0,0.8079999999999999,Model-matched,0
bank_marketing,rf,treeshap,186,0.004173626447388425,0.92,1.0,0.9359999999999999,Model-matched,0
bank_marketing,rf,treeshap,187,0.06424108052522116,0.92,1.0,0.92,Model-matched,0
bank_marketing,rf,treeshap,188,0.10929752774104431,0.86,1.0,0.912,Model-matched,0
bank_marketing,rf,treeshap,189,0.08833366868511006,1.0,1.0,0.8960000000000001,Model-matched,0
bank_marketing,rf,treeshap,190,0.047425855622925395,1.0,1.0,0.84,Model-matched,0
bank_marketing,rf,treeshap,191,0.04405832298256285,1.0,1.0,0.792,Model-matched,0
bank_marketing,rf,treeshap,192,0.04062473869982258,1.0,1.0,0.8079999999999999,Model-matched,0
bank_marketing,rf,treeshap,193,0.07642195543235555,0.8799999999999999,1.0,0.848,Model-matched,0
bank_marketing,rf,treeshap,194,0.03779476560813301,1.0,1.0,0.728,Model-matched,0
bank_marketing,rf,treeshap,195,0.08116634728868072,1.0,1.0,0.872,Model-matched,0
bank_marketing,rf,treeshap,196,0.0901073846658478,1.0,1.0,1.0,Model-matched,0
bank_marketing,rf,treeshap,197,0.014050903856928101,0.86,1.0,0.8,Model-matched,0
bank_marketing,rf,treeshap,198,0.036534384823730365,0.92,1.0,0.768,Model-matched,0
bank_marketing,rf,treeshap,199,0.008727517739543576,0.8400000000000001,1.0,0.848,Model-matched,0
bank_marketing,rf,treeshap,200,0.0034493193207975194,0.86,1.0,1.0,Model-matched,0
bank_marketing,rf,treeshap,201,0.025212203858373094,0.8799999999999999,1.0,1.0,Model-matched,0
bank_marketing,rf,treeshap,202,0.0006773211623405914,0.92,1.0,1.0,Model-matched,0
bank_marketing,rf,treeshap,203,0.12905100659928992,0.8400000000000001,1.0,1.0,Model-matched,0
bank_marketing,rf,treeshap,204,0.06935349434578325,0.7799999999999999,1.0,1.0,Model-matched,1
bank_marketing,rf,treeshap,205,0.024543658004728828,1.0,1.0,1.0,Model-matched,0
bank_marketing,rf,treeshap,206,0.0013855753242545293,0.7999999999999999,1.0,1.0,Model-matched,1
bank_marketing,rf,treeshap,207,0.004276219833820823,0.86,1.0,1.0,Model-matched,0
bank_marketing,rf,treeshap,208,0.02032238175407973,0.92,1.0,1.0,Model-matched,0
bank_marketing,rf,treeshap,209,0.05426213043527835,0.92,1.0,1.0,Model-matched,0
bank_marketing,rf,treeshap,210,0.026307321293071995,1.0,1.0,1.0,Model-matched,0
bank_marketing,rf,treeshap,211,0.049728307877134094,0.92,1.0,1.0,Model-matched,0
bank_marketing,rf,treeshap,212,0.056880462778870725,1.0,1.0,1.0,Model-matched,0
bank_marketing,rf,treeshap,213,0.02394201845481953,0.7599999999999999,1.0,1.0,Model-matched,1
bank_marketing,rf,treeshap,214,0.029308788189519073,0.8400000000000001,1.0,1.0,Model-matched,0
bank_marketing,rf,treeshap,215,0.011449960098491887,0.86,1.0,1.0,Model-matched,0
bank_marketing,rf,treeshap,216,0.06345834113624697,0.92,1.0,1.0,Model-matched,0
bank_marketing,rf,treeshap,217,0.02682948643963559,0.8799999999999999,1.0,1.0,Model-matched,0
bank_marketing,rf,treeshap,218,0.012982520655393142,0.82,1.0,1.0,Model-matched,0
bank_marketing,rf,treeshap,219,0.051781409292381286,1.0,1.0,1.0,Model-matched,0
bank_marketing,rf,treeshap,220,0.06705945513292069,0.8,1.0,1.0,Model-matched,0
bank_marketing,rf,treeshap,221,0.013943926464544069,0.7399999999999999,1.0,1.0,Model-matched,1
bank_marketing,rf,treeshap,222,0.02434739470917644,1.0,1.0,1.0,Model-matched,0
bank_marketing,rf,treeshap,223,0.054223754931883084,0.86,1.0,1.0,Model-matched,0
bank_marketing,rf,treeshap,224,0.004792549826964998,0.6599999999999999,1.0,1.0,Model-matched,1
bank_marketing,rf,treeshap,225,0.018194439656203053,1.0,1.0,1.0,Model-matched,0
bank_marketing,rf,treeshap,226,0.07868545237188852,0.8799999999999999,1.0,1.0,Model-matched,0
bank_marketing,rf,treeshap,227,0.11334201867130284,1.0,1.0,1.0,Model-matched,0
bank_marketing,rf,treeshap,228,0.006084289791410105,0.86,1.0,1.0,Model-matched,0
bank_marketing,rf,treeshap,229,0.01207590794996015,0.92,1.0,1.0,Model-matched,0
bank_marketing,rf,treeshap,230,0.05527261603383574,0.92,1.0,1.0,Model-matched,0
bank_marketing,rf,treeshap,231,0.008516026403812672,0.7999999999999999,1.0,1.0,Model-matched,1
bank_marketing,rf,treeshap,232,0.09458554237850272,0.8400000000000001,1.0,1.0,Model-matched,0
bank_marketing,rf,treeshap,233,0.04141663435290857,0.8799999999999999,1.0,1.0,Model-matched,0
bank_marketing,rf,treeshap,234,0.112502741111673,1.0,1.0,1.0,Model-matched,0
bank_marketing,rf,treeshap,235,0.04534484546225444,1.0,1.0,1.0,Model-matched,0
bank_marketing,rf,treeshap,236,0.052881366758881096,0.8799999999999999,1.0,1.0,Model-matched,0
bank_marketing,rf,treeshap,237,0.02947147509689436,0.8800000000000001,1.0,1.0,Model-matched,0
bank_marketing,rf,treeshap,238,0.026220741033356,0.86,1.0,1.0,Model-matched,0
bank_marketing,rf,treeshap,239,0.0529746911962242,1.0,1.0,1.0,Model-matched,0
bank_marketing,rf,treeshap,240,0.07777781257024505,0.74,1.0,1.0,Model-matched,1
bank_marketing,rf,treeshap,241,0.040859756321162025,0.86,1.0,1.0,Model-matched,0
bank_marketing,rf,treeshap,242,0.023047522473468935,0.92,1.0,1.0,Model-matched,0
bank_marketing,rf,treeshap,243,0.012371761880274655,0.92,1.0,1.0,Model-matched,0
bank_marketing,rf,treeshap,244,0.0404675487929565,1.0,1.0,1.0,Model-matched,0
bank_marketing,rf,treeshap,245,0.008769735028088269,0.92,1.0,1.0,Model-matched,0
bank_marketing,rf,treeshap,246,0.012610499913174969,0.8,1.0,1.0,Model-matched,0
bank_marketing,rf,treeshap,247,0.027639523893190104,0.8400000000000001,1.0,1.0,Model-matched,0
bank_marketing,rf,treeshap,248,0.0373541656560355,0.86,1.0,1.0,Model-matched,0
bank_marketing,rf,treeshap,249,0.03117016847652252,0.86,1.0,1.0,Model-matched,0
bank_marketing,rf,treeshap,250,0.05874363705003168,0.8799999999999999,1.0,1.0,Model-matched,0
bank_marketing,rf,treeshap,251,0.10212364997990026,1.0,1.0,1.0,Model-matched,0
bank_marketing,rf,treeshap,252,0.028369978103129845,0.8799999999999999,1.0,1.0,Model-matched,0
bank_marketing,rf,treeshap,253,0.02246999682693446,0.8399999999999999,1.0,1.0,Model-matched,0
bank_marketing,rf,treeshap,254,0.040182901276410506,0.7999999999999999,1.0,1.0,Model-matched,1
bank_marketing,rf,treeshap,255,0.009347933843908057,0.9200000000000002,1.0,1.0,Model-matched,0
bank_marketing,rf,treeshap,256,0.04696558201506441,0.92,1.0,1.0,Model-matched,0
bank_marketing,rf,treeshap,257,0.005067738803028777,0.8400000000000001,1.0,1.0,Model-matched,0
bank_marketing,rf,treeshap,258,0.007033693176682805,0.7199999999999999,1.0,1.0,Model-matched,1
bank_marketing,rf,treeshap,259,0.12561973027608433,1.0,1.0,1.0,Model-matched,0
bank_marketing,rf,treeshap,260,0.03135917320465545,0.92,1.0,1.0,Model-matched,0
bank_marketing,rf,treeshap,261,0.11723799942903762,1.0,1.0,1.0,Model-matched,0
bank_marketing,rf,treeshap,262,0.011503625844111217,0.8800000000000001,1.0,1.0,Model-matched,0
bank_marketing,rf,treeshap,263,0.013476614493717542,0.86,1.0,1.0,Model-matched,0
bank_marketing,rf,treeshap,264,0.1357409445432136,1.0,1.0,1.0,Model-matched,0
bank_marketing,rf,treeshap,265,0.013813512716891779,0.86,1.0,1.0,Model-matched,0
bank_marketing,rf,treeshap,266,0.096432595418236,1.0,1.0,1.0,Model-matched,0
bank_marketing,rf,treeshap,267,0.023863686996056774,1.0,1.0,1.0,Model-matched,0
bank_marketing,rf,treeshap,268,0.08242849257599572,1.0,1.0,1.0,Model-matched,0
bank_marketing,rf,treeshap,269,0.025369918713210187,0.92,1.0,1.0,Model-matched,0
bank_marketing,rf,treeshap,270,0.026002730894115842,0.92,1.0,1.0,Model-matched,0
bank_marketing,rf,treeshap,271,0.10280168151590026,0.9200000000000002,1.0,1.0,Model-matched,0
bank_marketing,rf,treeshap,272,0.030037828639843483,1.0,1.0,1.0,Model-matched,0
bank_marketing,rf,treeshap,273,0.007268769176890328,0.86,1.0,1.0,Model-matched,0
bank_marketing,rf,treeshap,274,0.0413333790706515,0.92,1.0,1.0,Model-matched,0
bank_marketing,rf,treeshap,275,0.017388960879006838,0.7999999999999999,1.0,1.0,Model-matched,1
bank_marketing,rf,treeshap,276,0.1034234397428358,0.7399999999999999,1.0,1.0,Model-matched,1
bank_marketing,rf,treeshap,277,0.024423487336902736,1.0,1.0,1.0,Model-matched,0
bank_marketing,rf,treeshap,278,0.03166206463984573,1.0,1.0,1.0,Model-matched,0
bank_marketing,rf,treeshap,279,0.10285410617204235,0.7599999999999999,1.0,1.0,Model-matched,1
bank_marketing,rf,treeshap,280,0.031773835026575104,0.8800000000000001,1.0,1.0,Model-matched,0
bank_marketing,rf,treeshap,281,0.10447898495317133,1.0,1.0,1.0,Model-matched,0
bank_marketing,rf,treeshap,282,0.04796178983762074,0.86,1.0,1.0,Model-matched,0
bank_marketing,rf,treeshap,283,0.01365428901854999,0.86,1.0,1.0,Model-matched,0
bank_marketing,rf,treeshap,284,0.14560037271667747,1.0,1.0,1.0,Model-matched,0
bank_marketing,rf,treeshap,285,0.04482021876076657,1.0,1.0,1.0,Model-matched,0
bank_marketing,rf,treeshap,286,0.07560607903367249,1.0,1.0,1.0,Model-matched,0
bank_marketing,rf,treeshap,287,0.0019140427874005698,0.82,1.0,1.0,Model-matched,0
bank_marketing,rf,treeshap,288,0.012997772836403704,0.86,1.0,1.0,Model-matched,0
bank_marketing,rf,treeshap,289,0.12854616259601834,1.0,1.0,1.0,Model-matched,0
bank_marketing,rf,treeshap,290,0.03417893482096671,0.8799999999999999,1.0,1.0,Model-matched,0
bank_marketing,rf,treeshap,291,0.0028867921202129485,0.8800000000000001,1.0,1.0,Model-matched,0
bank_marketing,rf,treeshap,292,0.0181168731531495,0.8399999999999999,1.0,1.0,Model-matched,0
bank_marketing,rf,treeshap,293,0.050793469403927066,1.0,1.0,1.0,Model-matched,0
bank_marketing,rf,treeshap,294,0.004855722669442772,1.0,1.0,1.0,Model-matched,0
bank_marketing,rf,treeshap,295,0.03077193296935326,0.92,1.0,1.0,Model-matched,0
bank_marketing,rf,treeshap,296,0.008827934578875684,0.86,1.0,1.0,Model-matched,0
bank_marketing,rf,treeshap,297,0.05095618802462037,0.92,1.0,1.0,Model-matched,0
bank_marketing,rf,treeshap,298,0.05783457223330089,0.86,1.0,1.0,Model-matched,0
bank_marketing,rf,treeshap,299,0.006369017120667041,0.92,1.0,1.0,Model-matched,0
bank_marketing,rf,treeshap,300,0.030132053656727026,0.82,1.0,1.0,Model-matched,0
bank_marketing,rf,treeshap,301,0.004807861698054454,0.7599999999999999,1.0,1.0,Model-matched,1
bank_marketing,rf,treeshap,302,0.10892661916036543,0.86,1.0,1.0,Model-matched,0
bank_marketing,rf,treeshap,303,0.036504988326467855,0.92,1.0,1.0,Model-matched,0
bank_marketing,rf,treeshap,304,0.010753070087797984,0.82,1.0,1.0,Model-matched,0
bank_marketing,rf,treeshap,305,0.005297682229362002,0.92,1.0,1.0,Model-matched,0
bank_marketing,rf,treeshap,306,0.006196805053554285,0.8400000000000001,1.0,1.0,Model-matched,0
bank_marketing,rf,treeshap,307,0.027887662057938193,0.8799999999999999,1.0,1.0,Model-matched,0
bank_marketing,rf,treeshap,308,0.01270924277960473,0.92,1.0,1.0,Model-matched,0
bank_marketing,rf,treeshap,309,0.055257535464570615,0.8400000000000001,1.0,1.0,Model-matched,0
bank_marketing,rf,treeshap,310,0.05973264381993692,1.0,1.0,1.0,Model-matched,0
bank_marketing,rf,treeshap,311,0.04615115923903714,0.82,1.0,1.0,Model-matched,0
bank_marketing,rf,treeshap,312,0.024221423830522382,0.7599999999999999,1.0,1.0,Model-matched,1
bank_marketing,rf,treeshap,313,0.013719789429058061,0.8400000000000001,1.0,1.0,Model-matched,0
bank_marketing,rf,treeshap,314,0.016526494367760568,0.8400000000000001,1.0,1.0,Model-matched,0
bank_marketing,rf,treeshap,315,0.031152295925993903,0.8400000000000001,1.0,1.0,Model-matched,0
bank_marketing,rf,treeshap,316,0.00032896550557212243,1.0,1.0,1.0,Model-matched,0
bank_marketing,rf,treeshap,317,0.0385104582161313,1.0,1.0,1.0,Model-matched,0
bank_marketing,rf,treeshap,318,0.10007374811946965,0.7999999999999999,1.0,1.0,Model-matched,1
bank_marketing,rf,treeshap,319,0.025640990011231577,0.8800000000000001,1.0,1.0,Model-matched,0
bank_marketing,rf,treeshap,320,0.008655027548732885,0.7599999999999999,1.0,1.0,Model-matched,1
bank_marketing,rf,treeshap,321,0.05787174196517715,0.86,1.0,1.0,Model-matched,0
bank_marketing,rf,treeshap,322,0.0005833683088645085,0.8800000000000001,1.0,1.0,Model-matched,0
bank_marketing,rf,treeshap,323,0.017900878116492984,0.8800000000000001,1.0,1.0,Model-matched,0
bank_marketing,rf,treeshap,324,0.10988256598296801,1.0,1.0,1.0,Model-matched,0
bank_marketing,rf,treeshap,325,0.01673154755587827,0.8399999999999999,1.0,1.0,Model-matched,0
bank_marketing,rf,treeshap,326,0.04819317647508505,0.86,1.0,1.0,Model-matched,0
bank_marketing,rf,treeshap,327,0.06871946009844018,1.0,1.0,1.0,Model-matched,0
bank_marketing,rf,treeshap,328,0.022146105965785444,0.92,1.0,1.0,Model-matched,0
bank_marketing,rf,treeshap,329,0.07158565474888731,1.0,1.0,1.0,Model-matched,0
bank_marketing,rf,treeshap,330,0.00734993048044563,0.8400000000000001,1.0,1.0,Model-matched,0
bank_marketing,rf,treeshap,331,0.001329630556358896,0.6599999999999999,1.0,1.0,Model-matched,1
bank_marketing,rf,treeshap,332,0.015203586640564622,1.0,1.0,1.0,Model-matched,0
bank_marketing,rf,treeshap,333,0.017721159642721238,0.8800000000000001,1.0,1.0,Model-matched,0
bank_marketing,rf,treeshap,334,0.08158156246527584,1.0,1.0,1.0,Model-matched,0
bank_marketing,rf,treeshap,335,0.06781157174065669,1.0,1.0,1.0,Model-matched,0
bank_marketing,rf,treeshap,336,0.06596089615372816,0.92,1.0,1.0,Model-matched,0
bank_marketing,rf,treeshap,337,0.0017329835179139496,0.8799999999999999,1.0,1.0,Model-matched,0
bank_marketing,rf,treeshap,338,0.013227012625845132,0.9200000000000002,1.0,1.0,Model-matched,0
bank_marketing,rf,treeshap,339,0.010957606639402364,0.7799999999999999,1.0,1.0,Model-matched,1
bank_marketing,rf,treeshap,340,0.039670298966828506,1.0,1.0,1.0,Model-matched,0
bank_marketing,rf,treeshap,341,0.040442234121952685,0.92,1.0,1.0,Model-matched,0
bank_marketing,rf,treeshap,342,0.018627299575728864,0.92,1.0,1.0,Model-matched,0
bank_marketing,rf,treeshap,343,0.028748852244117138,0.92,1.0,1.0,Model-matched,0
bank_marketing,rf,treeshap,344,0.15009596330443417,1.0,1.0,1.0,Model-matched,0
bank_marketing,rf,treeshap,345,0.006916998910764002,0.86,1.0,1.0,Model-matched,0
bank_marketing,rf,treeshap,346,0.05499722662548373,1.0,1.0,1.0,Model-matched,0
bank_marketing,rf,treeshap,347,0.045147356305342654,1.0,1.0,1.0,Model-matched,0
bank_marketing,rf,treeshap,348,0.011541206228369957,0.86,1.0,1.0,Model-matched,0
bank_marketing,rf,treeshap,349,0.05305611163548005,0.86,1.0,1.0,Model-matched,0
bank_marketing,rf,treeshap,350,0.03976552265866053,0.8400000000000001,1.0,1.0,Model-matched,0
bank_marketing,rf,treeshap,351,0.07072345791315689,1.0,1.0,1.0,Model-matched,0
bank_marketing,rf,treeshap,352,0.3578627209499261,1.0,1.0,1.0,Model-matched,0
bank_marketing,rf,treeshap,353,0.010119263293396604,0.8799999999999999,1.0,1.0,Model-matched,0
bank_marketing,rf,treeshap,354,0.02449932463156871,0.8800000000000001,1.0,1.0,Model-matched,0
bank_marketing,rf,treeshap,355,0.0743638440360291,0.92,1.0,1.0,Model-matched,0
bank_marketing,rf,treeshap,356,0.04733965589938684,0.92,1.0,1.0,Model-matched,0
bank_marketing,rf,treeshap,357,0.109978390505307,1.0,1.0,1.0,Model-matched,0
bank_marketing,rf,treeshap,358,0.055940095358894146,0.92,1.0,1.0,Model-matched,0
bank_marketing,rf,treeshap,359,0.1407132601046351,1.0,1.0,1.0,Model-matched,0
bank_marketing,rf,treeshap,360,0.09026755070245185,1.0,1.0,1.0,Model-matched,0
bank_marketing,rf,treeshap,361,0.0009044758815159136,0.92,1.0,1.0,Model-matched,0
bank_marketing,rf,treeshap,362,0.06454832326994084,0.8800000000000001,1.0,1.0,Model-matched,0
bank_marketing,rf,treeshap,363,0.03380224597210694,0.6999999999999998,1.0,1.0,Model-matched,1
bank_marketing,rf,treeshap,364,0.07826773980533441,1.0,1.0,1.0,Model-matched,0
bank_marketing,rf,treeshap,365,0.009143432051229188,0.8800000000000001,1.0,1.0,Model-matched,0
bank_marketing,rf,treeshap,366,0.015122724850089394,0.7799999999999999,1.0,1.0,Model-matched,1
bank_marketing,rf,treeshap,367,0.04568058663658085,0.82,1.0,1.0,Model-matched,0
bank_marketing,rf,treeshap,368,0.06471572438118503,0.7999999999999999,1.0,1.0,Model-matched,1
bank_marketing,rf,treeshap,369,0.052049148196247334,1.0,1.0,1.0,Model-matched,0
bank_marketing,rf,treeshap,370,0.05410897745722232,1.0,1.0,1.0,Model-matched,0
bank_marketing,rf,treeshap,371,0.037956048088921134,0.8399999999999999,1.0,1.0,Model-matched,0
bank_marketing,rf,treeshap,372,0.04354455021769301,1.0,1.0,1.0,Model-matched,0
bank_marketing,rf,treeshap,373,0.001531299848803445,0.92,1.0,1.0,Model-matched,0
bank_marketing,rf,treeshap,374,0.01876240439401049,0.92,1.0,1.0,Model-matched,0
bank_marketing,rf,treeshap,375,0.01372000930745243,0.7999999999999999,1.0,1.0,Model-matched,1
bank_marketing,rf,treeshap,376,0.06059335619003137,0.86,1.0,1.0,Model-matched,0
bank_marketing,rf,treeshap,377,0.00773966711356469,0.8800000000000001,1.0,1.0,Model-matched,0
bank_marketing,rf,treeshap,378,0.005802090468918609,0.92,1.0,1.0,Model-matched,0
bank_marketing,rf,treeshap,379,0.00711736488468351,0.82,1.0,1.0,Model-matched,0
bank_marketing,rf,treeshap,380,0.058224664200742224,1.0,1.0,1.0,Model-matched,0
bank_marketing,rf,treeshap,381,0.05439379739207233,1.0,1.0,1.0,Model-matched,0
bank_marketing,rf,treeshap,382,0.011803202583548339,1.0,1.0,1.0,Model-matched,0
bank_marketing,rf,treeshap,383,0.04093669858657039,0.7599999999999999,1.0,1.0,Model-matched,1
bank_marketing,rf,treeshap,384,0.07823621515779208,1.0,1.0,1.0,Model-matched,0
bank_marketing,rf,treeshap,385,0.13929494543755325,0.8800000000000001,1.0,1.0,Model-matched,0
bank_marketing,rf,treeshap,386,0.0030219602981247937,0.7999999999999999,1.0,1.0,Model-matched,1
bank_marketing,rf,treeshap,387,0.003512209445282364,0.72,1.0,1.0,Model-matched,1
bank_marketing,rf,treeshap,388,0.03604172482001065,0.82,1.0,1.0,Model-matched,0
bank_marketing,rf,treeshap,389,0.020108375665106513,0.8400000000000001,1.0,1.0,Model-matched,0
bank_marketing,rf,treeshap,390,0.04914436941312476,0.92,1.0,1.0,Model-matched,0
bank_marketing,rf,treeshap,391,0.04376826656369115,0.86,1.0,1.0,Model-matched,0
bank_marketing,rf,treeshap,392,0.028082505401095727,0.8800000000000001,1.0,1.0,Model-matched,0
bank_marketing,rf,treeshap,393,0.04071571866412942,1.0,1.0,1.0,Model-matched,0
bank_marketing,rf,treeshap,394,0.0010668640213152315,0.8800000000000001,1.0,1.0,Model-matched,0
bank_marketing,rf,treeshap,395,0.015484722499669281,0.92,1.0,1.0,Model-matched,0
bank_marketing,rf,treeshap,396,0.0568577399427436,0.8399999999999999,1.0,1.0,Model-matched,0
bank_marketing,rf,treeshap,397,0.006993410748663532,1.0,1.0,1.0,Model-matched,0
bank_marketing,rf,treeshap,398,0.13608979987923855,1.0,1.0,1.0,Model-matched,0
bank_marketing,rf,treeshap,399,0.07797383579868612,0.92,1.0,1.0,Model-matched,0
bank_marketing,rf,treeshap,400,0.01871946141897517,0.92,1.0,1.0,Model-matched,0
bank_marketing,rf,treeshap,401,0.04326367640885665,0.86,1.0,1.0,Model-matched,0
bank_marketing,rf,treeshap,402,0.04184894404673187,0.8400000000000001,1.0,1.0,Model-matched,0
bank_marketing,rf,treeshap,403,0.011349067844951915,0.8799999999999999,1.0,1.0,Model-matched,0
bank_marketing,rf,treeshap,404,0.02773172261771838,1.0,1.0,1.0,Model-matched,0
bank_marketing,rf,treeshap,405,0.035733084682018176,0.8400000000000001,1.0,1.0,Model-matched,0
bank_marketing,rf,treeshap,406,0.008135697024083146,0.86,1.0,1.0,Model-matched,0
bank_marketing,rf,treeshap,407,0.054556309389959416,0.8800000000000001,1.0,1.0,Model-matched,0
bank_marketing,rf,treeshap,408,0.1580773422443037,0.92,1.0,1.0,Model-matched,0
bank_marketing,rf,treeshap,409,0.07264702083250348,1.0,1.0,1.0,Model-matched,0
bank_marketing,rf,treeshap,410,0.05755990740673757,0.86,1.0,1.0,Model-matched,0
bank_marketing,rf,treeshap,411,0.16727215260303635,0.86,1.0,1.0,Model-matched,0
bank_marketing,rf,treeshap,412,0.03293850257522666,0.8400000000000001,1.0,1.0,Model-matched,0
bank_marketing,rf,treeshap,413,0.039407730494035564,0.8400000000000001,1.0,1.0,Model-matched,0
bank_marketing,rf,treeshap,414,0.025267692194662458,1.0,1.0,1.0,Model-matched,0
bank_marketing,rf,treeshap,415,0.02076670299802712,0.7999999999999999,1.0,1.0,Model-matched,1
bank_marketing,rf,treeshap,416,0.004581069221390509,0.86,1.0,1.0,Model-matched,0
bank_marketing,rf,treeshap,417,0.019017245679497956,0.86,1.0,1.0,Model-matched,0
bank_marketing,rf,treeshap,418,0.03836065855583127,0.9200000000000002,1.0,1.0,Model-matched,0
bank_marketing,rf,treeshap,419,0.09939152902812656,0.86,1.0,1.0,Model-matched,0
bank_marketing,rf,treeshap,420,0.10059257527646841,0.8400000000000001,1.0,1.0,Model-matched,0
bank_marketing,rf,treeshap,421,0.0303605145204977,0.86,1.0,1.0,Model-matched,0
bank_marketing,rf,treeshap,422,0.009340350673004198,0.92,1.0,1.0,Model-matched,0
bank_marketing,rf,treeshap,423,0.015270006318143932,0.92,1.0,1.0,Model-matched,0
bank_marketing,rf,treeshap,424,0.00981595762923928,0.86,1.0,1.0,Model-matched,0
bank_marketing,rf,treeshap,425,0.011672361771574633,0.8799999999999999,1.0,1.0,Model-matched,0
bank_marketing,rf,treeshap,426,0.015166416054266914,0.86,1.0,1.0,Model-matched,0
bank_marketing,rf,treeshap,427,0.01495921832143636,0.86,1.0,1.0,Model-matched,0
bank_marketing,rf,treeshap,428,0.034960785783605564,0.74,1.0,1.0,Model-matched,1
bank_marketing,rf,treeshap,429,0.0024813188560166293,0.8799999999999999,1.0,1.0,Model-matched,0
bank_marketing,rf,treeshap,430,0.06641305336627017,0.7399999999999999,1.0,1.0,Model-matched,1
bank_marketing,rf,treeshap,431,0.006483697437078307,0.82,1.0,1.0,Model-matched,0
bank_marketing,rf,treeshap,432,0.0029533312212991244,0.82,1.0,1.0,Model-matched,0
bank_marketing,rf,treeshap,433,0.03960281975281378,0.8400000000000001,1.0,1.0,Model-matched,0
bank_marketing,rf,treeshap,434,0.011411885518419602,0.82,1.0,1.0,Model-matched,0
bank_marketing,rf,treeshap,435,0.06539700505935997,1.0,1.0,1.0,Model-matched,0
bank_marketing,rf,treeshap,436,0.07912114599262986,1.0,1.0,1.0,Model-matched,0
bank_marketing,rf,treeshap,437,0.048189874248173864,0.8399999999999999,1.0,1.0,Model-matched,0
bank_marketing,rf,treeshap,438,0.027330032388270243,0.92,1.0,1.0,Model-matched,0
bank_marketing,rf,treeshap,439,0.15886721344911697,1.0,1.0,1.0,Model-matched,0
bank_marketing,rf,treeshap,440,4.901737347673978e-05,0.6599999999999999,1.0,1.0,Model-matched,1
bank_marketing,rf,treeshap,441,0.006449941701219802,0.82,1.0,1.0,Model-matched,0
bank_marketing,rf,treeshap,442,0.0626528012570993,1.0,1.0,1.0,Model-matched,0
bank_marketing,rf,treeshap,443,0.1024197167785319,1.0,1.0,1.0,Model-matched,0
bank_marketing,rf,treeshap,444,0.08604030208130681,1.0,1.0,1.0,Model-matched,0
bank_marketing,rf,treeshap,445,0.010010113911743515,0.86,1.0,1.0,Model-matched,0
bank_marketing,rf,treeshap,446,0.09521441013475346,1.0,1.0,1.0,Model-matched,0
bank_marketing,rf,treeshap,447,0.06054371709432352,0.8400000000000001,1.0,1.0,Model-matched,0
bank_marketing,rf,treeshap,448,0.046473480266358384,1.0,1.0,1.0,Model-matched,0
bank_marketing,rf,treeshap,449,0.036673493669778304,0.92,1.0,1.0,Model-matched,0
bank_marketing,rf,treeshap,450,0.017937135132276488,0.82,1.0,1.0,Model-matched,0
bank_marketing,rf,treeshap,451,0.0022869373073544307,0.92,1.0,1.0,Model-matched,0
bank_marketing,rf,treeshap,452,0.021267237680961417,0.86,1.0,1.0,Model-matched,0
bank_marketing,rf,treeshap,453,0.0004753140126871865,0.86,1.0,1.0,Model-matched,0
bank_marketing,rf,treeshap,454,0.06211239622540897,0.92,1.0,1.0,Model-matched,0
bank_marketing,rf,treeshap,455,0.010661121725629464,0.8800000000000001,1.0,1.0,Model-matched,0
bank_marketing,rf,treeshap,456,0.0129063728402363,1.0,1.0,1.0,Model-matched,0
bank_marketing,rf,treeshap,457,0.002390592579151784,0.8400000000000001,1.0,1.0,Model-matched,0
bank_marketing,rf,treeshap,458,0.0010504533746058368,0.86,1.0,1.0,Model-matched,0
bank_marketing,rf,treeshap,459,0.0825895428226179,0.92,1.0,1.0,Model-matched,0
bank_marketing,rf,treeshap,460,0.1727268030028469,0.92,1.0,1.0,Model-matched,0
bank_marketing,rf,treeshap,461,0.06019042363560788,0.8400000000000001,1.0,1.0,Model-matched,0
bank_marketing,rf,treeshap,462,0.006712731537831825,0.8400000000000001,1.0,1.0,Model-matched,0
bank_marketing,rf,treeshap,463,0.028554277984924128,0.92,1.0,1.0,Model-matched,0
bank_marketing,rf,treeshap,464,0.08295754257083242,0.92,1.0,1.0,Model-matched,0
bank_marketing,rf,treeshap,465,0.0037197104949068327,0.8400000000000001,1.0,1.0,Model-matched,0
bank_marketing,rf,treeshap,466,0.0673331042028923,0.8799999999999999,1.0,1.0,Model-matched,0
bank_marketing,rf,treeshap,467,0.002535445649895289,0.7599999999999999,1.0,1.0,Model-matched,1
bank_marketing,rf,treeshap,468,0.062229990891145434,0.86,1.0,1.0,Model-matched,0
bank_marketing,rf,treeshap,469,0.0723084363701566,0.82,1.0,1.0,Model-matched,0
bank_marketing,rf,treeshap,470,0.02617772446636998,1.0,1.0,1.0,Model-matched,0
bank_marketing,rf,treeshap,471,0.02398253917484932,0.86,1.0,1.0,Model-matched,0
bank_marketing,rf,treeshap,472,0.05603913895601286,1.0,1.0,1.0,Model-matched,0
bank_marketing,rf,treeshap,473,0.026390388244574674,0.8799999999999999,1.0,1.0,Model-matched,0
bank_marketing,rf,treeshap,474,0.08523736648510005,0.8399999999999999,1.0,1.0,Model-matched,0
bank_marketing,rf,treeshap,475,0.05449766420374235,0.86,1.0,1.0,Model-matched,0
bank_marketing,rf,treeshap,476,0.02651963941686019,0.92,1.0,1.0,Model-matched,0
bank_marketing,rf,treeshap,477,0.018988814117639415,1.0,1.0,1.0,Model-matched,0
bank_marketing,rf,treeshap,478,0.010493698149131626,0.7599999999999999,1.0,1.0,Model-matched,1
bank_marketing,rf,treeshap,479,0.03988626348757813,0.8800000000000001,1.0,1.0,Model-matched,0
bank_marketing,rf,treeshap,480,0.01586184818605441,0.92,1.0,1.0,Model-matched,0
bank_marketing,rf,treeshap,481,0.025585203961064774,0.86,1.0,1.0,Model-matched,0
bank_marketing,rf,treeshap,482,0.01398004960668455,0.92,1.0,1.0,Model-matched,0
bank_marketing,rf,treeshap,483,0.10494952143750856,0.8799999999999999,1.0,1.0,Model-matched,0
bank_marketing,rf,treeshap,484,0.007099978137961927,0.8799999999999999,1.0,1.0,Model-matched,0
bank_marketing,rf,treeshap,485,0.06514723055890956,1.0,1.0,1.0,Model-matched,0
bank_marketing,rf,treeshap,486,0.020353675201192255,0.8399999999999999,1.0,1.0,Model-matched,0
bank_marketing,rf,treeshap,487,0.018424757234542656,0.86,1.0,1.0,Model-matched,0
bank_marketing,rf,treeshap,488,0.04254058231117988,0.82,1.0,1.0,Model-matched,0
bank_marketing,rf,treeshap,489,0.057073086279449924,0.86,1.0,1.0,Model-matched,0
bank_marketing,rf,treeshap,490,0.024984625359839058,1.0,1.0,1.0,Model-matched,0
bank_marketing,rf,treeshap,491,0.011043624105439555,0.82,1.0,1.0,Model-matched,0
bank_marketing,rf,treeshap,492,0.00951537391218355,0.8,1.0,1.0,Model-matched,0
bank_marketing,rf,treeshap,493,0.0744299529567897,0.86,1.0,1.0,Model-matched,0
bank_marketing,rf,treeshap,494,0.012533419558192963,0.7999999999999999,1.0,1.0,Model-matched,1
bank_marketing,rf,treeshap,495,0.0051129849142402,0.8400000000000001,1.0,1.0,Model-matched,0
bank_marketing,rf,treeshap,496,0.06288566034053339,1.0,1.0,1.0,Model-matched,0
bank_marketing,rf,treeshap,497,0.026988984865976357,1.0,1.0,1.0,Model-matched,0
bank_marketing,rf,treeshap,498,0.03221825092064111,0.8400000000000001,1.0,1.0,Model-matched,0
bank_marketing,rf,treeshap,499,0.017491344523770005,0.7599999999999999,1.0,1.0,Model-matched,1
bank_marketing,rf,lime,0,0.09114031412567426,0.92,0.8800000000000001,0.872,LIME,0
bank_marketing,rf,lime,1,0.07791076241182612,0.92,0.8800000000000001,0.848,LIME,0
bank_marketing,rf,lime,2,0.11989278569651746,0.92,0.8800000000000001,0.84,LIME,0
bank_marketing,rf,lime,3,0.030814417947305862,0.92,0.8400000000000001,0.848,LIME,0
bank_marketing,rf,lime,4,0.06301327719346267,0.82,0.8800000000000001,0.792,LIME,0
bank_marketing,rf,lime,5,0.10237293953886753,0.92,0.96,0.9520000000000001,LIME,0
bank_marketing,rf,lime,6,0.07689612866283443,1.0,0.9400000000000001,0.9520000000000001,LIME,0
bank_marketing,rf,lime,7,0.09776618103595029,0.86,0.9,0.84,LIME,0
bank_marketing,rf,lime,8,0.012128681601431922,0.7999999999999999,0.82,0.8240000000000001,LIME,1
bank_marketing,rf,lime,9,0.11281516434072489,0.8800000000000001,0.9,0.872,LIME,0
bank_marketing,rf,lime,10,0.0024541098908468697,0.82,0.8,0.8240000000000001,LIME,0
bank_marketing,rf,lime,11,0.09111005851952354,0.86,0.8800000000000001,0.848,LIME,0
bank_marketing,rf,lime,12,0.0057958122400690575,0.92,0.8200000000000001,0.792,LIME,0
bank_marketing,rf,lime,13,0.08869516227172841,0.92,0.8400000000000001,0.8,LIME,0
bank_marketing,rf,lime,14,0.09688169764488497,0.7799999999999999,0.8800000000000001,0.8320000000000001,LIME,1
bank_marketing,rf,lime,15,0.06139831174394102,0.8800000000000001,0.8800000000000001,0.8640000000000001,LIME,0
bank_marketing,rf,lime,16,0.17065067944687895,0.7999999999999999,0.8400000000000001,0.84,LIME,1
bank_marketing,rf,lime,17,0.04948188613699246,0.8800000000000001,0.9,0.912,LIME,0
bank_marketing,rf,lime,18,0.09633989081212457,0.92,0.9,0.888,LIME,0
bank_marketing,rf,lime,19,0.17469349232864143,0.7999999999999999,0.86,0.84,LIME,1
bank_marketing,rf,lime,20,0.0018053919666599226,0.92,0.86,0.904,LIME,0
bank_marketing,rf,lime,21,0.1464664244669822,0.7799999999999999,0.72,0.7440000000000001,LIME,1
bank_marketing,rf,lime,22,0.05621526162339995,0.7999999999999999,0.8400000000000001,0.8,LIME,1
bank_marketing,rf,lime,23,0.06359952148993193,0.9200000000000002,0.9,0.8240000000000001,LIME,0
bank_marketing,rf,lime,24,0.009113037620223847,0.82,0.86,0.848,LIME,0
bank_marketing,rf,lime,25,0.053958924316962475,0.92,0.86,0.8560000000000001,LIME,0
bank_marketing,rf,lime,26,0.25461330084082645,0.8400000000000001,0.8800000000000001,0.8560000000000001,LIME,0
bank_marketing,rf,lime,27,0.05102660361736605,0.8800000000000001,0.9,0.888,LIME,0
bank_marketing,rf,lime,28,0.11899984314578535,0.92,0.8400000000000001,0.8640000000000001,LIME,0
bank_marketing,rf,lime,29,0.0436175728568511,0.8400000000000001,0.8400000000000001,0.8160000000000001,LIME,0
bank_marketing,rf,lime,30,0.008105186449851873,0.92,0.86,0.872,LIME,0
bank_marketing,rf,lime,31,0.1419765195156425,0.8400000000000001,0.8200000000000001,0.8,LIME,0
bank_marketing,rf,lime,32,0.003950734442525982,0.8800000000000001,0.8800000000000001,0.904,LIME,0
bank_marketing,rf,lime,33,0.06160417241316855,0.9200000000000002,0.9199999999999999,0.912,LIME,0
bank_marketing,rf,lime,34,0.029877789577891722,0.7999999999999999,0.8800000000000001,0.848,LIME,1
bank_marketing,rf,lime,35,0.044309030796403186,0.8399999999999999,0.8,0.8079999999999999,LIME,0
bank_marketing,rf,lime,36,0.15176175481546852,0.8400000000000001,0.86,0.8160000000000001,LIME,0
bank_marketing,rf,lime,37,0.10050220613870006,0.7999999999999999,0.78,0.752,LIME,1
bank_marketing,rf,lime,38,0.0725961985175003,1.0,0.9199999999999999,0.9279999999999999,LIME,0
bank_marketing,rf,lime,39,0.013080277548878094,0.8799999999999999,0.9400000000000001,0.904,LIME,0
bank_marketing,rf,lime,40,0.019806975531914774,0.82,0.8400000000000001,0.8240000000000001,LIME,0
bank_marketing,rf,lime,41,0.0606998343292955,0.8800000000000001,0.9,0.904,LIME,0
bank_marketing,rf,lime,42,0.0015529484718539146,0.8399999999999999,0.86,0.872,LIME,0
bank_marketing,rf,lime,43,0.16022383865204695,1.0,0.9,0.8959999999999999,LIME,0
bank_marketing,rf,lime,44,0.041955240056182876,0.92,0.86,0.904,LIME,0
bank_marketing,rf,lime,45,0.11226157811643639,0.92,0.8800000000000001,0.88,LIME,0
bank_marketing,rf,lime,46,0.033121391276098415,0.7999999999999999,0.9199999999999999,0.848,LIME,1
bank_marketing,rf,lime,47,0.026766633853466452,0.82,0.86,0.792,LIME,0
bank_marketing,rf,lime,48,0.09069928526965008,0.8400000000000001,0.8800000000000001,0.784,LIME,0
bank_marketing,rf,lime,49,0.1735197870867796,0.7999999999999999,0.8200000000000001,0.8320000000000001,LIME,1
bank_marketing,rf,lime,50,0.018530926105719946,0.92,1.0,1.0,LIME,0
bank_marketing,rf,lime,51,0.08824716629016661,0.8800000000000001,1.0,1.0,LIME,0
bank_marketing,rf,lime,52,0.08365529369112164,0.8800000000000001,1.0,1.0,LIME,0
bank_marketing,rf,lime,53,0.09463539059166691,0.8400000000000001,1.0,1.0,LIME,0
bank_marketing,rf,lime,54,0.09798849113445575,0.86,1.0,1.0,LIME,0
bank_marketing,rf,lime,55,0.0955144056672004,0.8800000000000001,1.0,1.0,LIME,0
bank_marketing,rf,lime,56,0.024544263690201365,0.86,1.0,1.0,LIME,0
bank_marketing,rf,lime,57,0.12835944830093635,0.86,1.0,1.0,LIME,0
bank_marketing,rf,lime,58,0.060517953210507174,0.74,1.0,1.0,LIME,1
bank_marketing,rf,lime,59,0.0460970542912627,0.8799999999999999,1.0,1.0,LIME,0
bank_marketing,rf,lime,60,0.0803482320289097,0.92,1.0,1.0,LIME,0
bank_marketing,rf,lime,61,0.01825691497670849,0.7999999999999999,1.0,1.0,LIME,1
bank_marketing,rf,lime,62,0.17198183305703654,0.7999999999999999,1.0,1.0,LIME,1
bank_marketing,rf,lime,63,0.13543778328953565,1.0,1.0,1.0,LIME,0
bank_marketing,rf,lime,64,0.1224206411719413,0.8400000000000001,1.0,1.0,LIME,0
bank_marketing,rf,lime,65,0.06733323074469548,0.92,1.0,1.0,LIME,0
bank_marketing,rf,lime,66,0.13382536183165097,0.8399999999999999,1.0,1.0,LIME,0
bank_marketing,rf,lime,67,0.03545656144630096,0.7799999999999999,1.0,1.0,LIME,1
bank_marketing,rf,lime,68,0.017908291228005024,0.8400000000000001,1.0,1.0,LIME,0
bank_marketing,rf,lime,69,0.11853764368582542,0.8799999999999999,1.0,1.0,LIME,0
bank_marketing,rf,lime,70,0.061587264124156764,0.92,1.0,1.0,LIME,0
bank_marketing,rf,lime,71,0.049941923599336614,0.8799999999999999,1.0,1.0,LIME,0
bank_marketing,rf,lime,72,0.11040547439382,0.7999999999999999,1.0,1.0,LIME,1
bank_marketing,rf,lime,73,0.05608046401290843,0.8799999999999999,1.0,1.0,LIME,0
bank_marketing,rf,lime,74,0.03839870052179808,0.7999999999999999,1.0,1.0,LIME,1
bank_marketing,rf,lime,75,0.11736952429607367,0.86,1.0,1.0,LIME,0
bank_marketing,rf,lime,76,0.12721175979592217,0.8800000000000001,1.0,1.0,LIME,0
bank_marketing,rf,lime,77,0.03540557600161781,0.8799999999999999,1.0,1.0,LIME,0
bank_marketing,rf,lime,78,0.05815812629830573,0.8,1.0,1.0,LIME,0
bank_marketing,rf,lime,79,0.20159233890163714,0.86,1.0,1.0,LIME,0
bank_marketing,rf,lime,80,0.04330614766217247,0.82,1.0,1.0,LIME,0
bank_marketing,rf,lime,81,0.01829811922250605,0.7599999999999999,1.0,1.0,LIME,1
bank_marketing,rf,lime,82,0.008599833710698727,0.92,1.0,1.0,LIME,0
bank_marketing,rf,lime,83,0.009126120972807421,0.76,1.0,1.0,LIME,1
bank_marketing,rf,lime,84,0.029612257231550476,0.7999999999999999,1.0,1.0,LIME,1
bank_marketing,rf,lime,85,0.05532784827075636,0.92,1.0,1.0,LIME,0
bank_marketing,rf,lime,86,0.04498202503784723,0.92,1.0,1.0,LIME,0
bank_marketing,rf,lime,87,0.1430769670475068,0.86,1.0,1.0,LIME,0
bank_marketing,rf,lime,88,0.0849613703954405,0.86,1.0,1.0,LIME,0
bank_marketing,rf,lime,89,0.01352385348357601,0.8800000000000001,1.0,1.0,LIME,0
bank_marketing,rf,lime,90,0.030345927383065286,0.8400000000000001,1.0,1.0,LIME,0
bank_marketing,rf,lime,91,0.0571220488723078,0.8800000000000001,1.0,1.0,LIME,0
bank_marketing,rf,lime,92,0.0688317585591625,0.7599999999999999,1.0,1.0,LIME,1
bank_marketing,rf,lime,93,0.013188777585077104,0.92,1.0,1.0,LIME,0
bank_marketing,rf,lime,94,0.008390622903945199,0.8400000000000001,1.0,1.0,LIME,0
bank_marketing,rf,lime,95,0.12058676459182503,0.8799999999999999,1.0,1.0,LIME,0
bank_marketing,rf,lime,96,0.0963377064461715,1.0,1.0,1.0,LIME,0
bank_marketing,rf,lime,97,0.007970192296731255,0.7999999999999999,1.0,1.0,LIME,1
bank_marketing,rf,lime,98,0.04691388692468801,0.7999999999999999,1.0,1.0,LIME,1
bank_marketing,rf,lime,99,0.052588964509278434,0.8400000000000001,1.0,1.0,LIME,0
bank_marketing,hgb,treeshap,0,0.005938413624616498,0.7,1.0,0.7759999999999999,Model-matched,1
bank_marketing,hgb,treeshap,1,0.05378639157941052,0.86,1.0,0.8320000000000001,Model-matched,0
bank_marketing,hgb,treeshap,2,0.002714581093690202,0.8400000000000001,1.0,0.8,Model-matched,0
bank_marketing,hgb,treeshap,3,0.0467681294090157,0.8400000000000001,1.0,0.792,Model-matched,0
bank_marketing,hgb,treeshap,4,0.01611083279261596,0.86,1.0,0.784,Model-matched,0
bank_marketing,hgb,treeshap,5,0.006430964748654058,0.76,1.0,0.8240000000000001,Model-matched,1
bank_marketing,hgb,treeshap,6,0.008706441867957318,0.74,1.0,0.8079999999999999,Model-matched,1
bank_marketing,hgb,treeshap,7,0.014741147155800214,0.7999999999999999,1.0,0.8079999999999999,Model-matched,1
bank_marketing,hgb,treeshap,8,0.2447956437879992,0.8400000000000001,1.0,0.848,Model-matched,0
bank_marketing,hgb,treeshap,9,0.013119506864326119,0.7799999999999999,1.0,0.8,Model-matched,1
bank_marketing,hgb,treeshap,10,0.0007908347091115479,0.82,1.0,0.8160000000000001,Model-matched,0
bank_marketing,hgb,treeshap,11,0.10504834629583366,0.8400000000000001,1.0,0.872,Model-matched,0
bank_marketing,hgb,treeshap,12,0.04455861942461152,0.92,1.0,0.8160000000000001,Model-matched,0
bank_marketing,hgb,treeshap,13,0.029492221091266164,0.92,1.0,0.8320000000000001,Model-matched,0
bank_marketing,hgb,treeshap,14,0.033397751099293695,0.72,1.0,0.6916666666666668,Model-matched,1
bank_marketing,hgb,treeshap,15,0.0010432728532069203,0.86,1.0,0.7440000000000001,Model-matched,0
bank_marketing,hgb,treeshap,16,0.0036109758182700535,0.7,1.0,0.76,Model-matched,1
bank_marketing,hgb,treeshap,17,0.011065099528689748,0.6599999999999999,1.0,0.72,Model-matched,1
bank_marketing,hgb,treeshap,18,0.02400890324512822,0.7799999999999999,1.0,0.7120000000000001,Model-matched,1
bank_marketing,hgb,treeshap,19,0.026357329418344864,0.6399999999999999,1.0,0.752,Model-matched,1
bank_marketing,hgb,treeshap,20,0.0005669467248685154,0.76,1.0,0.8166666666666668,Model-matched,1
bank_marketing,hgb,treeshap,21,0.16298509392039542,0.7799999999999999,1.0,0.875,Model-matched,1
bank_marketing,hgb,treeshap,22,0.10060779333330286,0.72,1.0,0.8320000000000001,Model-matched,1
bank_marketing,hgb,treeshap,23,0.0666153863559968,1.0,1.0,0.8560000000000001,Model-matched,0
bank_marketing,hgb,treeshap,24,0.008753843101344827,0.76,1.0,0.8,Model-matched,1
bank_marketing,hgb,treeshap,25,0.005703477255448978,0.72,1.0,0.736,Model-matched,1
bank_marketing,hgb,treeshap,26,0.11646847364018167,0.86,1.0,0.76,Model-matched,0
bank_marketing,hgb,treeshap,27,0.012582845033897384,0.74,1.0,0.7120000000000001,Model-matched,1
bank_marketing,hgb,treeshap,28,0.009588458557423627,0.7999999999999999,1.0,0.72,Model-matched,1
bank_marketing,hgb,treeshap,29,0.02586926653428317,0.86,1.0,0.728,Model-matched,0
bank_marketing,hgb,treeshap,30,0.06832283238109561,0.7999999999999999,1.0,0.792,Model-matched,1
bank_marketing,hgb,treeshap,31,0.1540245370882513,0.7999999999999999,1.0,0.7454545454545456,Model-matched,1
bank_marketing,hgb,treeshap,32,0.0033977441686685807,0.7999999999999999,1.0,0.728,Model-matched,1
bank_marketing,hgb,treeshap,33,0.02966712851721744,0.74,1.0,0.7360000000000001,Model-matched,1
bank_marketing,hgb,treeshap,34,0.027500807135917453,0.7799999999999999,1.0,0.696,Model-matched,1
bank_marketing,hgb,treeshap,35,0.12604129269803732,0.7799999999999999,1.0,0.872,Model-matched,1
bank_marketing,hgb,treeshap,36,0.08669722666833192,0.9200000000000002,1.0,0.84,Model-matched,0
bank_marketing,hgb,treeshap,37,0.0015682469388286478,0.7799999999999999,1.0,0.888,Model-matched,1
bank_marketing,hgb,treeshap,38,0.025283380452875297,0.7399999999999999,1.0,0.7760000000000001,Model-matched,1
bank_marketing,hgb,treeshap,39,0.019368368877856368,0.7799999999999999,1.0,0.773913043478261,Model-matched,1
bank_marketing,hgb,treeshap,40,0.014853979500121645,0.92,1.0,0.7360000000000001,Model-matched,0
bank_marketing,hgb,treeshap,41,0.003835407891773636,0.8399999999999999,1.0,0.792,Model-matched,0
bank_marketing,hgb,treeshap,42,0.024554257231756985,0.7199999999999999,1.0,0.728,Model-matched,1
bank_marketing,hgb,treeshap,43,0.021252287715471937,0.54,1.0,0.784,Model-matched,1
bank_marketing,hgb,treeshap,44,0.025904242382296484,0.74,1.0,0.8333333333333334,Model-matched,1
bank_marketing,hgb,treeshap,45,0.027946763112862125,0.7999999999999999,1.0,0.848,Model-matched,1
bank_marketing,hgb,treeshap,46,0.0746335067422352,0.8400000000000001,1.0,0.8,Model-matched,0
bank_marketing,hgb,treeshap,47,0.05612178155224573,0.8400000000000001,1.0,0.8160000000000001,Model-matched,0
bank_marketing,hgb,treeshap,48,0.03976075308202351,0.86,1.0,0.8240000000000001,Model-matched,0
bank_marketing,hgb,treeshap,49,0.13414977746983858,0.92,1.0,0.8079999999999999,Model-matched,0
bank_marketing,hgb,treeshap,50,0.06573951909715066,0.7599999999999999,1.0,0.72,Model-matched,1
bank_marketing,hgb,treeshap,51,0.013893294026874052,0.7599999999999999,1.0,0.792,Model-matched,1
bank_marketing,hgb,treeshap,52,0.010210775989380824,0.74,1.0,0.6900000000000001,Model-matched,1
bank_marketing,hgb,treeshap,53,0.10147582699148334,0.76,1.0,0.784,Model-matched,1
bank_marketing,hgb,treeshap,54,0.08926623890970047,0.92,1.0,0.8533333333333334,Model-matched,0
bank_marketing,hgb,treeshap,55,0.12054478491585457,0.92,1.0,0.792,Model-matched,0
bank_marketing,hgb,treeshap,56,0.016586090286916662,0.86,1.0,0.7440000000000001,Model-matched,0
bank_marketing,hgb,treeshap,57,0.0016379526734755971,0.82,1.0,0.84,Model-matched,0
bank_marketing,hgb,treeshap,58,0.15518191806212706,0.86,1.0,0.7120000000000001,Model-matched,0
bank_marketing,hgb,treeshap,59,0.1074458608263998,0.86,1.0,0.792,Model-matched,0
bank_marketing,hgb,treeshap,60,0.0008218636640427263,0.82,1.0,0.7760000000000001,Model-matched,0
bank_marketing,hgb,treeshap,61,0.292965330312839,0.8399999999999999,1.0,0.88,Model-matched,0
bank_marketing,hgb,treeshap,62,0.18203241313559693,0.8399999999999999,1.0,0.752,Model-matched,0
bank_marketing,hgb,treeshap,63,0.027250316239496232,0.8799999999999999,1.0,0.8320000000000001,Model-matched,0
bank_marketing,hgb,treeshap,64,0.01994013855248424,0.86,1.0,0.784,Model-matched,0
bank_marketing,hgb,treeshap,65,0.003704283328846999,0.82,1.0,0.816,Model-matched,0
bank_marketing,hgb,treeshap,66,0.03059203284367196,0.7199999999999999,1.0,0.848,Model-matched,1
bank_marketing,hgb,treeshap,67,0.0805600238855855,0.92,1.0,0.7440000000000001,Model-matched,0
bank_marketing,hgb,treeshap,68,0.08684140571612253,1.0,1.0,0.8640000000000001,Model-matched,0
bank_marketing,hgb,treeshap,69,0.0018405599615649523,0.76,1.0,0.8240000000000001,Model-matched,1
bank_marketing,hgb,treeshap,70,0.0065921791596066604,0.6799999999999999,1.0,0.79,Model-matched,1
bank_marketing,hgb,treeshap,71,0.0009701223908361565,0.86,1.0,0.792,Model-matched,0
bank_marketing,hgb,treeshap,72,0.012668411065533493,0.6399999999999999,1.0,0.68,Model-matched,1
bank_marketing,hgb,treeshap,73,0.028006945639283277,0.8400000000000001,1.0,0.8416666666666667,Model-matched,0
bank_marketing,hgb,treeshap,74,0.027580225657643943,0.6799999999999999,1.0,0.7360000000000001,Model-matched,1
bank_marketing,hgb,treeshap,75,0.04765619967086934,0.7999999999999999,1.0,0.7760000000000001,Model-matched,1
bank_marketing,hgb,treeshap,76,0.112852686454611,0.82,1.0,0.8320000000000001,Model-matched,0
bank_marketing,hgb,treeshap,77,0.08387949310760287,0.92,1.0,0.8173913043478261,Model-matched,0
bank_marketing,hgb,treeshap,78,0.008664663867735603,0.82,1.0,0.8640000000000001,Model-matched,0
bank_marketing,hgb,treeshap,79,0.002529556130222917,0.7,1.0,0.7440000000000001,Model-matched,1
bank_marketing,hgb,treeshap,80,0.025429472419994766,0.8400000000000001,1.0,0.8727272727272727,Model-matched,0
bank_marketing,hgb,treeshap,81,0.012506109681819911,0.8400000000000001,1.0,0.768,Model-matched,0
bank_marketing,hgb,treeshap,82,0.013008986624186623,0.74,1.0,0.8079999999999999,Model-matched,1
bank_marketing,hgb,treeshap,83,0.024100752945813937,0.8799999999999999,1.0,0.856,Model-matched,0
bank_marketing,hgb,treeshap,84,0.09435945906074761,0.72,1.0,0.72,Model-matched,1
bank_marketing,hgb,treeshap,85,0.07862035115412383,0.92,1.0,0.88,Model-matched,0
bank_marketing,hgb,treeshap,86,0.015344763428892655,0.6599999999999999,1.0,0.696,Model-matched,1
bank_marketing,hgb,treeshap,87,0.027466790010228267,0.74,1.0,0.7440000000000001,Model-matched,1
bank_marketing,hgb,treeshap,88,0.0145267084337284,0.8400000000000001,1.0,0.8260869565217391,Model-matched,0
bank_marketing,hgb,treeshap,89,0.03236991466365483,0.92,1.0,0.8560000000000001,Model-matched,0
bank_marketing,hgb,treeshap,90,0.04313164777055669,0.7599999999999999,1.0,0.752,Model-matched,1
bank_marketing,hgb,treeshap,91,0.008703649462714244,0.76,1.0,0.7440000000000001,Model-matched,1
bank_marketing,hgb,treeshap,92,0.05514492658573436,1.0,1.0,0.8560000000000001,Model-matched,0
bank_marketing,hgb,treeshap,93,0.027415056612600103,0.82,1.0,0.8320000000000001,Model-matched,0
bank_marketing,hgb,treeshap,94,0.04403912325855491,0.86,1.0,0.8160000000000001,Model-matched,0
bank_marketing,hgb,treeshap,95,0.10323152015578221,0.86,1.0,0.8380952380952381,Model-matched,0
bank_marketing,hgb,treeshap,96,0.001457918056577969,0.6799999999999999,1.0,0.8421052631578947,Model-matched,1
bank_marketing,hgb,treeshap,97,0.024176783792326993,0.8800000000000001,1.0,0.7760000000000001,Model-matched,0
bank_marketing,hgb,treeshap,98,0.06648474744252537,0.92,1.0,0.8079999999999999,Model-matched,0
bank_marketing,hgb,treeshap,99,0.024222396044137853,0.8399999999999999,1.0,0.736,Model-matched,0
bank_marketing,hgb,treeshap,100,0.04541663467654888,0.8400000000000001,1.0,0.848,Model-matched,0
bank_marketing,hgb,treeshap,101,0.03735816374832626,0.7799999999999999,1.0,0.84,Model-matched,1
bank_marketing,hgb,treeshap,102,0.005412492301782067,0.72,1.0,0.728,Model-matched,1
bank_marketing,hgb,treeshap,103,0.1634036760011526,0.6,1.0,0.752,Model-matched,1
bank_marketing,hgb,treeshap,104,0.004593217093222739,0.8399999999999999,1.0,0.856,Model-matched,0
bank_marketing,hgb,treeshap,105,0.04865862205419266,0.7599999999999999,1.0,0.784,Model-matched,1
bank_marketing,hgb,treeshap,106,0.009849209261801455,0.82,1.0,0.768,Model-matched,0
bank_marketing,hgb,treeshap,107,0.00439145459182071,0.7399999999999999,1.0,0.8400000000000001,Model-matched,1
bank_marketing,hgb,treeshap,108,5.8184925334722214e-05,0.64,1.0,0.8095238095238095,Model-matched,1
bank_marketing,hgb,treeshap,109,0.056299569367416064,0.74,1.0,0.768,Model-matched,1
bank_marketing,hgb,treeshap,110,0.056296773997052026,0.8399999999999999,1.0,0.72,Model-matched,0
bank_marketing,hgb,treeshap,111,0.01676601540345509,0.7399999999999999,1.0,0.7440000000000001,Model-matched,1
bank_marketing,hgb,treeshap,112,0.08386518090259455,0.7999999999999999,1.0,0.8240000000000001,Model-matched,1
bank_marketing,hgb,treeshap,113,0.0022528082775430456,0.7399999999999999,1.0,0.672,Model-matched,1
bank_marketing,hgb,treeshap,114,0.023175629489754167,0.86,1.0,0.728,Model-matched,0
bank_marketing,hgb,treeshap,115,0.05636756581030705,0.92,1.0,0.76,Model-matched,0
bank_marketing,hgb,treeshap,116,0.032055513239302946,0.78,1.0,0.8320000000000001,Model-matched,1
bank_marketing,hgb,treeshap,117,0.012143444487373643,0.76,1.0,0.768,Model-matched,1
bank_marketing,hgb,treeshap,118,0.004014871955076767,0.82,1.0,0.768,Model-matched,0
bank_marketing,hgb,treeshap,119,0.07838981679891076,1.0,1.0,0.888,Model-matched,0
bank_marketing,hgb,treeshap,120,0.0667749933012821,0.7599999999999999,1.0,0.8160000000000001,Model-matched,1
bank_marketing,hgb,treeshap,121,0.0031429998362250714,0.5999999999999999,1.0,0.736,Model-matched,1
bank_marketing,hgb,treeshap,122,0.02280366732368195,0.86,1.0,0.8240000000000001,Model-matched,0
bank_marketing,hgb,treeshap,123,0.00010547648537874531,0.7,1.0,0.775,Model-matched,1
bank_marketing,hgb,treeshap,124,0.005685407632708,0.6799999999999999,1.0,0.768,Model-matched,1
bank_marketing,hgb,treeshap,125,0.14976023300937202,0.8399999999999999,1.0,0.7440000000000001,Model-matched,0
bank_marketing,hgb,treeshap,126,0.0035034371744876104,0.78,1.0,0.688,Model-matched,1
bank_marketing,hgb,treeshap,127,0.013152573302854808,0.8399999999999999,1.0,0.768,Model-matched,0
bank_marketing,hgb,treeshap,128,0.06278901520648374,0.6599999999999999,1.0,0.8240000000000001,Model-matched,1
bank_marketing,hgb,treeshap,129,0.005754500960812486,0.7599999999999999,1.0,0.7040000000000001,Model-matched,1
bank_marketing,hgb,treeshap,130,0.13277133789452436,0.7599999999999999,1.0,0.784,Model-matched,1
bank_marketing,hgb,treeshap,131,0.024902274070953963,0.74,1.0,0.8079999999999999,Model-matched,1
bank_marketing,hgb,treeshap,132,0.014681132389467817,0.6399999999999999,1.0,0.784,Model-matched,1
bank_marketing,hgb,treeshap,133,0.12798618204997045,0.7,1.0,0.728,Model-matched,1
bank_marketing,hgb,treeshap,134,0.037285019145777816,0.6399999999999999,1.0,0.664,Model-matched,1
bank_marketing,hgb,treeshap,135,0.009339361827723078,0.6399999999999999,1.0,0.8636363636363636,Model-matched,1
bank_marketing,hgb,treeshap,136,0.029008225338957406,0.8399999999999999,1.0,0.8560000000000001,Model-matched,0
bank_marketing,hgb,treeshap,137,0.02630601718093698,0.86,1.0,0.8240000000000001,Model-matched,0
bank_marketing,hgb,treeshap,138,0.0491846907531417,0.6799999999999999,1.0,0.768,Model-matched,1
bank_marketing,hgb,treeshap,139,0.013363936407547796,0.82,1.0,0.8,Model-matched,0
bank_marketing,hgb,treeshap,140,0.034652078966439646,0.7799999999999999,1.0,0.8,Model-matched,1
bank_marketing,hgb,treeshap,141,0.1106622392935788,0.7199999999999999,1.0,0.7760000000000001,Model-matched,1
bank_marketing,hgb,treeshap,142,0.008992771741130527,0.6799999999999999,1.0,0.736,Model-matched,1
bank_marketing,hgb,treeshap,143,0.02190234570484904,0.7,1.0,0.872,Model-matched,1
bank_marketing,hgb,treeshap,144,0.06384523387892418,1.0,1.0,0.792,Model-matched,0
bank_marketing,hgb,treeshap,145,0.0698827028191209,0.92,1.0,0.872,Model-matched,0
bank_marketing,hgb,treeshap,146,0.013792566359948907,0.8400000000000001,1.0,0.7818181818181817,Model-matched,0
bank_marketing,hgb,treeshap,147,0.07672861049145561,0.8400000000000001,1.0,0.7913043478260869,Model-matched,0
bank_marketing,hgb,treeshap,148,0.005314071907572654,0.74,1.0,0.76,Model-matched,1
bank_marketing,hgb,treeshap,149,0.009787871169865387,0.9200000000000002,1.0,0.784,Model-matched,0
bank_marketing,hgb,treeshap,150,0.24800557367037956,0.72,1.0,0.752,Model-matched,1
bank_marketing,hgb,treeshap,151,0.01163036013932062,0.7799999999999999,1.0,0.8240000000000001,Model-matched,1
bank_marketing,hgb,treeshap,152,0.02930881149208899,0.8799999999999999,1.0,0.8320000000000001,Model-matched,0
bank_marketing,hgb,treeshap,153,0.05957564981677195,0.8800000000000001,1.0,0.792,Model-matched,0
bank_marketing,hgb,treeshap,154,0.0314166543651052,0.8800000000000001,1.0,0.84,Model-matched,0
bank_marketing,hgb,treeshap,155,0.01029557792567565,0.7799999999999999,1.0,0.752,Model-matched,1
bank_marketing,hgb,treeshap,156,0.0032517837100467972,0.7999999999999999,1.0,0.9076923076923078,Model-matched,1
bank_marketing,hgb,treeshap,157,0.08692166408542772,1.0,1.0,0.7894736842105263,Model-matched,0
bank_marketing,hgb,treeshap,158,0.011074761301654145,1.0,1.0,0.872,Model-matched,0
bank_marketing,hgb,treeshap,159,0.005023904332558221,0.7999999999999999,1.0,0.7760000000000001,Model-matched,1
bank_marketing,hgb,treeshap,160,0.05082965236841618,0.8399999999999999,1.0,0.68,Model-matched,0
bank_marketing,hgb,treeshap,161,0.034842245914293454,0.8399999999999999,1.0,0.8571428571428571,Model-matched,0
bank_marketing,hgb,treeshap,162,0.08238332819696671,0.9200000000000002,1.0,0.7360000000000001,Model-matched,0
bank_marketing,hgb,treeshap,163,0.0025855030097398325,0.7,1.0,0.736,Model-matched,1
bank_marketing,hgb,treeshap,164,0.07954180757948763,0.78,1.0,0.7120000000000001,Model-matched,1
bank_marketing,hgb,treeshap,165,0.0496008242565849,0.7799999999999999,1.0,0.8333333333333334,Model-matched,1
bank_marketing,hgb,treeshap,166,0.013605601103141483,0.8799999999999999,1.0,0.92,Model-matched,0
bank_marketing,hgb,treeshap,167,0.03549519439269525,0.8400000000000001,1.0,0.9619047619047618,Model-matched,0
bank_marketing,hgb,treeshap,168,0.08022463423432194,0.92,1.0,0.8320000000000001,Model-matched,0
bank_marketing,hgb,treeshap,169,0.012103204899151775,0.74,1.0,0.7040000000000001,Model-matched,1
bank_marketing,hgb,treeshap,170,0.005212390463142343,0.7399999999999999,1.0,0.8320000000000001,Model-matched,1
bank_marketing,hgb,treeshap,171,0.004017550903239015,0.7199999999999999,1.0,0.848,Model-matched,1
bank_marketing,hgb,treeshap,172,0.0017006581214688283,0.6599999999999999,1.0,0.8079999999999999,Model-matched,1
bank_marketing,hgb,treeshap,173,0.009067583192097202,0.74,1.0,0.768,Model-matched,1
bank_marketing,hgb,treeshap,174,0.004451737875907026,0.7999999999999999,1.0,0.8181818181818182,Model-matched,1
bank_marketing,hgb,treeshap,175,0.038959212993740215,0.8399999999999999,1.0,0.728,Model-matched,0
bank_marketing,hgb,treeshap,176,0.007677267704993427,0.74,1.0,0.784,Model-matched,1
bank_marketing,hgb,treeshap,177,0.11445770239241605,0.74,1.0,0.816,Model-matched,1
bank_marketing,hgb,treeshap,178,0.00960221278451798,0.7999999999999999,1.0,0.8240000000000001,Model-matched,1
bank_marketing,hgb,treeshap,179,0.04317944435611534,0.7599999999999999,1.0,0.7652173913043478,Model-matched,1
bank_marketing,hgb,treeshap,180,0.009693919622825644,0.8400000000000001,1.0,0.872,Model-matched,0
bank_marketing,hgb,treeshap,181,0.01425969676849598,0.6199999999999999,1.0,0.8347826086956521,Model-matched,1
bank_marketing,hgb,treeshap,182,0.023113800127600337,0.6599999999999999,1.0,0.7040000000000001,Model-matched,1
bank_marketing,hgb,treeshap,183,0.014294559949720672,0.6399999999999999,1.0,0.76,Model-matched,1
bank_marketing,hgb,treeshap,184,0.05605138581892551,0.82,1.0,0.76,Model-matched,0
bank_marketing,hgb,treeshap,185,0.05339057631567696,0.7599999999999999,1.0,0.8320000000000001,Model-matched,1
bank_marketing,hgb,treeshap,186,0.006030032659416854,0.7199999999999999,1.0,0.819047619047619,Model-matched,1
bank_marketing,hgb,treeshap,187,0.012112014473819764,0.6799999999999999,1.0,0.728,Model-matched,1
bank_marketing,hgb,treeshap,188,0.06042394393171979,0.8799999999999999,1.0,0.8640000000000001,Model-matched,0
bank_marketing,hgb,treeshap,189,0.14395769775464534,0.8400000000000001,1.0,0.8,Model-matched,0
bank_marketing,hgb,treeshap,190,0.17809711809445636,0.8400000000000001,1.0,0.752,Model-matched,0
bank_marketing,hgb,treeshap,191,0.045052632343416076,0.7,1.0,0.8079999999999999,Model-matched,1
bank_marketing,hgb,treeshap,192,0.3179926986680603,0.8799999999999999,1.0,0.8444444444444446,Model-matched,0
bank_marketing,hgb,treeshap,193,0.14994645090847453,0.8,1.0,0.8160000000000001,Model-matched,0
bank_marketing,hgb,treeshap,194,0.015200952756035783,0.76,1.0,0.728,Model-matched,1
bank_marketing,hgb,treeshap,195,0.008984939614574453,0.6399999999999999,1.0,0.76,Model-matched,1
bank_marketing,hgb,treeshap,196,0.011759587415239385,0.8800000000000001,1.0,0.92,Model-matched,0
bank_marketing,hgb,treeshap,197,0.015510783099152737,0.6799999999999999,1.0,0.7818181818181817,Model-matched,1
bank_marketing,hgb,treeshap,198,0.012486872978446991,0.92,1.0,0.752,Model-matched,0
bank_marketing,hgb,treeshap,199,0.033709201103723795,0.92,1.0,0.84,Model-matched,0
bank_marketing,hgb,treeshap,200,0.18588402639789928,0.8400000000000001,1.0,1.0,Model-matched,0
bank_marketing,hgb,treeshap,201,0.008568133642673578,0.68,1.0,1.0,Model-matched,1
bank_marketing,hgb,treeshap,202,0.017617039836999603,0.7799999999999999,1.0,1.0,Model-matched,1
bank_marketing,hgb,treeshap,203,0.008039922961885255,0.74,1.0,1.0,Model-matched,1
bank_marketing,hgb,treeshap,204,0.0373006562511985,0.7599999999999999,1.0,1.0,Model-matched,1
bank_marketing,hgb,treeshap,205,0.0033027822233348512,0.92,1.0,1.0,Model-matched,0
bank_marketing,hgb,treeshap,206,0.06947698446115265,0.82,1.0,1.0,Model-matched,0
bank_marketing,hgb,treeshap,207,0.027446706241040206,0.7999999999999999,1.0,1.0,Model-matched,1
bank_marketing,hgb,treeshap,208,0.281459871158159,0.7999999999999999,1.0,1.0,Model-matched,1
bank_marketing,hgb,treeshap,209,0.017245630454399353,0.78,1.0,1.0,Model-matched,1
bank_marketing,hgb,treeshap,210,0.029989948855517104,0.7599999999999999,1.0,1.0,Model-matched,1
bank_marketing,hgb,treeshap,211,0.012721968362745174,0.7399999999999999,1.0,1.0,Model-matched,1
bank_marketing,hgb,treeshap,212,0.01959136638099274,0.74,1.0,1.0,Model-matched,1
bank_marketing,hgb,treeshap,213,0.04129921531439308,0.7999999999999999,1.0,1.0,Model-matched,1
bank_marketing,hgb,treeshap,214,0.013430709284038198,0.7999999999999999,1.0,1.0,Model-matched,1
bank_marketing,hgb,treeshap,215,0.017488883281705312,0.74,1.0,1.0,Model-matched,1
bank_marketing,hgb,treeshap,216,0.0135553508120915,0.86,1.0,1.0,Model-matched,0
bank_marketing,hgb,treeshap,217,0.12049024256180978,0.72,1.0,1.0,Model-matched,1
bank_marketing,hgb,treeshap,218,0.0035567692289233447,0.74,1.0,1.0,Model-matched,1
bank_marketing,hgb,treeshap,219,0.019670417957635657,0.7,1.0,1.0,Model-matched,1
bank_marketing,hgb,treeshap,220,0.0653216277776664,0.7,1.0,1.0,Model-matched,1
bank_marketing,hgb,treeshap,221,0.0006269643263406598,0.6599999999999999,1.0,1.0,Model-matched,1
bank_marketing,hgb,treeshap,222,0.0353718506670461,0.7,1.0,1.0,Model-matched,1
bank_marketing,hgb,treeshap,223,0.005895219705308665,0.8399999999999999,1.0,1.0,Model-matched,0
bank_marketing,hgb,treeshap,224,0.17933703137312595,0.74,1.0,1.0,Model-matched,1
bank_marketing,hgb,treeshap,225,0.10969470724492895,0.6399999999999999,1.0,1.0,Model-matched,1
bank_marketing,hgb,treeshap,226,0.03651679221268994,0.8399999999999999,1.0,1.0,Model-matched,0
bank_marketing,hgb,treeshap,227,0.04120441541355649,0.7799999999999999,1.0,1.0,Model-matched,1
bank_marketing,hgb,treeshap,228,0.0011584740312671838,0.8800000000000001,1.0,1.0,Model-matched,0
bank_marketing,hgb,treeshap,229,0.0017127313091483472,0.8,1.0,1.0,Model-matched,0
bank_marketing,hgb,treeshap,230,0.03985599157539412,0.7599999999999999,1.0,1.0,Model-matched,1
bank_marketing,hgb,treeshap,231,0.009254822711152966,0.7199999999999999,1.0,1.0,Model-matched,1
bank_marketing,hgb,treeshap,232,0.10745834013502008,0.7,1.0,1.0,Model-matched,1
bank_marketing,hgb,treeshap,233,0.0031542665010096615,0.7799999999999999,1.0,1.0,Model-matched,1
bank_marketing,hgb,treeshap,234,0.010328187163514252,0.6799999999999998,1.0,1.0,Model-matched,1
bank_marketing,hgb,treeshap,235,0.04135262394275531,0.7999999999999999,1.0,1.0,Model-matched,1
bank_marketing,hgb,treeshap,236,0.001986360935093484,0.8,1.0,1.0,Model-matched,0
bank_marketing,hgb,treeshap,237,0.008778462711699492,0.8400000000000001,1.0,1.0,Model-matched,0
bank_marketing,hgb,treeshap,238,0.010078941040422047,0.8800000000000001,1.0,1.0,Model-matched,0
bank_marketing,hgb,treeshap,239,0.04693374173116148,0.92,1.0,1.0,Model-matched,0
bank_marketing,hgb,treeshap,240,0.0036986273913986335,0.76,1.0,1.0,Model-matched,1
bank_marketing,hgb,treeshap,241,0.011012325080376566,0.82,1.0,1.0,Model-matched,0
bank_marketing,hgb,treeshap,242,0.21752069903346194,0.92,1.0,1.0,Model-matched,0
bank_marketing,hgb,treeshap,243,0.03842485896066003,0.8400000000000001,1.0,1.0,Model-matched,0
bank_marketing,hgb,treeshap,244,0.016497956637480955,0.86,1.0,1.0,Model-matched,0
bank_marketing,hgb,treeshap,245,0.013771460077896595,0.7999999999999999,1.0,1.0,Model-matched,1
bank_marketing,hgb,treeshap,246,0.01273165795205602,0.7599999999999999,1.0,1.0,Model-matched,1
bank_marketing,hgb,treeshap,247,0.013268066585471694,1.0,1.0,1.0,Model-matched,0
bank_marketing,hgb,treeshap,248,0.00302376482427417,0.74,1.0,1.0,Model-matched,1
bank_marketing,hgb,treeshap,249,0.06266073253904733,0.6599999999999999,1.0,1.0,Model-matched,1
bank_marketing,hgb,treeshap,250,0.013677789988797928,0.74,1.0,1.0,Model-matched,1
bank_marketing,hgb,treeshap,251,0.0943581793130587,1.0,1.0,1.0,Model-matched,0
bank_marketing,hgb,treeshap,252,0.025046267936908687,0.7999999999999999,1.0,1.0,Model-matched,1
bank_marketing,hgb,treeshap,253,0.004014695348130538,0.6999999999999998,1.0,1.0,Model-matched,1
bank_marketing,hgb,treeshap,254,0.004438671159995775,0.6399999999999999,1.0,1.0,Model-matched,1
bank_marketing,hgb,treeshap,255,0.010112139972722423,0.7,1.0,1.0,Model-matched,1
bank_marketing,hgb,treeshap,256,0.00021545805261873296,0.74,1.0,1.0,Model-matched,1
bank_marketing,hgb,treeshap,257,0.04384545453563479,0.6999999999999998,1.0,1.0,Model-matched,1
bank_marketing,hgb,treeshap,258,0.03533467729727769,0.86,1.0,1.0,Model-matched,0
bank_marketing,hgb,treeshap,259,0.09964687169734265,0.8,1.0,1.0,Model-matched,0
bank_marketing,hgb,treeshap,260,0.036105838822984244,0.82,1.0,1.0,Model-matched,0
bank_marketing,hgb,treeshap,261,0.03751927800491856,1.0,1.0,1.0,Model-matched,0
bank_marketing,hgb,treeshap,262,0.017802905914474816,0.6799999999999999,1.0,1.0,Model-matched,1
bank_marketing,hgb,treeshap,263,0.012273042504430266,0.7999999999999999,1.0,1.0,Model-matched,1
bank_marketing,hgb,treeshap,264,0.0040126411494731526,0.7999999999999999,1.0,1.0,Model-matched,1
bank_marketing,hgb,treeshap,265,0.0026263752081495052,0.58,1.0,1.0,Model-matched,1
bank_marketing,hgb,treeshap,266,0.07420829788764415,0.8400000000000001,1.0,1.0,Model-matched,0
bank_marketing,hgb,treeshap,267,0.07037831740108101,0.7999999999999999,1.0,1.0,Model-matched,1
bank_marketing,hgb,treeshap,268,0.03233119307793903,0.92,1.0,1.0,Model-matched,0
bank_marketing,hgb,treeshap,269,0.07629698236545807,0.8799999999999999,1.0,1.0,Model-matched,0
bank_marketing,hgb,treeshap,270,0.002313053941202718,0.7399999999999999,1.0,1.0,Model-matched,1
bank_marketing,hgb,treeshap,271,0.030645945552616797,0.8800000000000001,1.0,1.0,Model-matched,0
bank_marketing,hgb,treeshap,272,0.0678809445838851,0.7799999999999999,1.0,1.0,Model-matched,1
bank_marketing,hgb,treeshap,273,0.046250572114870984,0.92,1.0,1.0,Model-matched,0
bank_marketing,hgb,treeshap,274,0.022544976022890864,0.7399999999999999,1.0,1.0,Model-matched,1
bank_marketing,hgb,treeshap,275,0.011097062264852619,0.58,1.0,1.0,Model-matched,1
bank_marketing,hgb,treeshap,276,0.019131860059079457,0.6199999999999999,1.0,1.0,Model-matched,1
bank_marketing,hgb,treeshap,277,0.02028289702652747,0.78,1.0,1.0,Model-matched,1
bank_marketing,hgb,treeshap,278,0.01794398186543074,0.86,1.0,1.0,Model-matched,0
bank_marketing,hgb,treeshap,279,0.016159209676137883,0.86,1.0,1.0,Model-matched,0
bank_marketing,hgb,treeshap,280,0.0025654416441289523,0.6399999999999999,1.0,1.0,Model-matched,1
bank_marketing,hgb,treeshap,281,0.02931173895497896,0.86,1.0,1.0,Model-matched,0
bank_marketing,hgb,treeshap,282,2.6830076229828743e-05,0.6999999999999998,1.0,1.0,Model-matched,1
bank_marketing,hgb,treeshap,283,0.09299332427682545,0.7399999999999999,1.0,1.0,Model-matched,1
bank_marketing,hgb,treeshap,284,0.115607214262119,0.92,1.0,1.0,Model-matched,0
bank_marketing,hgb,treeshap,285,0.04978116698968978,0.7999999999999999,1.0,1.0,Model-matched,1
bank_marketing,hgb,treeshap,286,0.08453273091871458,0.7999999999999999,1.0,1.0,Model-matched,1
bank_marketing,hgb,treeshap,287,0.01943092104123058,0.7599999999999999,1.0,1.0,Model-matched,1
bank_marketing,hgb,treeshap,288,0.007078111767173128,0.8400000000000001,1.0,1.0,Model-matched,0
bank_marketing,hgb,treeshap,289,0.038861045756753324,0.78,1.0,1.0,Model-matched,1
bank_marketing,hgb,treeshap,290,0.031123179470427656,0.72,1.0,1.0,Model-matched,1
bank_marketing,hgb,treeshap,291,0.016370935210073243,0.7599999999999999,1.0,1.0,Model-matched,1
bank_marketing,hgb,treeshap,292,0.007374944352450684,0.76,1.0,1.0,Model-matched,1
bank_marketing,hgb,treeshap,293,0.003982367063589615,0.8400000000000001,1.0,1.0,Model-matched,0
bank_marketing,hgb,treeshap,294,0.016857841998063634,0.7599999999999999,1.0,1.0,Model-matched,1
bank_marketing,hgb,treeshap,295,0.018603203088616835,0.7799999999999999,1.0,1.0,Model-matched,1
bank_marketing,hgb,treeshap,296,0.007324170600747398,0.86,1.0,1.0,Model-matched,0
bank_marketing,hgb,treeshap,297,0.01777293119743926,0.76,1.0,1.0,Model-matched,1
bank_marketing,hgb,treeshap,298,0.06544547613856788,0.76,1.0,1.0,Model-matched,1
bank_marketing,hgb,treeshap,299,0.3582949312880813,0.82,1.0,1.0,Model-matched,0
bank_marketing,hgb,treeshap,300,0.0021659700707481414,0.92,1.0,1.0,Model-matched,0
bank_marketing,hgb,treeshap,301,0.08778424254170386,0.7999999999999999,1.0,1.0,Model-matched,1
bank_marketing,hgb,treeshap,302,0.05799486029527885,0.72,1.0,1.0,Model-matched,1
bank_marketing,hgb,treeshap,303,0.03687044893149787,0.8399999999999999,1.0,1.0,Model-matched,0
bank_marketing,hgb,treeshap,304,0.003614239597772272,0.7599999999999999,1.0,1.0,Model-matched,1
bank_marketing,hgb,treeshap,305,0.0031452653755393075,0.7599999999999999,1.0,1.0,Model-matched,1
bank_marketing,hgb,treeshap,306,0.0059649097240497525,0.8400000000000001,1.0,1.0,Model-matched,0
bank_marketing,hgb,treeshap,307,0.10052001946317343,0.7,1.0,1.0,Model-matched,1
bank_marketing,hgb,treeshap,308,0.16247741019005368,0.7999999999999999,1.0,1.0,Model-matched,1
bank_marketing,hgb,treeshap,309,0.05509599588589286,0.92,1.0,1.0,Model-matched,0
bank_marketing,hgb,treeshap,310,0.002647243288152399,0.92,1.0,1.0,Model-matched,0
bank_marketing,hgb,treeshap,311,0.013153882425499747,0.6399999999999999,1.0,1.0,Model-matched,1
bank_marketing,hgb,treeshap,312,0.06746216017169034,0.86,1.0,1.0,Model-matched,0
bank_marketing,hgb,treeshap,313,0.003996783196816332,0.7399999999999999,1.0,1.0,Model-matched,1
bank_marketing,hgb,treeshap,314,0.023179493358422024,0.72,1.0,1.0,Model-matched,1
bank_marketing,hgb,treeshap,315,0.00492963143489865,0.8400000000000001,1.0,1.0,Model-matched,0
bank_marketing,hgb,treeshap,316,0.002594592950055749,0.6399999999999999,1.0,1.0,Model-matched,1
bank_marketing,hgb,treeshap,317,0.06996587491253282,0.82,1.0,1.0,Model-matched,0
bank_marketing,hgb,treeshap,318,0.015886466251508087,0.82,1.0,1.0,Model-matched,0
bank_marketing,hgb,treeshap,319,0.02612023599627814,0.82,1.0,1.0,Model-matched,0
bank_marketing,hgb,treeshap,320,0.0003679102804395943,0.8400000000000001,1.0,1.0,Model-matched,0
bank_marketing,hgb,treeshap,321,0.010323176042098745,0.6799999999999999,1.0,1.0,Model-matched,1
bank_marketing,hgb,treeshap,322,0.12229443723544489,0.72,1.0,1.0,Model-matched,1
bank_marketing,hgb,treeshap,323,0.02068907020553792,0.72,1.0,1.0,Model-matched,1
bank_marketing,hgb,treeshap,324,0.002062598284757034,0.7,1.0,1.0,Model-matched,1
bank_marketing,hgb,treeshap,325,0.01993352840181759,0.7799999999999999,1.0,1.0,Model-matched,1
bank_marketing,hgb,treeshap,326,0.021347862467632473,0.8,1.0,1.0,Model-matched,0
bank_marketing,hgb,treeshap,327,0.009290682516613628,0.7599999999999999,1.0,1.0,Model-matched,1
bank_marketing,hgb,treeshap,328,0.01814550076178548,0.72,1.0,1.0,Model-matched,1
bank_marketing,hgb,treeshap,329,0.016032521698352762,0.76,1.0,1.0,Model-matched,1
bank_marketing,hgb,treeshap,330,0.003862133904656101,0.7,1.0,1.0,Model-matched,1
bank_marketing,hgb,treeshap,331,0.02983678886876837,0.8400000000000001,1.0,1.0,Model-matched,0
bank_marketing,hgb,treeshap,332,0.0037185837954671844,0.7599999999999999,1.0,1.0,Model-matched,1
bank_marketing,hgb,treeshap,333,0.007311207219582736,0.68,1.0,1.0,Model-matched,1
bank_marketing,hgb,treeshap,334,0.012401883062447869,0.92,1.0,1.0,Model-matched,0
bank_marketing,hgb,treeshap,335,0.031064823262060424,0.6999999999999998,1.0,1.0,Model-matched,1
bank_marketing,hgb,treeshap,336,0.05832122045868392,0.86,1.0,1.0,Model-matched,0
bank_marketing,hgb,treeshap,337,0.06511057216127049,0.82,1.0,1.0,Model-matched,0
bank_marketing,hgb,treeshap,338,0.030507001771485076,0.76,1.0,1.0,Model-matched,1
bank_marketing,hgb,treeshap,339,0.011638328588870425,0.8399999999999999,1.0,1.0,Model-matched,0
bank_marketing,hgb,treeshap,340,0.024882949653733506,0.6799999999999999,1.0,1.0,Model-matched,1
bank_marketing,hgb,treeshap,341,0.04182418737356855,0.7999999999999999,1.0,1.0,Model-matched,1
bank_marketing,hgb,treeshap,342,0.10149841376372677,0.74,1.0,1.0,Model-matched,1
bank_marketing,hgb,treeshap,343,0.004419773089834324,0.78,1.0,1.0,Model-matched,1
bank_marketing,hgb,treeshap,344,0.2664170696610142,0.9200000000000002,1.0,1.0,Model-matched,0
bank_marketing,hgb,treeshap,345,0.00572067322052461,0.76,1.0,1.0,Model-matched,1
bank_marketing,hgb,treeshap,346,0.0026397415404696184,0.6799999999999999,1.0,1.0,Model-matched,1
bank_marketing,hgb,treeshap,347,0.14587495475909296,0.82,1.0,1.0,Model-matched,0
bank_marketing,hgb,treeshap,348,0.05021471595839514,0.6999999999999998,1.0,1.0,Model-matched,1
bank_marketing,hgb,treeshap,349,0.021027292575689305,0.72,1.0,1.0,Model-matched,1
bank_marketing,hgb,treeshap,350,0.07813626128682294,0.8,1.0,1.0,Model-matched,0
bank_marketing,hgb,treeshap,351,0.002885416591734605,0.82,1.0,1.0,Model-matched,0
bank_marketing,hgb,treeshap,352,0.013390921541967329,0.8400000000000001,1.0,1.0,Model-matched,0
bank_marketing,hgb,treeshap,353,0.03859937598360576,0.7199999999999999,1.0,1.0,Model-matched,1
bank_marketing,hgb,treeshap,354,0.004017697651810538,0.6599999999999999,1.0,1.0,Model-matched,1
bank_marketing,hgb,treeshap,355,0.044984717266072366,0.7799999999999999,1.0,1.0,Model-matched,1
bank_marketing,hgb,treeshap,356,0.0075502809704279155,0.82,1.0,1.0,Model-matched,0
bank_marketing,hgb,treeshap,357,0.0038581623714714773,0.92,1.0,1.0,Model-matched,0
bank_marketing,hgb,treeshap,358,0.025489419143391284,0.92,1.0,1.0,Model-matched,0
bank_marketing,hgb,treeshap,359,0.03583228554057773,0.86,1.0,1.0,Model-matched,0
bank_marketing,hgb,treeshap,360,0.0028663789741276103,0.7399999999999999,1.0,1.0,Model-matched,1
bank_marketing,hgb,treeshap,361,0.02303570505091272,0.7999999999999999,1.0,1.0,Model-matched,1
bank_marketing,hgb,treeshap,362,0.00789207377627012,0.7,1.0,1.0,Model-matched,1
bank_marketing,hgb,treeshap,363,0.01925776665649981,0.86,1.0,1.0,Model-matched,0
bank_marketing,hgb,treeshap,364,0.014764783846797898,0.8400000000000001,1.0,1.0,Model-matched,0
bank_marketing,hgb,treeshap,365,0.01663590164032106,0.54,1.0,1.0,Model-matched,1
bank_marketing,hgb,treeshap,366,0.022520631629430087,0.7999999999999999,1.0,1.0,Model-matched,1
bank_marketing,hgb,treeshap,367,0.0251142344322122,0.7799999999999999,1.0,1.0,Model-matched,1
bank_marketing,hgb,treeshap,368,0.018842213985754645,0.72,1.0,1.0,Model-matched,1
bank_marketing,hgb,treeshap,369,0.0115503070728107,0.86,1.0,1.0,Model-matched,0
bank_marketing,hgb,treeshap,370,0.047349783105678,0.6199999999999999,1.0,1.0,Model-matched,1
bank_marketing,hgb,treeshap,371,0.048319866040953785,0.78,1.0,1.0,Model-matched,1
bank_marketing,hgb,treeshap,372,0.00517476302901645,0.7399999999999999,1.0,1.0,Model-matched,1
bank_marketing,hgb,treeshap,373,0.003294446711795008,0.5399999999999999,1.0,1.0,Model-matched,1
bank_marketing,hgb,treeshap,374,0.022639225534812447,0.7999999999999999,1.0,1.0,Model-matched,1
bank_marketing,hgb,treeshap,375,0.00999538340988324,0.74,1.0,1.0,Model-matched,1
bank_marketing,hgb,treeshap,376,0.00426633479116122,0.7599999999999999,1.0,1.0,Model-matched,1
bank_marketing,hgb,treeshap,377,0.06559778193233941,0.8800000000000001,1.0,1.0,Model-matched,0
bank_marketing,hgb,treeshap,378,0.051681789945675356,0.72,1.0,1.0,Model-matched,1
bank_marketing,hgb,treeshap,379,0.0012823371078977404,0.6799999999999999,1.0,1.0,Model-matched,1
bank_marketing,hgb,treeshap,380,0.1563281283546424,0.92,1.0,1.0,Model-matched,0
bank_marketing,hgb,treeshap,381,0.027251064054005295,0.7799999999999999,1.0,1.0,Model-matched,1
bank_marketing,hgb,treeshap,382,0.015264515465537525,0.8399999999999999,1.0,1.0,Model-matched,0
bank_marketing,hgb,treeshap,383,0.04462705354256272,0.7799999999999999,1.0,1.0,Model-matched,1
bank_marketing,hgb,treeshap,384,0.010425528830564789,0.86,1.0,1.0,Model-matched,0
bank_marketing,hgb,treeshap,385,0.045204625426963886,0.8400000000000001,1.0,1.0,Model-matched,0
bank_marketing,hgb,treeshap,386,0.019372395663932843,0.74,1.0,1.0,Model-matched,1
bank_marketing,hgb,treeshap,387,0.03807993595356047,0.72,1.0,1.0,Model-matched,1
bank_marketing,hgb,treeshap,388,0.004883611802010494,0.6599999999999999,1.0,1.0,Model-matched,1
bank_marketing,hgb,treeshap,389,0.03272794939726439,0.76,1.0,1.0,Model-matched,1
bank_marketing,hgb,treeshap,390,0.040107077782636454,0.7999999999999999,1.0,1.0,Model-matched,1
bank_marketing,hgb,treeshap,391,0.046194931036443405,0.86,1.0,1.0,Model-matched,0
bank_marketing,hgb,treeshap,392,0.0049714228708962,0.86,1.0,1.0,Model-matched,0
bank_marketing,hgb,treeshap,393,0.02658207866080599,0.82,1.0,1.0,Model-matched,0
bank_marketing,hgb,treeshap,394,0.004693712312262505,0.8399999999999999,1.0,1.0,Model-matched,0
bank_marketing,hgb,treeshap,395,0.004080918588107041,0.86,1.0,1.0,Model-matched,0
bank_marketing,hgb,treeshap,396,0.030865315527504943,0.8399999999999999,1.0,1.0,Model-matched,0
bank_marketing,hgb,treeshap,397,0.028224198681157074,0.86,1.0,1.0,Model-matched,0
bank_marketing,hgb,treeshap,398,0.07823611680896621,1.0,1.0,1.0,Model-matched,0
bank_marketing,hgb,treeshap,399,0.01225676632519821,0.92,1.0,1.0,Model-matched,0
bank_marketing,hgb,treeshap,400,0.05876332127517493,0.78,1.0,1.0,Model-matched,1
bank_marketing,hgb,treeshap,401,0.18286286154181988,0.7999999999999999,1.0,1.0,Model-matched,1
bank_marketing,hgb,treeshap,402,0.008929114125570145,0.82,1.0,1.0,Model-matched,0
bank_marketing,hgb,treeshap,403,0.0010964318715267556,0.8399999999999999,1.0,1.0,Model-matched,0
bank_marketing,hgb,treeshap,404,0.008636574739699062,0.6399999999999999,1.0,1.0,Model-matched,1
bank_marketing,hgb,treeshap,405,0.023033302493355116,0.5599999999999999,1.0,1.0,Model-matched,1
bank_marketing,hgb,treeshap,406,0.002639163600108187,0.76,1.0,1.0,Model-matched,1
bank_marketing,hgb,treeshap,407,0.04881436751476265,0.7199999999999999,1.0,1.0,Model-matched,1
bank_marketing,hgb,treeshap,408,0.19012889130965405,0.7799999999999999,1.0,1.0,Model-matched,1
bank_marketing,hgb,treeshap,409,0.043761975070885924,0.7799999999999999,1.0,1.0,Model-matched,1
bank_marketing,hgb,treeshap,410,0.14234675452093515,0.92,1.0,1.0,Model-matched,0
bank_marketing,hgb,treeshap,411,0.031025876278140928,0.86,1.0,1.0,Model-matched,0
bank_marketing,hgb,treeshap,412,0.0023789244659795485,0.86,1.0,1.0,Model-matched,0
bank_marketing,hgb,treeshap,413,0.020694605396046586,0.72,1.0,1.0,Model-matched,1
bank_marketing,hgb,treeshap,414,0.029345143465882927,0.82,1.0,1.0,Model-matched,0
bank_marketing,hgb,treeshap,415,0.05649519316517723,0.8399999999999999,1.0,1.0,Model-matched,0
bank_marketing,hgb,treeshap,416,0.2039785955450019,0.8799999999999999,1.0,1.0,Model-matched,0
bank_marketing,hgb,treeshap,417,0.018407903931462577,0.7599999999999999,1.0,1.0,Model-matched,1
bank_marketing,hgb,treeshap,418,0.016326132135056938,0.8,1.0,1.0,Model-matched,0
bank_marketing,hgb,treeshap,419,0.0022247696869317282,0.72,1.0,1.0,Model-matched,1
bank_marketing,hgb,treeshap,420,0.022871417178973286,0.86,1.0,1.0,Model-matched,0
bank_marketing,hgb,treeshap,421,0.05327814240750205,0.78,1.0,1.0,Model-matched,1
bank_marketing,hgb,treeshap,422,0.024744092849728134,0.6599999999999999,1.0,1.0,Model-matched,1
bank_marketing,hgb,treeshap,423,0.18321781436182608,0.6799999999999999,1.0,1.0,Model-matched,1
bank_marketing,hgb,treeshap,424,0.12687419826313676,0.9200000000000002,1.0,1.0,Model-matched,0
bank_marketing,hgb,treeshap,425,0.093062797279608,0.6799999999999999,1.0,1.0,Model-matched,1
bank_marketing,hgb,treeshap,426,0.0030454624859871855,0.8399999999999999,1.0,1.0,Model-matched,0
bank_marketing,hgb,treeshap,427,0.08432700319845314,1.0,1.0,1.0,Model-matched,0
bank_marketing,hgb,treeshap,428,0.03188935148250545,0.7399999999999999,1.0,1.0,Model-matched,1
bank_marketing,hgb,treeshap,429,0.02081752380157213,0.8800000000000001,1.0,1.0,Model-matched,0
bank_marketing,hgb,treeshap,430,0.04130054741106122,0.7999999999999999,1.0,1.0,Model-matched,1
bank_marketing,hgb,treeshap,431,0.015472123624279311,0.82,1.0,1.0,Model-matched,0
bank_marketing,hgb,treeshap,432,0.003893703975900024,0.6199999999999999,1.0,1.0,Model-matched,1
bank_marketing,hgb,treeshap,433,0.016620732424855823,0.78,1.0,1.0,Model-matched,1
bank_marketing,hgb,treeshap,434,0.011335838119379911,0.7,1.0,1.0,Model-matched,1
bank_marketing,hgb,treeshap,435,0.02837607347357084,0.8799999999999999,1.0,1.0,Model-matched,0
bank_marketing,hgb,treeshap,436,0.005900117389120264,0.7199999999999999,1.0,1.0,Model-matched,1
bank_marketing,hgb,treeshap,437,0.005003017617299481,0.7999999999999999,1.0,1.0,Model-matched,1
bank_marketing,hgb,treeshap,438,0.005955406867036484,0.9200000000000002,1.0,1.0,Model-matched,0
bank_marketing,hgb,treeshap,439,0.01784247532938526,0.6799999999999999,1.0,1.0,Model-matched,1
bank_marketing,hgb,treeshap,440,0.04694486917788941,0.7999999999999999,1.0,1.0,Model-matched,1
bank_marketing,hgb,treeshap,441,0.02824864123238833,0.72,1.0,1.0,Model-matched,1
bank_marketing,hgb,treeshap,442,0.11329833736734828,0.8399999999999999,1.0,1.0,Model-matched,0
bank_marketing,hgb,treeshap,443,0.039808614886035945,0.7999999999999999,1.0,1.0,Model-matched,1
bank_marketing,hgb,treeshap,444,0.030399823810917916,0.7399999999999999,1.0,1.0,Model-matched,1
bank_marketing,hgb,treeshap,445,0.12147411755302343,1.0,1.0,1.0,Model-matched,0
bank_marketing,hgb,treeshap,446,0.04097937367402343,0.6599999999999999,1.0,1.0,Model-matched,1
bank_marketing,hgb,treeshap,447,0.03060850785361639,0.62,1.0,1.0,Model-matched,1
bank_marketing,hgb,treeshap,448,0.030089179914307262,0.78,1.0,1.0,Model-matched,1
bank_marketing,hgb,treeshap,449,0.021048974345712682,0.66,1.0,1.0,Model-matched,1
bank_marketing,hgb,treeshap,450,0.0019282200623783603,0.72,1.0,1.0,Model-matched,1
bank_marketing,hgb,treeshap,451,0.051939795842328544,0.76,1.0,1.0,Model-matched,1
bank_marketing,hgb,treeshap,452,0.034586352418048256,0.6599999999999999,1.0,1.0,Model-matched,1
bank_marketing,hgb,treeshap,453,0.014172846192917699,0.6599999999999999,1.0,1.0,Model-matched,1
bank_marketing,hgb,treeshap,454,0.01671192044543988,0.7799999999999999,1.0,1.0,Model-matched,1
bank_marketing,hgb,treeshap,455,0.05106124626398604,0.7799999999999999,1.0,1.0,Model-matched,1
bank_marketing,hgb,treeshap,456,0.007066610785986213,0.7199999999999999,1.0,1.0,Model-matched,1
bank_marketing,hgb,treeshap,457,0.23686771232784073,0.86,1.0,1.0,Model-matched,0
bank_marketing,hgb,treeshap,458,0.09290558430116087,0.6599999999999999,1.0,1.0,Model-matched,1
bank_marketing,hgb,treeshap,459,0.06043498039113397,0.6799999999999998,1.0,1.0,Model-matched,1
bank_marketing,hgb,treeshap,460,0.02972515586713977,0.7999999999999999,1.0,1.0,Model-matched,1
bank_marketing,hgb,treeshap,461,0.042485051564671875,0.92,1.0,1.0,Model-matched,0
bank_marketing,hgb,treeshap,462,0.010299018274928266,0.7,1.0,1.0,Model-matched,1
bank_marketing,hgb,treeshap,463,0.0025231439662162687,0.78,1.0,1.0,Model-matched,1
bank_marketing,hgb,treeshap,464,0.019411063676808,0.8800000000000001,1.0,1.0,Model-matched,0
bank_marketing,hgb,treeshap,465,0.01451870926945533,0.7000000000000001,1.0,1.0,Model-matched,1
bank_marketing,hgb,treeshap,466,0.059069512153280525,0.72,1.0,1.0,Model-matched,1
bank_marketing,hgb,treeshap,467,0.005781066348095356,0.6799999999999999,1.0,1.0,Model-matched,1
bank_marketing,hgb,treeshap,468,0.0038613430551942443,0.7799999999999999,1.0,1.0,Model-matched,1
bank_marketing,hgb,treeshap,469,0.007436103575024117,0.6799999999999999,1.0,1.0,Model-matched,1
bank_marketing,hgb,treeshap,470,0.0063951900213701784,0.8799999999999999,1.0,1.0,Model-matched,0
bank_marketing,hgb,treeshap,471,0.026903459382577644,0.76,1.0,1.0,Model-matched,1
bank_marketing,hgb,treeshap,472,0.012841343614773704,0.7,1.0,1.0,Model-matched,1
bank_marketing,hgb,treeshap,473,0.10667543530004384,0.8799999999999999,1.0,1.0,Model-matched,0
bank_marketing,hgb,treeshap,474,0.10864565710824915,0.72,1.0,1.0,Model-matched,1
bank_marketing,hgb,treeshap,475,0.011621842066475277,0.62,1.0,1.0,Model-matched,1
bank_marketing,hgb,treeshap,476,0.02867022927120974,1.0,1.0,1.0,Model-matched,0
bank_marketing,hgb,treeshap,477,0.05916433391010102,0.92,1.0,1.0,Model-matched,0
bank_marketing,hgb,treeshap,478,0.008633861634448625,0.68,1.0,1.0,Model-matched,1
bank_marketing,hgb,treeshap,479,0.01166142685937338,0.8400000000000001,1.0,1.0,Model-matched,0
bank_marketing,hgb,treeshap,480,0.005388250134106735,0.6,1.0,1.0,Model-matched,1
bank_marketing,hgb,treeshap,481,0.15752864955776436,0.86,1.0,1.0,Model-matched,0
bank_marketing,hgb,treeshap,482,0.049953066392472004,0.7999999999999999,1.0,1.0,Model-matched,1
bank_marketing,hgb,treeshap,483,0.012664309503139484,0.7999999999999999,1.0,1.0,Model-matched,1
bank_marketing,hgb,treeshap,484,0.03713977489130507,0.6799999999999999,1.0,1.0,Model-matched,1
bank_marketing,hgb,treeshap,485,0.08756123937265096,0.9200000000000002,1.0,1.0,Model-matched,0
bank_marketing,hgb,treeshap,486,0.16529445744824742,0.72,1.0,1.0,Model-matched,1
bank_marketing,hgb,treeshap,487,0.038484498738834756,0.4800000000000001,1.0,1.0,Model-matched,1
bank_marketing,hgb,treeshap,488,0.001962251247734539,0.7999999999999999,1.0,1.0,Model-matched,1
bank_marketing,hgb,treeshap,489,0.014328071218934603,0.74,1.0,1.0,Model-matched,1
bank_marketing,hgb,treeshap,490,0.0029430973629713335,0.58,1.0,1.0,Model-matched,1
bank_marketing,hgb,treeshap,491,0.005350417835027778,0.7199999999999999,1.0,1.0,Model-matched,1
bank_marketing,hgb,treeshap,492,0.0960317326318549,0.7599999999999999,1.0,1.0,Model-matched,1
bank_marketing,hgb,treeshap,493,0.03501843976986214,0.7,1.0,1.0,Model-matched,1
bank_marketing,hgb,treeshap,494,0.02901346389131269,0.76,1.0,1.0,Model-matched,1
bank_marketing,hgb,treeshap,495,0.00021445245513306195,0.72,1.0,1.0,Model-matched,1
bank_marketing,hgb,treeshap,496,0.01816026423514019,0.82,1.0,1.0,Model-matched,0
bank_marketing,hgb,treeshap,497,0.007227842314025441,0.7599999999999999,1.0,1.0,Model-matched,1
bank_marketing,hgb,treeshap,498,0.02975998690794338,0.6799999999999999,1.0,1.0,Model-matched,1
bank_marketing,hgb,treeshap,499,0.08421498937329426,0.7,1.0,1.0,Model-matched,1
bank_marketing,hgb,lime,0,0.020137420528494956,1.0,0.8400000000000001,0.8560000000000001,LIME,0
bank_marketing,hgb,lime,1,0.006903211899825971,0.76,0.86,0.8240000000000001,LIME,1
bank_marketing,hgb,lime,2,0.06683529399436669,0.8800000000000001,0.8200000000000001,0.8,LIME,0
bank_marketing,hgb,lime,3,0.003608897549852375,0.7799999999999999,0.7,0.7440000000000001,LIME,1
bank_marketing,hgb,lime,4,0.0216305524837614,0.7399999999999999,0.78,0.736,LIME,1
bank_marketing,hgb,lime,5,0.017474336083168396,0.82,0.86,0.8640000000000001,LIME,0
bank_marketing,hgb,lime,6,0.05526085132713618,0.9200000000000002,0.8400000000000001,0.904,LIME,0
bank_marketing,hgb,lime,7,0.0126182910454727,0.78,0.8,0.8079999999999999,LIME,1
bank_marketing,hgb,lime,8,0.06758398398107614,0.74,0.8,0.768,LIME,1
bank_marketing,hgb,lime,9,0.1132377813187198,0.7999999999999999,0.8,0.8079999999999999,LIME,1
bank_marketing,hgb,lime,10,0.032138954113994644,0.82,0.74,0.7760000000000001,LIME,0
bank_marketing,hgb,lime,11,0.007561882209812987,0.7599999999999999,0.78,0.7760000000000001,LIME,1
bank_marketing,hgb,lime,12,0.011747776443180421,0.82,0.8200000000000001,0.8160000000000001,LIME,0
bank_marketing,hgb,lime,13,0.018135306796168673,0.76,0.8,0.76,LIME,1
bank_marketing,hgb,lime,14,0.02467891648460003,0.78,0.74,0.7583333333333333,LIME,1
bank_marketing,hgb,lime,15,0.042629128293754606,0.92,0.9,0.8640000000000001,LIME,0
bank_marketing,hgb,lime,16,0.07542702732994161,0.8399999999999999,0.8,0.816,LIME,0
bank_marketing,hgb,lime,17,0.02774979141596378,0.86,0.8400000000000001,0.872,LIME,0
bank_marketing,hgb,lime,18,0.025566079626011914,0.8400000000000001,0.8400000000000001,0.8640000000000001,LIME,0
bank_marketing,hgb,lime,19,0.05805644325350472,0.8399999999999999,0.8800000000000001,0.8079999999999999,LIME,0
bank_marketing,hgb,lime,20,0.007755732452717423,0.86,0.86,0.875,LIME,0
bank_marketing,hgb,lime,21,0.038736853156556374,0.7,0.76,0.7375,LIME,1
bank_marketing,hgb,lime,22,0.04345384299729681,0.8799999999999999,0.72,0.768,LIME,0
bank_marketing,hgb,lime,23,0.024070381941191057,0.8400000000000001,0.9,0.8,LIME,0
bank_marketing,hgb,lime,24,0.035887516843911185,0.7599999999999999,0.86,0.8,LIME,1
bank_marketing,hgb,lime,25,0.1336558015123381,0.86,0.8800000000000001,0.904,LIME,0
bank_marketing,hgb,lime,26,0.10055291002806886,0.92,0.86,0.8640000000000001,LIME,0
bank_marketing,hgb,lime,27,0.04660973605016027,0.86,0.9199999999999999,0.8960000000000001,LIME,0
bank_marketing,hgb,lime,28,0.0006436693081579705,0.7599999999999999,0.8400000000000001,0.792,LIME,1
bank_marketing,hgb,lime,29,0.0358654333708017,0.7399999999999999,0.76,0.784,LIME,1
bank_marketing,hgb,lime,30,0.0455424410772905,0.8800000000000001,0.8400000000000001,0.8320000000000001,LIME,0
bank_marketing,hgb,lime,31,0.048779914143749506,0.7399999999999999,0.76,0.7818181818181817,LIME,1
bank_marketing,hgb,lime,32,0.1123345747498682,0.7999999999999999,0.86,0.8320000000000001,LIME,1
bank_marketing,hgb,lime,33,0.12219165809521604,0.86,0.78,0.8560000000000001,LIME,0
bank_marketing,hgb,lime,34,0.025751645926501043,0.8400000000000001,0.8200000000000001,0.8160000000000001,LIME,0
bank_marketing,hgb,lime,35,0.0018830459503656036,0.7799999999999999,0.74,0.728,LIME,1
bank_marketing,hgb,lime,36,0.03327452193065046,0.6999999999999998,0.74,0.696,LIME,1
bank_marketing,hgb,lime,37,0.007802686748145926,0.7,0.76,0.736,LIME,1
bank_marketing,hgb,lime,38,0.00976191892743544,0.82,0.78,0.8,LIME,0
bank_marketing,hgb,lime,39,0.01160680561277757,0.7999999999999999,0.8200000000000001,0.8,LIME,1
bank_marketing,hgb,lime,40,0.008919086851455305,0.7999999999999999,0.78,0.7440000000000001,LIME,1
bank_marketing,hgb,lime,41,0.0510410007173357,0.8800000000000001,0.86,0.8560000000000001,LIME,0
bank_marketing,hgb,lime,42,0.00832897612142489,0.8400000000000001,0.86,0.8560000000000001,LIME,0
bank_marketing,hgb,lime,43,0.016343407058308123,0.7399999999999999,0.76,0.7440000000000001,LIME,1
bank_marketing,hgb,lime,44,0.0691229308303839,0.9200000000000002,0.9,0.8666666666666667,LIME,0
bank_marketing,hgb,lime,45,0.07580584563706148,0.9200000000000002,0.86,0.88,LIME,0
bank_marketing,hgb,lime,46,0.09570377302358615,0.92,0.8400000000000001,0.848,LIME,0
bank_marketing,hgb,lime,47,0.013629144538491251,0.82,0.86,0.784,LIME,0
bank_marketing,hgb,lime,48,0.028593912448636537,0.7,0.78,0.7440000000000001,LIME,1
bank_marketing,hgb,lime,49,0.07114991451982668,0.7799999999999999,0.8,0.8079999999999999,LIME,1
bank_marketing,hgb,lime,50,0.009730002244066824,0.92,1.0,1.0,LIME,0
bank_marketing,hgb,lime,51,0.04532216180358973,0.8800000000000001,1.0,1.0,LIME,0
bank_marketing,hgb,lime,52,0.07442319727356511,0.86,1.0,1.0,LIME,0
bank_marketing,hgb,lime,53,0.03088244338762474,0.74,1.0,1.0,LIME,1
bank_marketing,hgb,lime,54,0.04353914746745055,0.76,1.0,1.0,LIME,1
bank_marketing,hgb,lime,55,0.04608201682751945,0.86,1.0,1.0,LIME,0
bank_marketing,hgb,lime,56,0.08961839665636749,0.8399999999999999,1.0,1.0,LIME,0
bank_marketing,hgb,lime,57,0.014567092541763894,0.78,1.0,1.0,LIME,1
bank_marketing,hgb,lime,58,0.0891014688240088,0.8400000000000001,1.0,1.0,LIME,0
bank_marketing,hgb,lime,59,0.023632008915531907,0.7399999999999999,1.0,1.0,LIME,1
bank_marketing,hgb,lime,60,0.008935467785652938,0.8400000000000001,1.0,1.0,LIME,0
bank_marketing,hgb,lime,61,0.014671357666376051,0.6599999999999999,1.0,1.0,LIME,1
bank_marketing,hgb,lime,62,0.0474099587015662,0.6999999999999998,1.0,1.0,LIME,1
bank_marketing,hgb,lime,63,0.05180478673542189,0.8799999999999999,1.0,1.0,LIME,0
bank_marketing,hgb,lime,64,0.07595635139511435,0.7999999999999999,1.0,1.0,LIME,1
bank_marketing,hgb,lime,65,0.06701600351102377,0.86,1.0,1.0,LIME,0
bank_marketing,hgb,lime,66,0.009954830764359964,0.8399999999999999,1.0,1.0,LIME,0
bank_marketing,hgb,lime,67,0.0023613937805707064,0.8400000000000001,1.0,1.0,LIME,0
bank_marketing,hgb,lime,68,0.061978131665747,0.74,1.0,1.0,LIME,1
bank_marketing,hgb,lime,69,0.019464610892326522,0.86,1.0,1.0,LIME,0
bank_marketing,hgb,lime,70,0.01463370568664334,0.8400000000000001,1.0,1.0,LIME,0
bank_marketing,hgb,lime,71,0.0002605085947839893,0.8400000000000001,1.0,1.0,LIME,0
bank_marketing,hgb,lime,72,0.053869505089028234,0.7599999999999999,1.0,1.0,LIME,1
bank_marketing,hgb,lime,73,0.10367820007162315,0.86,1.0,1.0,LIME,0
bank_marketing,hgb,lime,74,0.055224970990125424,0.7999999999999999,1.0,1.0,LIME,1
bank_marketing,hgb,lime,75,0.029201550304889856,0.82,1.0,1.0,LIME,0
bank_marketing,hgb,lime,76,0.05167798881662459,0.7799999999999999,1.0,1.0,LIME,1
bank_marketing,hgb,lime,77,0.04984110520188644,0.86,1.0,1.0,LIME,0
bank_marketing,hgb,lime,78,0.030892719187264044,0.7599999999999999,1.0,1.0,LIME,1
bank_marketing,hgb,lime,79,0.050322741811147556,0.74,1.0,1.0,LIME,1
bank_marketing,hgb,lime,80,0.04245481077131399,0.8400000000000001,1.0,1.0,LIME,0
bank_marketing,hgb,lime,81,0.02936830402860267,0.6999999999999998,1.0,1.0,LIME,1
bank_marketing,hgb,lime,82,0.01955473628082242,0.82,1.0,1.0,LIME,0
bank_marketing,hgb,lime,83,0.024284081986302282,0.74,1.0,1.0,LIME,1
bank_marketing,hgb,lime,84,0.029988232915919316,0.92,1.0,1.0,LIME,0
bank_marketing,hgb,lime,85,0.12768263539170793,0.86,1.0,1.0,LIME,0
bank_marketing,hgb,lime,86,0.0056738217785957355,0.74,1.0,1.0,LIME,1
bank_marketing,hgb,lime,87,0.13136239694578636,0.7999999999999999,1.0,1.0,LIME,1
bank_marketing,hgb,lime,88,0.00023197458057594517,0.92,1.0,1.0,LIME,0
bank_marketing,hgb,lime,89,0.014589781914000753,0.7999999999999999,1.0,1.0,LIME,1
bank_marketing,hgb,lime,90,0.01657885640822862,0.74,1.0,1.0,LIME,1
bank_marketing,hgb,lime,91,0.05591016938693932,0.8800000000000001,1.0,1.0,LIME,0
bank_marketing,hgb,lime,92,0.032022965203926786,0.7399999999999999,1.0,1.0,LIME,1
bank_marketing,hgb,lime,93,0.029924352482331048,0.86,1.0,1.0,LIME,0
bank_marketing,hgb,lime,94,0.015341250466668566,0.7799999999999999,1.0,1.0,LIME,1
bank_marketing,hgb,lime,95,0.005576778343694176,0.78,1.0,1.0,LIME,1
bank_marketing,hgb,lime,96,0.14667515747507703,0.9200000000000002,1.0,1.0,LIME,0
bank_marketing,hgb,lime,97,0.010718644329796587,0.6799999999999999,1.0,1.0,LIME,1
bank_marketing,hgb,lime,98,0.018537964005742553,0.86,1.0,1.0,LIME,0
bank_marketing,hgb,lime,99,0.008215779382077251,0.7799999999999999,1.0,1.0,LIME,1
bank_marketing,mlp,ig,0,0.041985387952933426,0.6799999999999999,1.0,0.888,Model-matched,1
bank_marketing,mlp,ig,1,0.05640308030741425,0.78,1.0,0.8959999999999999,Model-matched,1
bank_marketing,mlp,ig,2,0.05823446723876626,0.7999999999999999,1.0,0.88,Model-matched,1
bank_marketing,mlp,ig,3,0.006670707167349668,0.8399999999999999,1.0,0.856,Model-matched,0
bank_marketing,mlp,ig,4,0.01210340702080716,0.8400000000000001,1.0,0.848,Model-matched,0
bank_marketing,mlp,ig,5,0.011850712072239238,0.6599999999999999,1.0,0.92,Model-matched,1
bank_marketing,mlp,ig,6,0.011233906804576277,0.7799999999999999,1.0,0.872,Model-matched,1
bank_marketing,mlp,ig,7,0.05866946215541352,0.82,1.0,0.9520000000000001,Model-matched,0
bank_marketing,mlp,ig,8,0.02390134857092457,0.8399999999999999,1.0,0.9520000000000001,Model-matched,0
bank_marketing,mlp,ig,9,0.03441782303625418,0.8400000000000001,1.0,0.9359999999999999,Model-matched,0
bank_marketing,mlp,ig,10,0.023240759005727283,0.78,1.0,0.8959999999999999,Model-matched,1
bank_marketing,mlp,ig,11,0.04627958715397362,0.86,1.0,0.96,Model-matched,0
bank_marketing,mlp,ig,12,0.038387778075800266,0.6599999999999999,1.0,0.84,Model-matched,1
bank_marketing,mlp,ig,13,0.022081726031127843,0.8800000000000001,1.0,0.8960000000000001,Model-matched,0
bank_marketing,mlp,ig,14,0.0861865164113816,0.8400000000000001,1.0,0.8560000000000001,Model-matched,0
bank_marketing,mlp,ig,15,0.0007682498615402868,0.7,1.0,0.8959999999999999,Model-matched,1
bank_marketing,mlp,ig,16,0.010011428227300128,0.8799999999999999,1.0,0.904,Model-matched,0
bank_marketing,mlp,ig,17,0.02034306519812909,0.7999999999999999,1.0,0.8560000000000001,Model-matched,1
bank_marketing,mlp,ig,18,0.09260179738903346,0.92,1.0,0.968,Model-matched,0
bank_marketing,mlp,ig,19,0.014458761223363087,0.8400000000000001,1.0,0.904,Model-matched,0
bank_marketing,mlp,ig,20,0.003014504793648082,0.8,1.0,0.9043478260869565,Model-matched,0
bank_marketing,mlp,ig,21,0.02218932911762402,0.78,1.0,0.8,Model-matched,1
bank_marketing,mlp,ig,22,0.06766879366716674,0.86,1.0,0.7760000000000001,Model-matched,0
bank_marketing,mlp,ig,23,0.05736424577628033,0.86,1.0,0.8560000000000001,Model-matched,0
bank_marketing,mlp,ig,24,0.057132801903818996,0.7799999999999999,1.0,0.904,Model-matched,1
bank_marketing,mlp,ig,25,0.030618707089807465,0.7,1.0,0.872,Model-matched,1
bank_marketing,mlp,ig,26,0.03654771661035135,0.86,1.0,0.872,Model-matched,0
bank_marketing,mlp,ig,27,0.01168330419397271,0.76,1.0,0.92,Model-matched,1
bank_marketing,mlp,ig,28,0.01798689294588522,0.7199999999999999,1.0,0.872,Model-matched,1
bank_marketing,mlp,ig,29,0.1314501046534621,0.8399999999999999,1.0,0.88,Model-matched,0
bank_marketing,mlp,ig,30,0.034720627334464016,0.86,1.0,0.8960000000000001,Model-matched,0
bank_marketing,mlp,ig,31,0.0209256875270393,0.6599999999999999,1.0,0.84,Model-matched,1
bank_marketing,mlp,ig,32,0.002577780893811965,0.6799999999999999,1.0,0.9279999999999999,Model-matched,1
bank_marketing,mlp,ig,33,0.059881051136491024,0.86,1.0,0.904,Model-matched,0
bank_marketing,mlp,ig,34,0.05551732403416964,0.7799999999999999,1.0,0.904,Model-matched,1
bank_marketing,mlp,ig,35,0.1665302611219949,0.72,1.0,0.848,Model-matched,1
bank_marketing,mlp,ig,36,0.12166323623159381,0.7399999999999999,1.0,0.792,Model-matched,1
bank_marketing,mlp,ig,37,0.04055564111741059,0.7599999999999999,1.0,0.8560000000000001,Model-matched,1
bank_marketing,mlp,ig,38,0.017383572825994915,0.7999999999999999,1.0,0.9840000000000001,Model-matched,1
bank_marketing,mlp,ig,39,0.03510115594717743,0.7799999999999999,1.0,0.8833333333333333,Model-matched,1
bank_marketing,mlp,ig,40,0.02564789499750646,0.8399999999999999,1.0,0.8560000000000001,Model-matched,0
bank_marketing,mlp,ig,41,0.00870104721493405,0.76,1.0,0.8320000000000001,Model-matched,1
bank_marketing,mlp,ig,42,0.05167136636976654,0.86,1.0,0.8640000000000001,Model-matched,0
bank_marketing,mlp,ig,43,0.12115983668738825,0.6199999999999999,1.0,0.9520000000000001,Model-matched,1
bank_marketing,mlp,ig,44,0.00239820647359639,0.8800000000000001,1.0,0.912,Model-matched,0
bank_marketing,mlp,ig,45,0.0256986714977778,0.8399999999999999,1.0,0.904,Model-matched,0
bank_marketing,mlp,ig,46,0.016002580233492675,0.86,1.0,0.848,Model-matched,0
bank_marketing,mlp,ig,47,0.0331296728830778,0.7799999999999999,1.0,0.8320000000000001,Model-matched,1
bank_marketing,mlp,ig,48,0.021933899578392615,0.92,1.0,0.8079999999999999,Model-matched,0
bank_marketing,mlp,ig,49,0.07855699009460691,0.72,1.0,0.9359999999999999,Model-matched,1
bank_marketing,mlp,ig,50,0.011472564281374449,0.7199999999999999,1.0,0.92,Model-matched,1
bank_marketing,mlp,ig,51,0.06514572443351109,1.0,1.0,0.9840000000000001,Model-matched,0
bank_marketing,mlp,ig,52,0.032201229861244636,0.8399999999999999,1.0,0.89,Model-matched,0
bank_marketing,mlp,ig,53,0.007933588145591156,0.8400000000000001,1.0,0.888,Model-matched,0
bank_marketing,mlp,ig,54,0.10681799162146402,0.6799999999999999,1.0,0.8235294117647058,Model-matched,1
bank_marketing,mlp,ig,55,0.12914812216162186,0.8399999999999999,1.0,0.904,Model-matched,0
bank_marketing,mlp,ig,56,0.030329123337805203,1.0,1.0,0.888,Model-matched,0
bank_marketing,mlp,ig,57,0.01667325896213302,0.8400000000000001,1.0,0.912,Model-matched,0
bank_marketing,mlp,ig,58,0.019188060579708933,0.7,1.0,0.904,Model-matched,1
bank_marketing,mlp,ig,59,0.010653498984574707,0.72,1.0,0.8640000000000001,Model-matched,1
bank_marketing,mlp,ig,60,0.03623752172919561,0.7,1.0,0.8960000000000001,Model-matched,1
bank_marketing,mlp,ig,61,0.13645187286972096,0.72,1.0,0.848,Model-matched,1
bank_marketing,mlp,ig,62,0.129602965642372,0.86,1.0,0.84,Model-matched,0
bank_marketing,mlp,ig,63,0.01861970934002311,0.8400000000000001,1.0,0.92,Model-matched,0
bank_marketing,mlp,ig,64,0.06395403530556806,0.86,1.0,0.92,Model-matched,0
bank_marketing,mlp,ig,65,0.004303312414434342,0.76,1.0,0.848,Model-matched,1
bank_marketing,mlp,ig,66,0.009820583545746255,0.7,1.0,0.912,Model-matched,1
bank_marketing,mlp,ig,67,0.035270076279342644,0.86,1.0,0.8560000000000001,Model-matched,0
bank_marketing,mlp,ig,68,0.04561706957972008,0.7199999999999999,1.0,0.8640000000000001,Model-matched,1
bank_marketing,mlp,ig,69,0.039963962235133564,0.82,1.0,0.88,Model-matched,0
bank_marketing,mlp,ig,70,0.009534837569176816,0.78,1.0,0.93,Model-matched,1
bank_marketing,mlp,ig,71,0.021350886480646415,0.82,1.0,0.8240000000000001,Model-matched,0
bank_marketing,mlp,ig,72,0.020055100242670175,0.92,1.0,0.8640000000000001,Model-matched,0
bank_marketing,mlp,ig,73,0.008374135845084195,0.58,1.0,0.8240000000000001,Model-matched,1
bank_marketing,mlp,ig,74,0.00158277914455157,0.78,1.0,0.9440000000000001,Model-matched,1
bank_marketing,mlp,ig,75,0.016632850259301033,0.7999999999999999,1.0,0.8,Model-matched,1
bank_marketing,mlp,ig,76,0.03498661521995978,0.5200000000000001,1.0,0.848,Model-matched,1
bank_marketing,mlp,ig,77,0.046362188090135925,0.7799999999999999,1.0,0.8320000000000001,Model-matched,1
bank_marketing,mlp,ig,78,0.019944182028824087,0.6399999999999999,1.0,0.8640000000000001,Model-matched,1
bank_marketing,mlp,ig,79,0.0628663178275287,0.8800000000000001,1.0,0.8960000000000001,Model-matched,0
bank_marketing,mlp,ig,80,0.012751515596254353,0.7799999999999999,1.0,0.8095238095238095,Model-matched,1
bank_marketing,mlp,ig,81,0.02874830434970442,0.8399999999999999,1.0,0.8320000000000001,Model-matched,0
bank_marketing,mlp,ig,82,0.007937050796004682,0.6799999999999999,1.0,0.8960000000000001,Model-matched,1
bank_marketing,mlp,ig,83,0.022953353305045162,0.72,1.0,0.872,Model-matched,1
bank_marketing,mlp,ig,84,0.016633969900682402,0.7999999999999999,1.0,0.84,Model-matched,1
bank_marketing,mlp,ig,85,0.10377946040153121,0.86,1.0,0.96,Model-matched,0
bank_marketing,mlp,ig,86,0.007313257689203202,0.92,1.0,0.904,Model-matched,0
bank_marketing,mlp,ig,87,0.052653797224299845,0.7999999999999999,1.0,0.904,Model-matched,1
bank_marketing,mlp,ig,88,0.07470709984225891,0.7799999999999999,1.0,0.904,Model-matched,1
bank_marketing,mlp,ig,89,0.047912515276050886,0.7,1.0,0.8320000000000001,Model-matched,1
bank_marketing,mlp,ig,90,0.15519450550990346,0.72,1.0,0.8,Model-matched,1
bank_marketing,mlp,ig,91,0.005621539819699414,0.92,1.0,0.9,Model-matched,0
bank_marketing,mlp,ig,92,0.08370344719974153,0.86,1.0,0.792,Model-matched,0
bank_marketing,mlp,ig,93,0.09758747348570078,0.82,1.0,0.912,Model-matched,0
bank_marketing,mlp,ig,94,0.04516873981592256,0.7,1.0,0.888,Model-matched,1
bank_marketing,mlp,ig,95,0.22043788657541055,0.7999999999999999,1.0,0.84,Model-matched,1
bank_marketing,mlp,ig,96,0.02524348063793438,0.6799999999999999,1.0,0.9359999999999999,Model-matched,1
bank_marketing,mlp,ig,97,0.0333439536724351,0.72,1.0,0.92,Model-matched,1
bank_marketing,mlp,ig,98,0.006604250166291161,0.7399999999999999,1.0,0.8240000000000001,Model-matched,1
bank_marketing,mlp,ig,99,0.031167197456801608,0.7199999999999999,1.0,0.848,Model-matched,1
bank_marketing,mlp,ig,100,0.02819294429626666,0.7999999999999999,1.0,0.848,Model-matched,1
bank_marketing,mlp,ig,101,0.033365447909966366,0.6599999999999999,1.0,0.88,Model-matched,1
bank_marketing,mlp,ig,102,0.05988032487243724,0.8399999999999999,1.0,0.9279999999999999,Model-matched,0
bank_marketing,mlp,ig,103,0.009944355241181396,0.6399999999999999,1.0,0.9520000000000001,Model-matched,1
bank_marketing,mlp,ig,104,0.018245312963485867,0.74,1.0,0.912,Model-matched,1
bank_marketing,mlp,ig,105,0.014216856360455424,0.7,1.0,0.7760000000000001,Model-matched,1
bank_marketing,mlp,ig,106,0.05196628206604202,0.82,1.0,0.9359999999999999,Model-matched,0
bank_marketing,mlp,ig,107,0.007309086973671912,0.8399999999999999,1.0,0.9130434782608695,Model-matched,0
bank_marketing,mlp,ig,108,0.009970366785583194,0.5799999999999998,1.0,0.9058823529411765,Model-matched,1
bank_marketing,mlp,ig,109,0.003970003233369052,0.6,1.0,0.7440000000000001,Model-matched,1
bank_marketing,mlp,ig,110,0.08955671284802698,0.82,1.0,0.88,Model-matched,0
bank_marketing,mlp,ig,111,0.06105863501927681,0.92,1.0,0.92,Model-matched,0
bank_marketing,mlp,ig,112,0.026507090957222028,0.6799999999999999,1.0,0.872,Model-matched,1
bank_marketing,mlp,ig,113,0.024842675133936905,0.7,1.0,0.904,Model-matched,1
bank_marketing,mlp,ig,114,0.0042534005681658825,0.86,1.0,0.8320000000000001,Model-matched,0
bank_marketing,mlp,ig,115,0.05772878310021581,0.6799999999999999,1.0,0.848,Model-matched,1
bank_marketing,mlp,ig,116,0.008001887802182526,0.72,1.0,0.848,Model-matched,1
bank_marketing,mlp,ig,117,0.007277762883031916,0.6799999999999999,1.0,0.96,Model-matched,1
bank_marketing,mlp,ig,118,0.0078097886993242745,0.6799999999999999,1.0,0.8560000000000001,Model-matched,1
bank_marketing,mlp,ig,119,0.033998831955167876,0.8399999999999999,1.0,0.88,Model-matched,0
bank_marketing,mlp,ig,120,0.001347649872093454,0.7599999999999999,1.0,0.912,Model-matched,1
bank_marketing,mlp,ig,121,0.0018974555830424148,0.7799999999999999,1.0,0.9279999999999999,Model-matched,1
bank_marketing,mlp,ig,122,0.006751206691700358,0.82,1.0,0.8640000000000001,Model-matched,0
bank_marketing,mlp,ig,123,0.10212068721968151,0.6,1.0,0.8240000000000001,Model-matched,1
bank_marketing,mlp,ig,124,0.0031558405246960505,0.6799999999999999,1.0,0.875,Model-matched,1
bank_marketing,mlp,ig,125,0.13405593736084231,0.8799999999999999,1.0,0.904,Model-matched,0
bank_marketing,mlp,ig,126,0.1349201978900304,0.86,1.0,0.872,Model-matched,0
bank_marketing,mlp,ig,127,0.06621464529319263,0.8399999999999999,1.0,0.8640000000000001,Model-matched,0
bank_marketing,mlp,ig,128,0.002726051138702558,0.92,1.0,0.968,Model-matched,0
bank_marketing,mlp,ig,129,0.0023410802670007155,0.86,1.0,0.872,Model-matched,0
bank_marketing,mlp,ig,130,0.18022865211423206,0.7999999999999999,1.0,0.92,Model-matched,1
bank_marketing,mlp,ig,131,0.05334770886870778,0.86,1.0,0.9520000000000001,Model-matched,0
bank_marketing,mlp,ig,132,0.013538829584935227,0.6599999999999999,1.0,0.848,Model-matched,1
bank_marketing,mlp,ig,133,0.14546091027932728,0.7999999999999999,1.0,0.8079999999999999,Model-matched,1
bank_marketing,mlp,ig,134,0.09735660983706558,0.7999999999999999,1.0,0.872,Model-matched,1
bank_marketing,mlp,ig,135,0.007224256850049495,0.7999999999999999,1.0,0.8869565217391304,Model-matched,1
bank_marketing,mlp,ig,136,0.025641158861012397,0.7999999999999999,1.0,0.8240000000000001,Model-matched,1
bank_marketing,mlp,ig,137,0.0014217699365134345,0.58,1.0,0.728,Model-matched,1
bank_marketing,mlp,ig,138,0.0514897986132497,0.7599999999999999,1.0,0.88,Model-matched,1
bank_marketing,mlp,ig,139,0.12447242570613239,0.86,1.0,0.9279999999999999,Model-matched,0
bank_marketing,mlp,ig,140,0.007240842178421265,0.6599999999999999,1.0,0.88,Model-matched,1
bank_marketing,mlp,ig,141,0.08951344996918402,0.7599999999999999,1.0,0.912,Model-matched,1
bank_marketing,mlp,ig,142,0.014541042157946882,0.7999999999999999,1.0,0.904,Model-matched,1
bank_marketing,mlp,ig,143,0.034430863502676066,0.8400000000000001,1.0,0.9359999999999999,Model-matched,0
bank_marketing,mlp,ig,144,0.011165639031415547,0.9200000000000002,1.0,0.8160000000000001,Model-matched,0
bank_marketing,mlp,ig,145,0.023187579116157788,0.8400000000000001,1.0,0.8640000000000001,Model-matched,0
bank_marketing,mlp,ig,146,0.03194553047938029,0.7199999999999999,1.0,0.8240000000000001,Model-matched,1
bank_marketing,mlp,ig,147,0.14852809096630035,0.76,1.0,0.88,Model-matched,1
bank_marketing,mlp,ig,148,0.006211238130211579,0.82,1.0,0.848,Model-matched,0
bank_marketing,mlp,ig,149,0.13880002209274353,0.72,1.0,0.8,Model-matched,1
bank_marketing,mlp,ig,150,0.001657368371201395,0.5399999999999999,1.0,0.792,Model-matched,1
bank_marketing,mlp,ig,151,0.005921881730592187,0.7999999999999999,1.0,0.88,Model-matched,1
bank_marketing,mlp,ig,152,0.04187481027015104,0.7999999999999999,1.0,0.888,Model-matched,1
bank_marketing,mlp,ig,153,0.026495030242445934,0.86,1.0,0.904,Model-matched,0
bank_marketing,mlp,ig,154,0.06702231266963686,0.8399999999999999,1.0,0.912,Model-matched,0
bank_marketing,mlp,ig,155,0.023508407206085106,0.76,1.0,0.88,Model-matched,1
bank_marketing,mlp,ig,156,0.10635177433222537,0.7799999999999999,1.0,0.8631578947368422,Model-matched,1
bank_marketing,mlp,ig,157,0.03908903301324258,0.82,1.0,0.8500000000000001,Model-matched,0
bank_marketing,mlp,ig,158,0.016435742625173468,0.8800000000000001,1.0,0.9359999999999999,Model-matched,0
bank_marketing,mlp,ig,159,0.022072756888385503,0.7599999999999999,1.0,0.76,Model-matched,1
bank_marketing,mlp,ig,160,0.018694958739760823,0.72,1.0,0.8320000000000001,Model-matched,1
bank_marketing,mlp,ig,161,0.04188207203061942,0.6199999999999999,1.0,0.8666666666666667,Model-matched,1
bank_marketing,mlp,ig,162,0.09353678457760806,0.8799999999999999,1.0,0.8960000000000001,Model-matched,0
bank_marketing,mlp,ig,163,0.04041216119173025,0.6200000000000001,1.0,0.8560000000000001,Model-matched,1
bank_marketing,mlp,ig,164,0.1036918309388186,0.6399999999999999,1.0,0.8,Model-matched,1
bank_marketing,mlp,ig,165,0.05926830625915965,0.7399999999999999,1.0,0.872,Model-matched,1
bank_marketing,mlp,ig,166,0.011230641426417066,0.8400000000000001,1.0,0.904,Model-matched,0
bank_marketing,mlp,ig,167,0.008258371364618619,0.62,1.0,0.9181818181818181,Model-matched,1
bank_marketing,mlp,ig,168,0.11916738845923039,0.8400000000000001,1.0,0.92,Model-matched,0
bank_marketing,mlp,ig,169,0.030992667190578697,0.72,1.0,0.872,Model-matched,1
bank_marketing,mlp,ig,170,0.0015462190510148104,0.74,1.0,0.888,Model-matched,1
bank_marketing,mlp,ig,171,0.03547811214238183,0.7999999999999999,1.0,0.976,Model-matched,1
bank_marketing,mlp,ig,172,0.030478568481707262,0.78,1.0,0.9520000000000001,Model-matched,1
bank_marketing,mlp,ig,173,0.0019605863258522834,0.7,1.0,0.8560000000000001,Model-matched,1
bank_marketing,mlp,ig,174,0.00924981056693987,0.6799999999999999,1.0,0.9181818181818181,Model-matched,1
bank_marketing,mlp,ig,175,0.009054795315135814,0.7599999999999999,1.0,0.848,Model-matched,1
bank_marketing,mlp,ig,176,0.025957080216734027,0.92,1.0,0.9520000000000001,Model-matched,0
bank_marketing,mlp,ig,177,0.0394245780403688,0.9200000000000002,1.0,0.888,Model-matched,0
bank_marketing,mlp,ig,178,0.002725933358921779,0.82,1.0,0.8560000000000001,Model-matched,0
bank_marketing,mlp,ig,179,0.09607506285073009,0.7999999999999999,1.0,0.8099999999999999,Model-matched,1
bank_marketing,mlp,ig,180,0.12757662361547883,0.7799999999999999,1.0,0.92,Model-matched,1
bank_marketing,mlp,ig,181,0.02324400399881267,0.7,1.0,0.8833333333333333,Model-matched,1
bank_marketing,mlp,ig,182,0.0547982029087059,0.8400000000000001,1.0,0.848,Model-matched,0
bank_marketing,mlp,ig,183,0.05360905338431778,0.76,1.0,0.8240000000000001,Model-matched,1
bank_marketing,mlp,ig,184,0.017341137908097354,0.7399999999999999,1.0,0.8320000000000001,Model-matched,1
bank_marketing,mlp,ig,185,0.05365034851626272,0.7799999999999999,1.0,0.9520000000000001,Model-matched,1
bank_marketing,mlp,ig,186,0.008895943338243,0.6,1.0,0.8636363636363636,Model-matched,1
bank_marketing,mlp,ig,187,0.021049915958209958,0.86,1.0,0.912,Model-matched,0
bank_marketing,mlp,ig,188,0.09231584440094577,0.7,1.0,0.848,Model-matched,1
bank_marketing,mlp,ig,189,0.05601931153584023,0.7999999999999999,1.0,0.848,Model-matched,1
bank_marketing,mlp,ig,190,0.0600312961785197,0.82,1.0,0.8640000000000001,Model-matched,0
bank_marketing,mlp,ig,191,0.08267948941388452,0.74,1.0,0.84,Model-matched,1
bank_marketing,mlp,ig,192,0.16097448775728448,0.7999999999999999,1.0,0.8320000000000001,Model-matched,1
bank_marketing,mlp,ig,193,0.01018106285785926,0.8400000000000001,1.0,0.848,Model-matched,0
bank_marketing,mlp,ig,194,0.012846489829286835,0.78,1.0,0.904,Model-matched,1
bank_marketing,mlp,ig,195,0.11585268248659396,0.9200000000000002,1.0,0.888,Model-matched,0
bank_marketing,mlp,ig,196,0.010943404315239193,0.8400000000000001,1.0,0.9520000000000001,Model-matched,0
bank_marketing,mlp,ig,197,0.05639266005791764,0.82,1.0,0.9142857142857143,Model-matched,0
bank_marketing,mlp,ig,198,0.007773885827045081,0.78,1.0,0.784,Model-matched,1
bank_marketing,mlp,ig,199,0.2304281923506254,0.7799999999999999,1.0,0.9279999999999999,Model-matched,1
bank_marketing,mlp,ig,200,0.08481073213601091,0.86,1.0,1.0,Model-matched,0
bank_marketing,mlp,ig,201,0.00392526984884344,0.82,1.0,1.0,Model-matched,0
bank_marketing,mlp,ig,202,0.10249803891719983,0.76,1.0,1.0,Model-matched,1
bank_marketing,mlp,ig,203,0.08808039838684074,0.7599999999999999,1.0,1.0,Model-matched,1
bank_marketing,mlp,ig,204,0.03803901575358888,0.76,1.0,1.0,Model-matched,1
bank_marketing,mlp,ig,205,0.01648443309179321,0.8400000000000001,1.0,1.0,Model-matched,0
bank_marketing,mlp,ig,206,0.009318554305163146,0.8800000000000001,1.0,1.0,Model-matched,0
bank_marketing,mlp,ig,207,0.04507072370626794,0.74,1.0,1.0,Model-matched,1
bank_marketing,mlp,ig,208,0.03136586651460843,0.7599999999999999,1.0,1.0,Model-matched,1
bank_marketing,mlp,ig,209,0.08110895444872138,0.86,1.0,1.0,Model-matched,0
bank_marketing,mlp,ig,210,0.0710972889168309,0.9200000000000002,1.0,1.0,Model-matched,0
bank_marketing,mlp,ig,211,0.01714153828500083,0.92,1.0,1.0,Model-matched,0
bank_marketing,mlp,ig,212,0.04557666334858845,0.86,1.0,1.0,Model-matched,0
bank_marketing,mlp,ig,213,0.09516539479805153,0.8400000000000001,1.0,1.0,Model-matched,0
bank_marketing,mlp,ig,214,0.004794785510196858,0.72,1.0,1.0,Model-matched,1
bank_marketing,mlp,ig,215,0.1566989908043036,0.8800000000000001,1.0,1.0,Model-matched,0
bank_marketing,mlp,ig,216,0.10074698899898475,0.78,1.0,1.0,Model-matched,1
bank_marketing,mlp,ig,217,0.15310295743374153,0.7,1.0,1.0,Model-matched,1
bank_marketing,mlp,ig,218,0.031607285982943614,0.8400000000000001,1.0,1.0,Model-matched,0
bank_marketing,mlp,ig,219,0.034136464917324104,0.8400000000000001,1.0,1.0,Model-matched,0
bank_marketing,mlp,ig,220,0.07601682044052117,0.7999999999999999,1.0,1.0,Model-matched,1
bank_marketing,mlp,ig,221,0.03393329275013622,0.78,1.0,1.0,Model-matched,1
bank_marketing,mlp,ig,222,0.0024466101716321804,0.7599999999999999,1.0,1.0,Model-matched,1
bank_marketing,mlp,ig,223,0.027231743498905694,0.7999999999999999,1.0,1.0,Model-matched,1
bank_marketing,mlp,ig,224,0.06469329150248923,0.58,1.0,1.0,Model-matched,1
bank_marketing,mlp,ig,225,0.011563983083719517,0.8399999999999999,1.0,1.0,Model-matched,0
bank_marketing,mlp,ig,226,0.058016022415971806,0.74,1.0,1.0,Model-matched,1
bank_marketing,mlp,ig,227,0.008547235791341602,0.6599999999999999,1.0,1.0,Model-matched,1
bank_marketing,mlp,ig,228,0.004095587283351981,0.7799999999999999,1.0,1.0,Model-matched,1
bank_marketing,mlp,ig,229,0.07379371164879692,0.9200000000000002,1.0,1.0,Model-matched,0
bank_marketing,mlp,ig,230,0.03000375060645966,0.92,1.0,1.0,Model-matched,0
bank_marketing,mlp,ig,231,0.018467021119422694,0.72,1.0,1.0,Model-matched,1
bank_marketing,mlp,ig,232,0.022344829271671886,0.7399999999999999,1.0,1.0,Model-matched,1
bank_marketing,mlp,ig,233,0.05634808985459653,0.92,1.0,1.0,Model-matched,0
bank_marketing,mlp,ig,234,0.0738372592814838,0.8400000000000001,1.0,1.0,Model-matched,0
bank_marketing,mlp,ig,235,0.009457089346827815,0.86,1.0,1.0,Model-matched,0
bank_marketing,mlp,ig,236,0.01171006843379245,0.76,1.0,1.0,Model-matched,1
bank_marketing,mlp,ig,237,0.019435675485807335,0.86,1.0,1.0,Model-matched,0
bank_marketing,mlp,ig,238,0.052304852700827055,0.6799999999999999,1.0,1.0,Model-matched,1
bank_marketing,mlp,ig,239,0.001426122656275372,0.6799999999999999,1.0,1.0,Model-matched,1
bank_marketing,mlp,ig,240,0.0007626238166962356,0.72,1.0,1.0,Model-matched,1
bank_marketing,mlp,ig,241,0.06731671151606239,0.7999999999999999,1.0,1.0,Model-matched,1
bank_marketing,mlp,ig,242,0.13071778365705036,0.7999999999999999,1.0,1.0,Model-matched,1
bank_marketing,mlp,ig,243,0.026821261513359885,1.0,1.0,1.0,Model-matched,0
bank_marketing,mlp,ig,244,0.037320686151380136,0.78,1.0,1.0,Model-matched,1
bank_marketing,mlp,ig,245,0.01327246677245571,0.8399999999999999,1.0,1.0,Model-matched,0
bank_marketing,mlp,ig,246,0.035268467564175156,0.8400000000000001,1.0,1.0,Model-matched,0
bank_marketing,mlp,ig,247,0.08173876238134196,0.8799999999999999,1.0,1.0,Model-matched,0
bank_marketing,mlp,ig,248,0.024181758613013676,0.76,1.0,1.0,Model-matched,1
bank_marketing,mlp,ig,249,0.20544477557149304,0.8399999999999999,1.0,1.0,Model-matched,0
bank_marketing,mlp,ig,250,0.08066710227513137,0.7,1.0,1.0,Model-matched,1
bank_marketing,mlp,ig,251,0.003401396279452938,0.7999999999999999,1.0,1.0,Model-matched,1
bank_marketing,mlp,ig,252,0.009826893662673215,1.0,1.0,1.0,Model-matched,0
bank_marketing,mlp,ig,253,0.008420270179370732,0.86,1.0,1.0,Model-matched,0
bank_marketing,mlp,ig,254,0.035250636530994243,0.7999999999999999,1.0,1.0,Model-matched,1
bank_marketing,mlp,ig,255,0.030398577857880922,0.7399999999999999,1.0,1.0,Model-matched,1
bank_marketing,mlp,ig,256,0.07496196408188696,0.92,1.0,1.0,Model-matched,0
bank_marketing,mlp,ig,257,0.003134123791054528,0.72,1.0,1.0,Model-matched,1
bank_marketing,mlp,ig,258,0.21983677800686285,1.0,1.0,1.0,Model-matched,0
bank_marketing,mlp,ig,259,0.17182342559354205,0.92,1.0,1.0,Model-matched,0
bank_marketing,mlp,ig,260,0.029916352060173367,0.8,1.0,1.0,Model-matched,0
bank_marketing,mlp,ig,261,0.00956229014399699,0.86,1.0,1.0,Model-matched,0
bank_marketing,mlp,ig,262,0.019606841636642613,0.7999999999999999,1.0,1.0,Model-matched,1
bank_marketing,mlp,ig,263,0.011439223131028652,0.8399999999999999,1.0,1.0,Model-matched,0
bank_marketing,mlp,ig,264,0.046993242008102336,0.7199999999999999,1.0,1.0,Model-matched,1
bank_marketing,mlp,ig,265,0.06777898794649506,0.8399999999999999,1.0,1.0,Model-matched,0
bank_marketing,mlp,ig,266,0.05706082386800619,0.8400000000000001,1.0,1.0,Model-matched,0
bank_marketing,mlp,ig,267,0.05958337957069954,0.86,1.0,1.0,Model-matched,0
bank_marketing,mlp,ig,268,0.0017402509969809878,0.86,1.0,1.0,Model-matched,0
bank_marketing,mlp,ig,269,0.178095251436887,0.8799999999999999,1.0,1.0,Model-matched,0
bank_marketing,mlp,ig,270,0.010778922294129873,0.8400000000000001,1.0,1.0,Model-matched,0
bank_marketing,mlp,ig,271,0.0536472783760684,0.92,1.0,1.0,Model-matched,0
bank_marketing,mlp,ig,272,0.09232936964495594,0.86,1.0,1.0,Model-matched,0
bank_marketing,mlp,ig,273,0.004661060767231465,0.6599999999999999,1.0,1.0,Model-matched,1
bank_marketing,mlp,ig,274,0.07733313246243372,0.8400000000000001,1.0,1.0,Model-matched,0
bank_marketing,mlp,ig,275,0.003491287052421242,0.8799999999999999,1.0,1.0,Model-matched,0
bank_marketing,mlp,ig,276,0.0021181115287572474,0.7999999999999999,1.0,1.0,Model-matched,1
bank_marketing,mlp,ig,277,0.002929118752204224,0.8399999999999999,1.0,1.0,Model-matched,0
bank_marketing,mlp,ig,278,0.028645380153857418,0.86,1.0,1.0,Model-matched,0
bank_marketing,mlp,ig,279,0.004444245819177352,0.8399999999999999,1.0,1.0,Model-matched,0
bank_marketing,mlp,ig,280,0.04570945963867912,0.86,1.0,1.0,Model-matched,0
bank_marketing,mlp,ig,281,0.044982162679637346,0.8400000000000001,1.0,1.0,Model-matched,0
bank_marketing,mlp,ig,282,0.028202564177746532,0.7599999999999999,1.0,1.0,Model-matched,1
bank_marketing,mlp,ig,283,0.04882132124050374,1.0,1.0,1.0,Model-matched,0
bank_marketing,mlp,ig,284,0.08900127005573605,0.7599999999999999,1.0,1.0,Model-matched,1
bank_marketing,mlp,ig,285,0.01815117314185047,0.86,1.0,1.0,Model-matched,0
bank_marketing,mlp,ig,286,0.0428590696894077,0.7999999999999999,1.0,1.0,Model-matched,1
bank_marketing,mlp,ig,287,0.012867891111161048,0.86,1.0,1.0,Model-matched,0
bank_marketing,mlp,ig,288,0.01564508984527705,0.8399999999999999,1.0,1.0,Model-matched,0
bank_marketing,mlp,ig,289,0.04753799669028074,0.7399999999999999,1.0,1.0,Model-matched,1
bank_marketing,mlp,ig,290,0.10903590192281966,0.7,1.0,1.0,Model-matched,1
bank_marketing,mlp,ig,291,0.16895873768122308,0.92,1.0,1.0,Model-matched,0
bank_marketing,mlp,ig,292,0.041688151528944374,0.6799999999999999,1.0,1.0,Model-matched,1
bank_marketing,mlp,ig,293,0.11445598660361074,0.9200000000000002,1.0,1.0,Model-matched,0
bank_marketing,mlp,ig,294,0.006311773096231791,0.72,1.0,1.0,Model-matched,1
bank_marketing,mlp,ig,295,0.025376174213949863,1.0,1.0,1.0,Model-matched,0
bank_marketing,mlp,ig,296,0.026246969216884297,0.78,1.0,1.0,Model-matched,1
bank_marketing,mlp,ig,297,0.022674459457565153,0.7999999999999999,1.0,1.0,Model-matched,1
bank_marketing,mlp,ig,298,0.168292659798245,0.86,1.0,1.0,Model-matched,0
bank_marketing,mlp,ig,299,0.03956809177771513,0.7199999999999999,1.0,1.0,Model-matched,1
bank_marketing,mlp,ig,300,0.022865550276692376,0.86,1.0,1.0,Model-matched,0
bank_marketing,mlp,ig,301,0.04276312486099544,0.86,1.0,1.0,Model-matched,0
bank_marketing,mlp,ig,302,0.09545148068340986,0.6399999999999999,1.0,1.0,Model-matched,1
bank_marketing,mlp,ig,303,0.012966171783250782,0.82,1.0,1.0,Model-matched,0
bank_marketing,mlp,ig,304,0.001114826650558288,0.7,1.0,1.0,Model-matched,1
bank_marketing,mlp,ig,305,0.0015309871296659181,0.8399999999999999,1.0,1.0,Model-matched,0
bank_marketing,mlp,ig,306,0.009298924176450516,0.86,1.0,1.0,Model-matched,0
bank_marketing,mlp,ig,307,0.1596817120785535,0.86,1.0,1.0,Model-matched,0
bank_marketing,mlp,ig,308,0.021408941905459333,0.76,1.0,1.0,Model-matched,1
bank_marketing,mlp,ig,309,0.006600863640412631,0.92,1.0,1.0,Model-matched,0
bank_marketing,mlp,ig,310,0.016674765820377697,0.74,1.0,1.0,Model-matched,1
bank_marketing,mlp,ig,311,0.050374779347541705,0.86,1.0,1.0,Model-matched,0
bank_marketing,mlp,ig,312,0.054022099451974184,0.82,1.0,1.0,Model-matched,0
bank_marketing,mlp,ig,313,0.00016303745394625243,0.6199999999999999,1.0,1.0,Model-matched,1
bank_marketing,mlp,ig,314,0.10893542307969284,0.7599999999999999,1.0,1.0,Model-matched,1
bank_marketing,mlp,ig,315,0.03582487265042057,0.78,1.0,1.0,Model-matched,1
bank_marketing,mlp,ig,316,0.01760369550182176,0.72,1.0,1.0,Model-matched,1
bank_marketing,mlp,ig,317,0.05887447460489904,0.9200000000000002,1.0,1.0,Model-matched,0
bank_marketing,mlp,ig,318,0.09596980354563109,0.8400000000000001,1.0,1.0,Model-matched,0
bank_marketing,mlp,ig,319,0.0075059620717175665,0.78,1.0,1.0,Model-matched,1
bank_marketing,mlp,ig,320,0.05226938808585629,0.8400000000000001,1.0,1.0,Model-matched,0
bank_marketing,mlp,ig,321,0.06425463705718555,0.6599999999999999,1.0,1.0,Model-matched,1
bank_marketing,mlp,ig,322,0.12847494167280907,0.7999999999999999,1.0,1.0,Model-matched,1
bank_marketing,mlp,ig,323,0.016237918192122572,0.82,1.0,1.0,Model-matched,0
bank_marketing,mlp,ig,324,0.01724043590986948,0.78,1.0,1.0,Model-matched,1
bank_marketing,mlp,ig,325,0.10818478720682081,0.82,1.0,1.0,Model-matched,0
bank_marketing,mlp,ig,326,0.04944594591672986,0.72,1.0,1.0,Model-matched,1
bank_marketing,mlp,ig,327,0.021363284878373096,0.6799999999999999,1.0,1.0,Model-matched,1
bank_marketing,mlp,ig,328,0.013021539097915508,0.8399999999999999,1.0,1.0,Model-matched,0
bank_marketing,mlp,ig,329,0.028497468993628327,0.7999999999999999,1.0,1.0,Model-matched,1
bank_marketing,mlp,ig,330,0.006584722552597401,0.6599999999999999,1.0,1.0,Model-matched,1
bank_marketing,mlp,ig,331,0.02086782999003399,0.6999999999999998,1.0,1.0,Model-matched,1
bank_marketing,mlp,ig,332,0.011910639959780318,0.74,1.0,1.0,Model-matched,1
bank_marketing,mlp,ig,333,0.07891866412517681,0.7199999999999999,1.0,1.0,Model-matched,1
bank_marketing,mlp,ig,334,0.05238273984295192,0.7,1.0,1.0,Model-matched,1
bank_marketing,mlp,ig,335,0.08833455002854582,0.76,1.0,1.0,Model-matched,1
bank_marketing,mlp,ig,336,0.007727339019980466,0.74,1.0,1.0,Model-matched,1
bank_marketing,mlp,ig,337,0.005949212899416068,0.7399999999999999,1.0,1.0,Model-matched,1
bank_marketing,mlp,ig,338,0.0065802986698208395,0.7,1.0,1.0,Model-matched,1
bank_marketing,mlp,ig,339,0.0036882994885984372,0.72,1.0,1.0,Model-matched,1
bank_marketing,mlp,ig,340,0.05379020213001878,0.6399999999999999,1.0,1.0,Model-matched,1
bank_marketing,mlp,ig,341,0.07649768436015782,1.0,1.0,1.0,Model-matched,0
bank_marketing,mlp,ig,342,0.056560466143799566,0.92,1.0,1.0,Model-matched,0
bank_marketing,mlp,ig,343,0.015564775147621276,0.82,1.0,1.0,Model-matched,0
bank_marketing,mlp,ig,344,0.00044932174054453805,0.7799999999999999,1.0,1.0,Model-matched,1
bank_marketing,mlp,ig,345,0.01983735296476093,0.5999999999999999,1.0,1.0,Model-matched,1
bank_marketing,mlp,ig,346,0.04738577975183399,0.72,1.0,1.0,Model-matched,1
bank_marketing,mlp,ig,347,0.09397131490453708,1.0,1.0,1.0,Model-matched,0
bank_marketing,mlp,ig,348,0.11049186846705555,0.8400000000000001,1.0,1.0,Model-matched,0
bank_marketing,mlp,ig,349,0.012801483391786229,0.7999999999999999,1.0,1.0,Model-matched,1
bank_marketing,mlp,ig,350,0.14151898212070269,0.74,1.0,1.0,Model-matched,1
bank_marketing,mlp,ig,351,0.02800214715490114,0.7799999999999999,1.0,1.0,Model-matched,1
bank_marketing,mlp,ig,352,0.008956309891881795,0.76,1.0,1.0,Model-matched,1
bank_marketing,mlp,ig,353,0.11268188676620958,0.7599999999999999,1.0,1.0,Model-matched,1
bank_marketing,mlp,ig,354,0.03844949002230713,0.7599999999999999,1.0,1.0,Model-matched,1
bank_marketing,mlp,ig,355,0.01814337602492384,0.78,1.0,1.0,Model-matched,1
bank_marketing,mlp,ig,356,0.15486588662376427,1.0,1.0,1.0,Model-matched,0
bank_marketing,mlp,ig,357,0.03814539016745932,0.86,1.0,1.0,Model-matched,0
bank_marketing,mlp,ig,358,0.030116824520797232,0.86,1.0,1.0,Model-matched,0
bank_marketing,mlp,ig,359,0.0785056361668568,0.86,1.0,1.0,Model-matched,0
bank_marketing,mlp,ig,360,0.024422437756641404,0.7599999999999999,1.0,1.0,Model-matched,1
bank_marketing,mlp,ig,361,0.0814554653599238,1.0,1.0,1.0,Model-matched,0
bank_marketing,mlp,ig,362,0.0036881618291236336,0.72,1.0,1.0,Model-matched,1
bank_marketing,mlp,ig,363,0.016060907547626152,0.92,1.0,1.0,Model-matched,0
bank_marketing,mlp,ig,364,0.12743274388949632,0.7399999999999999,1.0,1.0,Model-matched,1
bank_marketing,mlp,ig,365,0.03998850544290649,0.74,1.0,1.0,Model-matched,1
bank_marketing,mlp,ig,366,0.012688632166827923,0.76,1.0,1.0,Model-matched,1
bank_marketing,mlp,ig,367,0.03473556727794705,0.8400000000000001,1.0,1.0,Model-matched,0
bank_marketing,mlp,ig,368,0.008057118932060644,0.7599999999999999,1.0,1.0,Model-matched,1
bank_marketing,mlp,ig,369,0.032184669235403605,0.8399999999999999,1.0,1.0,Model-matched,0
bank_marketing,mlp,ig,370,0.08493073009000451,0.72,1.0,1.0,Model-matched,1
bank_marketing,mlp,ig,371,0.05613900142172498,0.8399999999999999,1.0,1.0,Model-matched,0
bank_marketing,mlp,ig,372,0.001751274788199438,0.8399999999999999,1.0,1.0,Model-matched,0
bank_marketing,mlp,ig,373,0.00848325578021885,0.6199999999999999,1.0,1.0,Model-matched,1
bank_marketing,mlp,ig,374,0.023741920407573378,0.7599999999999999,1.0,1.0,Model-matched,1
bank_marketing,mlp,ig,375,0.0012293990393342155,0.7999999999999999,1.0,1.0,Model-matched,1
bank_marketing,mlp,ig,376,0.07243099153130246,0.76,1.0,1.0,Model-matched,1
bank_marketing,mlp,ig,377,0.07021934515017075,0.7999999999999999,1.0,1.0,Model-matched,1
bank_marketing,mlp,ig,378,0.023040647898826306,0.74,1.0,1.0,Model-matched,1
bank_marketing,mlp,ig,379,0.0017747861075057317,0.6599999999999999,1.0,1.0,Model-matched,1
bank_marketing,mlp,ig,380,0.07024210071986767,0.9200000000000002,1.0,1.0,Model-matched,0
bank_marketing,mlp,ig,381,0.021395774121645287,0.86,1.0,1.0,Model-matched,0
bank_marketing,mlp,ig,382,0.014805194529148892,0.8800000000000001,1.0,1.0,Model-matched,0
bank_marketing,mlp,ig,383,0.1495833250526601,0.7399999999999999,1.0,1.0,Model-matched,1
bank_marketing,mlp,ig,384,0.07868679764614601,0.7999999999999999,1.0,1.0,Model-matched,1
bank_marketing,mlp,ig,385,0.10240613374140449,0.8800000000000001,1.0,1.0,Model-matched,0
bank_marketing,mlp,ig,386,0.061975798793402606,0.8400000000000001,1.0,1.0,Model-matched,0
bank_marketing,mlp,ig,387,0.09876110779171245,0.8799999999999999,1.0,1.0,Model-matched,0
bank_marketing,mlp,ig,388,0.05580471624070978,0.82,1.0,1.0,Model-matched,0
bank_marketing,mlp,ig,389,0.008078059845464551,0.76,1.0,1.0,Model-matched,1
bank_marketing,mlp,ig,390,0.001679972455970145,0.7799999999999999,1.0,1.0,Model-matched,1
bank_marketing,mlp,ig,391,0.1245889489138128,1.0,1.0,1.0,Model-matched,0
bank_marketing,mlp,ig,392,0.04311450238239972,0.6599999999999999,1.0,1.0,Model-matched,1
bank_marketing,mlp,ig,393,0.001613617670971642,0.78,1.0,1.0,Model-matched,1
bank_marketing,mlp,ig,394,0.010990577639877498,0.74,1.0,1.0,Model-matched,1
bank_marketing,mlp,ig,395,0.009842594710163102,0.86,1.0,1.0,Model-matched,0
bank_marketing,mlp,ig,396,0.07090952010654615,0.6799999999999999,1.0,1.0,Model-matched,1
bank_marketing,mlp,ig,397,0.021207806475254252,0.7999999999999999,1.0,1.0,Model-matched,1
bank_marketing,mlp,ig,398,0.02794871052470299,0.7399999999999999,1.0,1.0,Model-matched,1
bank_marketing,mlp,ig,399,0.010838383783620767,0.8,1.0,1.0,Model-matched,0
bank_marketing,mlp,ig,400,0.012282598942733217,0.7599999999999999,1.0,1.0,Model-matched,1
bank_marketing,mlp,ig,401,0.054909836511920176,0.76,1.0,1.0,Model-matched,1
bank_marketing,mlp,ig,402,0.11035726181026793,1.0,1.0,1.0,Model-matched,0
bank_marketing,mlp,ig,403,0.05474787217991734,0.9200000000000002,1.0,1.0,Model-matched,0
bank_marketing,mlp,ig,404,0.004443453915596884,0.9200000000000002,1.0,1.0,Model-matched,0
bank_marketing,mlp,ig,405,0.019614860258764088,0.6,1.0,1.0,Model-matched,1
bank_marketing,mlp,ig,406,0.0014463893362213055,0.7399999999999999,1.0,1.0,Model-matched,1
bank_marketing,mlp,ig,407,0.04545873683493097,0.9200000000000002,1.0,1.0,Model-matched,0
bank_marketing,mlp,ig,408,0.12078113363764122,0.86,1.0,1.0,Model-matched,0
bank_marketing,mlp,ig,409,0.032661529058228646,0.76,1.0,1.0,Model-matched,1
bank_marketing,mlp,ig,410,0.0828473650463416,0.6,1.0,1.0,Model-matched,1
bank_marketing,mlp,ig,411,0.018846361303785898,0.82,1.0,1.0,Model-matched,0
bank_marketing,mlp,ig,412,0.0347237768862143,0.8399999999999999,1.0,1.0,Model-matched,0
bank_marketing,mlp,ig,413,0.02071349313854554,0.6599999999999999,1.0,1.0,Model-matched,1
bank_marketing,mlp,ig,414,0.01518675139711075,0.82,1.0,1.0,Model-matched,0
bank_marketing,mlp,ig,415,0.0018091506025548273,0.86,1.0,1.0,Model-matched,0
bank_marketing,mlp,ig,416,0.0031560739741477166,0.8800000000000001,1.0,1.0,Model-matched,0
bank_marketing,mlp,ig,417,0.12036327901469433,0.86,1.0,1.0,Model-matched,0
bank_marketing,mlp,ig,418,0.004113847777818817,0.86,1.0,1.0,Model-matched,0
bank_marketing,mlp,ig,419,0.05829109047842654,0.72,1.0,1.0,Model-matched,1
bank_marketing,mlp,ig,420,0.09365801971605585,0.7599999999999999,1.0,1.0,Model-matched,1
bank_marketing,mlp,ig,421,0.26390918990386475,0.8399999999999999,1.0,1.0,Model-matched,0
bank_marketing,mlp,ig,422,0.019440396975039673,0.7,1.0,1.0,Model-matched,1
bank_marketing,mlp,ig,423,0.23370414085591895,0.72,1.0,1.0,Model-matched,1
bank_marketing,mlp,ig,424,0.1332937623621626,0.74,1.0,1.0,Model-matched,1
bank_marketing,mlp,ig,425,0.044497330208322645,0.92,1.0,1.0,Model-matched,0
bank_marketing,mlp,ig,426,0.11728757752293577,1.0,1.0,1.0,Model-matched,0
bank_marketing,mlp,ig,427,0.0030924031417725257,0.8,1.0,1.0,Model-matched,0
bank_marketing,mlp,ig,428,0.015994114163400075,0.6399999999999999,1.0,1.0,Model-matched,1
bank_marketing,mlp,ig,429,0.254978247705322,0.9200000000000002,1.0,1.0,Model-matched,0
bank_marketing,mlp,ig,430,0.012496123156402026,0.82,1.0,1.0,Model-matched,0
bank_marketing,mlp,ig,431,0.0006468766447180893,0.6399999999999999,1.0,1.0,Model-matched,1
bank_marketing,mlp,ig,432,0.050180757792145946,0.92,1.0,1.0,Model-matched,0
bank_marketing,mlp,ig,433,0.16676163778548356,0.86,1.0,1.0,Model-matched,0
bank_marketing,mlp,ig,434,0.0716919398979397,0.86,1.0,1.0,Model-matched,0
bank_marketing,mlp,ig,435,0.0018640407804448838,0.78,1.0,1.0,Model-matched,1
bank_marketing,mlp,ig,436,0.02136196983619506,0.86,1.0,1.0,Model-matched,0
bank_marketing,mlp,ig,437,0.03627925985329614,0.76,1.0,1.0,Model-matched,1
bank_marketing,mlp,ig,438,0.0035108888941832316,0.82,1.0,1.0,Model-matched,0
bank_marketing,mlp,ig,439,0.02321309394733477,0.76,1.0,1.0,Model-matched,1
bank_marketing,mlp,ig,440,0.0562439814042075,0.6199999999999999,1.0,1.0,Model-matched,1
bank_marketing,mlp,ig,441,0.053876458529030474,0.78,1.0,1.0,Model-matched,1
bank_marketing,mlp,ig,442,0.001210669504632077,0.72,1.0,1.0,Model-matched,1
bank_marketing,mlp,ig,443,0.007209408956504298,0.7599999999999999,1.0,1.0,Model-matched,1
bank_marketing,mlp,ig,444,0.02062403324774361,0.76,1.0,1.0,Model-matched,1
bank_marketing,mlp,ig,445,0.03320045253943392,0.8400000000000001,1.0,1.0,Model-matched,0
bank_marketing,mlp,ig,446,0.031848442794194284,0.7999999999999999,1.0,1.0,Model-matched,1
bank_marketing,mlp,ig,447,0.07090695665663688,0.86,1.0,1.0,Model-matched,0
bank_marketing,mlp,ig,448,0.07571344455856975,0.86,1.0,1.0,Model-matched,0
bank_marketing,mlp,ig,449,0.06686903361200762,0.8,1.0,1.0,Model-matched,0
bank_marketing,mlp,ig,450,0.028520614585140814,0.86,1.0,1.0,Model-matched,0
bank_marketing,mlp,ig,451,0.15340191995753694,0.7999999999999999,1.0,1.0,Model-matched,1
bank_marketing,mlp,ig,452,0.05626512106348306,0.92,1.0,1.0,Model-matched,0
bank_marketing,mlp,ig,453,0.010027087139913517,0.8399999999999999,1.0,1.0,Model-matched,0
bank_marketing,mlp,ig,454,0.0033604014970011957,0.6799999999999999,1.0,1.0,Model-matched,1
bank_marketing,mlp,ig,455,0.01785359747575991,0.82,1.0,1.0,Model-matched,0
bank_marketing,mlp,ig,456,0.00016211354366871765,0.8400000000000001,1.0,1.0,Model-matched,0
bank_marketing,mlp,ig,457,0.14502115222063672,0.7799999999999999,1.0,1.0,Model-matched,1
bank_marketing,mlp,ig,458,0.03398733039444917,0.7,1.0,1.0,Model-matched,1
bank_marketing,mlp,ig,459,0.043896086718552496,0.6399999999999999,1.0,1.0,Model-matched,1
bank_marketing,mlp,ig,460,0.008522148523753659,0.7,1.0,1.0,Model-matched,1
bank_marketing,mlp,ig,461,0.13405368749636087,0.9200000000000002,1.0,1.0,Model-matched,0
bank_marketing,mlp,ig,462,0.01097583580139835,0.86,1.0,1.0,Model-matched,0
bank_marketing,mlp,ig,463,0.020396908812204413,0.92,1.0,1.0,Model-matched,0
bank_marketing,mlp,ig,464,0.012497857993086496,0.8399999999999999,1.0,1.0,Model-matched,0
bank_marketing,mlp,ig,465,0.0039937386263139436,0.76,1.0,1.0,Model-matched,1
bank_marketing,mlp,ig,466,0.07206826265840742,0.6399999999999999,1.0,1.0,Model-matched,1
bank_marketing,mlp,ig,467,0.002623349302384978,0.7999999999999999,1.0,1.0,Model-matched,1
bank_marketing,mlp,ig,468,0.04634260169518126,0.8399999999999999,1.0,1.0,Model-matched,0
bank_marketing,mlp,ig,469,0.008808149567746247,0.8800000000000001,1.0,1.0,Model-matched,0
bank_marketing,mlp,ig,470,0.07481556395254556,1.0,1.0,1.0,Model-matched,0
bank_marketing,mlp,ig,471,0.005359996544163845,0.92,1.0,1.0,Model-matched,0
bank_marketing,mlp,ig,472,0.04547540544970161,0.8399999999999999,1.0,1.0,Model-matched,0
bank_marketing,mlp,ig,473,0.04942362543186473,0.7999999999999999,1.0,1.0,Model-matched,1
bank_marketing,mlp,ig,474,0.08062301635052573,0.6199999999999999,1.0,1.0,Model-matched,1
bank_marketing,mlp,ig,475,0.03962517771492757,0.6799999999999999,1.0,1.0,Model-matched,1
bank_marketing,mlp,ig,476,0.05191292340289032,0.74,1.0,1.0,Model-matched,1
bank_marketing,mlp,ig,477,0.035664564991330396,0.92,1.0,1.0,Model-matched,0
bank_marketing,mlp,ig,478,0.0033638685075126533,0.7999999999999999,1.0,1.0,Model-matched,1
bank_marketing,mlp,ig,479,0.01934029293370594,0.92,1.0,1.0,Model-matched,0
bank_marketing,mlp,ig,480,0.003300964653846576,0.8400000000000001,1.0,1.0,Model-matched,0
bank_marketing,mlp,ig,481,0.1718688480178702,0.6399999999999999,1.0,1.0,Model-matched,1
bank_marketing,mlp,ig,482,0.2009946005329531,1.0,1.0,1.0,Model-matched,0
bank_marketing,mlp,ig,483,0.01144802833450508,0.7999999999999999,1.0,1.0,Model-matched,1
bank_marketing,mlp,ig,484,0.06323167305221072,0.8800000000000001,1.0,1.0,Model-matched,0
bank_marketing,mlp,ig,485,0.02168705284304535,0.7599999999999999,1.0,1.0,Model-matched,1
bank_marketing,mlp,ig,486,0.022935534560421043,0.58,1.0,1.0,Model-matched,1
bank_marketing,mlp,ig,487,0.01923251314584375,0.8400000000000001,1.0,1.0,Model-matched,0
bank_marketing,mlp,ig,488,0.04263930298123128,0.82,1.0,1.0,Model-matched,0
bank_marketing,mlp,ig,489,0.031138396747502167,0.6599999999999999,1.0,1.0,Model-matched,1
bank_marketing,mlp,ig,490,0.0017814463417631832,0.76,1.0,1.0,Model-matched,1
bank_marketing,mlp,ig,491,0.014545887135782153,0.72,1.0,1.0,Model-matched,1
bank_marketing,mlp,ig,492,0.09363895437393414,0.7,1.0,1.0,Model-matched,1
bank_marketing,mlp,ig,493,0.056607449935255946,0.86,1.0,1.0,Model-matched,0
bank_marketing,mlp,ig,494,0.03080170194639331,0.74,1.0,1.0,Model-matched,1
bank_marketing,mlp,ig,495,0.005331363039060792,0.74,1.0,1.0,Model-matched,1
bank_marketing,mlp,ig,496,0.02600700977275173,0.8399999999999999,1.0,1.0,Model-matched,0
bank_marketing,mlp,ig,497,0.00045886649085595614,0.7999999999999999,1.0,1.0,Model-matched,1
bank_marketing,mlp,ig,498,0.26184693189321717,0.9200000000000002,1.0,1.0,Model-matched,0
bank_marketing,mlp,ig,499,0.09967028552228455,0.82,1.0,1.0,Model-matched,0
bank_marketing,mlp,lime,0,0.06389630704074602,0.92,0.8400000000000001,0.84,LIME,0
bank_marketing,mlp,lime,1,0.06573716116411309,0.72,0.8400000000000001,0.8,LIME,1
bank_marketing,mlp,lime,2,0.12294664587851889,0.7799999999999999,0.8400000000000001,0.768,LIME,1
bank_marketing,mlp,lime,3,0.1296593107481223,0.5999999999999999,0.66,0.68,LIME,1
bank_marketing,mlp,lime,4,0.015092194899278221,0.82,0.8,0.752,LIME,0
bank_marketing,mlp,lime,5,0.04378119993562538,0.8399999999999999,0.8400000000000001,0.8320000000000001,LIME,0
bank_marketing,mlp,lime,6,0.04419180561539075,0.8399999999999999,0.8800000000000001,0.8560000000000001,LIME,0
bank_marketing,mlp,lime,7,0.11794150063479938,0.76,0.72,0.6960000000000001,LIME,1
bank_marketing,mlp,lime,8,0.09360560253559631,0.6799999999999999,0.74,0.7360000000000001,LIME,1
bank_marketing,mlp,lime,9,0.16788822278459026,0.72,0.72,0.76,LIME,1
bank_marketing,mlp,lime,10,0.06054141605252598,0.72,0.76,0.792,LIME,1
bank_marketing,mlp,lime,11,0.013359797257063426,0.8,0.78,0.76,LIME,0
bank_marketing,mlp,lime,12,0.022782356815393857,0.7399999999999999,0.8,0.736,LIME,1
bank_marketing,mlp,lime,13,0.09899322180251645,0.6399999999999999,0.7,0.672,LIME,1
bank_marketing,mlp,lime,14,0.017519737063708914,0.6,0.76,0.672,LIME,1
bank_marketing,mlp,lime,15,0.0321933446819544,0.7799999999999999,0.8200000000000001,0.8079999999999999,LIME,1
bank_marketing,mlp,lime,16,0.01068090418000471,0.82,0.78,0.7760000000000001,LIME,0
bank_marketing,mlp,lime,17,0.0038117419368515365,0.92,0.9,0.888,LIME,0
bank_marketing,mlp,lime,18,0.09577392820525385,0.86,0.86,0.8640000000000001,LIME,0
bank_marketing,mlp,lime,19,0.016959562116278106,0.78,0.86,0.8240000000000001,LIME,1
bank_marketing,mlp,lime,20,0.01419327227164471,0.8399999999999999,0.8200000000000001,0.8434782608695653,LIME,0
bank_marketing,mlp,lime,21,0.033094067383992835,0.7,0.74,0.736,LIME,1
bank_marketing,mlp,lime,22,0.016052293953346928,0.66,0.6799999999999999,0.6960000000000001,LIME,1
bank_marketing,mlp,lime,23,0.01528896905766703,0.5800000000000001,0.76,0.688,LIME,1
bank_marketing,mlp,lime,24,0.035443297345482856,0.7399999999999999,0.8400000000000001,0.792,LIME,1
bank_marketing,mlp,lime,25,0.01603071915713906,0.6799999999999999,0.74,0.752,LIME,1
bank_marketing,mlp,lime,26,0.026664030909607776,0.7399999999999999,0.8,0.728,LIME,1
bank_marketing,mlp,lime,27,0.017832201180588297,0.86,0.8200000000000001,0.8240000000000001,LIME,0
bank_marketing,mlp,lime,28,0.008122356793269296,0.7799999999999999,0.76,0.7759999999999999,LIME,1
bank_marketing,mlp,lime,29,0.1005585308360704,0.6799999999999999,0.68,0.72,LIME,1
bank_marketing,mlp,lime,30,0.04981768432924397,0.7999999999999999,0.78,0.768,LIME,1
bank_marketing,mlp,lime,31,0.025777006649673584,0.7,0.64,0.7440000000000001,LIME,1
bank_marketing,mlp,lime,32,0.1128468229117521,0.7,0.78,0.7759999999999999,LIME,1
bank_marketing,mlp,lime,33,0.15732257922223292,0.8399999999999999,0.78,0.8079999999999999,LIME,0
bank_marketing,mlp,lime,34,0.051078614967814434,0.7799999999999999,0.76,0.7440000000000001,LIME,1
bank_marketing,mlp,lime,35,0.031600550943333215,0.6399999999999999,0.62,0.664,LIME,1
bank_marketing,mlp,lime,36,0.03470550018222478,0.66,0.74,0.736,LIME,1
bank_marketing,mlp,lime,37,0.18757519764213898,0.72,0.66,0.648,LIME,1
bank_marketing,mlp,lime,38,0.013497385330849591,0.7599999999999999,0.7,0.7440000000000001,LIME,1
bank_marketing,mlp,lime,39,0.012339075744106502,0.7599999999999999,0.8800000000000001,0.8083333333333335,LIME,1
bank_marketing,mlp,lime,40,0.035004078084575535,0.7,0.8,0.76,LIME,1
bank_marketing,mlp,lime,41,0.028124998828414082,0.86,0.8400000000000001,0.848,LIME,0
bank_marketing,mlp,lime,42,0.0028608089587219853,0.7,0.78,0.76,LIME,1
bank_marketing,mlp,lime,43,0.03281588780972968,0.82,0.6799999999999999,0.7040000000000001,LIME,0
bank_marketing,mlp,lime,44,0.19201678148229528,0.86,0.8,0.8320000000000001,LIME,0
bank_marketing,mlp,lime,45,0.013491659657008185,0.6799999999999999,0.66,0.72,LIME,1
bank_marketing,mlp,lime,46,0.012797162410087017,0.72,0.74,0.792,LIME,1
bank_marketing,mlp,lime,47,0.025988580158178093,0.6799999999999999,0.8,0.72,LIME,1
bank_marketing,mlp,lime,48,0.03337087013361288,0.64,0.7,0.7120000000000001,LIME,1
bank_marketing,mlp,lime,49,0.052819374172767136,0.7199999999999999,0.78,0.768,LIME,1
bank_marketing,mlp,lime,50,0.03082956120697125,0.8399999999999999,1.0,1.0,LIME,0
bank_marketing,mlp,lime,51,0.03157292666417877,0.7599999999999999,1.0,1.0,LIME,1
bank_marketing,mlp,lime,52,0.09113417591793208,0.92,1.0,1.0,LIME,0
bank_marketing,mlp,lime,53,0.0878718014113725,0.58,1.0,1.0,LIME,1
bank_marketing,mlp,lime,54,0.00020827511859718888,0.5999999999999999,1.0,1.0,LIME,1
bank_marketing,mlp,lime,55,0.005633053161310427,0.78,1.0,1.0,LIME,1
bank_marketing,mlp,lime,56,0.025323616536168755,0.8400000000000001,1.0,1.0,LIME,0
bank_marketing,mlp,lime,57,0.05125419466652293,0.7,1.0,1.0,LIME,1
bank_marketing,mlp,lime,58,0.014545391019578018,0.92,1.0,1.0,LIME,0
bank_marketing,mlp,lime,59,0.006868887599703064,0.82,1.0,1.0,LIME,0
bank_marketing,mlp,lime,60,0.04251471886254714,0.92,1.0,1.0,LIME,0
bank_marketing,mlp,lime,61,0.024228982711686164,0.6799999999999999,1.0,1.0,LIME,1
bank_marketing,mlp,lime,62,0.016793978857373888,0.6599999999999999,1.0,1.0,LIME,1
bank_marketing,mlp,lime,63,0.06353498624827252,0.7799999999999999,1.0,1.0,LIME,1
bank_marketing,mlp,lime,64,0.005333376289749891,0.7799999999999999,1.0,1.0,LIME,1
bank_marketing,mlp,lime,65,0.02949246707247203,0.74,1.0,1.0,LIME,1
bank_marketing,mlp,lime,66,0.043128330082491145,0.82,1.0,1.0,LIME,0
bank_marketing,mlp,lime,67,0.03195612836287177,0.72,1.0,1.0,LIME,1
bank_marketing,mlp,lime,68,0.12669374520458773,0.6799999999999999,1.0,1.0,LIME,1
bank_marketing,mlp,lime,69,0.029597383992014434,0.8400000000000001,1.0,1.0,LIME,0
bank_marketing,mlp,lime,70,0.05478376374455291,0.92,1.0,1.0,LIME,0
bank_marketing,mlp,lime,71,0.05387479030866095,0.8399999999999999,1.0,1.0,LIME,0
bank_marketing,mlp,lime,72,0.025754618779669558,0.54,1.0,1.0,LIME,1
bank_marketing,mlp,lime,73,0.08201992701186664,0.86,1.0,1.0,LIME,0
bank_marketing,mlp,lime,74,0.04072181590586521,0.7999999999999999,1.0,1.0,LIME,1
bank_marketing,mlp,lime,75,0.00343364412191614,0.6399999999999999,1.0,1.0,LIME,1
bank_marketing,mlp,lime,76,0.03213264819116715,0.6,1.0,1.0,LIME,1
bank_marketing,mlp,lime,77,0.00347735001865537,0.8400000000000001,1.0,1.0,LIME,0
bank_marketing,mlp,lime,78,0.08435297783148961,0.72,1.0,1.0,LIME,1
bank_marketing,mlp,lime,79,0.07916845576067778,0.6399999999999999,1.0,1.0,LIME,1
bank_marketing,mlp,lime,80,0.034722384172113006,0.7799999999999999,1.0,1.0,LIME,1
bank_marketing,mlp,lime,81,0.0215611446692136,0.6799999999999999,1.0,1.0,LIME,1
bank_marketing,mlp,lime,82,0.03621604488697825,0.7799999999999999,1.0,1.0,LIME,1
bank_marketing,mlp,lime,83,0.0650358881126859,0.6199999999999999,1.0,1.0,LIME,1
bank_marketing,mlp,lime,84,0.0829390984471091,0.7799999999999999,1.0,1.0,LIME,1
bank_marketing,mlp,lime,85,0.025523160162501692,0.66,1.0,1.0,LIME,1
bank_marketing,mlp,lime,86,0.02612409135459365,0.7799999999999999,1.0,1.0,LIME,1
bank_marketing,mlp,lime,87,0.041463752464927506,0.72,1.0,1.0,LIME,1
bank_marketing,mlp,lime,88,0.2315823426795437,0.7599999999999999,1.0,1.0,LIME,1
bank_marketing,mlp,lime,89,0.042415359520354017,0.78,1.0,1.0,LIME,1
bank_marketing,mlp,lime,90,0.0010437532294303453,0.7599999999999999,1.0,1.0,LIME,1
bank_marketing,mlp,lime,91,0.022458738439666073,0.86,1.0,1.0,LIME,0
bank_marketing,mlp,lime,92,0.019048257262533216,0.6999999999999998,1.0,1.0,LIME,1
bank_marketing,mlp,lime,93,0.0614007877228317,0.6599999999999999,1.0,1.0,LIME,1
bank_marketing,mlp,lime,94,0.01814918441508197,0.7799999999999999,1.0,1.0,LIME,1
bank_marketing,mlp,lime,95,0.0609490963655713,0.72,1.0,1.0,LIME,1
bank_marketing,mlp,lime,96,0.0478212010942378,0.7999999999999999,1.0,1.0,LIME,1
bank_marketing,mlp,lime,97,0.04243428916186204,0.72,1.0,1.0,LIME,1
bank_marketing,mlp,lime,98,0.08878972956328815,0.7,1.0,1.0,LIME,1
bank_marketing,mlp,lime,99,0.058294264784879715,0.76,1.0,1.0,LIME,1
bank_marketing,mlp,kshap,0,0.032992929411629596,0.74,1.0,1.0,Model-matched,1
bank_marketing,mlp,kshap,1,0.012142127576135276,0.8400000000000001,1.0,1.0,Model-matched,0
bank_marketing,mlp,kshap,2,0.10684306348648479,1.0,1.0,1.0,Model-matched,0
bank_marketing,mlp,kshap,3,0.009519303562731757,0.92,1.0,1.0,Model-matched,0
bank_marketing,mlp,kshap,4,0.15776120759061207,0.86,1.0,1.0,Model-matched,0
bank_marketing,mlp,kshap,5,0.07544915464297397,0.7999999999999999,1.0,1.0,Model-matched,1
bank_marketing,mlp,kshap,6,0.01975793008167671,0.8400000000000001,1.0,1.0,Model-matched,0
bank_marketing,mlp,kshap,7,0.0007021347945408227,0.6599999999999999,1.0,1.0,Model-matched,1
bank_marketing,mlp,kshap,8,0.004817328256782487,0.82,1.0,1.0,Model-matched,0
bank_marketing,mlp,kshap,9,0.03739079560910545,0.6799999999999999,1.0,1.0,Model-matched,1
bank_marketing,mlp,kshap,10,0.11620808749113773,0.8799999999999999,1.0,1.0,Model-matched,0
bank_marketing,mlp,kshap,11,0.023288931939835767,0.86,1.0,1.0,Model-matched,0
bank_marketing,mlp,kshap,12,0.050309074148143625,0.7999999999999999,1.0,1.0,Model-matched,1
bank_marketing,mlp,kshap,13,0.19187432205505517,0.7,1.0,1.0,Model-matched,1
bank_marketing,mlp,kshap,14,0.01207085245530093,0.5799999999999998,1.0,1.0,Model-matched,1
bank_marketing,mlp,kshap,15,0.030081518575705787,1.0,1.0,1.0,Model-matched,0
bank_marketing,mlp,kshap,16,0.05826546800488981,1.0,1.0,1.0,Model-matched,0
bank_marketing,mlp,kshap,17,0.020477342158123104,0.6599999999999999,1.0,1.0,Model-matched,1
bank_marketing,mlp,kshap,18,0.023057042134551415,0.8399999999999999,1.0,1.0,Model-matched,0
bank_marketing,mlp,kshap,19,0.013963549651405682,0.6999999999999998,1.0,1.0,Model-matched,1
bank_marketing,mlp,kshap,20,0.00574877028496565,0.82,1.0,1.0,Model-matched,0
bank_marketing,mlp,kshap,21,0.08533714983700887,0.6999999999999998,1.0,1.0,Model-matched,1
bank_marketing,mlp,kshap,22,0.0115951988244715,0.92,1.0,1.0,Model-matched,0
bank_marketing,mlp,kshap,23,0.14212049680724353,1.0,1.0,1.0,Model-matched,0
bank_marketing,mlp,kshap,24,0.0031470569609785446,0.7799999999999999,1.0,1.0,Model-matched,1
bank_marketing,mlp,kshap,25,0.005221887116372706,0.7999999999999999,1.0,1.0,Model-matched,1
bank_marketing,mlp,kshap,26,0.09851810458795808,1.0,1.0,1.0,Model-matched,0
bank_marketing,mlp,kshap,27,0.07923365113520493,0.8400000000000001,1.0,1.0,Model-matched,0
bank_marketing,mlp,kshap,28,0.08324591719909692,0.76,1.0,1.0,Model-matched,1
bank_marketing,mlp,kshap,29,0.2281067572044133,0.76,1.0,1.0,Model-matched,1
bank_marketing,mlp,kshap,30,0.0052081399819252795,0.7999999999999999,1.0,1.0,Model-matched,1
bank_marketing,mlp,kshap,31,0.14935684715157543,0.72,1.0,1.0,Model-matched,1
bank_marketing,mlp,kshap,32,0.07219072694562734,0.7999999999999999,1.0,1.0,Model-matched,1
bank_marketing,mlp,kshap,33,0.028335864698862803,0.7999999999999999,1.0,1.0,Model-matched,1
bank_marketing,mlp,kshap,34,0.011451706085211144,0.7,1.0,1.0,Model-matched,1
bank_marketing,mlp,kshap,35,0.09868735283701452,0.76,1.0,1.0,Model-matched,1
bank_marketing,mlp,kshap,36,0.0002363485479542695,0.8399999999999999,1.0,1.0,Model-matched,0
bank_marketing,mlp,kshap,37,0.027284599661367644,0.76,1.0,1.0,Model-matched,1
bank_marketing,mlp,kshap,38,0.10116069636979794,0.7199999999999999,1.0,1.0,Model-matched,1
bank_marketing,mlp,kshap,39,0.011883339667896422,0.74,1.0,1.0,Model-matched,1
bank_marketing,mlp,kshap,40,0.027289180082674926,0.7,1.0,1.0,Model-matched,1
bank_marketing,mlp,kshap,41,0.0007013164495416284,0.82,1.0,1.0,Model-matched,0
bank_marketing,mlp,kshap,42,0.05876934431473733,0.92,1.0,1.0,Model-matched,0
bank_marketing,mlp,kshap,43,0.011934352332384657,0.6199999999999999,1.0,1.0,Model-matched,1
bank_marketing,mlp,kshap,44,0.03592769175527972,0.86,1.0,1.0,Model-matched,0
bank_marketing,mlp,kshap,45,0.06448510769824554,0.86,1.0,1.0,Model-matched,0
bank_marketing,mlp,kshap,46,0.041200299670971614,0.78,1.0,1.0,Model-matched,1
bank_marketing,mlp,kshap,47,0.055422011517141316,0.7399999999999999,1.0,1.0,Model-matched,1
bank_marketing,mlp,kshap,48,0.0757657776114047,0.82,1.0,1.0,Model-matched,0
bank_marketing,mlp,kshap,49,0.015368077745172128,0.92,1.0,1.0,Model-matched,0
bank_marketing,mlp,kshap,50,0.09001930880416584,0.76,1.0,1.0,Model-matched,1
bank_marketing,mlp,kshap,51,0.10870487297496408,1.0,1.0,1.0,Model-matched,0
bank_marketing,mlp,kshap,52,0.023975229731701714,1.0,1.0,1.0,Model-matched,0
bank_marketing,mlp,kshap,53,0.015305487264123476,0.92,1.0,1.0,Model-matched,0
bank_marketing,mlp,kshap,54,0.034173984653392095,0.6999999999999998,1.0,1.0,Model-matched,1
bank_marketing,mlp,kshap,55,0.05882594591973318,0.92,1.0,1.0,Model-matched,0
bank_marketing,mlp,kshap,56,0.009603905679718668,0.7999999999999999,1.0,1.0,Model-matched,1
bank_marketing,mlp,kshap,57,0.02738716225929854,0.74,1.0,1.0,Model-matched,1
bank_marketing,mlp,kshap,58,0.04959341408581969,0.86,1.0,1.0,Model-matched,0
bank_marketing,mlp,kshap,59,0.02309592966205324,0.7799999999999999,1.0,1.0,Model-matched,1
bank_marketing,mlp,kshap,60,0.006039395165919174,0.8400000000000001,1.0,1.0,Model-matched,0
bank_marketing,mlp,kshap,61,0.011450967863462566,0.7399999999999999,1.0,1.0,Model-matched,1
bank_marketing,mlp,kshap,62,0.10659117814033689,0.74,1.0,1.0,Model-matched,1
bank_marketing,mlp,kshap,63,0.03829087899309837,0.92,1.0,1.0,Model-matched,0
bank_marketing,mlp,kshap,64,0.11150457569725483,0.82,1.0,1.0,Model-matched,0
bank_marketing,mlp,kshap,65,0.025924714653592324,0.7399999999999999,1.0,1.0,Model-matched,1
bank_marketing,mlp,kshap,66,0.12824766789994546,0.7799999999999999,1.0,1.0,Model-matched,1
bank_marketing,mlp,kshap,67,0.008152470887122093,0.86,1.0,1.0,Model-matched,0
bank_marketing,mlp,kshap,68,0.06159732376738873,0.8800000000000001,1.0,1.0,Model-matched,0
bank_marketing,mlp,kshap,69,0.00024125351264007509,0.7,1.0,1.0,Model-matched,1
bank_marketing,mlp,kshap,70,0.006918138657107636,0.7599999999999999,1.0,1.0,Model-matched,1
bank_marketing,mlp,kshap,71,0.08439001141388269,0.7,1.0,1.0,Model-matched,1
bank_marketing,mlp,kshap,72,0.003125287507514554,0.7599999999999999,1.0,1.0,Model-matched,1
bank_marketing,mlp,kshap,73,0.0710052990205805,0.7,1.0,1.0,Model-matched,1
bank_marketing,mlp,kshap,74,0.06234330400175577,0.8799999999999999,1.0,1.0,Model-matched,0
bank_marketing,mlp,kshap,75,0.00040877998789219574,0.7799999999999999,1.0,1.0,Model-matched,1
bank_marketing,mlp,kshap,76,0.01978161815942199,0.7,1.0,1.0,Model-matched,1
bank_marketing,mlp,kshap,77,0.0239075441800763,0.8399999999999999,1.0,1.0,Model-matched,0
bank_marketing,mlp,kshap,78,0.10864771274104587,0.7999999999999999,1.0,1.0,Model-matched,1
bank_marketing,mlp,kshap,79,0.06820209677635855,0.86,1.0,1.0,Model-matched,0
bank_marketing,mlp,kshap,80,0.2444851978380819,0.6399999999999999,1.0,1.0,Model-matched,1
bank_marketing,mlp,kshap,81,0.10245933192339131,0.7399999999999999,1.0,1.0,Model-matched,1
bank_marketing,mlp,kshap,82,0.027293538951945584,0.8400000000000001,1.0,1.0,Model-matched,0
bank_marketing,mlp,kshap,83,0.05093945191989099,0.86,1.0,1.0,Model-matched,0
bank_marketing,mlp,kshap,84,0.08058631531326417,0.68,1.0,1.0,Model-matched,1
bank_marketing,mlp,kshap,85,0.037111238625128565,0.86,1.0,1.0,Model-matched,0
bank_marketing,mlp,kshap,86,0.08385676984013979,0.7799999999999999,1.0,1.0,Model-matched,1
bank_marketing,mlp,kshap,87,0.16151563945226624,0.92,1.0,1.0,Model-matched,0
bank_marketing,mlp,kshap,88,0.0916459690662781,0.7399999999999999,1.0,1.0,Model-matched,1
bank_marketing,mlp,kshap,89,0.011581564409541695,0.7999999999999999,1.0,1.0,Model-matched,1
bank_marketing,mlp,kshap,90,0.2212278578935083,0.7999999999999999,1.0,1.0,Model-matched,1
bank_marketing,mlp,kshap,91,0.0320124576384204,0.8799999999999999,1.0,1.0,Model-matched,0
bank_marketing,mlp,kshap,92,0.04394515722006517,0.7599999999999999,1.0,1.0,Model-matched,1
bank_marketing,mlp,kshap,93,0.14327772339556544,0.82,1.0,1.0,Model-matched,0
bank_marketing,mlp,kshap,94,0.12564386321575613,0.7999999999999999,1.0,1.0,Model-matched,1
bank_marketing,mlp,kshap,95,0.063556390555117,0.5799999999999998,1.0,1.0,Model-matched,1
bank_marketing,mlp,kshap,96,0.025537829806291754,0.7199999999999999,1.0,1.0,Model-matched,1
bank_marketing,mlp,kshap,97,0.011217799154767552,0.74,1.0,1.0,Model-matched,1
bank_marketing,mlp,kshap,98,0.05110524403085131,0.8399999999999999,1.0,1.0,Model-matched,0
bank_marketing,mlp,kshap,99,0.07656579345163422,0.76,1.0,1.0,Model-matched,1
ccdefault,logreg,linshap,0,0.017338023637870886,1.0,1.0,0.819047619047619,Model-matched,0
ccdefault,logreg,linshap,1,0.000888391486455057,1.0,1.0,0.84,Model-matched,0
ccdefault,logreg,linshap,2,0.07253298266628834,1.0,1.0,0.8625,Model-matched,0
ccdefault,logreg,linshap,3,0.02758499393783482,1.0,1.0,0.8560000000000001,Model-matched,0
ccdefault,logreg,linshap,4,0.10169971947022648,1.0,1.0,0.64,Model-matched,0
ccdefault,logreg,linshap,5,0.035089899332829716,1.0,1.0,0.8240000000000001,Model-matched,0
ccdefault,logreg,linshap,6,0.22258239019512377,1.0,1.0,0.888,Model-matched,0
ccdefault,logreg,linshap,7,0.05106435805135689,1.0,1.0,0.9363636363636364,Model-matched,0
ccdefault,logreg,linshap,8,0.01845921429211436,1.0,1.0,0.544,Model-matched,0
ccdefault,logreg,linshap,9,0.02763986108266175,1.0,1.0,0.792,Model-matched,0
ccdefault,logreg,linshap,10,0.02272008030736605,1.0,1.0,0.888,Model-matched,0
ccdefault,logreg,linshap,11,0.0017442325315620716,1.0,1.0,0.7760000000000001,Model-matched,0
ccdefault,logreg,linshap,12,0.040730764658735645,1.0,1.0,0.8588235294117647,Model-matched,0
ccdefault,logreg,linshap,13,0.0042316851164499745,1.0,1.0,0.68,Model-matched,0
ccdefault,logreg,linshap,14,0.011561353072766248,1.0,1.0,0.848,Model-matched,0
ccdefault,logreg,linshap,15,0.026479087649424575,1.0,1.0,0.8160000000000001,Model-matched,0
ccdefault,logreg,linshap,16,0.027412271616050695,1.0,1.0,0.792,Model-matched,0
ccdefault,logreg,linshap,17,0.020461171939809022,1.0,1.0,0.528,Model-matched,0
ccdefault,logreg,linshap,18,0.04597834417486419,1.0,1.0,0.8,Model-matched,0
ccdefault,logreg,linshap,19,0.012794028086318902,1.0,1.0,0.768,Model-matched,0
ccdefault,logreg,linshap,20,0.0497908142906107,1.0,1.0,0.8640000000000001,Model-matched,0
ccdefault,logreg,linshap,21,0.040057348707482836,1.0,1.0,0.608,Model-matched,0
ccdefault,logreg,linshap,22,0.024065842307442326,1.0,1.0,0.8240000000000001,Model-matched,0
ccdefault,logreg,linshap,23,0.09933795152922748,1.0,1.0,0.608,Model-matched,0
ccdefault,logreg,linshap,24,0.020194508261600904,1.0,1.0,0.7760000000000001,Model-matched,0
ccdefault,logreg,linshap,25,0.10579404997482098,1.0,1.0,0.68,Model-matched,0
ccdefault,logreg,linshap,26,0.0051099176698036685,1.0,1.0,0.6727272727272727,Model-matched,0
ccdefault,logreg,linshap,27,0.0030864473936285633,1.0,1.0,0.8240000000000001,Model-matched,0
ccdefault,logreg,linshap,28,0.028446477202301784,1.0,1.0,0.8090909090909091,Model-matched,0
ccdefault,logreg,linshap,29,0.019805156620199056,1.0,1.0,0.8,Model-matched,0
ccdefault,logreg,linshap,30,0.012934775821679494,1.0,1.0,0.8240000000000001,Model-matched,0
ccdefault,logreg,linshap,31,0.03718607452967921,1.0,1.0,0.7360000000000001,Model-matched,0
ccdefault,logreg,linshap,32,0.019928379204914724,1.0,1.0,0.8960000000000001,Model-matched,0
ccdefault,logreg,linshap,33,0.016432095844199888,1.0,1.0,0.84,Model-matched,0
ccdefault,logreg,linshap,34,0.012315706881729891,1.0,1.0,0.848,Model-matched,0
ccdefault,logreg,linshap,35,0.013783753093223522,1.0,1.0,0.8079999999999999,Model-matched,0
ccdefault,logreg,linshap,36,0.019730048639600463,1.0,1.0,0.76,Model-matched,0
ccdefault,logreg,linshap,37,0.08671130401780752,1.0,1.0,0.664,Model-matched,0
ccdefault,logreg,linshap,38,0.012794028086318902,1.0,1.0,0.84,Model-matched,0
ccdefault,logreg,linshap,39,0.01806326991591783,1.0,1.0,0.7760000000000001,Model-matched,0
ccdefault,logreg,linshap,40,0.02185411414552001,1.0,1.0,0.8,Model-matched,0
ccdefault,logreg,linshap,41,0.014445084985201199,1.0,1.0,0.616,Model-matched,0
ccdefault,logreg,linshap,42,0.07512739655646013,1.0,1.0,0.8560000000000001,Model-matched,0
ccdefault,logreg,linshap,43,0.12239508877373761,1.0,1.0,0.696,Model-matched,0
ccdefault,logreg,linshap,44,0.06586600807766287,1.0,1.0,0.664,Model-matched,0
ccdefault,logreg,linshap,45,0.016865607509821343,1.0,1.0,0.8320000000000001,Model-matched,0
ccdefault,logreg,linshap,46,0.041721323112825406,1.0,1.0,0.7760000000000001,Model-matched,0
ccdefault,logreg,linshap,47,0.02973846310775317,1.0,1.0,0.8960000000000001,Model-matched,0
ccdefault,logreg,linshap,48,0.007712561521356275,1.0,1.0,0.9440000000000001,Model-matched,0
ccdefault,logreg,linshap,49,0.01071174892240006,1.0,1.0,0.8160000000000001,Model-matched,0
ccdefault,logreg,linshap,50,0.009675602052862605,1.0,1.0,0.696,Model-matched,0
ccdefault,logreg,linshap,51,0.008789727395322921,1.0,1.0,0.73,Model-matched,0
ccdefault,logreg,linshap,52,0.0517171334404454,1.0,1.0,0.9238095238095237,Model-matched,0
ccdefault,logreg,linshap,53,0.16927927627383882,1.0,1.0,0.8079999999999999,Model-matched,0
ccdefault,logreg,linshap,54,0.011561353072766248,1.0,1.0,0.848,Model-matched,0
ccdefault,logreg,linshap,55,0.10624223741239135,1.0,1.0,0.736,Model-matched,0
ccdefault,logreg,linshap,56,0.01579159936930091,1.0,1.0,0.672,Model-matched,0
ccdefault,logreg,linshap,57,0.30823774583413543,1.0,1.0,1.0,Model-matched,0
ccdefault,logreg,linshap,58,0.11937283177387828,1.0,1.0,0.7360000000000001,Model-matched,0
ccdefault,logreg,linshap,59,0.00021544292792567465,1.0,1.0,0.5920000000000001,Model-matched,0
ccdefault,logreg,linshap,60,0.0052253654845649325,1.0,1.0,0.7440000000000001,Model-matched,0
ccdefault,logreg,linshap,61,0.01818376767929603,1.0,1.0,0.6960000000000001,Model-matched,0
ccdefault,logreg,linshap,62,0.08325603444410352,1.0,1.0,0.76,Model-matched,0
ccdefault,logreg,linshap,63,0.06950089946968381,1.0,1.0,0.888,Model-matched,0
ccdefault,logreg,linshap,64,0.02272008030736605,1.0,1.0,0.8240000000000001,Model-matched,0
ccdefault,logreg,linshap,65,0.15987848198553203,1.0,1.0,0.68,Model-matched,0
ccdefault,logreg,linshap,66,0.08640988506373651,1.0,1.0,0.7360000000000001,Model-matched,0
ccdefault,logreg,linshap,67,0.0070183828003871195,1.0,1.0,0.8240000000000001,Model-matched,0
ccdefault,logreg,linshap,68,0.018057204476113486,1.0,1.0,0.7440000000000001,Model-matched,0
ccdefault,logreg,linshap,69,0.020086991959931057,1.0,1.0,0.584,Model-matched,0
ccdefault,logreg,linshap,70,0.016418674631387707,1.0,1.0,0.8960000000000001,Model-matched,0
ccdefault,logreg,linshap,71,0.021450626434426887,1.0,1.0,0.9279999999999999,Model-matched,0
ccdefault,logreg,linshap,72,0.0945708365821771,1.0,1.0,0.7440000000000001,Model-matched,0
ccdefault,logreg,linshap,73,0.03904542865221717,1.0,1.0,0.64,Model-matched,0
ccdefault,logreg,linshap,74,0.07977527706967098,1.0,1.0,0.672,Model-matched,0
ccdefault,logreg,linshap,75,0.10642110358775181,1.0,1.0,0.6,Model-matched,0
ccdefault,logreg,linshap,76,0.13516452760458336,1.0,1.0,0.696,Model-matched,0
ccdefault,logreg,linshap,77,0.040996782747001775,1.0,1.0,0.688,Model-matched,0
ccdefault,logreg,linshap,78,0.007764676458733015,1.0,1.0,0.768,Model-matched,0
ccdefault,logreg,linshap,79,0.044830894053854466,1.0,1.0,0.88,Model-matched,0
ccdefault,logreg,linshap,80,0.002715855433143563,1.0,1.0,0.7066666666666667,Model-matched,0
ccdefault,logreg,linshap,81,0.017080748973268233,1.0,1.0,0.788888888888889,Model-matched,0
ccdefault,logreg,linshap,82,0.00346033446879468,1.0,1.0,0.792,Model-matched,0
ccdefault,logreg,linshap,83,0.057371726225171456,1.0,1.0,0.6559999999999999,Model-matched,0
ccdefault,logreg,linshap,84,0.017910198706366946,1.0,1.0,0.8933333333333333,Model-matched,0
ccdefault,logreg,linshap,85,0.0019070765821271748,1.0,1.0,0.8320000000000001,Model-matched,0
ccdefault,logreg,linshap,86,0.13723183854502743,1.0,1.0,0.6559999999999999,Model-matched,0
ccdefault,logreg,linshap,87,0.03544097428398459,1.0,1.0,1.0,Model-matched,0
ccdefault,logreg,linshap,88,0.093908358698661,1.0,1.0,0.568,Model-matched,0
ccdefault,logreg,linshap,89,0.02290732698307115,1.0,1.0,0.84,Model-matched,0
ccdefault,logreg,linshap,90,0.09536475881261666,1.0,1.0,0.664,Model-matched,0
ccdefault,logreg,linshap,91,0.006155020024548437,1.0,1.0,0.788235294117647,Model-matched,0
ccdefault,logreg,linshap,92,0.008421317112977413,1.0,1.0,0.8079999999999999,Model-matched,0
ccdefault,logreg,linshap,93,0.02619548105632863,1.0,1.0,0.8857142857142858,Model-matched,0
ccdefault,logreg,linshap,94,0.09267607728940648,1.0,1.0,0.9279999999999999,Model-matched,0
ccdefault,logreg,linshap,95,0.17743109628629145,1.0,1.0,0.7120000000000001,Model-matched,0
ccdefault,logreg,linshap,96,0.07872996089246855,1.0,1.0,0.768,Model-matched,0
ccdefault,logreg,linshap,97,0.02870792314467345,1.0,1.0,0.848,Model-matched,0
ccdefault,logreg,linshap,98,0.02383153031147633,1.0,1.0,0.848,Model-matched,0
ccdefault,logreg,linshap,99,0.018382701838736408,1.0,1.0,0.616,Model-matched,0
ccdefault,logreg,linshap,100,0.05990601710767868,1.0,1.0,0.696,Model-matched,0
ccdefault,logreg,linshap,101,0.007637544619161534,1.0,1.0,0.77,Model-matched,0
ccdefault,logreg,linshap,102,0.005083871750397527,1.0,1.0,0.9440000000000001,Model-matched,0
ccdefault,logreg,linshap,103,0.008994724365253701,1.0,1.0,0.8333333333333334,Model-matched,0
ccdefault,logreg,linshap,104,0.0029631545745502997,1.0,1.0,0.8700000000000001,Model-matched,0
ccdefault,logreg,linshap,105,0.04809960156527819,1.0,1.0,0.6,Model-matched,0
ccdefault,logreg,linshap,106,0.033524951725499776,1.0,1.0,0.664,Model-matched,0
ccdefault,logreg,linshap,107,0.007723384552797584,1.0,1.0,0.8079999999999999,Model-matched,0
ccdefault,logreg,linshap,108,0.013133740677783884,1.0,1.0,0.8640000000000001,Model-matched,0
ccdefault,logreg,linshap,109,0.015380711243401558,1.0,1.0,0.8560000000000001,Model-matched,0
ccdefault,logreg,linshap,110,0.10529302805293086,1.0,1.0,0.64,Model-matched,0
ccdefault,logreg,linshap,111,0.01061394598182382,1.0,1.0,0.728,Model-matched,0
ccdefault,logreg,linshap,112,0.10469368687076479,1.0,1.0,0.688,Model-matched,0
ccdefault,logreg,linshap,113,0.011561353072766248,1.0,1.0,0.8560000000000001,Model-matched,0
ccdefault,logreg,linshap,114,0.00204193190696111,1.0,1.0,0.6080000000000001,Model-matched,0
ccdefault,logreg,linshap,115,0.07179089056679107,1.0,1.0,0.68,Model-matched,0
ccdefault,logreg,linshap,116,0.0021388761062957353,1.0,1.0,0.6,Model-matched,0
ccdefault,logreg,linshap,117,0.01295509125591208,1.0,1.0,0.7040000000000001,Model-matched,0
ccdefault,logreg,linshap,118,0.0030246391804265135,1.0,1.0,0.7440000000000001,Model-matched,0
ccdefault,logreg,linshap,119,0.08762404871368312,1.0,1.0,0.608,Model-matched,0
ccdefault,logreg,linshap,120,0.0383406848588218,1.0,1.0,0.8240000000000001,Model-matched,0
ccdefault,logreg,linshap,121,0.01934087430353069,1.0,1.0,0.8320000000000001,Model-matched,0
ccdefault,logreg,linshap,122,0.01061394598182382,1.0,1.0,0.76,Model-matched,0
ccdefault,logreg,linshap,123,0.03128997048407075,1.0,1.0,0.6559999999999999,Model-matched,0
ccdefault,logreg,linshap,124,0.004882388618901635,1.0,1.0,0.8285714285714285,Model-matched,0
ccdefault,logreg,linshap,125,0.0497908142906107,1.0,1.0,0.8640000000000001,Model-matched,0
ccdefault,logreg,linshap,126,0.06785526407305438,1.0,1.0,0.84,Model-matched,0
ccdefault,logreg,linshap,127,0.021096943788121464,1.0,1.0,0.784,Model-matched,0
ccdefault,logreg,linshap,128,0.012111849344545704,1.0,1.0,0.8,Model-matched,0
ccdefault,logreg,linshap,129,0.011561353072766248,1.0,1.0,0.8240000000000001,Model-matched,0
ccdefault,logreg,linshap,130,0.07952775584773594,1.0,1.0,0.64,Model-matched,0
ccdefault,logreg,linshap,131,0.07939783483798453,1.0,1.0,0.64,Model-matched,0
ccdefault,logreg,linshap,132,0.005971504291304864,1.0,1.0,0.8160000000000001,Model-matched,0
ccdefault,logreg,linshap,133,0.2916784404792806,1.0,1.0,0.7040000000000001,Model-matched,0
ccdefault,logreg,linshap,134,0.002435446606006049,1.0,1.0,0.696,Model-matched,0
ccdefault,logreg,linshap,135,0.022801558267598974,1.0,1.0,0.624,Model-matched,0
ccdefault,logreg,linshap,136,0.0067116747125941425,1.0,1.0,0.672,Model-matched,0
ccdefault,logreg,linshap,137,0.025058817234030247,1.0,1.0,0.9571428571428572,Model-matched,0
ccdefault,logreg,linshap,138,0.14830173194639787,1.0,1.0,0.624,Model-matched,0
ccdefault,logreg,linshap,139,0.011473994023235222,1.0,1.0,0.8307692307692308,Model-matched,0
ccdefault,logreg,linshap,140,0.011316107039217543,1.0,1.0,0.8,Model-matched,0
ccdefault,logreg,linshap,141,0.0026391667517919487,1.0,1.0,0.68,Model-matched,0
ccdefault,logreg,linshap,142,0.011561353072766248,1.0,1.0,0.8320000000000001,Model-matched,0
ccdefault,logreg,linshap,143,0.0587439064823295,1.0,1.0,0.8560000000000001,Model-matched,0
ccdefault,logreg,linshap,144,0.044868033031681125,1.0,1.0,0.632,Model-matched,0
ccdefault,logreg,linshap,145,0.017299175552704636,1.0,1.0,0.8240000000000001,Model-matched,0
ccdefault,logreg,linshap,146,0.03773250607510514,1.0,1.0,0.8166666666666668,Model-matched,0
ccdefault,logreg,linshap,147,0.00681711763487331,1.0,1.0,0.64,Model-matched,0
ccdefault,logreg,linshap,148,0.0851318199810243,1.0,1.0,0.92,Model-matched,0
ccdefault,logreg,linshap,149,0.033045695093681424,1.0,1.0,0.8240000000000001,Model-matched,0
ccdefault,logreg,linshap,150,0.010308573953607597,1.0,1.0,0.784,Model-matched,0
ccdefault,logreg,linshap,151,0.01196713643754898,1.0,1.0,0.8240000000000001,Model-matched,0
ccdefault,logreg,linshap,152,0.14266906222793188,1.0,1.0,0.68,Model-matched,0
ccdefault,logreg,linshap,153,0.025645104199942145,1.0,1.0,0.8320000000000001,Model-matched,0
ccdefault,logreg,linshap,154,0.007896431355047712,1.0,1.0,0.8,Model-matched,0
ccdefault,logreg,linshap,155,0.1064927407174921,1.0,1.0,0.52,Model-matched,0
ccdefault,logreg,linshap,156,0.05940833738563305,1.0,1.0,0.8320000000000001,Model-matched,0
ccdefault,logreg,linshap,157,0.03911880496340672,1.0,1.0,0.7120000000000001,Model-matched,0
ccdefault,logreg,linshap,158,0.02272008030736605,1.0,1.0,0.84,Model-matched,0
ccdefault,logreg,linshap,159,0.010384274341482046,1.0,1.0,0.848,Model-matched,0
ccdefault,logreg,linshap,160,0.018731611975284706,1.0,1.0,0.8240000000000001,Model-matched,0
ccdefault,logreg,linshap,161,0.0005825368327798103,1.0,1.0,0.7428571428571429,Model-matched,0
ccdefault,logreg,linshap,162,0.012553647734028702,1.0,1.0,0.8160000000000001,Model-matched,0
ccdefault,logreg,linshap,163,0.00111639794891462,1.0,1.0,0.7120000000000001,Model-matched,0
ccdefault,logreg,linshap,164,0.010686501154390158,1.0,1.0,0.8,Model-matched,0
ccdefault,logreg,linshap,165,0.03089530049697057,1.0,1.0,0.6080000000000001,Model-matched,0
ccdefault,logreg,linshap,166,0.00930639084040982,1.0,1.0,0.8160000000000001,Model-matched,0
ccdefault,logreg,linshap,167,0.02439177624173663,1.0,1.0,0.8240000000000001,Model-matched,0
ccdefault,logreg,linshap,168,0.03980808140508787,1.0,1.0,0.672,Model-matched,0
ccdefault,logreg,linshap,169,0.0027158277704828933,1.0,1.0,0.8160000000000001,Model-matched,0
ccdefault,logreg,linshap,170,0.24146103646791528,1.0,1.0,0.9359999999999999,Model-matched,0
ccdefault,logreg,linshap,171,0.068672809061213,1.0,1.0,0.92,Model-matched,0
ccdefault,logreg,linshap,172,0.0363559022444948,1.0,1.0,0.7040000000000001,Model-matched,0
ccdefault,logreg,linshap,173,0.008331434314076312,1.0,1.0,0.688,Model-matched,0
ccdefault,logreg,linshap,174,0.038990110621352596,1.0,1.0,0.728,Model-matched,0
ccdefault,logreg,linshap,175,0.015380711243401558,1.0,1.0,0.8640000000000001,Model-matched,0
ccdefault,logreg,linshap,176,0.08909305647000286,1.0,1.0,0.648,Model-matched,0
ccdefault,logreg,linshap,177,0.038992930454969855,1.0,1.0,0.8240000000000001,Model-matched,0
ccdefault,logreg,linshap,178,0.04860962539341365,1.0,1.0,0.7040000000000001,Model-matched,0
ccdefault,logreg,linshap,179,0.006958627583959506,1.0,1.0,0.7120000000000001,Model-matched,0
ccdefault,logreg,linshap,180,0.06380202692228441,1.0,1.0,0.9279999999999999,Model-matched,0
ccdefault,logreg,linshap,181,0.03817651891397824,1.0,1.0,0.76,Model-matched,0
ccdefault,logreg,linshap,182,0.1580551148886567,1.0,1.0,0.752,Model-matched,0
ccdefault,logreg,linshap,183,0.024131354921545844,1.0,1.0,0.76,Model-matched,0
ccdefault,logreg,linshap,184,0.008904486421649547,1.0,1.0,0.84,Model-matched,0
ccdefault,logreg,linshap,185,0.010052338269935754,1.0,1.0,0.84,Model-matched,0
ccdefault,logreg,linshap,186,0.05902434566087695,1.0,1.0,0.7760000000000001,Model-matched,0
ccdefault,logreg,linshap,187,0.024616843280713764,1.0,1.0,0.7120000000000001,Model-matched,0
ccdefault,logreg,linshap,188,0.04872276294166617,1.0,1.0,0.888,Model-matched,0
ccdefault,logreg,linshap,189,0.011111153533498369,1.0,1.0,0.7040000000000001,Model-matched,0
ccdefault,logreg,linshap,190,0.03370281975513227,1.0,1.0,0.8560000000000001,Model-matched,0
ccdefault,logreg,linshap,191,0.03739991413216834,1.0,1.0,0.7238095238095239,Model-matched,0
ccdefault,logreg,linshap,192,0.027291614488990337,1.0,1.0,0.664,Model-matched,0
ccdefault,logreg,linshap,193,0.15248706145295426,1.0,1.0,0.696,Model-matched,0
ccdefault,logreg,linshap,194,0.04517235752811362,1.0,1.0,0.6080000000000001,Model-matched,0
ccdefault,logreg,linshap,195,0.09184832255187743,1.0,1.0,0.664,Model-matched,0
ccdefault,logreg,linshap,196,0.0009211376798532541,1.0,1.0,0.8125,Model-matched,0
ccdefault,logreg,linshap,197,0.006249572303513098,1.0,1.0,0.7066666666666667,Model-matched,0
ccdefault,logreg,linshap,198,0.2002888919300895,1.0,1.0,0.8240000000000001,Model-matched,0
ccdefault,logreg,linshap,199,0.005396172274221657,1.0,1.0,0.8320000000000001,Model-matched,0
ccdefault,logreg,linshap,200,0.00680416491136229,1.0,1.0,1.0,Model-matched,0
ccdefault,logreg,linshap,201,0.03671718702385222,1.0,1.0,1.0,Model-matched,0
ccdefault,logreg,linshap,202,0.009067493749317469,1.0,1.0,1.0,Model-matched,0
ccdefault,logreg,linshap,203,0.016036757666554106,1.0,1.0,1.0,Model-matched,0
ccdefault,logreg,linshap,204,0.062447468089420484,1.0,1.0,1.0,Model-matched,0
ccdefault,logreg,linshap,205,0.0278918452061142,1.0,1.0,1.0,Model-matched,0
ccdefault,logreg,linshap,206,0.04732036470294326,1.0,1.0,1.0,Model-matched,0
ccdefault,logreg,linshap,207,0.005057069072484067,1.0,1.0,1.0,Model-matched,0
ccdefault,logreg,linshap,208,0.05611185702529095,1.0,1.0,1.0,Model-matched,0
ccdefault,logreg,linshap,209,0.014314049492382944,1.0,1.0,1.0,Model-matched,0
ccdefault,logreg,linshap,210,0.07111073292371126,1.0,1.0,1.0,Model-matched,0
ccdefault,logreg,linshap,211,0.04229649777983032,1.0,1.0,1.0,Model-matched,0
ccdefault,logreg,linshap,212,0.03393031429845796,1.0,1.0,1.0,Model-matched,0
ccdefault,logreg,linshap,213,0.07012109266575416,1.0,1.0,1.0,Model-matched,0
ccdefault,logreg,linshap,214,0.012794028086318902,1.0,1.0,1.0,Model-matched,0
ccdefault,logreg,linshap,215,0.014199630555388885,1.0,1.0,1.0,Model-matched,0
ccdefault,logreg,linshap,216,0.012794028086318902,1.0,1.0,1.0,Model-matched,0
ccdefault,logreg,linshap,217,0.05802284604493552,1.0,1.0,1.0,Model-matched,0
ccdefault,logreg,linshap,218,0.03960437761549235,1.0,1.0,1.0,Model-matched,0
ccdefault,logreg,linshap,219,0.045957938876753465,1.0,1.0,1.0,Model-matched,0
ccdefault,logreg,linshap,220,0.04122789588163152,1.0,1.0,1.0,Model-matched,0
ccdefault,logreg,linshap,221,0.04087829143728967,1.0,1.0,1.0,Model-matched,0
ccdefault,logreg,linshap,222,0.038339101375746115,1.0,1.0,1.0,Model-matched,0
ccdefault,logreg,linshap,223,0.0033786240955861703,1.0,1.0,1.0,Model-matched,0
ccdefault,logreg,linshap,224,0.040917830243412,1.0,1.0,1.0,Model-matched,0
ccdefault,logreg,linshap,225,0.007947119058804738,1.0,1.0,1.0,Model-matched,0
ccdefault,logreg,linshap,226,0.10597812261031331,1.0,1.0,1.0,Model-matched,0
ccdefault,logreg,linshap,227,0.02150772870339168,1.0,1.0,1.0,Model-matched,0
ccdefault,logreg,linshap,228,0.012794028086318902,1.0,1.0,1.0,Model-matched,0
ccdefault,logreg,linshap,229,0.041794706352904304,1.0,1.0,1.0,Model-matched,0
ccdefault,logreg,linshap,230,0.0183823020714883,1.0,1.0,1.0,Model-matched,0
ccdefault,logreg,linshap,231,0.005588940332211798,1.0,1.0,1.0,Model-matched,0
ccdefault,logreg,linshap,232,0.021267565831144534,1.0,1.0,1.0,Model-matched,0
ccdefault,logreg,linshap,233,0.01673905635143109,1.0,1.0,1.0,Model-matched,0
ccdefault,logreg,linshap,234,0.11032001637277727,1.0,1.0,1.0,Model-matched,0
ccdefault,logreg,linshap,235,0.01891990715395356,1.0,1.0,1.0,Model-matched,0
ccdefault,logreg,linshap,236,0.009156056024851401,1.0,1.0,1.0,Model-matched,0
ccdefault,logreg,linshap,237,0.0016939822379143743,1.0,1.0,1.0,Model-matched,0
ccdefault,logreg,linshap,238,0.004720907210292059,1.0,1.0,1.0,Model-matched,0
ccdefault,logreg,linshap,239,0.051227955011557115,1.0,1.0,1.0,Model-matched,0
ccdefault,logreg,linshap,240,0.025336582265849433,1.0,1.0,1.0,Model-matched,0
ccdefault,logreg,linshap,241,0.015409123701065541,1.0,1.0,1.0,Model-matched,0
ccdefault,logreg,linshap,242,0.0336705485310971,1.0,1.0,1.0,Model-matched,0
ccdefault,logreg,linshap,243,0.09442745291659227,1.0,1.0,1.0,Model-matched,0
ccdefault,logreg,linshap,244,0.04694306159351287,1.0,1.0,1.0,Model-matched,0
ccdefault,logreg,linshap,245,0.04788274483610923,1.0,1.0,1.0,Model-matched,0
ccdefault,logreg,linshap,246,0.030605944236412684,1.0,1.0,1.0,Model-matched,0
ccdefault,logreg,linshap,247,0.06938527753194447,1.0,1.0,1.0,Model-matched,0
ccdefault,logreg,linshap,248,0.041209385510925865,1.0,1.0,1.0,Model-matched,0
ccdefault,logreg,linshap,249,0.046107483900478856,1.0,1.0,1.0,Model-matched,0
ccdefault,logreg,linshap,250,0.040253727273988744,1.0,1.0,1.0,Model-matched,0
ccdefault,logreg,linshap,251,0.10241061924233373,1.0,1.0,1.0,Model-matched,0
ccdefault,logreg,linshap,252,0.1535128721795831,1.0,1.0,1.0,Model-matched,0
ccdefault,logreg,linshap,253,0.07603395665826858,1.0,1.0,1.0,Model-matched,0
ccdefault,logreg,linshap,254,0.008127087779617053,1.0,1.0,1.0,Model-matched,0
ccdefault,logreg,linshap,255,0.12880447109194632,1.0,1.0,1.0,Model-matched,0
ccdefault,logreg,linshap,256,0.0011470995857715733,1.0,1.0,1.0,Model-matched,0
ccdefault,logreg,linshap,257,0.10575517229187024,1.0,1.0,1.0,Model-matched,0
ccdefault,logreg,linshap,258,0.007470245087733707,1.0,1.0,1.0,Model-matched,0
ccdefault,logreg,linshap,259,0.13705949821083063,1.0,1.0,1.0,Model-matched,0
ccdefault,logreg,linshap,260,0.05431941968895644,1.0,1.0,1.0,Model-matched,0
ccdefault,logreg,linshap,261,0.06423838210912854,1.0,1.0,1.0,Model-matched,0
ccdefault,logreg,linshap,262,0.024032557006233527,1.0,1.0,1.0,Model-matched,0
ccdefault,logreg,linshap,263,0.06016736246125238,1.0,1.0,1.0,Model-matched,0
ccdefault,logreg,linshap,264,0.14217347739215025,1.0,1.0,1.0,Model-matched,0
ccdefault,logreg,linshap,265,0.02404718249374051,1.0,1.0,1.0,Model-matched,0
ccdefault,logreg,linshap,266,0.0015248539013500248,1.0,1.0,1.0,Model-matched,0
ccdefault,logreg,linshap,267,0.029618849371034674,1.0,1.0,1.0,Model-matched,0
ccdefault,logreg,linshap,268,0.013591054090578505,1.0,1.0,1.0,Model-matched,0
ccdefault,logreg,linshap,269,0.01750194024309025,1.0,1.0,1.0,Model-matched,0
ccdefault,logreg,linshap,270,0.04769443755538855,1.0,1.0,1.0,Model-matched,0
ccdefault,logreg,linshap,271,0.03940638194693902,1.0,1.0,1.0,Model-matched,0
ccdefault,logreg,linshap,272,0.006042423258161567,1.0,1.0,1.0,Model-matched,0
ccdefault,logreg,linshap,273,0.130009841372809,1.0,1.0,1.0,Model-matched,0
ccdefault,logreg,linshap,274,0.01976069489514412,1.0,1.0,1.0,Model-matched,0
ccdefault,logreg,linshap,275,0.020166206877033754,1.0,1.0,1.0,Model-matched,0
ccdefault,logreg,linshap,276,0.09445814693563866,1.0,1.0,1.0,Model-matched,0
ccdefault,logreg,linshap,277,0.10978128603487557,1.0,1.0,1.0,Model-matched,0
ccdefault,logreg,linshap,278,0.019735525143923457,1.0,1.0,1.0,Model-matched,0
ccdefault,logreg,linshap,279,0.008507513174412375,1.0,1.0,1.0,Model-matched,0
ccdefault,logreg,linshap,280,0.036162480143299765,1.0,1.0,1.0,Model-matched,0
ccdefault,logreg,linshap,281,0.012907790217687393,1.0,1.0,1.0,Model-matched,0
ccdefault,logreg,linshap,282,0.07412817714393695,1.0,1.0,1.0,Model-matched,0
ccdefault,logreg,linshap,283,0.006252495710758386,1.0,1.0,1.0,Model-matched,0
ccdefault,logreg,linshap,284,0.016974794287857156,1.0,1.0,1.0,Model-matched,0
ccdefault,logreg,linshap,285,0.013019891175272245,1.0,1.0,1.0,Model-matched,0
ccdefault,logreg,linshap,286,0.007961501543322468,1.0,1.0,1.0,Model-matched,0
ccdefault,logreg,linshap,287,0.02563789559047746,1.0,1.0,1.0,Model-matched,0
ccdefault,logreg,linshap,288,0.10108223956966025,1.0,1.0,1.0,Model-matched,0
ccdefault,logreg,linshap,289,0.03878933649798242,1.0,1.0,1.0,Model-matched,0
ccdefault,logreg,linshap,290,0.002591683225484837,1.0,1.0,1.0,Model-matched,0
ccdefault,logreg,linshap,291,0.05084993515433152,1.0,1.0,1.0,Model-matched,0
ccdefault,logreg,linshap,292,0.062247614981509804,1.0,1.0,1.0,Model-matched,0
ccdefault,logreg,linshap,293,0.09362402445781888,1.0,1.0,1.0,Model-matched,0
ccdefault,logreg,linshap,294,0.013032603202033633,1.0,1.0,1.0,Model-matched,0
ccdefault,logreg,linshap,295,0.025058817234030247,1.0,1.0,1.0,Model-matched,0
ccdefault,logreg,linshap,296,0.00010217617951524351,1.0,1.0,1.0,Model-matched,0
ccdefault,logreg,linshap,297,0.026113721947775864,1.0,1.0,1.0,Model-matched,0
ccdefault,logreg,linshap,298,0.1132926353789154,1.0,1.0,1.0,Model-matched,0
ccdefault,logreg,linshap,299,0.19204897148635777,1.0,1.0,1.0,Model-matched,0
ccdefault,logreg,linshap,300,0.20922742141748543,1.0,1.0,1.0,Model-matched,0
ccdefault,logreg,linshap,301,0.04388480387746588,1.0,1.0,1.0,Model-matched,0
ccdefault,logreg,linshap,302,0.011597748155417727,1.0,1.0,1.0,Model-matched,0
ccdefault,logreg,linshap,303,0.06262530495582347,1.0,1.0,1.0,Model-matched,0
ccdefault,logreg,linshap,304,0.05347618921109012,1.0,1.0,1.0,Model-matched,0
ccdefault,logreg,linshap,305,0.02591654766255326,1.0,1.0,1.0,Model-matched,0
ccdefault,logreg,linshap,306,0.012794028086318902,1.0,1.0,1.0,Model-matched,0
ccdefault,logreg,linshap,307,0.03803770538600157,1.0,1.0,1.0,Model-matched,0
ccdefault,logreg,linshap,308,0.02846034787569016,1.0,1.0,1.0,Model-matched,0
ccdefault,logreg,linshap,309,0.044868033031681125,1.0,1.0,1.0,Model-matched,0
ccdefault,logreg,linshap,310,0.0016829123103365383,1.0,1.0,1.0,Model-matched,0
ccdefault,logreg,linshap,311,0.01061394598182382,1.0,1.0,1.0,Model-matched,0
ccdefault,logreg,linshap,312,0.022424533382946643,1.0,1.0,1.0,Model-matched,0
ccdefault,logreg,linshap,313,0.015380711243401558,1.0,1.0,1.0,Model-matched,0
ccdefault,logreg,linshap,314,0.08841257523555804,1.0,1.0,1.0,Model-matched,0
ccdefault,logreg,linshap,315,0.09323137964510078,1.0,1.0,1.0,Model-matched,0
ccdefault,logreg,linshap,316,0.026622949556668597,1.0,1.0,1.0,Model-matched,0
ccdefault,logreg,linshap,317,0.005965504055399948,1.0,1.0,1.0,Model-matched,0
ccdefault,logreg,linshap,318,0.13737201326344556,1.0,1.0,1.0,Model-matched,0
ccdefault,logreg,linshap,319,0.002349422011302126,1.0,1.0,1.0,Model-matched,0
ccdefault,logreg,linshap,320,0.08183323288930501,1.0,1.0,1.0,Model-matched,0
ccdefault,logreg,linshap,321,0.07418202570159924,1.0,1.0,1.0,Model-matched,0
ccdefault,logreg,linshap,322,0.029805993799916667,1.0,1.0,1.0,Model-matched,0
ccdefault,logreg,linshap,323,0.07492945335277022,1.0,1.0,1.0,Model-matched,0
ccdefault,logreg,linshap,324,0.08067222673326274,1.0,1.0,1.0,Model-matched,0
ccdefault,logreg,linshap,325,0.013398611203334389,1.0,1.0,1.0,Model-matched,0
ccdefault,logreg,linshap,326,0.006140511910593401,1.0,1.0,1.0,Model-matched,0
ccdefault,logreg,linshap,327,0.061873025352283166,1.0,1.0,1.0,Model-matched,0
ccdefault,logreg,linshap,328,0.016399556037417218,1.0,1.0,1.0,Model-matched,0
ccdefault,logreg,linshap,329,0.040955239956614944,1.0,1.0,1.0,Model-matched,0
ccdefault,logreg,linshap,330,0.0487562879636433,1.0,1.0,1.0,Model-matched,0
ccdefault,logreg,linshap,331,0.00222145315963988,1.0,1.0,1.0,Model-matched,0
ccdefault,logreg,linshap,332,0.020870832177753325,1.0,1.0,1.0,Model-matched,0
ccdefault,logreg,linshap,333,0.015167334815678791,1.0,1.0,1.0,Model-matched,0
ccdefault,logreg,linshap,334,0.0033306385936186663,1.0,1.0,1.0,Model-matched,0
ccdefault,logreg,linshap,335,0.046194648144252524,1.0,1.0,1.0,Model-matched,0
ccdefault,logreg,linshap,336,0.015805818117767826,1.0,1.0,1.0,Model-matched,0
ccdefault,logreg,linshap,337,0.0025283965641901703,1.0,1.0,1.0,Model-matched,0
ccdefault,logreg,linshap,338,0.009814413881882792,1.0,1.0,1.0,Model-matched,0
ccdefault,logreg,linshap,339,0.021057204397529533,1.0,1.0,1.0,Model-matched,0
ccdefault,logreg,linshap,340,0.034560228267826384,1.0,1.0,1.0,Model-matched,0
ccdefault,logreg,linshap,341,0.0531596571192523,1.0,1.0,1.0,Model-matched,0
ccdefault,logreg,linshap,342,0.050534761253552496,1.0,1.0,1.0,Model-matched,0
ccdefault,logreg,linshap,343,0.16012155636239614,1.0,1.0,1.0,Model-matched,0
ccdefault,logreg,linshap,344,0.03383412083251754,1.0,1.0,1.0,Model-matched,0
ccdefault,logreg,linshap,345,0.010306778771674824,1.0,1.0,1.0,Model-matched,0
ccdefault,logreg,linshap,346,0.016793235856694885,1.0,1.0,1.0,Model-matched,0
ccdefault,logreg,linshap,347,0.06240363459483556,1.0,1.0,1.0,Model-matched,0
ccdefault,logreg,linshap,348,0.04969755765325502,1.0,1.0,1.0,Model-matched,0
ccdefault,logreg,linshap,349,0.028802724458904062,1.0,1.0,1.0,Model-matched,0
ccdefault,logreg,linshap,350,0.0735184591982463,1.0,1.0,1.0,Model-matched,0
ccdefault,logreg,linshap,351,0.06998898291790909,1.0,1.0,1.0,Model-matched,0
ccdefault,logreg,linshap,352,0.008674058345496631,1.0,1.0,1.0,Model-matched,0
ccdefault,logreg,linshap,353,0.009944751371325488,1.0,1.0,1.0,Model-matched,0
ccdefault,logreg,linshap,354,0.018552759567975974,1.0,1.0,1.0,Model-matched,0
ccdefault,logreg,linshap,355,0.07365513585209163,1.0,1.0,1.0,Model-matched,0
ccdefault,logreg,linshap,356,0.008511003986892404,1.0,1.0,1.0,Model-matched,0
ccdefault,logreg,linshap,357,0.08342277037818784,1.0,1.0,1.0,Model-matched,0
ccdefault,logreg,linshap,358,0.051739397776580175,1.0,1.0,1.0,Model-matched,0
ccdefault,logreg,linshap,359,0.008437056259410903,1.0,1.0,1.0,Model-matched,0
ccdefault,logreg,linshap,360,0.03677419574226878,1.0,1.0,1.0,Model-matched,0
ccdefault,logreg,linshap,361,0.04701055733651354,1.0,1.0,1.0,Model-matched,0
ccdefault,logreg,linshap,362,0.03991941511150037,1.0,1.0,1.0,Model-matched,0
ccdefault,logreg,linshap,363,0.015380711243401558,1.0,1.0,1.0,Model-matched,0
ccdefault,logreg,linshap,364,0.01420564775899905,1.0,1.0,1.0,Model-matched,0
ccdefault,logreg,linshap,365,0.025336649966198145,1.0,1.0,1.0,Model-matched,0
ccdefault,logreg,linshap,366,0.015514875315517943,1.0,1.0,1.0,Model-matched,0
ccdefault,logreg,linshap,367,0.007836581202618074,1.0,1.0,1.0,Model-matched,0
ccdefault,logreg,linshap,368,0.03297575501005429,1.0,1.0,1.0,Model-matched,0
ccdefault,logreg,linshap,369,0.12746261297351835,1.0,1.0,1.0,Model-matched,0
ccdefault,logreg,linshap,370,0.10134642497008008,1.0,1.0,1.0,Model-matched,0
ccdefault,logreg,linshap,371,0.27645021345221016,1.0,1.0,1.0,Model-matched,0
ccdefault,logreg,linshap,372,0.046592551457411056,1.0,1.0,1.0,Model-matched,0
ccdefault,logreg,linshap,373,0.03368574556342034,1.0,1.0,1.0,Model-matched,0
ccdefault,logreg,linshap,374,0.041144832089230594,1.0,1.0,1.0,Model-matched,0
ccdefault,logreg,linshap,375,0.18322985296117061,1.0,1.0,1.0,Model-matched,0
ccdefault,logreg,linshap,376,0.03334242693103568,1.0,1.0,1.0,Model-matched,0
ccdefault,logreg,linshap,377,0.025028225606232378,1.0,1.0,1.0,Model-matched,0
ccdefault,logreg,linshap,378,0.0034231863456990475,1.0,1.0,1.0,Model-matched,0
ccdefault,logreg,linshap,379,0.01061394598182382,1.0,1.0,1.0,Model-matched,0
ccdefault,logreg,linshap,380,0.01614169928691594,1.0,1.0,1.0,Model-matched,0
ccdefault,logreg,linshap,381,0.1553136315382884,1.0,1.0,1.0,Model-matched,0
ccdefault,logreg,linshap,382,0.0005557637397213116,1.0,1.0,1.0,Model-matched,0
ccdefault,logreg,linshap,383,0.0027323978463256802,1.0,1.0,1.0,Model-matched,0
ccdefault,logreg,linshap,384,0.0070183828003871195,1.0,1.0,1.0,Model-matched,0
ccdefault,logreg,linshap,385,0.004701423934653075,1.0,1.0,1.0,Model-matched,0
ccdefault,logreg,linshap,386,0.015423436313453283,1.0,1.0,1.0,Model-matched,0
ccdefault,logreg,linshap,387,0.05486369124665668,1.0,1.0,1.0,Model-matched,0
ccdefault,logreg,linshap,388,0.07512739655646013,1.0,1.0,1.0,Model-matched,0
ccdefault,logreg,linshap,389,0.011233250223804019,1.0,1.0,1.0,Model-matched,0
ccdefault,logreg,linshap,390,0.2362963160625462,1.0,1.0,1.0,Model-matched,0
ccdefault,logreg,linshap,391,0.010686501154390158,1.0,1.0,1.0,Model-matched,0
ccdefault,logreg,linshap,392,0.0019211725045191518,1.0,1.0,1.0,Model-matched,0
ccdefault,logreg,linshap,393,0.21131375669805372,1.0,1.0,1.0,Model-matched,0
ccdefault,logreg,linshap,394,0.004273193252043473,1.0,1.0,1.0,Model-matched,0
ccdefault,logreg,linshap,395,0.1016089344847757,1.0,1.0,1.0,Model-matched,0
ccdefault,logreg,linshap,396,0.041388347431025506,1.0,1.0,1.0,Model-matched,0
ccdefault,logreg,linshap,397,0.030236812638734754,1.0,1.0,1.0,Model-matched,0
ccdefault,logreg,linshap,398,0.00025800733550964127,1.0,1.0,1.0,Model-matched,0
ccdefault,logreg,linshap,399,0.037591357432596194,1.0,1.0,1.0,Model-matched,0
ccdefault,logreg,linshap,400,0.003089280350681216,1.0,1.0,1.0,Model-matched,0
ccdefault,logreg,linshap,401,0.07769907335009493,1.0,1.0,1.0,Model-matched,0
ccdefault,logreg,linshap,402,0.13350091440208464,1.0,1.0,1.0,Model-matched,0
ccdefault,logreg,linshap,403,0.10512134906071174,1.0,1.0,1.0,Model-matched,0
ccdefault,logreg,linshap,404,0.03587992124796026,1.0,1.0,1.0,Model-matched,0
ccdefault,logreg,linshap,405,0.006153585028805823,1.0,1.0,1.0,Model-matched,0
ccdefault,logreg,linshap,406,0.1751374111345819,1.0,1.0,1.0,Model-matched,0
ccdefault,logreg,linshap,407,0.03684918122958721,1.0,1.0,1.0,Model-matched,0
ccdefault,logreg,linshap,408,0.03015789789965009,1.0,1.0,1.0,Model-matched,0
ccdefault,logreg,linshap,409,0.015826349954176283,1.0,1.0,1.0,Model-matched,0
ccdefault,logreg,linshap,410,0.0017447282749096294,1.0,1.0,1.0,Model-matched,0
ccdefault,logreg,linshap,411,0.036204649236206116,1.0,1.0,1.0,Model-matched,0
ccdefault,logreg,linshap,412,0.012558123056515167,1.0,1.0,1.0,Model-matched,0
ccdefault,logreg,linshap,413,0.008869028314495358,1.0,1.0,1.0,Model-matched,0
ccdefault,logreg,linshap,414,0.04960289741403811,1.0,1.0,1.0,Model-matched,0
ccdefault,logreg,linshap,415,0.09865804813186582,1.0,1.0,1.0,Model-matched,0
ccdefault,logreg,linshap,416,0.05163577468661514,1.0,1.0,1.0,Model-matched,0
ccdefault,logreg,linshap,417,0.008098347376993265,1.0,1.0,1.0,Model-matched,0
ccdefault,logreg,linshap,418,0.019559028632089377,1.0,1.0,1.0,Model-matched,0
ccdefault,logreg,linshap,419,0.054710148706136594,1.0,1.0,1.0,Model-matched,0
ccdefault,logreg,linshap,420,0.002771122455668449,1.0,1.0,1.0,Model-matched,0
ccdefault,logreg,linshap,421,0.21222653008079503,1.0,1.0,1.0,Model-matched,0
ccdefault,logreg,linshap,422,0.046294802823881556,1.0,1.0,1.0,Model-matched,0
ccdefault,logreg,linshap,423,0.005172869459813912,1.0,1.0,1.0,Model-matched,0
ccdefault,logreg,linshap,424,0.002681666349778349,1.0,1.0,1.0,Model-matched,0
ccdefault,logreg,linshap,425,0.0342814333801323,1.0,1.0,1.0,Model-matched,0
ccdefault,logreg,linshap,426,0.030367008264845334,1.0,1.0,1.0,Model-matched,0
ccdefault,logreg,linshap,427,0.004015378868267192,1.0,1.0,1.0,Model-matched,0
ccdefault,logreg,linshap,428,0.01929948307768455,1.0,1.0,1.0,Model-matched,0
ccdefault,logreg,linshap,429,0.11748796645388142,1.0,1.0,1.0,Model-matched,0
ccdefault,logreg,linshap,430,0.05300647081335931,1.0,1.0,1.0,Model-matched,0
ccdefault,logreg,linshap,431,0.0010892873343591603,1.0,1.0,1.0,Model-matched,0
ccdefault,logreg,linshap,432,0.012794028086318902,1.0,1.0,1.0,Model-matched,0
ccdefault,logreg,linshap,433,0.0357411434105194,1.0,1.0,1.0,Model-matched,0
ccdefault,logreg,linshap,434,0.15063424123141245,1.0,1.0,1.0,Model-matched,0
ccdefault,logreg,linshap,435,0.07719709774043401,1.0,1.0,1.0,Model-matched,0
ccdefault,logreg,linshap,436,0.0388159971963125,1.0,1.0,1.0,Model-matched,0
ccdefault,logreg,linshap,437,0.03982592894281368,1.0,1.0,1.0,Model-matched,0
ccdefault,logreg,linshap,438,0.007822224478791797,1.0,1.0,1.0,Model-matched,0
ccdefault,logreg,linshap,439,0.17247178716829223,1.0,1.0,1.0,Model-matched,0
ccdefault,logreg,linshap,440,0.02973846310775317,1.0,1.0,1.0,Model-matched,0
ccdefault,logreg,linshap,441,0.11334371093360404,1.0,1.0,1.0,Model-matched,0
ccdefault,logreg,linshap,442,0.04492951966138948,1.0,1.0,1.0,Model-matched,0
ccdefault,logreg,linshap,443,0.001969671770623113,1.0,1.0,1.0,Model-matched,0
ccdefault,logreg,linshap,444,0.045308917631328,1.0,1.0,1.0,Model-matched,0
ccdefault,logreg,linshap,445,0.12704452975994854,1.0,1.0,1.0,Model-matched,0
ccdefault,logreg,linshap,446,0.06935660261321248,1.0,1.0,1.0,Model-matched,0
ccdefault,logreg,linshap,447,0.02687941877236516,1.0,1.0,1.0,Model-matched,0
ccdefault,logreg,linshap,448,0.0020825041641168466,1.0,1.0,1.0,Model-matched,0
ccdefault,logreg,linshap,449,0.04701055733651354,1.0,1.0,1.0,Model-matched,0
ccdefault,logreg,linshap,450,0.02430950231208034,1.0,1.0,1.0,Model-matched,0
ccdefault,logreg,linshap,451,0.06173613967415224,1.0,1.0,1.0,Model-matched,0
ccdefault,logreg,linshap,452,0.006724219141483534,1.0,1.0,1.0,Model-matched,0
ccdefault,logreg,linshap,453,0.15597812974893124,1.0,1.0,1.0,Model-matched,0
ccdefault,logreg,linshap,454,0.08824338309523301,1.0,1.0,1.0,Model-matched,0
ccdefault,logreg,linshap,455,0.0063398067256279405,1.0,1.0,1.0,Model-matched,0
ccdefault,logreg,linshap,456,0.012858099820228917,1.0,1.0,1.0,Model-matched,0
ccdefault,logreg,linshap,457,0.018910598894862383,1.0,1.0,1.0,Model-matched,0
ccdefault,logreg,linshap,458,0.004349619710206061,1.0,1.0,1.0,Model-matched,0
ccdefault,logreg,linshap,459,0.046359977888825045,1.0,1.0,1.0,Model-matched,0
ccdefault,logreg,linshap,460,0.05386829894857954,1.0,1.0,1.0,Model-matched,0
ccdefault,logreg,linshap,461,0.01220502591569177,1.0,1.0,1.0,Model-matched,0
ccdefault,logreg,linshap,462,0.026099886005723306,1.0,1.0,1.0,Model-matched,0
ccdefault,logreg,linshap,463,0.11817140797186405,1.0,1.0,1.0,Model-matched,0
ccdefault,logreg,linshap,464,0.03965039090350408,1.0,1.0,1.0,Model-matched,0
ccdefault,logreg,linshap,465,0.027418781589823617,1.0,1.0,1.0,Model-matched,0
ccdefault,logreg,linshap,466,0.005095008661681853,1.0,1.0,1.0,Model-matched,0
ccdefault,logreg,linshap,467,0.046591513220665674,1.0,1.0,1.0,Model-matched,0
ccdefault,logreg,linshap,468,0.04985975311039851,1.0,1.0,1.0,Model-matched,0
ccdefault,logreg,linshap,469,0.10146903175896861,1.0,1.0,1.0,Model-matched,0
ccdefault,logreg,linshap,470,0.04238532028220555,1.0,1.0,1.0,Model-matched,0
ccdefault,logreg,linshap,471,0.024913520548627964,1.0,1.0,1.0,Model-matched,0
ccdefault,logreg,linshap,472,0.010576517316927861,1.0,1.0,1.0,Model-matched,0
ccdefault,logreg,linshap,473,0.013655962771470739,1.0,1.0,1.0,Model-matched,0
ccdefault,logreg,linshap,474,0.0011861807624851553,1.0,1.0,1.0,Model-matched,0
ccdefault,logreg,linshap,475,0.02283225577141064,1.0,1.0,1.0,Model-matched,0
ccdefault,logreg,linshap,476,0.00029739937813558036,1.0,1.0,1.0,Model-matched,0
ccdefault,logreg,linshap,477,0.014712740612634554,1.0,1.0,1.0,Model-matched,0
ccdefault,logreg,linshap,478,0.13306634544090917,1.0,1.0,1.0,Model-matched,0
ccdefault,logreg,linshap,479,0.025336649966198145,1.0,1.0,1.0,Model-matched,0
ccdefault,logreg,linshap,480,0.032656991562512866,1.0,1.0,1.0,Model-matched,0
ccdefault,logreg,linshap,481,0.06857213218232702,1.0,1.0,1.0,Model-matched,0
ccdefault,logreg,linshap,482,0.010706160943757767,1.0,1.0,1.0,Model-matched,0
ccdefault,logreg,linshap,483,0.0013997519512986135,1.0,1.0,1.0,Model-matched,0
ccdefault,logreg,linshap,484,0.025350988569649197,1.0,1.0,1.0,Model-matched,0
ccdefault,logreg,linshap,485,0.06240363459483556,1.0,1.0,1.0,Model-matched,0
ccdefault,logreg,linshap,486,0.013143715676712735,1.0,1.0,1.0,Model-matched,0
ccdefault,logreg,linshap,487,0.02765245290900927,1.0,1.0,1.0,Model-matched,0
ccdefault,logreg,linshap,488,0.05218020225672284,1.0,1.0,1.0,Model-matched,0
ccdefault,logreg,linshap,489,0.04021280967614252,1.0,1.0,1.0,Model-matched,0
ccdefault,logreg,linshap,490,0.04833419615600845,1.0,1.0,1.0,Model-matched,0
ccdefault,logreg,linshap,491,0.04810176737658052,1.0,1.0,1.0,Model-matched,0
ccdefault,logreg,linshap,492,0.03164513478018702,1.0,1.0,1.0,Model-matched,0
ccdefault,logreg,linshap,493,0.057459631416061765,1.0,1.0,1.0,Model-matched,0
ccdefault,logreg,linshap,494,0.10854535294294632,1.0,1.0,1.0,Model-matched,0
ccdefault,logreg,linshap,495,0.04049442140073075,1.0,1.0,1.0,Model-matched,0
ccdefault,logreg,linshap,496,0.033925311009638734,1.0,1.0,1.0,Model-matched,0
ccdefault,logreg,linshap,497,0.003971716677126713,1.0,1.0,1.0,Model-matched,0
ccdefault,logreg,linshap,498,0.0013956927315032235,1.0,1.0,1.0,Model-matched,0
ccdefault,logreg,linshap,499,0.055842953267592456,1.0,1.0,1.0,Model-matched,0
ccdefault,logreg,lime,0,0.012715053499354527,0.6400000000000001,0.5,0.5047619047619047,LIME,1
ccdefault,logreg,lime,1,0.028407815748829963,0.92,0.9,0.7760000000000001,LIME,0
ccdefault,logreg,lime,2,0.002880963370925511,0.6199999999999999,0.58,0.4875,LIME,1
ccdefault,logreg,lime,3,0.008004157248081838,0.7,0.6799999999999999,0.5920000000000001,LIME,1
ccdefault,logreg,lime,4,0.029172655779028816,0.72,0.64,0.512,LIME,1
ccdefault,logreg,lime,5,0.00047059047506412563,0.6799999999999999,0.6599999999999999,0.688,LIME,1
ccdefault,logreg,lime,6,0.007415156319309291,0.8399999999999999,0.78,0.7440000000000001,LIME,0
ccdefault,logreg,lime,7,0.049360235224323507,0.86,0.86,0.8,LIME,0
ccdefault,logreg,lime,8,0.15002689851365303,0.4200000000000001,0.52,0.408,LIME,1
ccdefault,logreg,lime,9,0.006334680682604055,0.5399999999999999,0.52,0.52,LIME,1
ccdefault,logreg,lime,10,0.012264794555786421,0.7799999999999999,0.78,0.616,LIME,1
ccdefault,logreg,lime,11,0.0026307245439382413,0.6000000000000001,0.52,0.40800000000000003,LIME,1
ccdefault,logreg,lime,12,0.0007904670099484769,0.6399999999999999,0.62,0.47058823529411764,LIME,1
ccdefault,logreg,lime,13,0.11527008058987935,0.7,0.74,0.48,LIME,1
ccdefault,logreg,lime,14,0.03192813135847197,0.7999999999999999,0.78,0.688,LIME,1
ccdefault,logreg,lime,15,0.02586561563595714,0.7599999999999999,0.74,0.6,LIME,1
ccdefault,logreg,lime,16,0.03883229990338195,0.6599999999999999,0.74,0.512,LIME,1
ccdefault,logreg,lime,17,0.02668011327635986,0.4599999999999999,0.48,0.424,LIME,1
ccdefault,logreg,lime,18,0.006899699703202731,0.6599999999999999,0.62,0.584,LIME,1
ccdefault,logreg,lime,19,0.003929069777577958,0.7599999999999999,0.72,0.544,LIME,1
ccdefault,logreg,lime,20,0.003075403693051115,0.72,0.7,0.6,LIME,1
ccdefault,logreg,lime,21,0.021302161846831667,0.38,0.44000000000000006,0.368,LIME,1
ccdefault,logreg,lime,22,0.008171938638438334,0.7799999999999999,0.78,0.624,LIME,1
ccdefault,logreg,lime,23,0.01607929385137316,0.5,0.5,0.376,LIME,1
ccdefault,logreg,lime,24,0.07130417600886561,0.6,0.64,0.544,LIME,1
ccdefault,logreg,lime,25,0.006581837440562796,0.5400000000000001,0.52,0.44800000000000006,LIME,1
ccdefault,logreg,lime,26,0.006510769459706381,0.72,0.7,0.4727272727272727,LIME,1
ccdefault,logreg,lime,27,0.01902315175611589,0.74,0.74,0.624,LIME,1
ccdefault,logreg,lime,28,0.020081848213701885,0.62,0.6599999999999999,0.49090909090909096,LIME,1
ccdefault,logreg,lime,29,0.1379658131659916,0.8400000000000001,0.9,0.68,LIME,0
ccdefault,logreg,lime,30,0.04410338970058489,0.8400000000000001,0.8,0.7040000000000001,LIME,0
ccdefault,logreg,lime,31,0.03225894259832879,0.7399999999999999,0.8,0.6080000000000001,LIME,1
ccdefault,logreg,lime,32,0.024589453683155495,0.74,0.74,0.696,LIME,1
ccdefault,logreg,lime,33,0.002650291643299985,0.7,0.76,0.632,LIME,1
ccdefault,logreg,lime,34,0.02158914466389676,0.8400000000000001,0.78,0.7040000000000001,LIME,0
ccdefault,logreg,lime,35,0.13191721229752662,0.8400000000000001,0.9,0.76,LIME,0
ccdefault,logreg,lime,36,0.01517303165185153,0.6399999999999999,0.64,0.5920000000000001,LIME,1
ccdefault,logreg,lime,37,0.018052338067762193,0.74,0.62,0.56,LIME,1
ccdefault,logreg,lime,38,0.01923068447599464,0.6599999999999999,0.76,0.584,LIME,1
ccdefault,logreg,lime,39,0.009969137725224814,0.4,0.42000000000000004,0.392,LIME,1
ccdefault,logreg,lime,40,0.019573302128163363,0.6199999999999999,0.6599999999999999,0.616,LIME,1
ccdefault,logreg,lime,41,0.036483745627495734,0.5999999999999999,0.5599999999999999,0.4,LIME,1
ccdefault,logreg,lime,42,0.007493476154191203,0.7199999999999999,0.6799999999999999,0.5760000000000001,LIME,1
ccdefault,logreg,lime,43,0.0214069158470524,0.86,0.78,0.6559999999999999,LIME,0
ccdefault,logreg,lime,44,0.00021563012667413865,0.74,0.78,0.584,LIME,1
ccdefault,logreg,lime,45,0.02599790578615901,0.86,0.8800000000000001,0.7120000000000001,LIME,0
ccdefault,logreg,lime,46,0.22723750190488867,0.92,0.9199999999999999,0.7440000000000001,LIME,0
ccdefault,logreg,lime,47,0.011651618428292917,0.74,0.78,0.648,LIME,1
ccdefault,logreg,lime,48,0.059317455227555986,0.86,0.8400000000000001,0.8079999999999999,LIME,0
ccdefault,logreg,lime,49,0.0152937642929985,0.72,0.62,0.5920000000000001,LIME,1
ccdefault,logreg,lime,50,0.004295770725046382,0.7399999999999999,1.0,1.0,LIME,1
ccdefault,logreg,lime,51,0.011204981025565282,0.82,1.0,1.0,LIME,0
ccdefault,logreg,lime,52,0.051890780736992735,0.7799999999999999,1.0,1.0,LIME,1
ccdefault,logreg,lime,53,0.03400835409303827,0.7999999999999999,1.0,1.0,LIME,1
ccdefault,logreg,lime,54,0.03983540216304727,0.86,1.0,1.0,LIME,0
ccdefault,logreg,lime,55,0.026900263873224098,0.74,1.0,1.0,LIME,1
ccdefault,logreg,lime,56,0.18933064068584113,0.92,1.0,1.0,LIME,0
ccdefault,logreg,lime,57,0.04325804037630834,0.8800000000000001,1.0,1.0,LIME,0
ccdefault,logreg,lime,58,0.06492029772750643,0.52,1.0,1.0,LIME,1
ccdefault,logreg,lime,59,0.0273207003442516,0.52,1.0,1.0,LIME,1
ccdefault,logreg,lime,60,0.095234798952027,0.5799999999999998,1.0,1.0,LIME,1
ccdefault,logreg,lime,61,0.002836711718304392,0.5399999999999999,1.0,1.0,LIME,1
ccdefault,logreg,lime,62,0.005186972267636097,0.5,1.0,1.0,LIME,1
ccdefault,logreg,lime,63,0.026090330780658103,0.7,1.0,1.0,LIME,1
ccdefault,logreg,lime,64,0.00835547549210895,0.6799999999999999,1.0,1.0,LIME,1
ccdefault,logreg,lime,65,0.005132997397172407,0.7599999999999999,1.0,1.0,LIME,1
ccdefault,logreg,lime,66,0.2484004054267295,0.7199999999999999,1.0,1.0,LIME,1
ccdefault,logreg,lime,67,0.0034877174474339462,0.7,1.0,1.0,LIME,1
ccdefault,logreg,lime,68,0.02630925538170809,0.4600000000000001,1.0,1.0,LIME,1
ccdefault,logreg,lime,69,0.07371156945302067,0.6,1.0,1.0,LIME,1
ccdefault,logreg,lime,70,0.03612010391328726,0.8400000000000001,1.0,1.0,LIME,0
ccdefault,logreg,lime,71,0.03638039668240884,0.86,1.0,1.0,LIME,0
ccdefault,logreg,lime,72,0.004212876193678406,0.4599999999999999,1.0,1.0,LIME,1
ccdefault,logreg,lime,73,0.20921489590480644,0.6799999999999999,1.0,1.0,LIME,1
ccdefault,logreg,lime,74,0.036205992781251944,0.48,1.0,1.0,LIME,1
ccdefault,logreg,lime,75,0.011098051750137762,0.6399999999999999,1.0,1.0,LIME,1
ccdefault,logreg,lime,76,0.03002727212803331,0.5599999999999999,1.0,1.0,LIME,1
ccdefault,logreg,lime,77,0.020386358281454294,0.5599999999999999,1.0,1.0,LIME,1
ccdefault,logreg,lime,78,0.03632594272361403,0.6799999999999999,1.0,1.0,LIME,1
ccdefault,logreg,lime,79,0.1467526891710045,0.86,1.0,1.0,LIME,0
ccdefault,logreg,lime,80,0.007423165955682722,0.7,1.0,1.0,LIME,1
ccdefault,logreg,lime,81,0.005606635268066499,0.7399999999999999,1.0,1.0,LIME,1
ccdefault,logreg,lime,82,0.0012188059333285593,0.6399999999999999,1.0,1.0,LIME,1
ccdefault,logreg,lime,83,0.005642554358816795,0.4600000000000001,1.0,1.0,LIME,1
ccdefault,logreg,lime,84,0.00815918460472077,0.6599999999999999,1.0,1.0,LIME,1
ccdefault,logreg,lime,85,0.015467453361150177,0.54,1.0,1.0,LIME,1
ccdefault,logreg,lime,86,0.03720453801638768,0.4599999999999999,1.0,1.0,LIME,1
ccdefault,logreg,lime,87,0.03291936963935952,0.7999999999999999,1.0,1.0,LIME,1
ccdefault,logreg,lime,88,0.06872034480674541,0.38,1.0,1.0,LIME,1
ccdefault,logreg,lime,89,0.01984239071833393,0.7599999999999999,1.0,1.0,LIME,1
ccdefault,logreg,lime,90,0.143977859962254,0.5000000000000001,1.0,1.0,LIME,1
ccdefault,logreg,lime,91,0.051098194731002466,0.8799999999999999,1.0,1.0,LIME,0
ccdefault,logreg,lime,92,0.014277108078618213,0.5399999999999999,1.0,1.0,LIME,1
ccdefault,logreg,lime,93,0.00678039923985856,0.6,1.0,1.0,LIME,1
ccdefault,logreg,lime,94,0.025145234031594757,0.6199999999999999,1.0,1.0,LIME,1
ccdefault,logreg,lime,95,0.009774171178965394,0.6799999999999999,1.0,1.0,LIME,1
ccdefault,logreg,lime,96,0.2474439961374191,0.5799999999999998,1.0,1.0,LIME,1
ccdefault,logreg,lime,97,0.02604762542450803,0.5800000000000001,1.0,1.0,LIME,1
ccdefault,logreg,lime,98,0.023809441958182142,0.76,1.0,1.0,LIME,1
ccdefault,logreg,lime,99,0.07773569173357078,0.58,1.0,1.0,LIME,1
ccdefault,rf,treeshap,0,0.018997213403507757,0.82,1.0,0.8,Model-matched,0
ccdefault,rf,treeshap,1,0.004923814401245449,0.86,1.0,0.9279999999999999,Model-matched,0
ccdefault,rf,treeshap,2,0.16356454782034366,1.0,1.0,0.9733333333333333,Model-matched,0
ccdefault,rf,treeshap,3,0.1485616621078562,1.0,1.0,0.72,Model-matched,0
ccdefault,rf,treeshap,4,0.014546762095019889,0.8800000000000001,1.0,0.552,Model-matched,0
ccdefault,rf,treeshap,5,0.05947893924726803,0.74,1.0,0.648,Model-matched,1
ccdefault,rf,treeshap,6,0.05000388121846045,1.0,1.0,0.9279999999999999,Model-matched,0
ccdefault,rf,treeshap,7,0.03569058413046767,0.86,1.0,0.9666666666666667,Model-matched,0
ccdefault,rf,treeshap,8,0.0012409543861990303,1.0,1.0,0.72,Model-matched,0
ccdefault,rf,treeshap,9,0.14094047552827108,1.0,1.0,1.0,Model-matched,0
ccdefault,rf,treeshap,10,0.11233610916239839,0.9200000000000002,1.0,0.6960000000000001,Model-matched,0
ccdefault,rf,treeshap,11,0.11647691439718458,1.0,1.0,0.904,Model-matched,0
ccdefault,rf,treeshap,12,0.024666238607808956,0.86,1.0,0.8666666666666667,Model-matched,0
ccdefault,rf,treeshap,13,0.01196844188145298,0.8799999999999999,1.0,0.7440000000000001,Model-matched,0
ccdefault,rf,treeshap,14,0.03915560466170031,0.8800000000000001,1.0,0.752,Model-matched,0
ccdefault,rf,treeshap,15,0.023000789250979387,0.86,1.0,0.7440000000000001,Model-matched,0
ccdefault,rf,treeshap,16,0.03299214554956635,0.92,1.0,0.56,Model-matched,0
ccdefault,rf,treeshap,17,0.031176525373191058,0.82,1.0,0.544,Model-matched,0
ccdefault,rf,treeshap,18,0.03249938568864049,0.8399999999999999,1.0,0.688,Model-matched,0
ccdefault,rf,treeshap,19,0.030435732791530938,0.8800000000000001,1.0,0.672,Model-matched,0
ccdefault,rf,treeshap,20,0.17724856241017864,0.86,1.0,0.568,Model-matched,0
ccdefault,rf,treeshap,21,0.020666183763165428,0.82,1.0,0.552,Model-matched,0
ccdefault,rf,treeshap,22,0.031320482938193665,1.0,1.0,0.7120000000000001,Model-matched,0
ccdefault,rf,treeshap,23,0.007935941761104128,0.86,1.0,0.5760000000000001,Model-matched,0
ccdefault,rf,treeshap,24,0.04303638189315959,0.8800000000000001,1.0,0.7440000000000001,Model-matched,0
ccdefault,rf,treeshap,25,0.04042487466010775,0.86,1.0,0.72,Model-matched,0
ccdefault,rf,treeshap,26,0.001525949043768996,0.6599999999999999,1.0,0.625,Model-matched,1
ccdefault,rf,treeshap,27,0.12030679456499209,0.92,1.0,0.68,Model-matched,0
ccdefault,rf,treeshap,28,0.0032104843567878913,0.92,1.0,0.8,Model-matched,0
ccdefault,rf,treeshap,29,0.012683827935600007,0.8800000000000001,1.0,0.72,Model-matched,0
ccdefault,rf,treeshap,30,0.012037525278911262,0.9200000000000002,1.0,0.8,Model-matched,0
ccdefault,rf,treeshap,31,0.049842108652686165,1.0,1.0,0.672,Model-matched,0
ccdefault,rf,treeshap,32,0.0014704983406007165,0.7999999999999999,1.0,0.5760000000000001,Model-matched,1
ccdefault,rf,treeshap,33,0.13380440803069607,0.6199999999999999,1.0,0.5583333333333333,Model-matched,1
ccdefault,rf,treeshap,34,0.01888841017033236,1.0,1.0,0.7440000000000001,Model-matched,0
ccdefault,rf,treeshap,35,0.0939483804090958,0.9200000000000002,1.0,0.76,Model-matched,0
ccdefault,rf,treeshap,36,0.024270477052621354,0.8400000000000001,1.0,0.6666666666666666,Model-matched,0
ccdefault,rf,treeshap,37,0.06338677801219907,1.0,1.0,0.792,Model-matched,0
ccdefault,rf,treeshap,38,0.02350901589469513,0.92,1.0,0.5760000000000001,Model-matched,0
ccdefault,rf,treeshap,39,0.023677149527617375,0.8800000000000001,1.0,0.7120000000000001,Model-matched,0
ccdefault,rf,treeshap,40,0.02741544009491518,0.86,1.0,0.7040000000000001,Model-matched,0
ccdefault,rf,treeshap,41,0.011499960901120711,0.92,1.0,0.544,Model-matched,0
ccdefault,rf,treeshap,42,0.004188535477474496,0.86,1.0,0.6,Model-matched,0
ccdefault,rf,treeshap,43,0.012320744628383668,0.86,1.0,0.7440000000000001,Model-matched,0
ccdefault,rf,treeshap,44,0.001888169112982959,0.86,1.0,0.768,Model-matched,0
ccdefault,rf,treeshap,45,0.14345643310628375,0.9200000000000002,1.0,0.8,Model-matched,0
ccdefault,rf,treeshap,46,0.03031241858392426,0.7999999999999999,1.0,0.648,Model-matched,1
ccdefault,rf,treeshap,47,0.12138491476890505,0.8400000000000001,1.0,0.5920000000000001,Model-matched,0
ccdefault,rf,treeshap,48,0.016668078513346004,0.6399999999999999,1.0,0.8,Model-matched,1
ccdefault,rf,treeshap,49,0.02817682508857062,0.86,1.0,0.616,Model-matched,0
ccdefault,rf,treeshap,50,0.005227417366206966,0.92,1.0,0.76,Model-matched,0
ccdefault,rf,treeshap,51,0.0007458958359700984,0.7799999999999999,1.0,0.7111111111111111,Model-matched,1
ccdefault,rf,treeshap,52,0.10377799250315517,1.0,1.0,0.9523809523809523,Model-matched,0
ccdefault,rf,treeshap,53,0.013086959605412866,0.8800000000000001,1.0,0.616,Model-matched,0
ccdefault,rf,treeshap,54,0.0013117264225434744,0.74,1.0,0.664,Model-matched,1
ccdefault,rf,treeshap,55,0.005977943898438763,0.86,1.0,0.696,Model-matched,0
ccdefault,rf,treeshap,56,0.0030877342028067358,0.8399999999999999,1.0,0.8,Model-matched,0
ccdefault,rf,treeshap,57,0.10134430911355939,0.9200000000000002,1.0,0.8320000000000001,Model-matched,0
ccdefault,rf,treeshap,58,0.010092867857578723,0.78,1.0,0.6080000000000001,Model-matched,1
ccdefault,rf,treeshap,59,0.028462467099453617,0.86,1.0,0.5760000000000001,Model-matched,0
ccdefault,rf,treeshap,60,0.01243766063722841,0.8399999999999999,1.0,0.752,Model-matched,0
ccdefault,rf,treeshap,61,0.11226188116821678,1.0,1.0,0.72,Model-matched,0
ccdefault,rf,treeshap,62,0.004761000581144575,0.8400000000000001,1.0,0.784,Model-matched,0
ccdefault,rf,treeshap,63,0.10480671478802615,0.8799999999999999,1.0,0.568,Model-matched,0
ccdefault,rf,treeshap,64,0.25763753656826227,0.9200000000000002,1.0,0.736,Model-matched,0
ccdefault,rf,treeshap,65,0.0451544556495507,0.82,1.0,0.648,Model-matched,0
ccdefault,rf,treeshap,66,0.07329032243655925,0.92,1.0,0.664,Model-matched,0
ccdefault,rf,treeshap,67,0.00019974402978924962,0.8799999999999999,1.0,0.672,Model-matched,0
ccdefault,rf,treeshap,68,0.11675214399039689,0.9200000000000002,1.0,0.9520000000000001,Model-matched,0
ccdefault,rf,treeshap,69,0.025153606648135,0.6599999999999999,1.0,0.688,Model-matched,1
ccdefault,rf,treeshap,70,0.09674623218662985,0.86,1.0,0.8160000000000001,Model-matched,0
ccdefault,rf,treeshap,71,0.09766798776534673,1.0,1.0,0.84,Model-matched,0
ccdefault,rf,treeshap,72,0.1718453772898904,1.0,1.0,0.7360000000000001,Model-matched,0
ccdefault,rf,treeshap,73,0.003941178568169407,0.8800000000000001,1.0,0.584,Model-matched,0
ccdefault,rf,treeshap,74,0.022400673811409064,0.82,1.0,0.6,Model-matched,0
ccdefault,rf,treeshap,75,0.007253576992480391,0.7599999999999999,1.0,0.456,Model-matched,1
ccdefault,rf,treeshap,76,0.046791764845268126,0.8800000000000001,1.0,0.584,Model-matched,0
ccdefault,rf,treeshap,77,0.033371859188573556,0.7999999999999999,1.0,0.552,Model-matched,1
ccdefault,rf,treeshap,78,7.312493439349251e-05,0.92,1.0,0.8,Model-matched,0
ccdefault,rf,treeshap,79,0.052050362777195915,0.92,1.0,0.792,Model-matched,0
ccdefault,rf,treeshap,80,0.04805303691494208,1.0,1.0,0.925,Model-matched,0
ccdefault,rf,treeshap,81,0.009001502825710094,0.82,1.0,0.9,Model-matched,0
ccdefault,rf,treeshap,82,0.006640453513963091,0.8400000000000001,1.0,0.8560000000000001,Model-matched,0
ccdefault,rf,treeshap,83,0.008542150548487983,0.82,1.0,0.64,Model-matched,0
ccdefault,rf,treeshap,84,0.14143745930102294,1.0,1.0,0.9538461538461539,Model-matched,0
ccdefault,rf,treeshap,85,0.0013601922678466102,0.8400000000000001,1.0,0.872,Model-matched,0
ccdefault,rf,treeshap,86,0.18190991155193514,0.92,1.0,0.888,Model-matched,0
ccdefault,rf,treeshap,87,0.0048616440877771346,0.82,1.0,0.9099999999999999,Model-matched,0
ccdefault,rf,treeshap,88,0.04787139314101207,0.86,1.0,0.608,Model-matched,0
ccdefault,rf,treeshap,89,0.04452112353727255,0.7999999999999999,1.0,0.672,Model-matched,1
ccdefault,rf,treeshap,90,0.005100593825990232,0.86,1.0,0.528,Model-matched,0
ccdefault,rf,treeshap,91,0.0005813213435404851,0.6799999999999999,1.0,0.6615384615384615,Model-matched,1
ccdefault,rf,treeshap,92,0.0032724798651978994,0.92,1.0,0.8099999999999999,Model-matched,0
ccdefault,rf,treeshap,93,0.13174908571678381,0.92,1.0,0.975,Model-matched,0
ccdefault,rf,treeshap,94,0.05625903397038432,0.92,1.0,0.9333333333333332,Model-matched,0
ccdefault,rf,treeshap,95,0.09821096360739638,0.8399999999999999,1.0,0.616,Model-matched,0
ccdefault,rf,treeshap,96,0.04846616232581257,0.82,1.0,0.5920000000000001,Model-matched,0
ccdefault,rf,treeshap,97,0.06336026283198663,0.92,1.0,0.6559999999999999,Model-matched,0
ccdefault,rf,treeshap,98,0.0552727185260491,0.92,1.0,0.728,Model-matched,0
ccdefault,rf,treeshap,99,0.020641943065320738,0.8400000000000001,1.0,0.68,Model-matched,0
ccdefault,rf,treeshap,100,0.050396038591315875,0.8399999999999999,1.0,0.8,Model-matched,0
ccdefault,rf,treeshap,101,0.1262347877450698,1.0,1.0,0.991304347826087,Model-matched,0
ccdefault,rf,treeshap,102,0.0015058328403688092,0.6,1.0,0.7440000000000001,Model-matched,1
ccdefault,rf,treeshap,103,0.008937059206305354,0.7599999999999999,1.0,0.7166666666666667,Model-matched,1
ccdefault,rf,treeshap,104,0.02217404854691593,1.0,1.0,0.9739130434782608,Model-matched,0
ccdefault,rf,treeshap,105,0.0009206514977025785,0.82,1.0,0.5760000000000001,Model-matched,0
ccdefault,rf,treeshap,106,0.04799464019573381,0.8400000000000001,1.0,0.5760000000000001,Model-matched,0
ccdefault,rf,treeshap,107,0.020589834807201182,0.8399999999999999,1.0,0.672,Model-matched,0
ccdefault,rf,treeshap,108,0.02101686657403981,0.7799999999999999,1.0,0.7759999999999999,Model-matched,1
ccdefault,rf,treeshap,109,0.026353470623405467,1.0,1.0,0.6559999999999999,Model-matched,0
ccdefault,rf,treeshap,110,0.024172989300977756,0.74,1.0,0.7120000000000001,Model-matched,1
ccdefault,rf,treeshap,111,0.012972698272956076,0.76,1.0,0.7759999999999999,Model-matched,1
ccdefault,rf,treeshap,112,0.15274388993561575,0.9200000000000002,1.0,0.8960000000000001,Model-matched,0
ccdefault,rf,treeshap,113,0.027025071595738193,0.8799999999999999,1.0,0.96,Model-matched,0
ccdefault,rf,treeshap,114,0.009506958022448862,1.0,1.0,0.728,Model-matched,0
ccdefault,rf,treeshap,115,0.13727783330033158,1.0,1.0,0.7760000000000001,Model-matched,0
ccdefault,rf,treeshap,116,0.0035919276296076876,0.8799999999999999,1.0,0.624,Model-matched,0
ccdefault,rf,treeshap,117,0.08936773840768253,1.0,1.0,0.9359999999999999,Model-matched,0
ccdefault,rf,treeshap,118,0.0213129701972631,0.72,1.0,0.752,Model-matched,1
ccdefault,rf,treeshap,119,0.0028572584009006145,0.7999999999999999,1.0,0.48,Model-matched,1
ccdefault,rf,treeshap,120,0.0935080852557585,0.7999999999999999,1.0,0.792,Model-matched,1
ccdefault,rf,treeshap,121,0.06616950570181056,0.86,1.0,0.6559999999999999,Model-matched,0
ccdefault,rf,treeshap,122,0.042392596705466835,0.8400000000000001,1.0,0.7440000000000001,Model-matched,0
ccdefault,rf,treeshap,123,0.088005063504485,0.76,1.0,0.648,Model-matched,1
ccdefault,rf,treeshap,124,0.03886492354796311,0.9200000000000002,1.0,0.7565217391304349,Model-matched,0
ccdefault,rf,treeshap,125,0.03808671303467501,0.8400000000000001,1.0,0.584,Model-matched,0
ccdefault,rf,treeshap,126,0.014104703052375942,0.7399999999999999,1.0,0.624,Model-matched,1
ccdefault,rf,treeshap,127,0.029352750084901732,0.86,1.0,0.8,Model-matched,0
ccdefault,rf,treeshap,128,0.14795727119715635,0.9200000000000002,1.0,0.7120000000000001,Model-matched,0
ccdefault,rf,treeshap,129,0.02679306524001984,0.8400000000000001,1.0,0.728,Model-matched,0
ccdefault,rf,treeshap,130,0.01834844162233326,0.9200000000000002,1.0,0.6,Model-matched,0
ccdefault,rf,treeshap,131,0.012360341987674104,0.8399999999999999,1.0,0.5920000000000001,Model-matched,0
ccdefault,rf,treeshap,132,0.0047989501734839145,0.82,1.0,0.784,Model-matched,0
ccdefault,rf,treeshap,133,0.07080774574237461,1.0,1.0,0.7120000000000001,Model-matched,0
ccdefault,rf,treeshap,134,0.003218228132733502,0.6799999999999999,1.0,0.6761904761904762,Model-matched,1
ccdefault,rf,treeshap,135,0.00794591938259261,0.92,1.0,0.5760000000000001,Model-matched,0
ccdefault,rf,treeshap,136,0.1322145320010659,1.0,1.0,0.752,Model-matched,0
ccdefault,rf,treeshap,137,0.014704838100068824,0.8799999999999999,1.0,0.8333333333333334,Model-matched,0
ccdefault,rf,treeshap,138,0.06666178606784327,0.82,1.0,0.624,Model-matched,0
ccdefault,rf,treeshap,139,0.010118584200761681,0.8400000000000001,1.0,0.8666666666666667,Model-matched,0
ccdefault,rf,treeshap,140,0.0015672001811399914,0.8400000000000001,1.0,0.875,Model-matched,0
ccdefault,rf,treeshap,141,0.0028686319904443875,1.0,1.0,0.7120000000000001,Model-matched,0
ccdefault,rf,treeshap,142,0.11000151348792239,0.8799999999999999,1.0,0.624,Model-matched,0
ccdefault,rf,treeshap,143,0.049260479335340265,0.92,1.0,0.696,Model-matched,0
ccdefault,rf,treeshap,144,0.0007882129825271006,0.8400000000000001,1.0,0.68,Model-matched,0
ccdefault,rf,treeshap,145,0.09965673832210513,0.7799999999999999,1.0,0.7120000000000001,Model-matched,1
ccdefault,rf,treeshap,146,0.05998221678855171,0.9200000000000002,1.0,0.8869565217391305,Model-matched,0
ccdefault,rf,treeshap,147,0.02020367275353084,0.8800000000000001,1.0,0.632,Model-matched,0
ccdefault,rf,treeshap,148,0.26438065920257947,1.0,1.0,0.8320000000000001,Model-matched,0
ccdefault,rf,treeshap,149,0.008702158491282991,0.7999999999999999,1.0,0.784,Model-matched,1
ccdefault,rf,treeshap,150,0.020146228024575025,0.92,1.0,0.688,Model-matched,0
ccdefault,rf,treeshap,151,0.002804283586693203,0.8799999999999999,1.0,0.912,Model-matched,0
ccdefault,rf,treeshap,152,0.056498321975487466,0.7399999999999999,1.0,0.616,Model-matched,1
ccdefault,rf,treeshap,153,0.06207927128780195,0.86,1.0,0.856,Model-matched,0
ccdefault,rf,treeshap,154,0.01640394318416587,0.86,1.0,0.728,Model-matched,0
ccdefault,rf,treeshap,155,2.8547235318486744e-06,0.92,1.0,0.5760000000000001,Model-matched,0
ccdefault,rf,treeshap,156,0.018138611535271736,0.8400000000000001,1.0,0.7120000000000001,Model-matched,0
ccdefault,rf,treeshap,157,0.0752589643634346,0.9200000000000002,1.0,0.76,Model-matched,0
ccdefault,rf,treeshap,158,0.11924463511746422,1.0,1.0,0.7040000000000001,Model-matched,0
ccdefault,rf,treeshap,159,0.0231229829342658,0.8400000000000001,1.0,0.72,Model-matched,0
ccdefault,rf,treeshap,160,0.1003686823546809,1.0,1.0,0.8160000000000001,Model-matched,0
ccdefault,rf,treeshap,161,0.005914844059999413,0.86,1.0,0.8434782608695653,Model-matched,0
ccdefault,rf,treeshap,162,0.012754734600779671,0.8400000000000001,1.0,0.76,Model-matched,0
ccdefault,rf,treeshap,163,0.1644056001607588,0.82,1.0,0.8695652173913043,Model-matched,0
ccdefault,rf,treeshap,164,0.02393701536527313,0.86,1.0,0.6454545454545454,Model-matched,0
ccdefault,rf,treeshap,165,0.005176878140163462,0.7599999999999999,1.0,0.47200000000000003,Model-matched,1
ccdefault,rf,treeshap,166,0.10465445821474788,0.86,1.0,0.8320000000000001,Model-matched,0
ccdefault,rf,treeshap,167,0.18644656303212293,0.8800000000000001,1.0,0.728,Model-matched,0
ccdefault,rf,treeshap,168,0.005752284283032636,0.92,1.0,0.568,Model-matched,0
ccdefault,rf,treeshap,169,0.005385723916965128,1.0,1.0,0.664,Model-matched,0
ccdefault,rf,treeshap,170,0.049995211587840975,0.82,1.0,0.7040000000000001,Model-matched,0
ccdefault,rf,treeshap,171,0.0023851801062137936,0.72,1.0,0.632,Model-matched,1
ccdefault,rf,treeshap,172,0.009863371677689822,0.92,1.0,0.688,Model-matched,0
ccdefault,rf,treeshap,173,0.03162085015134446,0.8799999999999999,1.0,0.7120000000000001,Model-matched,0
ccdefault,rf,treeshap,174,0.12121668532184708,0.8799999999999999,1.0,0.8,Model-matched,0
ccdefault,rf,treeshap,175,0.08770126312421557,1.0,1.0,0.5760000000000001,Model-matched,0
ccdefault,rf,treeshap,176,0.0065166396396740284,0.8399999999999999,1.0,0.672,Model-matched,0
ccdefault,rf,treeshap,177,0.06591205412063172,0.7999999999999999,1.0,0.544,Model-matched,1
ccdefault,rf,treeshap,178,0.02243851763397531,0.7999999999999999,1.0,0.64,Model-matched,1
ccdefault,rf,treeshap,179,0.003027069464679621,0.86,1.0,0.784,Model-matched,0
ccdefault,rf,treeshap,180,0.040960991106867906,0.8400000000000001,1.0,0.8160000000000001,Model-matched,0
ccdefault,rf,treeshap,181,0.009255365692657738,0.72,1.0,0.608,Model-matched,1
ccdefault,rf,treeshap,182,0.007336421890917779,0.8400000000000001,1.0,0.672,Model-matched,0
ccdefault,rf,treeshap,183,0.004478142679987477,0.82,1.0,0.536,Model-matched,0
ccdefault,rf,treeshap,184,0.03976517127414273,1.0,1.0,0.68,Model-matched,0
ccdefault,rf,treeshap,185,0.009801482362966732,1.0,1.0,0.7040000000000001,Model-matched,0
ccdefault,rf,treeshap,186,0.09074560730618031,0.86,1.0,0.68,Model-matched,0
ccdefault,rf,treeshap,187,0.020228701532269897,0.82,1.0,0.496,Model-matched,0
ccdefault,rf,treeshap,188,0.056168135222309096,0.7999999999999999,1.0,0.64,Model-matched,1
ccdefault,rf,treeshap,189,0.012309276511058532,0.92,1.0,0.872,Model-matched,0
ccdefault,rf,treeshap,190,0.08775639190686921,0.92,1.0,0.872,Model-matched,0
ccdefault,rf,treeshap,191,0.09506281894125405,1.0,1.0,1.0,Model-matched,0
ccdefault,rf,treeshap,192,0.029999670166010916,0.82,1.0,0.6,Model-matched,0
ccdefault,rf,treeshap,193,0.03342013801119457,0.8400000000000001,1.0,0.624,Model-matched,0
ccdefault,rf,treeshap,194,0.004217993730003559,0.8400000000000001,1.0,0.608,Model-matched,0
ccdefault,rf,treeshap,195,0.04060658489945928,0.86,1.0,0.64,Model-matched,0
ccdefault,rf,treeshap,196,0.006635704830758492,0.86,1.0,0.875,Model-matched,0
ccdefault,rf,treeshap,197,0.10842354883907525,0.8799999999999999,1.0,0.9538461538461539,Model-matched,0
ccdefault,rf,treeshap,198,0.145538571677312,1.0,1.0,0.752,Model-matched,0
ccdefault,rf,treeshap,199,0.17598383290747135,0.82,1.0,0.76,Model-matched,0
ccdefault,rf,treeshap,200,0.129420764475409,1.0,1.0,1.0,Model-matched,0
ccdefault,rf,treeshap,201,0.03844277717577659,0.82,1.0,1.0,Model-matched,0
ccdefault,rf,treeshap,202,0.04342242989625239,0.8799999999999999,1.0,1.0,Model-matched,0
ccdefault,rf,treeshap,203,0.01655189033536806,0.92,1.0,1.0,Model-matched,0
ccdefault,rf,treeshap,204,0.08072925310365033,0.8800000000000001,1.0,1.0,Model-matched,0
ccdefault,rf,treeshap,205,0.09597445960067832,0.8799999999999999,1.0,1.0,Model-matched,0
ccdefault,rf,treeshap,206,0.07475177392335684,0.86,1.0,1.0,Model-matched,0
ccdefault,rf,treeshap,207,0.029864571539574773,0.92,1.0,1.0,Model-matched,0
ccdefault,rf,treeshap,208,0.02312157692709027,0.8800000000000001,1.0,1.0,Model-matched,0
ccdefault,rf,treeshap,209,0.008620098743333296,0.8,1.0,1.0,Model-matched,0
ccdefault,rf,treeshap,210,0.009545407518674437,0.8400000000000001,1.0,1.0,Model-matched,0
ccdefault,rf,treeshap,211,0.0009949636126661613,0.86,1.0,1.0,Model-matched,0
ccdefault,rf,treeshap,212,0.007202348399733513,0.9200000000000002,1.0,1.0,Model-matched,0
ccdefault,rf,treeshap,213,0.009592093600310261,0.8799999999999999,1.0,1.0,Model-matched,0
ccdefault,rf,treeshap,214,0.11756705934204333,0.8800000000000001,1.0,1.0,Model-matched,0
ccdefault,rf,treeshap,215,0.1302886015864017,0.8799999999999999,1.0,1.0,Model-matched,0
ccdefault,rf,treeshap,216,0.06278551390926447,0.86,1.0,1.0,Model-matched,0
ccdefault,rf,treeshap,217,0.040421131856639515,0.92,1.0,1.0,Model-matched,0
ccdefault,rf,treeshap,218,0.03444571743580321,0.8799999999999999,1.0,1.0,Model-matched,0
ccdefault,rf,treeshap,219,0.12433505592700284,0.86,1.0,1.0,Model-matched,0
ccdefault,rf,treeshap,220,0.010798645771133717,0.86,1.0,1.0,Model-matched,0
ccdefault,rf,treeshap,221,0.045327939984076845,0.7999999999999999,1.0,1.0,Model-matched,1
ccdefault,rf,treeshap,222,0.009162481647839713,0.86,1.0,1.0,Model-matched,0
ccdefault,rf,treeshap,223,0.02562701741107724,0.86,1.0,1.0,Model-matched,0
ccdefault,rf,treeshap,224,0.02964379541791981,0.7799999999999999,1.0,1.0,Model-matched,1
ccdefault,rf,treeshap,225,0.006782369045107462,0.8799999999999999,1.0,1.0,Model-matched,0
ccdefault,rf,treeshap,226,0.028281072863014674,0.76,1.0,1.0,Model-matched,1
ccdefault,rf,treeshap,227,0.04846843179913009,1.0,1.0,1.0,Model-matched,0
ccdefault,rf,treeshap,228,0.0017658606938261766,0.7999999999999999,1.0,1.0,Model-matched,1
ccdefault,rf,treeshap,229,0.12361090090942378,1.0,1.0,1.0,Model-matched,0
ccdefault,rf,treeshap,230,0.007691441472814887,0.86,1.0,1.0,Model-matched,0
ccdefault,rf,treeshap,231,0.01068950221089002,0.8800000000000001,1.0,1.0,Model-matched,0
ccdefault,rf,treeshap,232,0.052195642331337756,0.7999999999999999,1.0,1.0,Model-matched,1
ccdefault,rf,treeshap,233,0.0933954540410431,0.86,1.0,1.0,Model-matched,0
ccdefault,rf,treeshap,234,0.0825327655219807,0.8800000000000001,1.0,1.0,Model-matched,0
ccdefault,rf,treeshap,235,0.04708583009679911,0.86,1.0,1.0,Model-matched,0
ccdefault,rf,treeshap,236,0.1712613431794111,1.0,1.0,1.0,Model-matched,0
ccdefault,rf,treeshap,237,0.04346904649024666,0.86,1.0,1.0,Model-matched,0
ccdefault,rf,treeshap,238,0.017589485501086168,0.8800000000000001,1.0,1.0,Model-matched,0
ccdefault,rf,treeshap,239,0.0295707124667277,0.7599999999999999,1.0,1.0,Model-matched,1
ccdefault,rf,treeshap,240,0.03385301656163388,0.8400000000000001,1.0,1.0,Model-matched,0
ccdefault,rf,treeshap,241,0.07399323445449946,0.74,1.0,1.0,Model-matched,1
ccdefault,rf,treeshap,242,0.04351836273204424,0.92,1.0,1.0,Model-matched,0
ccdefault,rf,treeshap,243,0.005315091713815837,0.86,1.0,1.0,Model-matched,0
ccdefault,rf,treeshap,244,0.027809341933451366,0.82,1.0,1.0,Model-matched,0
ccdefault,rf,treeshap,245,0.06141251552832385,0.8799999999999999,1.0,1.0,Model-matched,0
ccdefault,rf,treeshap,246,0.0010347338899366549,0.7599999999999999,1.0,1.0,Model-matched,1
ccdefault,rf,treeshap,247,0.0012836096214164728,0.8800000000000001,1.0,1.0,Model-matched,0
ccdefault,rf,treeshap,248,0.07358244034122692,0.7399999999999999,1.0,1.0,Model-matched,1
ccdefault,rf,treeshap,249,0.03561275810422116,0.8800000000000001,1.0,1.0,Model-matched,0
ccdefault,rf,treeshap,250,0.05028606603221422,0.7599999999999999,1.0,1.0,Model-matched,1
ccdefault,rf,treeshap,251,0.05037205524489699,0.92,1.0,1.0,Model-matched,0
ccdefault,rf,treeshap,252,0.03193059129258135,0.82,1.0,1.0,Model-matched,0
ccdefault,rf,treeshap,253,0.06748783772373707,0.8400000000000001,1.0,1.0,Model-matched,0
ccdefault,rf,treeshap,254,0.0355526381593761,0.92,1.0,1.0,Model-matched,0
ccdefault,rf,treeshap,255,0.04383222360875765,1.0,1.0,1.0,Model-matched,0
ccdefault,rf,treeshap,256,0.06402074961929755,1.0,1.0,1.0,Model-matched,0
ccdefault,rf,treeshap,257,0.10189659475316579,0.92,1.0,1.0,Model-matched,0
ccdefault,rf,treeshap,258,0.003979851677835908,0.92,1.0,1.0,Model-matched,0
ccdefault,rf,treeshap,259,0.08035003958764306,0.8400000000000001,1.0,1.0,Model-matched,0
ccdefault,rf,treeshap,260,0.004167213841431665,0.86,1.0,1.0,Model-matched,0
ccdefault,rf,treeshap,261,0.0062908376039077195,0.82,1.0,1.0,Model-matched,0
ccdefault,rf,treeshap,262,0.008358131011540119,0.86,1.0,1.0,Model-matched,0
ccdefault,rf,treeshap,263,0.0013327629730501146,0.86,1.0,1.0,Model-matched,0
ccdefault,rf,treeshap,264,0.007721585554825956,0.92,1.0,1.0,Model-matched,0
ccdefault,rf,treeshap,265,0.08604945755356552,1.0,1.0,1.0,Model-matched,0
ccdefault,rf,treeshap,266,0.09455441884754177,1.0,1.0,1.0,Model-matched,0
ccdefault,rf,treeshap,267,0.009976205274849721,0.92,1.0,1.0,Model-matched,0
ccdefault,rf,treeshap,268,0.09439654750747063,0.76,1.0,1.0,Model-matched,1
ccdefault,rf,treeshap,269,0.008504788211895965,0.72,1.0,1.0,Model-matched,1
ccdefault,rf,treeshap,270,0.038615426454327945,1.0,1.0,1.0,Model-matched,0
ccdefault,rf,treeshap,271,0.13009089604558455,0.7999999999999999,1.0,1.0,Model-matched,1
ccdefault,rf,treeshap,272,0.11280544334082496,1.0,1.0,1.0,Model-matched,0
ccdefault,rf,treeshap,273,0.00722628539322356,0.86,1.0,1.0,Model-matched,0
ccdefault,rf,treeshap,274,0.08681890454327877,1.0,1.0,1.0,Model-matched,0
ccdefault,rf,treeshap,275,0.02112303837951117,1.0,1.0,1.0,Model-matched,0
ccdefault,rf,treeshap,276,0.05766449291966353,0.92,1.0,1.0,Model-matched,0
ccdefault,rf,treeshap,277,0.012506049426489379,0.8400000000000001,1.0,1.0,Model-matched,0
ccdefault,rf,treeshap,278,0.0099197867467636,0.9200000000000002,1.0,1.0,Model-matched,0
ccdefault,rf,treeshap,279,0.02203989117980042,1.0,1.0,1.0,Model-matched,0
ccdefault,rf,treeshap,280,0.04732179351277848,0.8400000000000001,1.0,1.0,Model-matched,0
ccdefault,rf,treeshap,281,0.12509559813781293,1.0,1.0,1.0,Model-matched,0
ccdefault,rf,treeshap,282,0.010086769676008986,0.8399999999999999,1.0,1.0,Model-matched,0
ccdefault,rf,treeshap,283,0.001967608897471313,0.92,1.0,1.0,Model-matched,0
ccdefault,rf,treeshap,284,0.059018472931205004,0.86,1.0,1.0,Model-matched,0
ccdefault,rf,treeshap,285,0.022697724094061872,0.86,1.0,1.0,Model-matched,0
ccdefault,rf,treeshap,286,0.031779742137198266,0.86,1.0,1.0,Model-matched,0
ccdefault,rf,treeshap,287,0.09911686823498829,0.92,1.0,1.0,Model-matched,0
ccdefault,rf,treeshap,288,0.01087185919395545,0.82,1.0,1.0,Model-matched,0
ccdefault,rf,treeshap,289,0.027122043384640825,0.82,1.0,1.0,Model-matched,0
ccdefault,rf,treeshap,290,0.06557493626982291,1.0,1.0,1.0,Model-matched,0
ccdefault,rf,treeshap,291,0.010628516389561709,0.92,1.0,1.0,Model-matched,0
ccdefault,rf,treeshap,292,0.019066180238797102,0.7999999999999999,1.0,1.0,Model-matched,1
ccdefault,rf,treeshap,293,0.03154555206583958,0.7999999999999999,1.0,1.0,Model-matched,1
ccdefault,rf,treeshap,294,0.00041284407234875215,0.72,1.0,1.0,Model-matched,1
ccdefault,rf,treeshap,295,0.0403449542787248,0.92,1.0,1.0,Model-matched,0
ccdefault,rf,treeshap,296,0.14608797245951524,1.0,1.0,1.0,Model-matched,0
ccdefault,rf,treeshap,297,0.036002243585449026,0.8800000000000001,1.0,1.0,Model-matched,0
ccdefault,rf,treeshap,298,0.025132178364301306,0.82,1.0,1.0,Model-matched,0
ccdefault,rf,treeshap,299,0.021962944302369784,0.7999999999999999,1.0,1.0,Model-matched,1
ccdefault,rf,treeshap,300,0.008780835907582399,0.86,1.0,1.0,Model-matched,0
ccdefault,rf,treeshap,301,0.1477229048113396,0.92,1.0,1.0,Model-matched,0
ccdefault,rf,treeshap,302,0.10381336229871699,0.92,1.0,1.0,Model-matched,0
ccdefault,rf,treeshap,303,0.02421658464720784,0.7999999999999999,1.0,1.0,Model-matched,1
ccdefault,rf,treeshap,304,0.007025030930991175,0.7399999999999999,1.0,1.0,Model-matched,1
ccdefault,rf,treeshap,305,0.0771426955188905,0.86,1.0,1.0,Model-matched,0
ccdefault,rf,treeshap,306,0.0358665626779543,0.86,1.0,1.0,Model-matched,0
ccdefault,rf,treeshap,307,0.030450140364169914,0.8399999999999999,1.0,1.0,Model-matched,0
ccdefault,rf,treeshap,308,0.07915033208941409,0.6000000000000001,1.0,1.0,Model-matched,1
ccdefault,rf,treeshap,309,0.027418506089873958,0.82,1.0,1.0,Model-matched,0
ccdefault,rf,treeshap,310,0.013111126132681988,0.92,1.0,1.0,Model-matched,0
ccdefault,rf,treeshap,311,0.056917473625907,0.8399999999999999,1.0,1.0,Model-matched,0
ccdefault,rf,treeshap,312,0.0017511866179794298,0.92,1.0,1.0,Model-matched,0
ccdefault,rf,treeshap,313,0.06555194044725313,1.0,1.0,1.0,Model-matched,0
ccdefault,rf,treeshap,314,0.005687653275798275,0.9200000000000002,1.0,1.0,Model-matched,0
ccdefault,rf,treeshap,315,0.18853971533242722,1.0,1.0,1.0,Model-matched,0
ccdefault,rf,treeshap,316,0.015935596262342956,0.82,1.0,1.0,Model-matched,0
ccdefault,rf,treeshap,317,0.0008962995075459522,0.8399999999999999,1.0,1.0,Model-matched,0
ccdefault,rf,treeshap,318,0.01019348871355225,0.8800000000000001,1.0,1.0,Model-matched,0
ccdefault,rf,treeshap,319,0.18670429036458797,1.0,1.0,1.0,Model-matched,0
ccdefault,rf,treeshap,320,0.02280913726562782,0.7799999999999999,1.0,1.0,Model-matched,1
ccdefault,rf,treeshap,321,0.03243931018256628,1.0,1.0,1.0,Model-matched,0
ccdefault,rf,treeshap,322,0.09457806564502629,1.0,1.0,1.0,Model-matched,0
ccdefault,rf,treeshap,323,0.0022367213975404083,0.82,1.0,1.0,Model-matched,0
ccdefault,rf,treeshap,324,0.07431440030080948,0.9200000000000002,1.0,1.0,Model-matched,0
ccdefault,rf,treeshap,325,0.0012889992499944315,0.92,1.0,1.0,Model-matched,0
ccdefault,rf,treeshap,326,0.0032685917859894952,0.86,1.0,1.0,Model-matched,0
ccdefault,rf,treeshap,327,0.025653767482410814,0.92,1.0,1.0,Model-matched,0
ccdefault,rf,treeshap,328,0.07394271824003637,0.7999999999999999,1.0,1.0,Model-matched,1
ccdefault,rf,treeshap,329,0.017036744151861707,0.8400000000000001,1.0,1.0,Model-matched,0
ccdefault,rf,treeshap,330,0.00254602263445388,0.7999999999999999,1.0,1.0,Model-matched,1
ccdefault,rf,treeshap,331,0.02309798441428337,0.7999999999999999,1.0,1.0,Model-matched,1
ccdefault,rf,treeshap,332,0.08149319277928267,0.8,1.0,1.0,Model-matched,0
ccdefault,rf,treeshap,333,0.06847975413252994,1.0,1.0,1.0,Model-matched,0
ccdefault,rf,treeshap,334,0.030978580811615673,0.92,1.0,1.0,Model-matched,0
ccdefault,rf,treeshap,335,0.02935639987378284,1.0,1.0,1.0,Model-matched,0
ccdefault,rf,treeshap,336,0.16046029892362823,1.0,1.0,1.0,Model-matched,0
ccdefault,rf,treeshap,337,0.01840650282025392,0.8399999999999999,1.0,1.0,Model-matched,0
ccdefault,rf,treeshap,338,0.029359787818726887,0.86,1.0,1.0,Model-matched,0
ccdefault,rf,treeshap,339,0.001901588071408929,0.7999999999999999,1.0,1.0,Model-matched,1
ccdefault,rf,treeshap,340,0.02418362061798957,0.8799999999999999,1.0,1.0,Model-matched,0
ccdefault,rf,treeshap,341,0.014069803380762035,0.92,1.0,1.0,Model-matched,0
ccdefault,rf,treeshap,342,0.0010360887974388744,0.8,1.0,1.0,Model-matched,0
ccdefault,rf,treeshap,343,0.0006925688523601866,0.92,1.0,1.0,Model-matched,0
ccdefault,rf,treeshap,344,0.0740133939720552,1.0,1.0,1.0,Model-matched,0
ccdefault,rf,treeshap,345,0.013375784250343912,0.7799999999999999,1.0,1.0,Model-matched,1
ccdefault,rf,treeshap,346,0.18950513495593713,0.8800000000000001,1.0,1.0,Model-matched,0
ccdefault,rf,treeshap,347,0.012206064746688625,0.86,1.0,1.0,Model-matched,0
ccdefault,rf,treeshap,348,0.011253668165037239,0.72,1.0,1.0,Model-matched,1
ccdefault,rf,treeshap,349,0.008401177133497471,0.8400000000000001,1.0,1.0,Model-matched,0
ccdefault,rf,treeshap,350,0.024114804484011227,0.6799999999999999,1.0,1.0,Model-matched,1
ccdefault,rf,treeshap,351,0.0719908904790812,1.0,1.0,1.0,Model-matched,0
ccdefault,rf,treeshap,352,0.15372568623111046,0.92,1.0,1.0,Model-matched,0
ccdefault,rf,treeshap,353,0.0011882295342054974,0.92,1.0,1.0,Model-matched,0
ccdefault,rf,treeshap,354,0.02864414614971628,1.0,1.0,1.0,Model-matched,0
ccdefault,rf,treeshap,355,0.04904340998044791,0.9200000000000002,1.0,1.0,Model-matched,0
ccdefault,rf,treeshap,356,0.0563698483244821,0.76,1.0,1.0,Model-matched,1
ccdefault,rf,treeshap,357,0.022249984079610263,0.7999999999999999,1.0,1.0,Model-matched,1
ccdefault,rf,treeshap,358,0.017985689097406294,0.8400000000000001,1.0,1.0,Model-matched,0
ccdefault,rf,treeshap,359,0.15209572007560368,0.8,1.0,1.0,Model-matched,0
ccdefault,rf,treeshap,360,0.023732720993875855,0.74,1.0,1.0,Model-matched,1
ccdefault,rf,treeshap,361,0.06285225672848865,0.92,1.0,1.0,Model-matched,0
ccdefault,rf,treeshap,362,0.04077800170765075,0.8400000000000001,1.0,1.0,Model-matched,0
ccdefault,rf,treeshap,363,0.08448529558459628,1.0,1.0,1.0,Model-matched,0
ccdefault,rf,treeshap,364,0.07690781836120358,0.7999999999999999,1.0,1.0,Model-matched,1
ccdefault,rf,treeshap,365,0.10492211095571514,0.8800000000000001,1.0,1.0,Model-matched,0
ccdefault,rf,treeshap,366,0.14883202124661032,1.0,1.0,1.0,Model-matched,0
ccdefault,rf,treeshap,367,0.03389051616523312,0.8800000000000001,1.0,1.0,Model-matched,0
ccdefault,rf,treeshap,368,0.007400626241271285,0.8400000000000001,1.0,1.0,Model-matched,0
ccdefault,rf,treeshap,369,0.11294587703761169,0.86,1.0,1.0,Model-matched,0
ccdefault,rf,treeshap,370,0.09096231265599654,0.8800000000000001,1.0,1.0,Model-matched,0
ccdefault,rf,treeshap,371,0.04325219103461575,0.8800000000000001,1.0,1.0,Model-matched,0
ccdefault,rf,treeshap,372,0.013549359037640882,0.8400000000000001,1.0,1.0,Model-matched,0
ccdefault,rf,treeshap,373,0.022502482687750555,0.82,1.0,1.0,Model-matched,0
ccdefault,rf,treeshap,374,0.00041024683538981355,0.8,1.0,1.0,Model-matched,0
ccdefault,rf,treeshap,375,0.04477743153481275,0.86,1.0,1.0,Model-matched,0
ccdefault,rf,treeshap,376,0.007228027648369433,0.6599999999999999,1.0,1.0,Model-matched,1
ccdefault,rf,treeshap,377,0.2537201474310435,1.0,1.0,1.0,Model-matched,0
ccdefault,rf,treeshap,378,0.013003065090393883,0.92,1.0,1.0,Model-matched,0
ccdefault,rf,treeshap,379,0.016060309341446838,0.72,1.0,1.0,Model-matched,1
ccdefault,rf,treeshap,380,0.02130895824645312,0.86,1.0,1.0,Model-matched,0
ccdefault,rf,treeshap,381,0.008593385534805046,0.8399999999999999,1.0,1.0,Model-matched,0
ccdefault,rf,treeshap,382,0.027480448133118257,0.86,1.0,1.0,Model-matched,0
ccdefault,rf,treeshap,383,0.10842565660640896,0.8399999999999999,1.0,1.0,Model-matched,0
ccdefault,rf,treeshap,384,0.005167723056499945,0.86,1.0,1.0,Model-matched,0
ccdefault,rf,treeshap,385,0.13251104740437086,1.0,1.0,1.0,Model-matched,0
ccdefault,rf,treeshap,386,0.03310722624460899,0.82,1.0,1.0,Model-matched,0
ccdefault,rf,treeshap,387,0.059168613442340506,0.74,1.0,1.0,Model-matched,1
ccdefault,rf,treeshap,388,0.0011599633985879864,0.92,1.0,1.0,Model-matched,0
ccdefault,rf,treeshap,389,0.061203992484282536,0.8800000000000001,1.0,1.0,Model-matched,0
ccdefault,rf,treeshap,390,0.008073377339601303,0.86,1.0,1.0,Model-matched,0
ccdefault,rf,treeshap,391,0.13754850425636236,1.0,1.0,1.0,Model-matched,0
ccdefault,rf,treeshap,392,0.003424026491059098,0.78,1.0,1.0,Model-matched,1
ccdefault,rf,treeshap,393,0.0881230533336644,1.0,1.0,1.0,Model-matched,0
ccdefault,rf,treeshap,394,0.04541545822060114,0.82,1.0,1.0,Model-matched,0
ccdefault,rf,treeshap,395,0.00766659144099686,0.72,1.0,1.0,Model-matched,1
ccdefault,rf,treeshap,396,0.07330553205091703,0.8400000000000001,1.0,1.0,Model-matched,0
ccdefault,rf,treeshap,397,0.006825615290858647,0.8800000000000001,1.0,1.0,Model-matched,0
ccdefault,rf,treeshap,398,0.009058708770020726,0.86,1.0,1.0,Model-matched,0
ccdefault,rf,treeshap,399,0.032238874179997073,0.8399999999999999,1.0,1.0,Model-matched,0
ccdefault,rf,treeshap,400,0.056917604719896014,0.86,1.0,1.0,Model-matched,0
ccdefault,rf,treeshap,401,0.0028482835649309237,0.92,1.0,1.0,Model-matched,0
ccdefault,rf,treeshap,402,0.10304851702990982,0.7999999999999999,1.0,1.0,Model-matched,1
ccdefault,rf,treeshap,403,0.136036745154168,0.92,1.0,1.0,Model-matched,0
ccdefault,rf,treeshap,404,0.02247998767594936,0.92,1.0,1.0,Model-matched,0
ccdefault,rf,treeshap,405,0.0007387683719145276,0.7799999999999999,1.0,1.0,Model-matched,1
ccdefault,rf,treeshap,406,0.01603713693555301,0.7399999999999999,1.0,1.0,Model-matched,1
ccdefault,rf,treeshap,407,0.06852760755838476,0.86,1.0,1.0,Model-matched,0
ccdefault,rf,treeshap,408,0.002228227017293148,0.82,1.0,1.0,Model-matched,0
ccdefault,rf,treeshap,409,0.11778368642417655,0.86,1.0,1.0,Model-matched,0
ccdefault,rf,treeshap,410,0.021185287159870725,0.86,1.0,1.0,Model-matched,0
ccdefault,rf,treeshap,411,0.03425678932284121,0.7999999999999999,1.0,1.0,Model-matched,1
ccdefault,rf,treeshap,412,0.08557163545415687,0.76,1.0,1.0,Model-matched,1
ccdefault,rf,treeshap,413,0.02964257153997385,0.72,1.0,1.0,Model-matched,1
ccdefault,rf,treeshap,414,0.020101934615615085,0.8,1.0,1.0,Model-matched,0
ccdefault,rf,treeshap,415,0.006189397246395211,0.86,1.0,1.0,Model-matched,0
ccdefault,rf,treeshap,416,0.043738605693122094,0.8400000000000001,1.0,1.0,Model-matched,0
ccdefault,rf,treeshap,417,0.08199721150515366,0.8399999999999999,1.0,1.0,Model-matched,0
ccdefault,rf,treeshap,418,0.003847496728147984,0.7999999999999999,1.0,1.0,Model-matched,1
ccdefault,rf,treeshap,419,0.0005914539644289763,0.8400000000000001,1.0,1.0,Model-matched,0
ccdefault,rf,treeshap,420,0.06221368053747876,0.86,1.0,1.0,Model-matched,0
ccdefault,rf,treeshap,421,0.04295584082170391,0.82,1.0,1.0,Model-matched,0
ccdefault,rf,treeshap,422,0.043624126920765664,0.86,1.0,1.0,Model-matched,0
ccdefault,rf,treeshap,423,0.0011142627281464684,0.74,1.0,1.0,Model-matched,1
ccdefault,rf,treeshap,424,0.012884697066092311,0.6599999999999999,1.0,1.0,Model-matched,1
ccdefault,rf,treeshap,425,0.008828542955282804,0.92,1.0,1.0,Model-matched,0
ccdefault,rf,treeshap,426,0.05734953285350271,1.0,1.0,1.0,Model-matched,0
ccdefault,rf,treeshap,427,0.15184488048872302,0.86,1.0,1.0,Model-matched,0
ccdefault,rf,treeshap,428,0.010253006143016148,0.6399999999999999,1.0,1.0,Model-matched,1
ccdefault,rf,treeshap,429,0.012232503669264169,0.8800000000000001,1.0,1.0,Model-matched,0
ccdefault,rf,treeshap,430,0.18109528395559013,1.0,1.0,1.0,Model-matched,0
ccdefault,rf,treeshap,431,0.05707584166863658,0.92,1.0,1.0,Model-matched,0
ccdefault,rf,treeshap,432,0.0735870200899569,0.92,1.0,1.0,Model-matched,0
ccdefault,rf,treeshap,433,0.00468343522150229,0.8400000000000001,1.0,1.0,Model-matched,0
ccdefault,rf,treeshap,434,0.04447356055740305,0.8400000000000001,1.0,1.0,Model-matched,0
ccdefault,rf,treeshap,435,0.07810077373055753,0.86,1.0,1.0,Model-matched,0
ccdefault,rf,treeshap,436,0.05883114032578954,0.8799999999999999,1.0,1.0,Model-matched,0
ccdefault,rf,treeshap,437,0.03564324286900403,0.76,1.0,1.0,Model-matched,1
ccdefault,rf,treeshap,438,0.09363096448143464,1.0,1.0,1.0,Model-matched,0
ccdefault,rf,treeshap,439,0.02719360370946237,0.92,1.0,1.0,Model-matched,0
ccdefault,rf,treeshap,440,0.030792210925055404,0.8799999999999999,1.0,1.0,Model-matched,0
ccdefault,rf,treeshap,441,0.03843389990069263,0.82,1.0,1.0,Model-matched,0
ccdefault,rf,treeshap,442,0.007095487793606619,0.92,1.0,1.0,Model-matched,0
ccdefault,rf,treeshap,443,0.006281750490824806,0.92,1.0,1.0,Model-matched,0
ccdefault,rf,treeshap,444,0.02418661714933794,0.8799999999999999,1.0,1.0,Model-matched,0
ccdefault,rf,treeshap,445,0.08368029442869498,0.8800000000000001,1.0,1.0,Model-matched,0
ccdefault,rf,treeshap,446,0.0023446375390324408,0.7799999999999999,1.0,1.0,Model-matched,1
ccdefault,rf,treeshap,447,0.10130941086473057,0.86,1.0,1.0,Model-matched,0
ccdefault,rf,treeshap,448,0.004991599975628671,0.72,1.0,1.0,Model-matched,1
ccdefault,rf,treeshap,449,0.0019177580433602374,0.86,1.0,1.0,Model-matched,0
ccdefault,rf,treeshap,450,0.01910427643861991,0.8400000000000001,1.0,1.0,Model-matched,0
ccdefault,rf,treeshap,451,0.03382797201084417,0.92,1.0,1.0,Model-matched,0
ccdefault,rf,treeshap,452,0.0818083786844041,0.8400000000000001,1.0,1.0,Model-matched,0
ccdefault,rf,treeshap,453,0.038933594685382336,0.86,1.0,1.0,Model-matched,0
ccdefault,rf,treeshap,454,0.22840531275110798,1.0,1.0,1.0,Model-matched,0
ccdefault,rf,treeshap,455,0.12852711622113333,0.92,1.0,1.0,Model-matched,0
ccdefault,rf,treeshap,456,0.1643550542191577,0.7599999999999999,1.0,1.0,Model-matched,1
ccdefault,rf,treeshap,457,0.10549035082423999,1.0,1.0,1.0,Model-matched,0
ccdefault,rf,treeshap,458,0.0036588848835832446,0.86,1.0,1.0,Model-matched,0
ccdefault,rf,treeshap,459,0.172185422910746,0.92,1.0,1.0,Model-matched,0
ccdefault,rf,treeshap,460,0.07561532476950317,0.8799999999999999,1.0,1.0,Model-matched,0
ccdefault,rf,treeshap,461,0.06960413572265699,0.92,1.0,1.0,Model-matched,0
ccdefault,rf,treeshap,462,0.01598432826367088,0.86,1.0,1.0,Model-matched,0
ccdefault,rf,treeshap,463,0.04558172367742398,0.8800000000000001,1.0,1.0,Model-matched,0
ccdefault,rf,treeshap,464,0.07408552013816584,1.0,1.0,1.0,Model-matched,0
ccdefault,rf,treeshap,465,0.007655141801643131,0.7799999999999999,1.0,1.0,Model-matched,1
ccdefault,rf,treeshap,466,0.0034086869955882826,0.86,1.0,1.0,Model-matched,0
ccdefault,rf,treeshap,467,0.024873853702549565,0.8799999999999999,1.0,1.0,Model-matched,0
ccdefault,rf,treeshap,468,0.07223006892907978,0.8800000000000001,1.0,1.0,Model-matched,0
ccdefault,rf,treeshap,469,0.03518916327312265,0.7999999999999999,1.0,1.0,Model-matched,1
ccdefault,rf,treeshap,470,0.03480746929294586,1.0,1.0,1.0,Model-matched,0
ccdefault,rf,treeshap,471,0.004450223215358316,0.8399999999999999,1.0,1.0,Model-matched,0
ccdefault,rf,treeshap,472,0.007334532932649002,0.86,1.0,1.0,Model-matched,0
ccdefault,rf,treeshap,473,0.11405855834404437,1.0,1.0,1.0,Model-matched,0
ccdefault,rf,treeshap,474,0.053597031150070105,0.86,1.0,1.0,Model-matched,0
ccdefault,rf,treeshap,475,0.051665593988433345,0.8800000000000001,1.0,1.0,Model-matched,0
ccdefault,rf,treeshap,476,0.01666197246688835,1.0,1.0,1.0,Model-matched,0
ccdefault,rf,treeshap,477,0.03461595110167848,0.7599999999999999,1.0,1.0,Model-matched,1
ccdefault,rf,treeshap,478,0.053303878862574594,1.0,1.0,1.0,Model-matched,0
ccdefault,rf,treeshap,479,0.19518762740308332,1.0,1.0,1.0,Model-matched,0
ccdefault,rf,treeshap,480,0.02714699903435586,0.86,1.0,1.0,Model-matched,0
ccdefault,rf,treeshap,481,0.00954636946551687,0.8800000000000001,1.0,1.0,Model-matched,0
ccdefault,rf,treeshap,482,0.016856493352521585,0.82,1.0,1.0,Model-matched,0
ccdefault,rf,treeshap,483,0.0601033800847084,0.86,1.0,1.0,Model-matched,0
ccdefault,rf,treeshap,484,0.015486251031591196,0.92,1.0,1.0,Model-matched,0
ccdefault,rf,treeshap,485,0.02078736033402412,0.7999999999999999,1.0,1.0,Model-matched,1
ccdefault,rf,treeshap,486,0.07801941651966804,0.86,1.0,1.0,Model-matched,0
ccdefault,rf,treeshap,487,0.011538533485773437,0.86,1.0,1.0,Model-matched,0
ccdefault,rf,treeshap,488,0.06105074021189107,0.86,1.0,1.0,Model-matched,0
ccdefault,rf,treeshap,489,0.17240837325661001,0.8400000000000001,1.0,1.0,Model-matched,0
ccdefault,rf,treeshap,490,0.03847619433376502,0.8400000000000001,1.0,1.0,Model-matched,0
ccdefault,rf,treeshap,491,0.019773408647783538,0.86,1.0,1.0,Model-matched,0
ccdefault,rf,treeshap,492,0.27785914484634816,1.0,1.0,1.0,Model-matched,0
ccdefault,rf,treeshap,493,0.019578628504286308,0.7799999999999999,1.0,1.0,Model-matched,1
ccdefault,rf,treeshap,494,0.0020680429316291766,0.8400000000000001,1.0,1.0,Model-matched,0
ccdefault,rf,treeshap,495,0.21893938716485947,0.7999999999999999,1.0,1.0,Model-matched,1
ccdefault,rf,treeshap,496,0.055743584816708235,1.0,1.0,1.0,Model-matched,0
ccdefault,rf,treeshap,497,0.01764077597471479,0.86,1.0,1.0,Model-matched,0
ccdefault,rf,treeshap,498,0.15355183262700295,0.9200000000000002,1.0,1.0,Model-matched,0
ccdefault,rf,treeshap,499,0.004276750670304916,0.86,1.0,1.0,Model-matched,0
ccdefault,rf,lime,0,0.012903801992994924,0.8400000000000001,0.8200000000000001,0.7440000000000001,LIME,0
ccdefault,rf,lime,1,0.0034893607534259583,0.92,0.9199999999999999,0.912,LIME,0
ccdefault,rf,lime,2,0.025439173835001015,0.8800000000000001,0.8800000000000001,0.8666666666666667,LIME,0
ccdefault,rf,lime,3,0.0080052373455626,0.48,0.45999999999999996,0.488,LIME,1
ccdefault,rf,lime,4,0.04791472175553842,0.7,0.78,0.664,LIME,1
ccdefault,rf,lime,5,0.11811846619347091,0.6399999999999999,0.64,0.632,LIME,1
ccdefault,rf,lime,6,0.011899089387321819,0.6599999999999999,0.64,0.512,LIME,1
ccdefault,rf,lime,7,0.038932811285078424,0.8400000000000001,0.8800000000000001,0.8833333333333333,LIME,0
ccdefault,rf,lime,8,0.0042668398456610435,0.5999999999999999,0.6599999999999999,0.536,LIME,1
ccdefault,rf,lime,9,0.07755546178788703,0.8800000000000001,0.9199999999999999,0.8960000000000001,LIME,0
ccdefault,rf,lime,10,0.027935538824986735,0.6399999999999999,0.58,0.584,LIME,1
ccdefault,rf,lime,11,0.058714390789415066,1.0,0.9199999999999999,0.912,LIME,0
ccdefault,rf,lime,12,0.024865565961281366,0.8800000000000001,0.8800000000000001,0.8888888888888888,LIME,0
ccdefault,rf,lime,13,0.02952188589288174,0.8399999999999999,0.8,0.632,LIME,0
ccdefault,rf,lime,14,0.019176356869793604,0.6,0.64,0.648,LIME,1
ccdefault,rf,lime,15,0.02656528876575421,0.74,0.78,0.7440000000000001,LIME,1
ccdefault,rf,lime,16,0.001302410469394388,0.5200000000000001,0.58,0.552,LIME,1
ccdefault,rf,lime,17,0.0019368101789816723,0.5399999999999999,0.54,0.544,LIME,1
ccdefault,rf,lime,18,0.054435079771207,0.6199999999999999,0.6,0.544,LIME,1
ccdefault,rf,lime,19,0.07253564526391491,0.5,0.6,0.56,LIME,1
ccdefault,rf,lime,20,0.01165472599895344,0.72,0.64,0.632,LIME,1
ccdefault,rf,lime,21,0.021545743904528045,0.58,0.5599999999999999,0.5760000000000001,LIME,1
ccdefault,rf,lime,22,0.004023615005236267,0.6599999999999999,0.62,0.544,LIME,1
ccdefault,rf,lime,23,0.004155611881303861,0.6399999999999999,0.6799999999999999,0.616,LIME,1
ccdefault,rf,lime,24,0.019353462941260155,0.6399999999999999,0.6599999999999999,0.648,LIME,1
ccdefault,rf,lime,25,0.04889056403065807,0.6799999999999999,0.6599999999999999,0.5760000000000001,LIME,1
ccdefault,rf,lime,26,0.013958212875813183,0.6599999999999999,0.6599999999999999,0.625,LIME,1
ccdefault,rf,lime,27,0.06693845870568091,0.6,0.62,0.632,LIME,1
ccdefault,rf,lime,28,0.013988096758570472,0.86,0.86,0.688,LIME,0
ccdefault,rf,lime,29,0.0005432059847428276,0.4600000000000001,0.5599999999999999,0.568,LIME,1
ccdefault,rf,lime,30,0.0013233334227138473,0.62,0.76,0.544,LIME,1
ccdefault,rf,lime,31,0.0015267856771764448,0.5599999999999999,0.5,0.56,LIME,1
ccdefault,rf,lime,32,0.028726770256695112,0.4600000000000001,0.5599999999999999,0.48,LIME,1
ccdefault,rf,lime,33,0.016796210679077203,0.8,0.74,0.7333333333333334,LIME,0
ccdefault,rf,lime,34,0.032310590115745365,0.6399999999999999,0.6599999999999999,0.624,LIME,1
ccdefault,rf,lime,35,0.0810624749449706,0.62,0.7,0.536,LIME,1
ccdefault,rf,lime,36,0.00012329817128497916,0.6599999999999999,0.7,0.6416666666666667,LIME,1
ccdefault,rf,lime,37,0.012040038266807693,0.7,0.6599999999999999,0.624,LIME,1
ccdefault,rf,lime,38,0.002470734561965948,0.6399999999999999,0.6,0.6,LIME,1
ccdefault,rf,lime,39,0.011828045119402301,0.5399999999999999,0.6,0.568,LIME,1
ccdefault,rf,lime,40,0.012425592909148695,0.5999999999999999,0.62,0.584,LIME,1
ccdefault,rf,lime,41,0.010912956616358197,0.5399999999999999,0.58,0.552,LIME,1
ccdefault,rf,lime,42,0.0008654018022849108,0.6,0.54,0.5760000000000001,LIME,1
ccdefault,rf,lime,43,0.017273428316355217,0.76,0.72,0.68,LIME,1
ccdefault,rf,lime,44,0.008890633252810537,0.6199999999999999,0.6599999999999999,0.584,LIME,1
ccdefault,rf,lime,45,0.009837603661209025,0.6799999999999999,0.6799999999999999,0.608,LIME,1
ccdefault,rf,lime,46,0.025929484361610328,0.5,0.5599999999999999,0.504,LIME,1
ccdefault,rf,lime,47,0.006119189286787509,0.5799999999999998,0.6599999999999999,0.56,LIME,1
ccdefault,rf,lime,48,0.046046006543317954,0.7,0.7,0.5760000000000001,LIME,1
ccdefault,rf,lime,49,0.01653317134804058,0.7,0.6799999999999999,0.672,LIME,1
ccdefault,rf,lime,50,0.00449308434579492,0.6599999999999998,1.0,1.0,LIME,1
ccdefault,rf,lime,51,0.0006448920475292266,0.6999999999999998,1.0,1.0,LIME,1
ccdefault,rf,lime,52,0.03643625503660066,0.8800000000000001,1.0,1.0,LIME,0
ccdefault,rf,lime,53,0.006356671038306317,0.5800000000000001,1.0,1.0,LIME,1
ccdefault,rf,lime,54,0.0015024217672040523,0.5399999999999999,1.0,1.0,LIME,1
ccdefault,rf,lime,55,0.0018954194524002145,0.6000000000000001,1.0,1.0,LIME,1
ccdefault,rf,lime,56,0.005118533241379183,0.58,1.0,1.0,LIME,1
ccdefault,rf,lime,57,0.02273560412992932,0.42,1.0,1.0,LIME,1
ccdefault,rf,lime,58,0.051084510748373085,0.6599999999999999,1.0,1.0,LIME,1
ccdefault,rf,lime,59,0.0031296995475693537,0.6799999999999999,1.0,1.0,LIME,1
ccdefault,rf,lime,60,0.027193427352401153,0.8400000000000001,1.0,1.0,LIME,0
ccdefault,rf,lime,61,0.006323550574670049,0.6399999999999999,1.0,1.0,LIME,1
ccdefault,rf,lime,62,0.10985470293071503,0.8400000000000001,1.0,1.0,LIME,0
ccdefault,rf,lime,63,0.1383045626399405,0.6199999999999999,1.0,1.0,LIME,1
ccdefault,rf,lime,64,0.027807562765002784,0.52,1.0,1.0,LIME,1
ccdefault,rf,lime,65,0.009642627024959613,0.5800000000000001,1.0,1.0,LIME,1
ccdefault,rf,lime,66,0.02926521884685021,0.52,1.0,1.0,LIME,1
ccdefault,rf,lime,67,0.06800330144470043,0.48,1.0,1.0,LIME,1
ccdefault,rf,lime,68,0.0024689894223833522,0.8399999999999999,1.0,1.0,LIME,0
ccdefault,rf,lime,69,0.03018008195678094,0.6599999999999999,1.0,1.0,LIME,1
ccdefault,rf,lime,70,0.028296234122595267,0.7,1.0,1.0,LIME,1
ccdefault,rf,lime,71,0.026130983170183922,0.82,1.0,1.0,LIME,0
ccdefault,rf,lime,72,0.000660180457967136,0.82,1.0,1.0,LIME,0
ccdefault,rf,lime,73,0.01647694588638926,0.6399999999999999,1.0,1.0,LIME,1
ccdefault,rf,lime,74,0.00926658550819959,0.5999999999999999,1.0,1.0,LIME,1
ccdefault,rf,lime,75,0.005562820365891695,0.5200000000000001,1.0,1.0,LIME,1
ccdefault,rf,lime,76,0.0015881400853429387,0.52,1.0,1.0,LIME,1
ccdefault,rf,lime,77,0.06642300595494913,0.5599999999999999,1.0,1.0,LIME,1
ccdefault,rf,lime,78,0.006731517868752599,0.7,1.0,1.0,LIME,1
ccdefault,rf,lime,79,0.07587028643587884,0.7399999999999999,1.0,1.0,LIME,1
ccdefault,rf,lime,80,0.01351463786551896,0.8800000000000001,1.0,1.0,LIME,0
ccdefault,rf,lime,81,0.09449644451165302,1.0,1.0,1.0,LIME,0
ccdefault,rf,lime,82,0.0306557718507421,1.0,1.0,1.0,LIME,0
ccdefault,rf,lime,83,0.02005550361279221,0.5000000000000001,1.0,1.0,LIME,1
ccdefault,rf,lime,84,0.014352629369589963,0.8400000000000001,1.0,1.0,LIME,0
ccdefault,rf,lime,85,0.0022240573375854776,0.86,1.0,1.0,LIME,0
ccdefault,rf,lime,86,0.23295213209247528,0.92,1.0,1.0,LIME,0
ccdefault,rf,lime,87,0.04238976842148127,0.7999999999999999,1.0,1.0,LIME,1
ccdefault,rf,lime,88,0.027156881818885523,0.7,1.0,1.0,LIME,1
ccdefault,rf,lime,89,0.006538760047341928,0.58,1.0,1.0,LIME,1
ccdefault,rf,lime,90,0.009063947390294006,0.6199999999999999,1.0,1.0,LIME,1
ccdefault,rf,lime,91,0.00017270184546969882,0.6999999999999998,1.0,1.0,LIME,1
ccdefault,rf,lime,92,0.12684372190636253,1.0,1.0,1.0,LIME,0
ccdefault,rf,lime,93,0.02354346308988145,0.8400000000000001,1.0,1.0,LIME,0
ccdefault,rf,lime,94,0.00763827278459674,0.86,1.0,1.0,LIME,0
ccdefault,rf,lime,95,0.021309540725580212,0.6599999999999999,1.0,1.0,LIME,1
ccdefault,rf,lime,96,0.01220846032470307,0.6199999999999999,1.0,1.0,LIME,1
ccdefault,rf,lime,97,0.0409116793075111,0.5599999999999999,1.0,1.0,LIME,1
ccdefault,rf,lime,98,0.042639141282298954,0.72,1.0,1.0,LIME,1
ccdefault,rf,lime,99,0.04394196182339103,0.6799999999999999,1.0,1.0,LIME,1
ccdefault,hgb,treeshap,0,0.0035228819882051634,0.8399999999999999,1.0,0.7625000000000001,Model-matched,0
ccdefault,hgb,treeshap,1,0.042901622198398916,0.92,1.0,0.8250000000000001,Model-matched,0
ccdefault,hgb,treeshap,2,0.021573527312689356,0.7199999999999999,1.0,0.6625,Model-matched,1
ccdefault,hgb,treeshap,3,0.023379529802689064,0.7,1.0,0.536,Model-matched,1
ccdefault,hgb,treeshap,4,0.03035732204560165,0.76,1.0,0.608,Model-matched,1
ccdefault,hgb,treeshap,5,0.025667219647673833,0.86,1.0,0.72,Model-matched,0
ccdefault,hgb,treeshap,6,0.004371237834442019,0.76,1.0,0.8320000000000001,Model-matched,1
ccdefault,hgb,treeshap,7,0.07002837806768104,0.8399999999999999,1.0,0.7875,Model-matched,0
ccdefault,hgb,treeshap,8,0.03746694079591994,0.7199999999999999,1.0,0.624,Model-matched,1
ccdefault,hgb,treeshap,9,0.004106398127717803,0.72,1.0,0.7120000000000001,Model-matched,1
ccdefault,hgb,treeshap,10,0.000539786752423399,0.74,1.0,0.6,Model-matched,1
ccdefault,hgb,treeshap,11,0.010212551516470247,0.72,1.0,0.7636363636363637,Model-matched,1
ccdefault,hgb,treeshap,12,0.01665917437433489,0.8399999999999999,1.0,0.7384615384615384,Model-matched,0
ccdefault,hgb,treeshap,13,0.004652393599200673,0.6599999999999999,1.0,0.6559999999999999,Model-matched,1
ccdefault,hgb,treeshap,14,0.08504652760097439,0.7,1.0,0.632,Model-matched,1
ccdefault,hgb,treeshap,15,0.07918217919883799,0.8399999999999999,1.0,0.784,Model-matched,0
ccdefault,hgb,treeshap,16,0.08722356264415106,0.7199999999999999,1.0,0.6560000000000001,Model-matched,1
ccdefault,hgb,treeshap,17,0.02447913583740332,0.7599999999999999,1.0,0.568,Model-matched,1
ccdefault,hgb,treeshap,18,0.21202788017364044,0.7999999999999999,1.0,0.688,Model-matched,1
ccdefault,hgb,treeshap,19,0.0081335343640366,0.6799999999999999,1.0,0.6,Model-matched,1
ccdefault,hgb,treeshap,20,0.019978869461848396,0.6799999999999999,1.0,0.6,Model-matched,1
ccdefault,hgb,treeshap,21,0.008839392410268406,0.78,1.0,0.56,Model-matched,1
ccdefault,hgb,treeshap,22,0.006068713197654017,0.6199999999999999,1.0,0.6434782608695653,Model-matched,1
ccdefault,hgb,treeshap,23,0.0019541540345044367,0.58,1.0,0.528,Model-matched,1
ccdefault,hgb,treeshap,24,0.026245728454181924,0.92,1.0,0.7120000000000001,Model-matched,0
ccdefault,hgb,treeshap,25,0.005226419279303581,0.7399999999999999,1.0,0.6559999999999999,Model-matched,1
ccdefault,hgb,treeshap,26,0.007058718455619037,0.6,1.0,0.5578947368421052,Model-matched,1
ccdefault,hgb,treeshap,27,0.010612659861061857,0.6799999999999999,1.0,0.608,Model-matched,1
ccdefault,hgb,treeshap,28,0.07144326996588017,0.8399999999999999,1.0,0.7047619047619048,Model-matched,0
ccdefault,hgb,treeshap,29,0.010943455912282768,0.62,1.0,0.48,Model-matched,1
ccdefault,hgb,treeshap,30,0.002614522647539311,0.4800000000000001,1.0,0.5920000000000001,Model-matched,1
ccdefault,hgb,treeshap,31,0.024087485940536134,0.8400000000000001,1.0,0.5920000000000001,Model-matched,0
ccdefault,hgb,treeshap,32,0.06398023870137212,0.8400000000000001,1.0,0.6559999999999999,Model-matched,0
ccdefault,hgb,treeshap,33,0.03246740063425418,0.6799999999999999,1.0,0.7083333333333334,Model-matched,1
ccdefault,hgb,treeshap,34,0.07322947163099523,0.7799999999999999,1.0,0.7120000000000001,Model-matched,1
ccdefault,hgb,treeshap,35,0.042602934519953055,0.86,1.0,0.6559999999999999,Model-matched,0
ccdefault,hgb,treeshap,36,0.011375395999040439,0.8400000000000001,1.0,0.6833333333333332,Model-matched,0
ccdefault,hgb,treeshap,37,0.038998059984896805,0.7199999999999999,1.0,0.672,Model-matched,1
ccdefault,hgb,treeshap,38,0.014675965233967499,0.6599999999999999,1.0,0.5920000000000001,Model-matched,1
ccdefault,hgb,treeshap,39,0.05282503182331392,0.6399999999999999,1.0,0.6,Model-matched,1
ccdefault,hgb,treeshap,40,0.08573868066821429,0.5799999999999998,1.0,0.624,Model-matched,1
ccdefault,hgb,treeshap,41,0.044665167399010504,0.4599999999999999,1.0,0.52,Model-matched,1
ccdefault,hgb,treeshap,42,0.11516996597253638,0.7799999999999999,1.0,0.584,Model-matched,1
ccdefault,hgb,treeshap,43,0.022232451933618145,0.6,1.0,0.648,Model-matched,1
ccdefault,hgb,treeshap,44,0.022591177168736955,0.7599999999999999,1.0,0.736,Model-matched,1
ccdefault,hgb,treeshap,45,0.020895699630206963,0.6999999999999998,1.0,0.632,Model-matched,1
ccdefault,hgb,treeshap,46,0.025064035609534668,0.7,1.0,0.512,Model-matched,1
ccdefault,hgb,treeshap,47,0.046458935192892896,0.6999999999999998,1.0,0.552,Model-matched,1
ccdefault,hgb,treeshap,48,0.058635491829215416,0.7,1.0,0.8640000000000001,Model-matched,1
ccdefault,hgb,treeshap,49,0.005341157504039693,0.7399999999999999,1.0,0.6347826086956522,Model-matched,1
ccdefault,hgb,treeshap,50,0.0156726995964267,0.7199999999999999,1.0,0.6960000000000001,Model-matched,1
ccdefault,hgb,treeshap,51,0.0009466433496590287,0.62,1.0,0.6260869565217392,Model-matched,1
ccdefault,hgb,treeshap,52,0.054752189055581255,0.86,1.0,0.8260869565217391,Model-matched,0
ccdefault,hgb,treeshap,53,0.015221447268611814,0.7,1.0,0.456,Model-matched,1
ccdefault,hgb,treeshap,54,0.06484763724584243,0.7399999999999999,1.0,0.648,Model-matched,1
ccdefault,hgb,treeshap,55,0.009177984326304317,0.5399999999999999,1.0,0.504,Model-matched,1
ccdefault,hgb,treeshap,56,0.009501372821328785,0.6199999999999999,1.0,0.688,Model-matched,1
ccdefault,hgb,treeshap,57,0.05085619584603197,0.76,1.0,0.752,Model-matched,1
ccdefault,hgb,treeshap,58,0.020494132035596423,0.6599999999999999,1.0,0.5750000000000001,Model-matched,1
ccdefault,hgb,treeshap,59,0.005365090324374993,0.7199999999999999,1.0,0.632,Model-matched,1
ccdefault,hgb,treeshap,60,0.0041306030611676535,0.6399999999999999,1.0,0.648,Model-matched,1
ccdefault,hgb,treeshap,61,0.052011359155826956,0.5400000000000001,1.0,0.632,Model-matched,1
ccdefault,hgb,treeshap,62,0.23143747552589153,1.0,1.0,0.8,Model-matched,0
ccdefault,hgb,treeshap,63,0.0033418359316677894,0.6,1.0,0.624,Model-matched,1
ccdefault,hgb,treeshap,64,0.02165424799441085,0.76,1.0,0.696,Model-matched,1
ccdefault,hgb,treeshap,65,0.019322936140022604,0.76,1.0,0.584,Model-matched,1
ccdefault,hgb,treeshap,66,0.020869437530892633,0.7599999999999999,1.0,0.608,Model-matched,1
ccdefault,hgb,treeshap,67,0.04774645982650825,0.82,1.0,0.608,Model-matched,0
ccdefault,hgb,treeshap,68,0.2149027240375443,0.7599999999999999,1.0,0.7238095238095238,Model-matched,1
ccdefault,hgb,treeshap,69,0.06878356106632894,0.5599999999999999,1.0,0.616,Model-matched,1
ccdefault,hgb,treeshap,70,0.039489820835832606,0.54,1.0,0.768,Model-matched,1
ccdefault,hgb,treeshap,71,0.018842622484708086,0.7,1.0,0.728,Model-matched,1
ccdefault,hgb,treeshap,72,0.19085363410133185,0.86,1.0,0.7040000000000001,Model-matched,0
ccdefault,hgb,treeshap,73,0.008674203753609744,0.7,1.0,0.6,Model-matched,1
ccdefault,hgb,treeshap,74,0.01233943802102701,0.5199999999999999,1.0,0.44,Model-matched,1
ccdefault,hgb,treeshap,75,0.0055427942239788955,0.6799999999999999,1.0,0.528,Model-matched,1
ccdefault,hgb,treeshap,76,0.026760281722608217,0.54,1.0,0.46399999999999997,Model-matched,1
ccdefault,hgb,treeshap,77,0.012308822996484158,0.52,1.0,0.568,Model-matched,1
ccdefault,hgb,treeshap,78,0.14731035593648234,0.9200000000000002,1.0,0.7360000000000001,Model-matched,0
ccdefault,hgb,treeshap,79,0.07137998778323917,0.8400000000000001,1.0,0.7440000000000001,Model-matched,0
ccdefault,hgb,treeshap,80,0.0834198176103078,0.92,1.0,0.8,Model-matched,0
ccdefault,hgb,treeshap,81,0.012315781318847734,0.7999999999999999,1.0,0.7545454545454546,Model-matched,1
ccdefault,hgb,treeshap,82,0.07314307282923248,0.6199999999999999,1.0,0.6173913043478262,Model-matched,1
ccdefault,hgb,treeshap,83,0.018595821474170948,0.6599999999999998,1.0,0.6559999999999999,Model-matched,1
ccdefault,hgb,treeshap,84,0.06381789474845839,0.6799999999999998,1.0,0.7000000000000001,Model-matched,1
ccdefault,hgb,treeshap,85,0.016092755106016425,0.6999999999999998,1.0,0.6749999999999999,Model-matched,1
ccdefault,hgb,treeshap,86,0.024200018982350188,0.82,1.0,0.7391304347826086,Model-matched,0
ccdefault,hgb,treeshap,87,0.014232602331754985,0.6599999999999999,1.0,0.8875000000000001,Model-matched,1
ccdefault,hgb,treeshap,88,0.05727908072680542,0.74,1.0,0.6,Model-matched,1
ccdefault,hgb,treeshap,89,0.10694312551784108,0.6599999999999999,1.0,0.64,Model-matched,1
ccdefault,hgb,treeshap,90,0.006901829482757505,0.6599999999999999,1.0,0.568,Model-matched,1
ccdefault,hgb,treeshap,91,0.006954547385117648,0.58,1.0,0.6090909090909091,Model-matched,1
ccdefault,hgb,treeshap,92,0.01077758340388947,0.6599999999999999,1.0,0.7760000000000001,Model-matched,1
ccdefault,hgb,treeshap,93,0.03470871603125936,0.86,1.0,0.7230769230769231,Model-matched,0
ccdefault,hgb,treeshap,94,0.023061759733845753,0.7399999999999999,1.0,0.7733333333333333,Model-matched,1
ccdefault,hgb,treeshap,95,0.003487672189080165,0.7999999999999999,1.0,0.592,Model-matched,1
ccdefault,hgb,treeshap,96,0.04100198985937368,0.76,1.0,0.64,Model-matched,1
ccdefault,hgb,treeshap,97,0.006538440647083786,0.82,1.0,0.68,Model-matched,0
ccdefault,hgb,treeshap,98,0.10444412801931952,0.6199999999999999,1.0,0.64,Model-matched,1
ccdefault,hgb,treeshap,99,0.022044677250281544,0.72,1.0,0.664,Model-matched,1
ccdefault,hgb,treeshap,100,0.06073596422336389,0.8400000000000001,1.0,0.648,Model-matched,0
ccdefault,hgb,treeshap,101,0.016371522608056802,0.86,1.0,0.8521739130434783,Model-matched,0
ccdefault,hgb,treeshap,102,0.03347070774065648,0.6599999999999999,1.0,0.8240000000000001,Model-matched,1
ccdefault,hgb,treeshap,103,0.006764660148327095,0.62,1.0,0.5888888888888889,Model-matched,1
ccdefault,hgb,treeshap,104,0.0020543506623791094,0.74,1.0,0.8079999999999999,Model-matched,1
ccdefault,hgb,treeshap,105,0.03894253822055851,0.6599999999999999,1.0,0.5760000000000001,Model-matched,1
ccdefault,hgb,treeshap,106,0.0005215357516630216,0.72,1.0,0.456,Model-matched,1
ccdefault,hgb,treeshap,107,0.07187705924529314,0.6399999999999999,1.0,0.672,Model-matched,1
ccdefault,hgb,treeshap,108,0.05565556006843477,0.58,1.0,0.672,Model-matched,1
ccdefault,hgb,treeshap,109,0.05612872994818252,0.7799999999999999,1.0,0.5499999999999999,Model-matched,1
ccdefault,hgb,treeshap,110,0.05190003264299404,0.76,1.0,0.616,Model-matched,1
ccdefault,hgb,treeshap,111,0.16721230660388275,0.7,1.0,0.616,Model-matched,1
ccdefault,hgb,treeshap,112,0.023653842725356807,0.82,1.0,0.68,Model-matched,0
ccdefault,hgb,treeshap,113,0.0004529911636923343,0.62,1.0,0.76,Model-matched,1
ccdefault,hgb,treeshap,114,0.004744120727356469,0.8399999999999999,1.0,0.648,Model-matched,0
ccdefault,hgb,treeshap,115,0.09084884616171107,0.9200000000000002,1.0,0.7304347826086957,Model-matched,0
ccdefault,hgb,treeshap,116,0.0003463912353888912,0.6799999999999999,1.0,0.5760000000000001,Model-matched,1
ccdefault,hgb,treeshap,117,0.022833269039244427,0.6199999999999999,1.0,0.68,Model-matched,1
ccdefault,hgb,treeshap,118,0.060444823366662445,0.6199999999999999,1.0,0.584,Model-matched,1
ccdefault,hgb,treeshap,119,0.006909712319449937,0.5,1.0,0.568,Model-matched,1
ccdefault,hgb,treeshap,120,0.043270101493400936,0.5599999999999999,1.0,0.584,Model-matched,1
ccdefault,hgb,treeshap,121,0.10432185776815653,0.72,1.0,0.56,Model-matched,1
ccdefault,hgb,treeshap,122,0.02646287015384805,0.7,1.0,0.648,Model-matched,1
ccdefault,hgb,treeshap,123,0.01954452402395798,0.72,1.0,0.64,Model-matched,1
ccdefault,hgb,treeshap,124,0.1676051895598966,0.92,1.0,0.6818181818181818,Model-matched,0
ccdefault,hgb,treeshap,125,0.0296495547506495,0.7399999999999999,1.0,0.5499999999999999,Model-matched,1
ccdefault,hgb,treeshap,126,0.17403247906169414,0.56,1.0,0.5391304347826087,Model-matched,1
ccdefault,hgb,treeshap,127,0.3604521243408301,1.0,1.0,0.72,Model-matched,0
ccdefault,hgb,treeshap,128,0.13478903534917433,0.5599999999999999,1.0,0.672,Model-matched,1
ccdefault,hgb,treeshap,129,0.03524847331577929,0.76,1.0,0.664,Model-matched,1
ccdefault,hgb,treeshap,130,0.039132835352141675,0.6999999999999998,1.0,0.584,Model-matched,1
ccdefault,hgb,treeshap,131,0.04819380761739734,0.6599999999999999,1.0,0.624,Model-matched,1
ccdefault,hgb,treeshap,132,0.0632875395168962,0.6599999999999999,1.0,0.616,Model-matched,1
ccdefault,hgb,treeshap,133,0.015700306002095647,0.6599999999999999,1.0,0.608,Model-matched,1
ccdefault,hgb,treeshap,134,0.0012856587364013853,0.6999999999999998,1.0,0.6545454545454545,Model-matched,1
ccdefault,hgb,treeshap,135,0.04426765803422526,0.6799999999999999,1.0,0.552,Model-matched,1
ccdefault,hgb,treeshap,136,0.03902365344602928,0.92,1.0,0.7040000000000001,Model-matched,0
ccdefault,hgb,treeshap,137,0.013090219820224229,0.8799999999999999,1.0,0.8416666666666667,Model-matched,0
ccdefault,hgb,treeshap,138,0.07527768258849132,0.6999999999999998,1.0,0.568,Model-matched,1
ccdefault,hgb,treeshap,139,0.002401888105115783,0.9200000000000002,1.0,0.7652173913043478,Model-matched,0
ccdefault,hgb,treeshap,140,0.011499404750684457,0.72,1.0,0.7583333333333333,Model-matched,1
ccdefault,hgb,treeshap,141,0.07311038382277377,0.6799999999999999,1.0,0.536,Model-matched,1
ccdefault,hgb,treeshap,142,0.0005943613651008957,0.58,1.0,0.56,Model-matched,1
ccdefault,hgb,treeshap,143,0.050382599201485204,0.7,1.0,0.672,Model-matched,1
ccdefault,hgb,treeshap,144,0.01583533254111356,0.7,1.0,0.6,Model-matched,1
ccdefault,hgb,treeshap,145,0.14936504551007376,0.74,1.0,0.6559999999999999,Model-matched,1
ccdefault,hgb,treeshap,146,0.003057000904288144,0.82,1.0,0.7818181818181817,Model-matched,0
ccdefault,hgb,treeshap,147,0.0011690381780145238,0.58,1.0,0.544,Model-matched,1
ccdefault,hgb,treeshap,148,0.17839270847199773,0.7,1.0,0.768,Model-matched,1
ccdefault,hgb,treeshap,149,0.01800041741060457,0.5399999999999999,1.0,0.616,Model-matched,1
ccdefault,hgb,treeshap,150,0.05753904063589275,0.6599999999999999,1.0,0.632,Model-matched,1
ccdefault,hgb,treeshap,151,0.004459287893155409,0.7799999999999999,1.0,0.8320000000000001,Model-matched,1
ccdefault,hgb,treeshap,152,0.007228581712483329,0.4800000000000001,1.0,0.512,Model-matched,1
ccdefault,hgb,treeshap,153,0.004577570091288842,0.6999999999999998,1.0,0.648,Model-matched,1
ccdefault,hgb,treeshap,154,0.2549776840064887,0.7799999999999999,1.0,0.616,Model-matched,1
ccdefault,hgb,treeshap,155,0.021283149551324262,0.5999999999999999,1.0,0.544,Model-matched,1
ccdefault,hgb,treeshap,156,0.01654977625668949,0.7,1.0,0.672,Model-matched,1
ccdefault,hgb,treeshap,157,0.057042830527166175,0.8,1.0,0.672,Model-matched,0
ccdefault,hgb,treeshap,158,0.03134249280102628,0.7799999999999999,1.0,0.672,Model-matched,1
ccdefault,hgb,treeshap,159,0.0807241573890237,0.72,1.0,0.64,Model-matched,1
ccdefault,hgb,treeshap,160,0.02112011297015513,0.6599999999999999,1.0,0.7120000000000001,Model-matched,1
ccdefault,hgb,treeshap,161,0.01541894317446792,0.74,1.0,0.7818181818181817,Model-matched,1
ccdefault,hgb,treeshap,162,0.014839685047600916,0.72,1.0,0.688,Model-matched,1
ccdefault,hgb,treeshap,163,0.21778051092306971,0.8400000000000001,1.0,0.773913043478261,Model-matched,0
ccdefault,hgb,treeshap,164,0.02274519222475731,0.6599999999999998,1.0,0.6666666666666666,Model-matched,1
ccdefault,hgb,treeshap,165,0.030885174461922456,0.42,1.0,0.456,Model-matched,1
ccdefault,hgb,treeshap,166,0.039552917116915214,0.5599999999999998,1.0,0.544,Model-matched,1
ccdefault,hgb,treeshap,167,0.15536277398514692,0.6999999999999998,1.0,0.632,Model-matched,1
ccdefault,hgb,treeshap,168,0.006636606655501404,0.6999999999999998,1.0,0.6416666666666667,Model-matched,1
ccdefault,hgb,treeshap,169,0.04516477227585353,0.74,1.0,0.52,Model-matched,1
ccdefault,hgb,treeshap,170,0.007814947779975845,0.86,1.0,0.752,Model-matched,0
ccdefault,hgb,treeshap,171,0.04271933833229408,0.5999999999999999,1.0,0.6583333333333333,Model-matched,1
ccdefault,hgb,treeshap,172,0.003381362802109557,0.6399999999999999,1.0,0.64,Model-matched,1
ccdefault,hgb,treeshap,173,0.1030606271451303,0.76,1.0,0.616,Model-matched,1
ccdefault,hgb,treeshap,174,0.021681962648211917,0.54,1.0,0.512,Model-matched,1
ccdefault,hgb,treeshap,175,0.076516872331758,0.7399999999999999,1.0,0.5499999999999999,Model-matched,1
ccdefault,hgb,treeshap,176,0.0073190991456237664,0.7,1.0,0.608,Model-matched,1
ccdefault,hgb,treeshap,177,0.01194721072242482,0.76,1.0,0.624,Model-matched,1
ccdefault,hgb,treeshap,178,0.00834089875712045,0.7,1.0,0.6,Model-matched,1
ccdefault,hgb,treeshap,179,0.014742872300166618,0.6399999999999999,1.0,0.544,Model-matched,1
ccdefault,hgb,treeshap,180,0.01829254682551943,0.7399999999999999,1.0,0.76,Model-matched,1
ccdefault,hgb,treeshap,181,0.0027112735709531395,0.6599999999999999,1.0,0.672,Model-matched,1
ccdefault,hgb,treeshap,182,0.00012559207833918206,0.6599999999999999,1.0,0.6,Model-matched,1
ccdefault,hgb,treeshap,183,0.0033719797737571705,0.82,1.0,0.5760000000000001,Model-matched,0
ccdefault,hgb,treeshap,184,0.06670287100658955,0.7799999999999999,1.0,0.525,Model-matched,1
ccdefault,hgb,treeshap,185,0.032116408063648814,0.74,1.0,0.5920000000000001,Model-matched,1
ccdefault,hgb,treeshap,186,0.005159451459500858,0.62,1.0,0.536,Model-matched,1
ccdefault,hgb,treeshap,187,0.0036716181914459426,0.6199999999999999,1.0,0.52,Model-matched,1
ccdefault,hgb,treeshap,188,0.006012893135345401,0.7399999999999999,1.0,0.696,Model-matched,1
ccdefault,hgb,treeshap,189,0.017866522352602644,0.6599999999999999,1.0,0.632,Model-matched,1
ccdefault,hgb,treeshap,190,0.16640446059654712,0.82,1.0,0.8960000000000001,Model-matched,0
ccdefault,hgb,treeshap,191,0.00949692995068765,0.8799999999999999,1.0,0.7066666666666667,Model-matched,0
ccdefault,hgb,treeshap,192,0.07021052409407684,0.6599999999999999,1.0,0.584,Model-matched,1
ccdefault,hgb,treeshap,193,0.05544978133775297,0.7599999999999999,1.0,0.616,Model-matched,1
ccdefault,hgb,treeshap,194,0.008809519386735952,0.6000000000000001,1.0,0.64,Model-matched,1
ccdefault,hgb,treeshap,195,0.005224358674055002,0.6,1.0,0.632,Model-matched,1
ccdefault,hgb,treeshap,196,0.001531144469200507,0.8399999999999999,1.0,0.773913043478261,Model-matched,0
ccdefault,hgb,treeshap,197,0.017384556071452575,0.92,1.0,0.7666666666666667,Model-matched,0
ccdefault,hgb,treeshap,198,0.2649188870892076,1.0,1.0,0.7759999999999999,Model-matched,0
ccdefault,hgb,treeshap,199,0.06609184966083305,0.6199999999999999,1.0,0.7040000000000001,Model-matched,1
ccdefault,hgb,treeshap,200,0.16588393439682378,0.6399999999999999,1.0,1.0,Model-matched,1
ccdefault,hgb,treeshap,201,0.06222897204180393,0.82,1.0,1.0,Model-matched,0
ccdefault,hgb,treeshap,202,0.044375326841647064,0.72,1.0,1.0,Model-matched,1
ccdefault,hgb,treeshap,203,0.07363037065443714,0.86,1.0,1.0,Model-matched,0
ccdefault,hgb,treeshap,204,0.05351880151970286,0.72,1.0,1.0,Model-matched,1
ccdefault,hgb,treeshap,205,0.017326008209620953,0.6599999999999999,1.0,1.0,Model-matched,1
ccdefault,hgb,treeshap,206,0.11340563005622878,0.82,1.0,1.0,Model-matched,0
ccdefault,hgb,treeshap,207,0.0029144744514855055,0.5,1.0,1.0,Model-matched,1
ccdefault,hgb,treeshap,208,0.1010379667075832,0.6199999999999999,1.0,1.0,Model-matched,1
ccdefault,hgb,treeshap,209,0.00322727255698845,0.7999999999999999,1.0,1.0,Model-matched,1
ccdefault,hgb,treeshap,210,0.005905703349251497,0.6999999999999998,1.0,1.0,Model-matched,1
ccdefault,hgb,treeshap,211,0.053507095305156294,0.6599999999999999,1.0,1.0,Model-matched,1
ccdefault,hgb,treeshap,212,0.004504538600281824,0.76,1.0,1.0,Model-matched,1
ccdefault,hgb,treeshap,213,0.03438750755424008,0.8400000000000001,1.0,1.0,Model-matched,0
ccdefault,hgb,treeshap,214,0.03535121596001109,0.6799999999999999,1.0,1.0,Model-matched,1
ccdefault,hgb,treeshap,215,0.03152194870064203,0.76,1.0,1.0,Model-matched,1
ccdefault,hgb,treeshap,216,0.06631160737713793,0.7799999999999999,1.0,1.0,Model-matched,1
ccdefault,hgb,treeshap,217,0.02165324045917364,0.78,1.0,1.0,Model-matched,1
ccdefault,hgb,treeshap,218,0.04365312888160318,0.74,1.0,1.0,Model-matched,1
ccdefault,hgb,treeshap,219,0.03939721688707491,0.7799999999999999,1.0,1.0,Model-matched,1
ccdefault,hgb,treeshap,220,0.03710320922745915,0.6199999999999999,1.0,1.0,Model-matched,1
ccdefault,hgb,treeshap,221,0.15572127792979557,0.52,1.0,1.0,Model-matched,1
ccdefault,hgb,treeshap,222,0.02034963934861759,0.6399999999999999,1.0,1.0,Model-matched,1
ccdefault,hgb,treeshap,223,0.045368778022019746,0.8400000000000001,1.0,1.0,Model-matched,0
ccdefault,hgb,treeshap,224,0.01773681555528715,0.6599999999999999,1.0,1.0,Model-matched,1
ccdefault,hgb,treeshap,225,0.0147168883551878,0.7799999999999999,1.0,1.0,Model-matched,1
ccdefault,hgb,treeshap,226,0.019315862568073997,0.5800000000000001,1.0,1.0,Model-matched,1
ccdefault,hgb,treeshap,227,0.023436413218837188,0.7,1.0,1.0,Model-matched,1
ccdefault,hgb,treeshap,228,0.048317674029425176,0.8800000000000001,1.0,1.0,Model-matched,0
ccdefault,hgb,treeshap,229,0.11697717325793569,0.7799999999999999,1.0,1.0,Model-matched,1
ccdefault,hgb,treeshap,230,0.022656641787075337,0.6799999999999999,1.0,1.0,Model-matched,1
ccdefault,hgb,treeshap,231,0.008887510404939585,0.7399999999999999,1.0,1.0,Model-matched,1
ccdefault,hgb,treeshap,232,0.01622623350950988,0.7,1.0,1.0,Model-matched,1
ccdefault,hgb,treeshap,233,0.017914152080641607,0.7,1.0,1.0,Model-matched,1
ccdefault,hgb,treeshap,234,0.011996872133670485,0.74,1.0,1.0,Model-matched,1
ccdefault,hgb,treeshap,235,0.018447649144133743,0.6799999999999999,1.0,1.0,Model-matched,1
ccdefault,hgb,treeshap,236,0.02744165974421575,0.86,1.0,1.0,Model-matched,0
ccdefault,hgb,treeshap,237,0.06341058578476755,0.6399999999999999,1.0,1.0,Model-matched,1
ccdefault,hgb,treeshap,238,0.05795730631831737,0.6599999999999999,1.0,1.0,Model-matched,1
ccdefault,hgb,treeshap,239,0.017833661846152097,0.6799999999999999,1.0,1.0,Model-matched,1
ccdefault,hgb,treeshap,240,0.06135368208390917,0.7,1.0,1.0,Model-matched,1
ccdefault,hgb,treeshap,241,0.06414936660859998,0.92,1.0,1.0,Model-matched,0
ccdefault,hgb,treeshap,242,0.06813229149783659,0.7199999999999999,1.0,1.0,Model-matched,1
ccdefault,hgb,treeshap,243,0.010183257577797807,0.6599999999999999,1.0,1.0,Model-matched,1
ccdefault,hgb,treeshap,244,0.00435214997009423,0.6199999999999999,1.0,1.0,Model-matched,1
ccdefault,hgb,treeshap,245,0.005792960000472605,0.7399999999999999,1.0,1.0,Model-matched,1
ccdefault,hgb,treeshap,246,0.041534908245341694,0.7999999999999999,1.0,1.0,Model-matched,1
ccdefault,hgb,treeshap,247,0.001978795340948797,0.6,1.0,1.0,Model-matched,1
ccdefault,hgb,treeshap,248,0.21067312106489494,0.7399999999999999,1.0,1.0,Model-matched,1
ccdefault,hgb,treeshap,249,0.03223570384436732,0.6599999999999999,1.0,1.0,Model-matched,1
ccdefault,hgb,treeshap,250,0.005464488971087885,0.58,1.0,1.0,Model-matched,1
ccdefault,hgb,treeshap,251,0.050981593180862414,0.6799999999999998,1.0,1.0,Model-matched,1
ccdefault,hgb,treeshap,252,0.01858244008014682,0.7999999999999999,1.0,1.0,Model-matched,1
ccdefault,hgb,treeshap,253,0.021865567991184512,0.4399999999999999,1.0,1.0,Model-matched,1
ccdefault,hgb,treeshap,254,0.13321002198431942,0.8400000000000001,1.0,1.0,Model-matched,0
ccdefault,hgb,treeshap,255,0.0950955009148158,0.76,1.0,1.0,Model-matched,1
ccdefault,hgb,treeshap,256,0.0037715667730174695,0.5999999999999999,1.0,1.0,Model-matched,1
ccdefault,hgb,treeshap,257,0.08835222725928168,0.86,1.0,1.0,Model-matched,0
ccdefault,hgb,treeshap,258,0.001853757360701728,0.7,1.0,1.0,Model-matched,1
ccdefault,hgb,treeshap,259,0.06192322157672302,0.72,1.0,1.0,Model-matched,1
ccdefault,hgb,treeshap,260,0.03622471237161696,0.6399999999999999,1.0,1.0,Model-matched,1
ccdefault,hgb,treeshap,261,0.028542310118107365,0.6199999999999999,1.0,1.0,Model-matched,1
ccdefault,hgb,treeshap,262,0.0017286081721769226,0.7399999999999999,1.0,1.0,Model-matched,1
ccdefault,hgb,treeshap,263,0.25469795045879523,0.78,1.0,1.0,Model-matched,1
ccdefault,hgb,treeshap,264,0.041378774867175956,0.6399999999999999,1.0,1.0,Model-matched,1
ccdefault,hgb,treeshap,265,0.04641828187352335,0.68,1.0,1.0,Model-matched,1
ccdefault,hgb,treeshap,266,0.023339001390606476,0.86,1.0,1.0,Model-matched,0
ccdefault,hgb,treeshap,267,0.1391094861782275,0.8400000000000001,1.0,1.0,Model-matched,0
ccdefault,hgb,treeshap,268,0.043850106493745496,0.7599999999999999,1.0,1.0,Model-matched,1
ccdefault,hgb,treeshap,269,0.0008760021986055573,0.76,1.0,1.0,Model-matched,1
ccdefault,hgb,treeshap,270,0.3309643072967766,0.9200000000000002,1.0,1.0,Model-matched,0
ccdefault,hgb,treeshap,271,0.0974719514720073,0.6799999999999999,1.0,1.0,Model-matched,1
ccdefault,hgb,treeshap,272,0.13091841239011237,0.7999999999999999,1.0,1.0,Model-matched,1
ccdefault,hgb,treeshap,273,0.011986634676105267,0.6599999999999999,1.0,1.0,Model-matched,1
ccdefault,hgb,treeshap,274,0.05410656766881331,0.6599999999999999,1.0,1.0,Model-matched,1
ccdefault,hgb,treeshap,275,0.004900998300756181,0.5599999999999999,1.0,1.0,Model-matched,1
ccdefault,hgb,treeshap,276,0.008528371851792551,0.6399999999999999,1.0,1.0,Model-matched,1
ccdefault,hgb,treeshap,277,0.04347095505871426,0.6199999999999999,1.0,1.0,Model-matched,1
ccdefault,hgb,treeshap,278,0.0027498505168125956,0.8400000000000001,1.0,1.0,Model-matched,0
ccdefault,hgb,treeshap,279,0.002809049301138564,0.7799999999999999,1.0,1.0,Model-matched,1
ccdefault,hgb,treeshap,280,0.0309267824883968,0.6399999999999999,1.0,1.0,Model-matched,1
ccdefault,hgb,treeshap,281,0.0009451697446297242,0.74,1.0,1.0,Model-matched,1
ccdefault,hgb,treeshap,282,0.07902273303772744,0.6799999999999999,1.0,1.0,Model-matched,1
ccdefault,hgb,treeshap,283,0.03415957389962929,0.8,1.0,1.0,Model-matched,0
ccdefault,hgb,treeshap,284,0.036752976247709276,0.7999999999999999,1.0,1.0,Model-matched,1
ccdefault,hgb,treeshap,285,0.08215051935024811,0.6599999999999999,1.0,1.0,Model-matched,1
ccdefault,hgb,treeshap,286,0.004820161135822852,0.56,1.0,1.0,Model-matched,1
ccdefault,hgb,treeshap,287,0.017612124623128608,0.6599999999999999,1.0,1.0,Model-matched,1
ccdefault,hgb,treeshap,288,0.05187919703754352,0.74,1.0,1.0,Model-matched,1
ccdefault,hgb,treeshap,289,0.00507069028939281,0.74,1.0,1.0,Model-matched,1
ccdefault,hgb,treeshap,290,0.060756390065157026,0.7999999999999999,1.0,1.0,Model-matched,1
ccdefault,hgb,treeshap,291,0.06965578645441169,0.92,1.0,1.0,Model-matched,0
ccdefault,hgb,treeshap,292,0.02370373240840317,0.7,1.0,1.0,Model-matched,1
ccdefault,hgb,treeshap,293,0.1254972962887731,0.5000000000000001,1.0,1.0,Model-matched,1
ccdefault,hgb,treeshap,294,0.00021026236211492923,0.6599999999999999,1.0,1.0,Model-matched,1
ccdefault,hgb,treeshap,295,0.004180611201767655,0.6799999999999999,1.0,1.0,Model-matched,1
ccdefault,hgb,treeshap,296,0.0074891459005277244,0.6799999999999999,1.0,1.0,Model-matched,1
ccdefault,hgb,treeshap,297,0.060463680930327876,0.7399999999999999,1.0,1.0,Model-matched,1
ccdefault,hgb,treeshap,298,0.11213547220064636,0.7999999999999999,1.0,1.0,Model-matched,1
ccdefault,hgb,treeshap,299,0.04830214113820917,0.7399999999999999,1.0,1.0,Model-matched,1
ccdefault,hgb,treeshap,300,0.03213425550345807,0.6399999999999999,1.0,1.0,Model-matched,1
ccdefault,hgb,treeshap,301,0.050635519193440844,0.7599999999999999,1.0,1.0,Model-matched,1
ccdefault,hgb,treeshap,302,0.020310297667711127,0.86,1.0,1.0,Model-matched,0
ccdefault,hgb,treeshap,303,0.0026509352170535332,0.5399999999999999,1.0,1.0,Model-matched,1
ccdefault,hgb,treeshap,304,0.011901714347108804,0.72,1.0,1.0,Model-matched,1
ccdefault,hgb,treeshap,305,0.008857456553282808,0.7999999999999999,1.0,1.0,Model-matched,1
ccdefault,hgb,treeshap,306,0.17086272641202613,0.8400000000000001,1.0,1.0,Model-matched,0
ccdefault,hgb,treeshap,307,0.037660931405777295,0.6399999999999999,1.0,1.0,Model-matched,1
ccdefault,hgb,treeshap,308,0.09232035435249521,0.74,1.0,1.0,Model-matched,1
ccdefault,hgb,treeshap,309,0.06363574468091733,0.6799999999999999,1.0,1.0,Model-matched,1
ccdefault,hgb,treeshap,310,0.0313133641591855,0.7799999999999999,1.0,1.0,Model-matched,1
ccdefault,hgb,treeshap,311,0.04289310900485404,0.7599999999999999,1.0,1.0,Model-matched,1
ccdefault,hgb,treeshap,312,0.07932025685100873,0.82,1.0,1.0,Model-matched,0
ccdefault,hgb,treeshap,313,0.007520699078614189,0.6399999999999999,1.0,1.0,Model-matched,1
ccdefault,hgb,treeshap,314,0.002184710462570785,0.58,1.0,1.0,Model-matched,1
ccdefault,hgb,treeshap,315,0.04538463564288727,0.6599999999999999,1.0,1.0,Model-matched,1
ccdefault,hgb,treeshap,316,0.004822009576275745,0.78,1.0,1.0,Model-matched,1
ccdefault,hgb,treeshap,317,0.09173834451372558,0.82,1.0,1.0,Model-matched,0
ccdefault,hgb,treeshap,318,0.030079150367220142,0.56,1.0,1.0,Model-matched,1
ccdefault,hgb,treeshap,319,0.03809543426757723,0.7799999999999999,1.0,1.0,Model-matched,1
ccdefault,hgb,treeshap,320,0.009836312248675764,0.5799999999999998,1.0,1.0,Model-matched,1
ccdefault,hgb,treeshap,321,0.028214334924674848,0.6799999999999999,1.0,1.0,Model-matched,1
ccdefault,hgb,treeshap,322,0.012990779744133606,0.86,1.0,1.0,Model-matched,0
ccdefault,hgb,treeshap,323,0.010849898409657001,0.7599999999999999,1.0,1.0,Model-matched,1
ccdefault,hgb,treeshap,324,0.053822701202337855,0.54,1.0,1.0,Model-matched,1
ccdefault,hgb,treeshap,325,0.052266539796993826,0.7799999999999999,1.0,1.0,Model-matched,1
ccdefault,hgb,treeshap,326,0.0030528619328458076,0.7799999999999999,1.0,1.0,Model-matched,1
ccdefault,hgb,treeshap,327,0.017869125506832007,0.6399999999999999,1.0,1.0,Model-matched,1
ccdefault,hgb,treeshap,328,0.004265045870388213,0.5800000000000001,1.0,1.0,Model-matched,1
ccdefault,hgb,treeshap,329,0.057889440595179774,0.8,1.0,1.0,Model-matched,0
ccdefault,hgb,treeshap,330,0.0053264496860395945,0.8,1.0,1.0,Model-matched,0
ccdefault,hgb,treeshap,331,0.04565172605568648,0.6599999999999999,1.0,1.0,Model-matched,1
ccdefault,hgb,treeshap,332,0.01341110265502058,0.6399999999999999,1.0,1.0,Model-matched,1
ccdefault,hgb,treeshap,333,0.02498767788555386,0.7799999999999999,1.0,1.0,Model-matched,1
ccdefault,hgb,treeshap,334,0.0014426693894929205,0.5999999999999999,1.0,1.0,Model-matched,1
ccdefault,hgb,treeshap,335,0.08009542923624155,0.7599999999999999,1.0,1.0,Model-matched,1
ccdefault,hgb,treeshap,336,0.06948701580042498,0.6799999999999999,1.0,1.0,Model-matched,1
ccdefault,hgb,treeshap,337,0.012602009777377712,0.7599999999999999,1.0,1.0,Model-matched,1
ccdefault,hgb,treeshap,338,0.013492930578073678,0.8399999999999999,1.0,1.0,Model-matched,0
ccdefault,hgb,treeshap,339,0.032538969347624756,0.6199999999999999,1.0,1.0,Model-matched,1
ccdefault,hgb,treeshap,340,0.02419549407787447,0.6399999999999999,1.0,1.0,Model-matched,1
ccdefault,hgb,treeshap,341,0.006624703025580031,0.8,1.0,1.0,Model-matched,0
ccdefault,hgb,treeshap,342,0.0005273104181599439,0.5399999999999999,1.0,1.0,Model-matched,1
ccdefault,hgb,treeshap,343,0.02332340852055092,0.6399999999999999,1.0,1.0,Model-matched,1
ccdefault,hgb,treeshap,344,0.05619701089624277,0.8399999999999999,1.0,1.0,Model-matched,0
ccdefault,hgb,treeshap,345,0.0038695660700060345,0.5599999999999999,1.0,1.0,Model-matched,1
ccdefault,hgb,treeshap,346,0.009734978728854801,0.6399999999999999,1.0,1.0,Model-matched,1
ccdefault,hgb,treeshap,347,0.12807383205099165,0.6399999999999999,1.0,1.0,Model-matched,1
ccdefault,hgb,treeshap,348,0.04261280540250434,0.7599999999999999,1.0,1.0,Model-matched,1
ccdefault,hgb,treeshap,349,0.024326003175524486,0.7599999999999999,1.0,1.0,Model-matched,1
ccdefault,hgb,treeshap,350,0.01039553067868969,0.74,1.0,1.0,Model-matched,1
ccdefault,hgb,treeshap,351,0.047121676512103215,0.7799999999999999,1.0,1.0,Model-matched,1
ccdefault,hgb,treeshap,352,0.23748797576549963,0.92,1.0,1.0,Model-matched,0
ccdefault,hgb,treeshap,353,0.14178019783362922,0.7399999999999999,1.0,1.0,Model-matched,1
ccdefault,hgb,treeshap,354,0.02033308445090886,0.74,1.0,1.0,Model-matched,1
ccdefault,hgb,treeshap,355,0.013555215383488861,0.6799999999999999,1.0,1.0,Model-matched,1
ccdefault,hgb,treeshap,356,0.0023128517080245577,0.6199999999999999,1.0,1.0,Model-matched,1
ccdefault,hgb,treeshap,357,0.006113660120750909,0.7999999999999999,1.0,1.0,Model-matched,1
ccdefault,hgb,treeshap,358,0.04284503733548616,0.6599999999999999,1.0,1.0,Model-matched,1
ccdefault,hgb,treeshap,359,0.021545483211397227,0.7599999999999999,1.0,1.0,Model-matched,1
ccdefault,hgb,treeshap,360,0.06663612416914466,0.6799999999999999,1.0,1.0,Model-matched,1
ccdefault,hgb,treeshap,361,0.006762923544947533,0.7799999999999999,1.0,1.0,Model-matched,1
ccdefault,hgb,treeshap,362,0.018874347151563085,0.6199999999999999,1.0,1.0,Model-matched,1
ccdefault,hgb,treeshap,363,0.031747254855739475,0.7399999999999999,1.0,1.0,Model-matched,1
ccdefault,hgb,treeshap,364,0.008460772956992501,0.6999999999999998,1.0,1.0,Model-matched,1
ccdefault,hgb,treeshap,365,0.06328874096894187,0.82,1.0,1.0,Model-matched,0
ccdefault,hgb,treeshap,366,0.03972932821033981,0.64,1.0,1.0,Model-matched,1
ccdefault,hgb,treeshap,367,0.19762164155596068,0.6599999999999999,1.0,1.0,Model-matched,1
ccdefault,hgb,treeshap,368,0.00024840523024788753,0.5799999999999998,1.0,1.0,Model-matched,1
ccdefault,hgb,treeshap,369,0.03314535782103393,0.76,1.0,1.0,Model-matched,1
ccdefault,hgb,treeshap,370,0.0323746739644293,0.6799999999999999,1.0,1.0,Model-matched,1
ccdefault,hgb,treeshap,371,0.017732831059065857,0.6199999999999999,1.0,1.0,Model-matched,1
ccdefault,hgb,treeshap,372,0.09311208483452911,0.74,1.0,1.0,Model-matched,1
ccdefault,hgb,treeshap,373,0.04499299435401238,0.7399999999999999,1.0,1.0,Model-matched,1
ccdefault,hgb,treeshap,374,0.008454911187234381,0.6,1.0,1.0,Model-matched,1
ccdefault,hgb,treeshap,375,0.010006224294533171,0.7799999999999999,1.0,1.0,Model-matched,1
ccdefault,hgb,treeshap,376,0.007643305669677558,0.86,1.0,1.0,Model-matched,0
ccdefault,hgb,treeshap,377,0.007503977975814407,0.86,1.0,1.0,Model-matched,0
ccdefault,hgb,treeshap,378,0.011126588877697106,0.6599999999999999,1.0,1.0,Model-matched,1
ccdefault,hgb,treeshap,379,0.06224568294585195,0.58,1.0,1.0,Model-matched,1
ccdefault,hgb,treeshap,380,0.004527579415358998,0.7,1.0,1.0,Model-matched,1
ccdefault,hgb,treeshap,381,0.026621681703297147,0.6999999999999998,1.0,1.0,Model-matched,1
ccdefault,hgb,treeshap,382,0.012299485922556527,0.8400000000000001,1.0,1.0,Model-matched,0
ccdefault,hgb,treeshap,383,0.03267635449024644,0.82,1.0,1.0,Model-matched,0
ccdefault,hgb,treeshap,384,0.014060419731919314,0.8400000000000001,1.0,1.0,Model-matched,0
ccdefault,hgb,treeshap,385,0.029891811145488986,0.5,1.0,1.0,Model-matched,1
ccdefault,hgb,treeshap,386,0.03593419798196893,0.6399999999999999,1.0,1.0,Model-matched,1
ccdefault,hgb,treeshap,387,0.030824670726638692,0.74,1.0,1.0,Model-matched,1
ccdefault,hgb,treeshap,388,0.0647973609763054,0.7599999999999999,1.0,1.0,Model-matched,1
ccdefault,hgb,treeshap,389,0.12730717988824072,0.6599999999999998,1.0,1.0,Model-matched,1
ccdefault,hgb,treeshap,390,0.012990424622247573,0.6999999999999998,1.0,1.0,Model-matched,1
ccdefault,hgb,treeshap,391,0.009192844369263129,0.6599999999999999,1.0,1.0,Model-matched,1
ccdefault,hgb,treeshap,392,0.0005548005770181819,0.5999999999999999,1.0,1.0,Model-matched,1
ccdefault,hgb,treeshap,393,0.10655757847583965,0.8400000000000001,1.0,1.0,Model-matched,0
ccdefault,hgb,treeshap,394,0.011346746782568064,0.7399999999999999,1.0,1.0,Model-matched,1
ccdefault,hgb,treeshap,395,0.0005501217359769441,0.6999999999999998,1.0,1.0,Model-matched,1
ccdefault,hgb,treeshap,396,0.02586902130322154,0.6399999999999999,1.0,1.0,Model-matched,1
ccdefault,hgb,treeshap,397,0.0023141048960472884,0.6799999999999999,1.0,1.0,Model-matched,1
ccdefault,hgb,treeshap,398,0.10340513500812017,0.8400000000000001,1.0,1.0,Model-matched,0
ccdefault,hgb,treeshap,399,0.056029787944069084,0.74,1.0,1.0,Model-matched,1
ccdefault,hgb,treeshap,400,0.03713888172133724,0.6599999999999999,1.0,1.0,Model-matched,1
ccdefault,hgb,treeshap,401,0.11430798399509223,0.7399999999999999,1.0,1.0,Model-matched,1
ccdefault,hgb,treeshap,402,0.05480968679620655,0.8400000000000001,1.0,1.0,Model-matched,0
ccdefault,hgb,treeshap,403,0.0023276426985950915,0.7599999999999999,1.0,1.0,Model-matched,1
ccdefault,hgb,treeshap,404,0.07758512644640639,0.8799999999999999,1.0,1.0,Model-matched,0
ccdefault,hgb,treeshap,405,0.003239619930393444,0.58,1.0,1.0,Model-matched,1
ccdefault,hgb,treeshap,406,0.07596691657181291,0.58,1.0,1.0,Model-matched,1
ccdefault,hgb,treeshap,407,0.009180496637026827,0.7799999999999999,1.0,1.0,Model-matched,1
ccdefault,hgb,treeshap,408,0.00654460979510011,0.5599999999999999,1.0,1.0,Model-matched,1
ccdefault,hgb,treeshap,409,0.008134443855630932,0.6999999999999998,1.0,1.0,Model-matched,1
ccdefault,hgb,treeshap,410,0.04447197362369179,0.8399999999999999,1.0,1.0,Model-matched,0
ccdefault,hgb,treeshap,411,0.023617775818207624,0.5599999999999998,1.0,1.0,Model-matched,1
ccdefault,hgb,treeshap,412,0.001227008637826886,0.4600000000000001,1.0,1.0,Model-matched,1
ccdefault,hgb,treeshap,413,0.007934598375143527,0.7599999999999999,1.0,1.0,Model-matched,1
ccdefault,hgb,treeshap,414,0.047747305868261695,0.4600000000000001,1.0,1.0,Model-matched,1
ccdefault,hgb,treeshap,415,0.044757358939347194,0.8799999999999999,1.0,1.0,Model-matched,0
ccdefault,hgb,treeshap,416,0.07574741841531676,0.7399999999999999,1.0,1.0,Model-matched,1
ccdefault,hgb,treeshap,417,0.06199001602778252,0.54,1.0,1.0,Model-matched,1
ccdefault,hgb,treeshap,418,0.02010857110157916,0.72,1.0,1.0,Model-matched,1
ccdefault,hgb,treeshap,419,0.0010814114077460784,0.7599999999999999,1.0,1.0,Model-matched,1
ccdefault,hgb,treeshap,420,0.01245282430912306,0.6599999999999999,1.0,1.0,Model-matched,1
ccdefault,hgb,treeshap,421,0.07436384904570427,0.7399999999999999,1.0,1.0,Model-matched,1
ccdefault,hgb,treeshap,422,0.09272186677755902,0.6599999999999999,1.0,1.0,Model-matched,1
ccdefault,hgb,treeshap,423,0.016904304600295298,0.4600000000000001,1.0,1.0,Model-matched,1
ccdefault,hgb,treeshap,424,0.019749713491713176,0.7799999999999999,1.0,1.0,Model-matched,1
ccdefault,hgb,treeshap,425,0.10804163191228895,0.92,1.0,1.0,Model-matched,0
ccdefault,hgb,treeshap,426,0.08523045697975358,0.92,1.0,1.0,Model-matched,0
ccdefault,hgb,treeshap,427,0.01635939097626196,0.7399999999999999,1.0,1.0,Model-matched,1
ccdefault,hgb,treeshap,428,0.0003433758613523715,0.52,1.0,1.0,Model-matched,1
ccdefault,hgb,treeshap,429,0.004050321147615838,0.6,1.0,1.0,Model-matched,1
ccdefault,hgb,treeshap,430,0.05397631165106351,0.82,1.0,1.0,Model-matched,0
ccdefault,hgb,treeshap,431,0.04658597675026515,0.82,1.0,1.0,Model-matched,0
ccdefault,hgb,treeshap,432,0.04206933399190975,0.6599999999999999,1.0,1.0,Model-matched,1
ccdefault,hgb,treeshap,433,0.007534578817709915,0.54,1.0,1.0,Model-matched,1
ccdefault,hgb,treeshap,434,0.043300748871286224,0.72,1.0,1.0,Model-matched,1
ccdefault,hgb,treeshap,435,0.007037064441915461,0.7199999999999999,1.0,1.0,Model-matched,1
ccdefault,hgb,treeshap,436,0.022154068668988253,1.0,1.0,1.0,Model-matched,0
ccdefault,hgb,treeshap,437,0.02166680061370447,0.6399999999999999,1.0,1.0,Model-matched,1
ccdefault,hgb,treeshap,438,0.006032666477407186,0.8400000000000001,1.0,1.0,Model-matched,0
ccdefault,hgb,treeshap,439,0.02758797407793269,0.86,1.0,1.0,Model-matched,0
ccdefault,hgb,treeshap,440,0.09644361071497987,0.8399999999999999,1.0,1.0,Model-matched,0
ccdefault,hgb,treeshap,441,0.010288224059540609,0.54,1.0,1.0,Model-matched,1
ccdefault,hgb,treeshap,442,0.02587810708624496,0.6200000000000001,1.0,1.0,Model-matched,1
ccdefault,hgb,treeshap,443,0.024892964186561214,0.74,1.0,1.0,Model-matched,1
ccdefault,hgb,treeshap,444,0.0014880214551926188,0.6999999999999998,1.0,1.0,Model-matched,1
ccdefault,hgb,treeshap,445,0.006257568535216837,0.8400000000000001,1.0,1.0,Model-matched,0
ccdefault,hgb,treeshap,446,0.03240171782879759,0.64,1.0,1.0,Model-matched,1
ccdefault,hgb,treeshap,447,0.10462123478965227,0.82,1.0,1.0,Model-matched,0
ccdefault,hgb,treeshap,448,0.01710069290498645,0.7,1.0,1.0,Model-matched,1
ccdefault,hgb,treeshap,449,0.05854418146575989,0.74,1.0,1.0,Model-matched,1
ccdefault,hgb,treeshap,450,0.006634811211027697,0.4999999999999999,1.0,1.0,Model-matched,1
ccdefault,hgb,treeshap,451,0.11613355762626103,0.7999999999999999,1.0,1.0,Model-matched,1
ccdefault,hgb,treeshap,452,0.006825001402422628,0.7799999999999999,1.0,1.0,Model-matched,1
ccdefault,hgb,treeshap,453,0.022095663469347694,0.6399999999999999,1.0,1.0,Model-matched,1
ccdefault,hgb,treeshap,454,0.05379861806910402,0.7599999999999999,1.0,1.0,Model-matched,1
ccdefault,hgb,treeshap,455,0.014697998969458899,0.7999999999999999,1.0,1.0,Model-matched,1
ccdefault,hgb,treeshap,456,0.028787170429628826,0.5599999999999999,1.0,1.0,Model-matched,1
ccdefault,hgb,treeshap,457,0.022321761820670624,0.8399999999999999,1.0,1.0,Model-matched,0
ccdefault,hgb,treeshap,458,0.05287525542886461,0.5799999999999998,1.0,1.0,Model-matched,1
ccdefault,hgb,treeshap,459,0.017790419079003472,0.6999999999999998,1.0,1.0,Model-matched,1
ccdefault,hgb,treeshap,460,0.08122309670134362,0.8400000000000001,1.0,1.0,Model-matched,0
ccdefault,hgb,treeshap,461,0.010773958541588228,0.72,1.0,1.0,Model-matched,1
ccdefault,hgb,treeshap,462,0.007184104705328496,0.86,1.0,1.0,Model-matched,0
ccdefault,hgb,treeshap,463,0.02577940680340935,0.6799999999999999,1.0,1.0,Model-matched,1
ccdefault,hgb,treeshap,464,0.050348343084401774,0.6199999999999999,1.0,1.0,Model-matched,1
ccdefault,hgb,treeshap,465,0.02718436784010815,0.7,1.0,1.0,Model-matched,1
ccdefault,hgb,treeshap,466,0.013265032125476455,0.6799999999999999,1.0,1.0,Model-matched,1
ccdefault,hgb,treeshap,467,0.004205437741677209,0.72,1.0,1.0,Model-matched,1
ccdefault,hgb,treeshap,468,0.08356344324831178,0.74,1.0,1.0,Model-matched,1
ccdefault,hgb,treeshap,469,0.04847561192754517,0.5199999999999999,1.0,1.0,Model-matched,1
ccdefault,hgb,treeshap,470,0.25765542652862483,0.92,1.0,1.0,Model-matched,0
ccdefault,hgb,treeshap,471,0.0031048243980441037,0.74,1.0,1.0,Model-matched,1
ccdefault,hgb,treeshap,472,0.0012396815370515903,0.6999999999999998,1.0,1.0,Model-matched,1
ccdefault,hgb,treeshap,473,0.030188205835444456,0.8800000000000001,1.0,1.0,Model-matched,0
ccdefault,hgb,treeshap,474,0.007552140951238477,0.7599999999999999,1.0,1.0,Model-matched,1
ccdefault,hgb,treeshap,475,0.14004362275093615,0.8400000000000001,1.0,1.0,Model-matched,0
ccdefault,hgb,treeshap,476,0.012092456330954168,0.76,1.0,1.0,Model-matched,1
ccdefault,hgb,treeshap,477,0.005663722203597287,0.6199999999999999,1.0,1.0,Model-matched,1
ccdefault,hgb,treeshap,478,0.027170264208536438,0.7,1.0,1.0,Model-matched,1
ccdefault,hgb,treeshap,479,0.013664781247096636,0.7999999999999999,1.0,1.0,Model-matched,1
ccdefault,hgb,treeshap,480,0.004216768081914277,0.6199999999999999,1.0,1.0,Model-matched,1
ccdefault,hgb,treeshap,481,0.004741828097538279,0.8,1.0,1.0,Model-matched,0
ccdefault,hgb,treeshap,482,0.048755619568574375,0.5600000000000002,1.0,1.0,Model-matched,1
ccdefault,hgb,treeshap,483,0.005899739601533586,0.82,1.0,1.0,Model-matched,0
ccdefault,hgb,treeshap,484,0.03940935456055339,0.4800000000000001,1.0,1.0,Model-matched,1
ccdefault,hgb,treeshap,485,0.0422665674252579,0.86,1.0,1.0,Model-matched,0
ccdefault,hgb,treeshap,486,0.030376258206469407,0.4999999999999999,1.0,1.0,Model-matched,1
ccdefault,hgb,treeshap,487,0.0019913570044546186,0.7799999999999999,1.0,1.0,Model-matched,1
ccdefault,hgb,treeshap,488,0.13047442334707024,1.0,1.0,1.0,Model-matched,0
ccdefault,hgb,treeshap,489,0.004648993871469526,0.92,1.0,1.0,Model-matched,0
ccdefault,hgb,treeshap,490,0.06599026688960688,0.5599999999999999,1.0,1.0,Model-matched,1
ccdefault,hgb,treeshap,491,0.013546669726800131,0.5599999999999999,1.0,1.0,Model-matched,1
ccdefault,hgb,treeshap,492,0.18255878991310653,0.7999999999999999,1.0,1.0,Model-matched,1
ccdefault,hgb,treeshap,493,0.011322504591282947,0.54,1.0,1.0,Model-matched,1
ccdefault,hgb,treeshap,494,0.03463849361464567,0.6599999999999999,1.0,1.0,Model-matched,1
ccdefault,hgb,treeshap,495,0.060226394829282555,0.58,1.0,1.0,Model-matched,1
ccdefault,hgb,treeshap,496,0.0018181133937615792,0.6599999999999999,1.0,1.0,Model-matched,1
ccdefault,hgb,treeshap,497,0.02988033601394224,0.82,1.0,1.0,Model-matched,0
ccdefault,hgb,treeshap,498,0.10709847835145303,0.76,1.0,1.0,Model-matched,1
ccdefault,hgb,treeshap,499,0.15776193300959696,0.92,1.0,1.0,Model-matched,0
ccdefault,hgb,lime,0,0.00044682515553182926,0.74,0.78,0.75,LIME,1
ccdefault,hgb,lime,1,0.019001447824228874,0.7999999999999999,0.8200000000000001,0.7416666666666667,LIME,1
ccdefault,hgb,lime,2,0.019367728750051542,0.7799999999999999,0.8400000000000001,0.675,LIME,1
ccdefault,hgb,lime,3,0.05396675057622038,0.36,0.42000000000000004,0.44,LIME,1
ccdefault,hgb,lime,4,0.056251892504844206,0.54,0.52,0.44799999999999995,LIME,1
ccdefault,hgb,lime,5,0.0630690828924171,0.54,0.52,0.52,LIME,1
ccdefault,hgb,lime,6,0.05313268877823359,0.7,0.78,0.624,LIME,1
ccdefault,hgb,lime,7,0.018080772103297626,0.86,0.76,0.725,LIME,0
ccdefault,hgb,lime,8,0.012739877228318682,0.42,0.45999999999999996,0.40800000000000003,LIME,1
ccdefault,hgb,lime,9,0.025428350786891166,0.6599999999999999,0.78,0.6559999999999999,LIME,1
ccdefault,hgb,lime,10,0.08390497042969638,0.5200000000000001,0.58,0.56,LIME,1
ccdefault,hgb,lime,11,0.09399299962959344,0.6399999999999999,0.6599999999999999,0.6,LIME,1
ccdefault,hgb,lime,12,0.055184117201582984,0.86,0.8,0.7384615384615384,LIME,0
ccdefault,hgb,lime,13,0.05201001558850109,0.58,0.52,0.40800000000000003,LIME,1
ccdefault,hgb,lime,14,0.013833366455679163,0.6199999999999999,0.6599999999999999,0.632,LIME,1
ccdefault,hgb,lime,15,0.13201369568571958,0.6600000000000001,0.74,0.664,LIME,1
ccdefault,hgb,lime,16,0.004910793960474886,0.36,0.5,0.392,LIME,1
ccdefault,hgb,lime,17,0.029720024268371083,0.4800000000000001,0.32,0.376,LIME,1
ccdefault,hgb,lime,18,0.001958678466030948,0.32,0.4,0.40800000000000003,LIME,1
ccdefault,hgb,lime,19,0.005302555720121652,0.4,0.44000000000000006,0.408,LIME,1
ccdefault,hgb,lime,20,0.020513230551869596,0.4800000000000001,0.5599999999999999,0.504,LIME,1
ccdefault,hgb,lime,21,0.022164910386369377,0.32,0.36,0.32,LIME,1
ccdefault,hgb,lime,22,0.01022253468570545,0.36,0.44000000000000006,0.34782608695652173,LIME,1
ccdefault,hgb,lime,23,0.06649222051796987,0.44,0.54,0.40800000000000003,LIME,1
ccdefault,hgb,lime,24,0.006599220251727708,0.4600000000000001,0.44000000000000006,0.4640000000000001,LIME,1
ccdefault,hgb,lime,25,0.0025234911801982154,0.4800000000000001,0.5,0.41600000000000004,LIME,1
ccdefault,hgb,lime,26,0.007290121976286,0.52,0.6,0.4947368421052632,LIME,1
ccdefault,hgb,lime,27,0.012719238461158511,0.5999999999999999,0.6,0.568,LIME,1
ccdefault,hgb,lime,28,0.016123371332390817,0.72,0.8,0.5714285714285714,LIME,1
ccdefault,hgb,lime,29,0.005774371708586848,0.4,0.48,0.424,LIME,1
ccdefault,hgb,lime,30,0.004875976633599119,0.44,0.62,0.496,LIME,1
ccdefault,hgb,lime,31,0.006467788110418543,0.38,0.45999999999999996,0.408,LIME,1
ccdefault,hgb,lime,32,6.502046779074115e-05,0.3199999999999999,0.44000000000000006,0.424,LIME,1
ccdefault,hgb,lime,33,0.030465434880790686,0.7999999999999999,0.8,0.75,LIME,1
ccdefault,hgb,lime,34,0.018449110125978545,0.6399999999999999,0.7,0.6559999999999999,LIME,1
ccdefault,hgb,lime,35,0.0012389412840042304,0.4600000000000001,0.54,0.384,LIME,1
ccdefault,hgb,lime,36,0.011228822821187291,0.72,0.72,0.625,LIME,1
ccdefault,hgb,lime,37,0.006445635714811585,0.6199999999999999,0.6799999999999999,0.496,LIME,1
ccdefault,hgb,lime,38,0.029675148573852707,0.4,0.44000000000000006,0.392,LIME,1
ccdefault,hgb,lime,39,0.0045806971784258495,0.3,0.45999999999999996,0.424,LIME,1
ccdefault,hgb,lime,40,0.025534970958041258,0.48,0.52,0.536,LIME,1
ccdefault,hgb,lime,41,0.048943527668119984,0.4,0.4,0.392,LIME,1
ccdefault,hgb,lime,42,0.021013949511158862,0.44,0.5,0.41600000000000004,LIME,1
ccdefault,hgb,lime,43,0.07926372433198704,0.4,0.5599999999999999,0.42400000000000004,LIME,1
ccdefault,hgb,lime,44,0.012271250200359945,0.6399999999999999,0.64,0.536,LIME,1
ccdefault,hgb,lime,45,0.0214935626226045,0.5199999999999999,0.52,0.496,LIME,1
ccdefault,hgb,lime,46,0.02922385222932894,0.3400000000000001,0.5599999999999999,0.32800000000000007,LIME,1
ccdefault,hgb,lime,47,0.10059254177433813,0.5,0.64,0.504,LIME,1
ccdefault,hgb,lime,48,0.024171440047465582,0.6599999999999999,0.64,0.5920000000000001,LIME,1
ccdefault,hgb,lime,49,0.01428343842733427,0.5199999999999999,0.5599999999999999,0.5130434782608696,LIME,1
ccdefault,hgb,lime,50,0.00795368310174863,0.54,1.0,1.0,LIME,1
ccdefault,hgb,lime,51,0.0024238887168168545,0.5,1.0,1.0,LIME,1
ccdefault,hgb,lime,52,0.009844484185548555,0.76,1.0,1.0,LIME,1
ccdefault,hgb,lime,53,0.008414431582104089,0.3,1.0,1.0,LIME,1
ccdefault,hgb,lime,54,0.049041765155967,0.5399999999999999,1.0,1.0,LIME,1
ccdefault,hgb,lime,55,0.005209246865523029,0.5000000000000001,1.0,1.0,LIME,1
ccdefault,hgb,lime,56,0.1127541161572913,0.6399999999999999,1.0,1.0,LIME,1
ccdefault,hgb,lime,57,0.010951867104339935,0.54,1.0,1.0,LIME,1
ccdefault,hgb,lime,58,0.007686889098574355,0.5399999999999999,1.0,1.0,LIME,1
ccdefault,hgb,lime,59,0.011094235266080105,0.56,1.0,1.0,LIME,1
ccdefault,hgb,lime,60,0.04914876374935623,0.52,1.0,1.0,LIME,1
ccdefault,hgb,lime,61,0.0011390186008904731,0.6599999999999999,1.0,1.0,LIME,1
ccdefault,hgb,lime,62,0.027162057473928854,0.5599999999999999,1.0,1.0,LIME,1
ccdefault,hgb,lime,63,0.008149134501187049,0.5199999999999999,1.0,1.0,LIME,1
ccdefault,hgb,lime,64,0.014582874422313962,0.36,1.0,1.0,LIME,1
ccdefault,hgb,lime,65,0.036398393964488164,0.4000000000000001,1.0,1.0,LIME,1
ccdefault,hgb,lime,66,0.017605605013744603,0.42,1.0,1.0,LIME,1
ccdefault,hgb,lime,67,0.009660040269710134,0.4,1.0,1.0,LIME,1
ccdefault,hgb,lime,68,0.10078530457872578,0.6399999999999999,1.0,1.0,LIME,1
ccdefault,hgb,lime,69,0.01570644480053748,0.5,1.0,1.0,LIME,1
ccdefault,hgb,lime,70,0.017313251764766155,0.6599999999999999,1.0,1.0,LIME,1
ccdefault,hgb,lime,71,0.049637523708456165,0.6599999999999999,1.0,1.0,LIME,1
ccdefault,hgb,lime,72,0.04430315894728421,0.5799999999999998,1.0,1.0,LIME,1
ccdefault,hgb,lime,73,0.006934749614511198,0.5,1.0,1.0,LIME,1
ccdefault,hgb,lime,74,0.05499646262921491,0.4,1.0,1.0,LIME,1
ccdefault,hgb,lime,75,0.006256955438563508,0.3399999999999999,1.0,1.0,LIME,1
ccdefault,hgb,lime,76,0.0064407981976254925,0.36,1.0,1.0,LIME,1
ccdefault,hgb,lime,77,0.010222671905420847,0.5,1.0,1.0,LIME,1
ccdefault,hgb,lime,78,0.34724374142435976,0.7399999999999999,1.0,1.0,LIME,1
ccdefault,hgb,lime,79,0.05093226297442475,0.5199999999999999,1.0,1.0,LIME,1
ccdefault,hgb,lime,80,0.039974819049062395,0.72,1.0,1.0,LIME,1
ccdefault,hgb,lime,81,0.018041100515105386,0.8,1.0,1.0,LIME,0
ccdefault,hgb,lime,82,0.010663023242524383,0.6399999999999999,1.0,1.0,LIME,1
ccdefault,hgb,lime,83,0.018866928393823697,0.4399999999999999,1.0,1.0,LIME,1
ccdefault,hgb,lime,84,0.0779224775926676,0.72,1.0,1.0,LIME,1
ccdefault,hgb,lime,85,0.020706087947322663,0.7,1.0,1.0,LIME,1
ccdefault,hgb,lime,86,0.0754520897072723,0.6399999999999999,1.0,1.0,LIME,1
ccdefault,hgb,lime,87,0.020513472744503703,0.7399999999999999,1.0,1.0,LIME,1
ccdefault,hgb,lime,88,0.004111459168974392,0.42,1.0,1.0,LIME,1
ccdefault,hgb,lime,89,0.007136547633872598,0.4600000000000001,1.0,1.0,LIME,1
ccdefault,hgb,lime,90,0.037308237193021905,0.32,1.0,1.0,LIME,1
ccdefault,hgb,lime,91,0.00408630621926371,0.48,1.0,1.0,LIME,1
ccdefault,hgb,lime,92,0.020054440939572295,0.92,1.0,1.0,LIME,0
ccdefault,hgb,lime,93,0.02265708584568925,0.76,1.0,1.0,LIME,1
ccdefault,hgb,lime,94,0.06134604082607209,0.7799999999999999,1.0,1.0,LIME,1
ccdefault,hgb,lime,95,0.01856540520844435,0.4599999999999999,1.0,1.0,LIME,1
ccdefault,hgb,lime,96,0.0025786154123619725,0.5199999999999999,1.0,1.0,LIME,1
ccdefault,hgb,lime,97,0.14445714505239024,0.5399999999999999,1.0,1.0,LIME,1
ccdefault,hgb,lime,98,0.00414052846499421,0.6199999999999999,1.0,1.0,LIME,1
ccdefault,hgb,lime,99,0.006290262932051336,0.34,1.0,1.0,LIME,1
ccdefault,mlp,ig,0,0.06784060489435245,0.8400000000000001,1.0,0.8571428571428571,Model-matched,0
ccdefault,mlp,ig,1,0.009649906771443601,0.7,1.0,0.8240000000000001,Model-matched,1
ccdefault,mlp,ig,2,0.025571537386515214,0.76,1.0,0.8640000000000001,Model-matched,1
ccdefault,mlp,ig,3,0.026762090562203595,0.6,1.0,0.7040000000000001,Model-matched,1
ccdefault,mlp,ig,4,0.10618759424320534,0.7999999999999999,1.0,0.696,Model-matched,1
ccdefault,mlp,ig,5,0.01070960974346717,0.7799999999999999,1.0,0.64,Model-matched,1
ccdefault,mlp,ig,6,0.038391290336814016,0.4800000000000001,1.0,0.7760000000000001,Model-matched,1
ccdefault,mlp,ig,7,0.03951570681833359,0.6399999999999999,1.0,0.788235294117647,Model-matched,1
ccdefault,mlp,ig,8,0.10476198086658321,0.7399999999999999,1.0,0.728,Model-matched,1
ccdefault,mlp,ig,9,0.02537762686040783,0.6599999999999999,1.0,0.768,Model-matched,1
ccdefault,mlp,ig,10,0.007081485098115307,0.4599999999999999,1.0,0.648,Model-matched,1
ccdefault,mlp,ig,11,0.10282429748167474,0.6799999999999999,1.0,0.792,Model-matched,1
ccdefault,mlp,ig,12,0.16227033462544804,0.72,1.0,0.8333333333333334,Model-matched,1
ccdefault,mlp,ig,13,0.06717159506637227,0.5599999999999999,1.0,0.7120000000000001,Model-matched,1
ccdefault,mlp,ig,14,0.11385848662562721,0.4599999999999999,1.0,0.784,Model-matched,1
ccdefault,mlp,ig,15,0.0070676763649854145,0.7,1.0,0.784,Model-matched,1
ccdefault,mlp,ig,16,0.012399694270692561,0.6199999999999999,1.0,0.584,Model-matched,1
ccdefault,mlp,ig,17,0.07233241360156233,0.7,1.0,0.672,Model-matched,1
ccdefault,mlp,ig,18,0.04302357450853432,0.28,1.0,0.52,Model-matched,1
ccdefault,mlp,ig,19,0.0512354403017077,0.38,1.0,0.616,Model-matched,1
ccdefault,mlp,ig,20,0.017357556051464725,0.5199999999999999,1.0,0.752,Model-matched,1
ccdefault,mlp,ig,21,0.09617198281136417,0.7,1.0,0.632,Model-matched,1
ccdefault,mlp,ig,22,0.05483443897239787,0.4800000000000001,1.0,0.72,Model-matched,1
ccdefault,mlp,ig,23,0.02919624043932471,0.58,1.0,0.616,Model-matched,1
ccdefault,mlp,ig,24,0.004684844786626191,0.86,1.0,0.768,Model-matched,0
ccdefault,mlp,ig,25,0.042570299972376484,0.76,1.0,0.76,Model-matched,1
ccdefault,mlp,ig,26,0.0018577667764891556,0.7999999999999999,1.0,0.68,Model-matched,1
ccdefault,mlp,ig,27,0.14897412888593956,0.4199999999999999,1.0,0.608,Model-matched,1
ccdefault,mlp,ig,28,0.003715421860353796,0.86,1.0,0.9249999999999999,Model-matched,0
ccdefault,mlp,ig,29,0.27077887979346027,0.6199999999999999,1.0,0.7040000000000001,Model-matched,1
ccdefault,mlp,ig,30,0.07350889582497731,0.5399999999999999,1.0,0.664,Model-matched,1
ccdefault,mlp,ig,31,0.17550704555971117,0.72,1.0,0.664,Model-matched,1
ccdefault,mlp,ig,32,0.06121264579836005,0.5,1.0,0.616,Model-matched,1
ccdefault,mlp,ig,33,0.009621038763597338,0.6,1.0,0.728,Model-matched,1
ccdefault,mlp,ig,34,0.03544284381989253,0.58,1.0,0.7440000000000001,Model-matched,1
ccdefault,mlp,ig,35,0.10092155036392503,0.5999999999999999,1.0,0.5680000000000001,Model-matched,1
ccdefault,mlp,ig,36,0.21109969207911242,0.6199999999999999,1.0,0.8,Model-matched,1
ccdefault,mlp,ig,37,0.015775491671893183,0.78,1.0,0.7440000000000001,Model-matched,1
ccdefault,mlp,ig,38,0.07612633735137336,0.36,1.0,0.672,Model-matched,1
ccdefault,mlp,ig,39,0.053330875412091215,0.56,1.0,0.48800000000000004,Model-matched,1
ccdefault,mlp,ig,40,0.08481396151497873,0.4199999999999999,1.0,0.672,Model-matched,1
ccdefault,mlp,ig,41,0.0368826210553279,0.6399999999999999,1.0,0.56,Model-matched,1
ccdefault,mlp,ig,42,0.039185833926166196,0.58,1.0,0.68,Model-matched,1
ccdefault,mlp,ig,43,0.047696062288432164,0.6599999999999999,1.0,0.696,Model-matched,1
ccdefault,mlp,ig,44,0.011497794964102682,0.72,1.0,0.672,Model-matched,1
ccdefault,mlp,ig,45,0.09091657340456069,0.7799999999999999,1.0,0.696,Model-matched,1
ccdefault,mlp,ig,46,0.09185076558377868,0.5599999999999999,1.0,0.616,Model-matched,1
ccdefault,mlp,ig,47,0.04694382925162512,0.48,1.0,0.608,Model-matched,1
ccdefault,mlp,ig,48,0.07308763913797155,0.7999999999999999,1.0,0.888,Model-matched,1
ccdefault,mlp,ig,49,0.04804844492153612,0.7,1.0,0.768,Model-matched,1
ccdefault,mlp,ig,50,0.1144779924305364,0.48,1.0,0.5920000000000001,Model-matched,1
ccdefault,mlp,ig,51,0.01919740132293101,0.82,1.0,0.7857142857142857,Model-matched,0
ccdefault,mlp,ig,52,0.0177762045613666,0.7999999999999999,1.0,0.7789473684210527,Model-matched,1
ccdefault,mlp,ig,53,0.03343289533748066,0.58,1.0,0.616,Model-matched,1
ccdefault,mlp,ig,54,0.017255451779105615,0.5599999999999999,1.0,0.696,Model-matched,1
ccdefault,mlp,ig,55,0.1152032343884499,0.5599999999999999,1.0,0.5680000000000001,Model-matched,1
ccdefault,mlp,ig,56,0.011950350461774074,0.8400000000000001,1.0,0.7120000000000001,Model-matched,0
ccdefault,mlp,ig,57,0.16935619662453485,0.4399999999999999,1.0,0.8,Model-matched,1
ccdefault,mlp,ig,58,0.057434607704218446,0.6399999999999999,1.0,0.8,Model-matched,1
ccdefault,mlp,ig,59,0.008780903377774462,0.74,1.0,0.672,Model-matched,1
ccdefault,mlp,ig,60,0.010681702728848184,0.6599999999999999,1.0,0.688,Model-matched,1
ccdefault,mlp,ig,61,0.09742365288097361,0.6599999999999999,1.0,0.688,Model-matched,1
ccdefault,mlp,ig,62,0.023614613789406155,0.58,1.0,0.7760000000000001,Model-matched,1
ccdefault,mlp,ig,63,0.10413040469690706,0.5999999999999999,1.0,0.7040000000000001,Model-matched,1
ccdefault,mlp,ig,64,0.11272612991485612,0.6799999999999999,1.0,0.8,Model-matched,1
ccdefault,mlp,ig,65,0.08835769080223556,0.82,1.0,0.728,Model-matched,0
ccdefault,mlp,ig,66,0.13508136465525605,0.38,1.0,0.688,Model-matched,1
ccdefault,mlp,ig,67,0.02400699336040169,0.4,1.0,0.6,Model-matched,1
ccdefault,mlp,ig,68,0.012641179031848191,0.6199999999999999,1.0,0.8090909090909091,Model-matched,1
ccdefault,mlp,ig,69,0.09074018434751853,0.7599999999999999,1.0,0.752,Model-matched,1
ccdefault,mlp,ig,70,0.08013975447217392,0.6799999999999999,1.0,0.768,Model-matched,1
ccdefault,mlp,ig,71,0.011364271448044404,0.6799999999999999,1.0,0.912,Model-matched,1
ccdefault,mlp,ig,72,0.006506143907342892,0.7,1.0,0.672,Model-matched,1
ccdefault,mlp,ig,73,0.062545427785681,0.72,1.0,0.7120000000000001,Model-matched,1
ccdefault,mlp,ig,74,0.015686107894489387,0.6,1.0,0.632,Model-matched,1
ccdefault,mlp,ig,75,0.01910339983000635,0.82,1.0,0.688,Model-matched,0
ccdefault,mlp,ig,76,0.014558254706239358,0.86,1.0,0.7120000000000001,Model-matched,0
ccdefault,mlp,ig,77,0.009530941491714311,0.78,1.0,0.5760000000000001,Model-matched,1
ccdefault,mlp,ig,78,0.00936909333230886,0.5599999999999999,1.0,0.664,Model-matched,1
ccdefault,mlp,ig,79,0.06808714470908292,0.62,1.0,0.664,Model-matched,1
ccdefault,mlp,ig,80,0.032652221519014715,0.7,1.0,0.8695652173913043,Model-matched,1
ccdefault,mlp,ig,81,0.02972779551841869,0.7799999999999999,1.0,0.8782608695652173,Model-matched,1
ccdefault,mlp,ig,82,0.037758441265383094,0.72,1.0,0.8400000000000001,Model-matched,1
ccdefault,mlp,ig,83,0.051573724055793885,0.6599999999999999,1.0,0.664,Model-matched,1
ccdefault,mlp,ig,84,0.04483831694993397,0.64,1.0,0.8363636363636363,Model-matched,1
ccdefault,mlp,ig,85,0.0787941241529438,0.76,1.0,0.8,Model-matched,1
ccdefault,mlp,ig,86,0.06676004695060832,0.72,1.0,0.76,Model-matched,1
ccdefault,mlp,ig,87,0.18257410175859914,0.5599999999999999,1.0,0.8240000000000001,Model-matched,1
ccdefault,mlp,ig,88,0.013901233289002422,0.6199999999999999,1.0,0.528,Model-matched,1
ccdefault,mlp,ig,89,0.02408660355584749,0.6,1.0,0.664,Model-matched,1
ccdefault,mlp,ig,90,0.07197010049709841,0.6399999999999999,1.0,0.6559999999999999,Model-matched,1
ccdefault,mlp,ig,91,0.0048203538417808545,0.6399999999999999,1.0,0.552,Model-matched,1
ccdefault,mlp,ig,92,7.507242978910012e-05,0.6399999999999999,1.0,0.768,Model-matched,1
ccdefault,mlp,ig,93,0.05509570562251818,0.6599999999999999,1.0,0.8833333333333333,Model-matched,1
ccdefault,mlp,ig,94,0.10548349950621037,0.6599999999999999,1.0,0.9,Model-matched,1
ccdefault,mlp,ig,95,0.09423407177727786,0.6,1.0,0.664,Model-matched,1
ccdefault,mlp,ig,96,0.00032643720278462915,0.62,1.0,0.672,Model-matched,1
ccdefault,mlp,ig,97,0.04350752697309099,0.5399999999999999,1.0,0.624,Model-matched,1
ccdefault,mlp,ig,98,0.12094800513942087,0.5,1.0,0.72,Model-matched,1
ccdefault,mlp,ig,99,0.031122953364129437,0.8,1.0,0.752,Model-matched,0
ccdefault,mlp,ig,100,0.20588790376696353,0.74,1.0,0.8240000000000001,Model-matched,1
ccdefault,mlp,ig,101,0.07584411931308847,0.7999999999999999,1.0,0.8160000000000001,Model-matched,1
ccdefault,mlp,ig,102,0.1323134663020872,0.6799999999999999,1.0,0.848,Model-matched,1
ccdefault,mlp,ig,103,0.012664920582791481,0.6799999999999999,1.0,0.7217391304347827,Model-matched,1
ccdefault,mlp,ig,104,0.02309323870656629,0.5599999999999999,1.0,0.7304347826086957,Model-matched,1
ccdefault,mlp,ig,105,0.021322032329206615,0.74,1.0,0.72,Model-matched,1
ccdefault,mlp,ig,106,0.027916107452315354,0.8400000000000001,1.0,0.664,Model-matched,0
ccdefault,mlp,ig,107,0.10856418536576386,0.4600000000000001,1.0,0.888,Model-matched,1
ccdefault,mlp,ig,108,0.004783364888389208,0.58,1.0,0.76,Model-matched,1
ccdefault,mlp,ig,109,0.04079641151784549,0.6,1.0,0.784,Model-matched,1
ccdefault,mlp,ig,110,0.04865094977626412,0.5599999999999999,1.0,0.5920000000000001,Model-matched,1
ccdefault,mlp,ig,111,0.04337631771224068,0.5199999999999999,1.0,0.624,Model-matched,1
ccdefault,mlp,ig,112,0.05117038853950645,0.72,1.0,0.8210526315789475,Model-matched,1
ccdefault,mlp,ig,113,0.03172629110060626,0.4799999999999998,1.0,0.768,Model-matched,1
ccdefault,mlp,ig,114,0.20295823854971656,0.78,1.0,0.728,Model-matched,1
ccdefault,mlp,ig,115,0.014884309349881053,0.8,1.0,0.7760000000000001,Model-matched,0
ccdefault,mlp,ig,116,0.08195839279528584,0.7599999999999999,1.0,0.632,Model-matched,1
ccdefault,mlp,ig,117,0.00806558474877244,0.5,1.0,0.7120000000000001,Model-matched,1
ccdefault,mlp,ig,118,0.02880986820222678,0.5200000000000001,1.0,0.6,Model-matched,1
ccdefault,mlp,ig,119,0.14087788382115907,0.76,1.0,0.752,Model-matched,1
ccdefault,mlp,ig,120,0.010855072063760943,0.5200000000000001,1.0,0.7040000000000001,Model-matched,1
ccdefault,mlp,ig,121,0.07322411967586354,0.56,1.0,0.8079999999999999,Model-matched,1
ccdefault,mlp,ig,122,0.0014931440791390454,0.4000000000000001,1.0,0.688,Model-matched,1
ccdefault,mlp,ig,123,0.06567255633728171,0.3,1.0,0.536,Model-matched,1
ccdefault,mlp,ig,124,0.037261137236700194,1.0,1.0,0.8608695652173913,Model-matched,0
ccdefault,mlp,ig,125,0.028209133584980804,0.54,1.0,0.6559999999999999,Model-matched,1
ccdefault,mlp,ig,126,0.021816673089890534,0.4999999999999999,1.0,0.672,Model-matched,1
ccdefault,mlp,ig,127,0.053134191195924343,0.6599999999999999,1.0,0.7333333333333334,Model-matched,1
ccdefault,mlp,ig,128,0.2122959726454122,0.6199999999999999,1.0,0.736,Model-matched,1
ccdefault,mlp,ig,129,0.008771211410441756,0.48,1.0,0.7360000000000001,Model-matched,1
ccdefault,mlp,ig,130,0.013483390715715752,0.5999999999999999,1.0,0.608,Model-matched,1
ccdefault,mlp,ig,131,0.0290466108630561,0.8400000000000001,1.0,0.7440000000000001,Model-matched,0
ccdefault,mlp,ig,132,0.24831841323121256,0.54,1.0,0.664,Model-matched,1
ccdefault,mlp,ig,133,0.03910235684506411,0.78,1.0,0.6559999999999999,Model-matched,1
ccdefault,mlp,ig,134,0.008952399395898598,0.72,1.0,0.8250000000000001,Model-matched,1
ccdefault,mlp,ig,135,0.016418156428905737,0.72,1.0,0.728,Model-matched,1
ccdefault,mlp,ig,136,0.03591467588078616,0.7999999999999999,1.0,0.728,Model-matched,1
ccdefault,mlp,ig,137,0.004461564110843046,0.52,1.0,0.8,Model-matched,1
ccdefault,mlp,ig,138,0.003241896861373424,0.7,1.0,0.6559999999999999,Model-matched,1
ccdefault,mlp,ig,139,0.008743384705542713,0.76,1.0,0.8533333333333334,Model-matched,1
ccdefault,mlp,ig,140,0.020826214640837167,0.78,1.0,0.875,Model-matched,1
ccdefault,mlp,ig,141,0.19333982680851738,0.92,1.0,0.8240000000000001,Model-matched,0
ccdefault,mlp,ig,142,0.04578118449149576,0.6399999999999999,1.0,0.752,Model-matched,1
ccdefault,mlp,ig,143,0.0019031932781665999,0.4800000000000001,1.0,0.664,Model-matched,1
ccdefault,mlp,ig,144,0.06094467832569913,0.6799999999999999,1.0,0.6,Model-matched,1
ccdefault,mlp,ig,145,0.027884393084292095,0.58,1.0,0.664,Model-matched,1
ccdefault,mlp,ig,146,0.10361532197480693,0.7999999999999999,1.0,0.8210526315789475,Model-matched,1
ccdefault,mlp,ig,147,0.07667985964566244,0.7999999999999999,1.0,0.64,Model-matched,1
ccdefault,mlp,ig,148,0.19999335089068582,0.7799999999999999,1.0,0.88,Model-matched,1
ccdefault,mlp,ig,149,0.07329809932339111,0.5599999999999999,1.0,0.648,Model-matched,1
ccdefault,mlp,ig,150,0.037799990201398626,0.5399999999999999,1.0,0.8079999999999999,Model-matched,1
ccdefault,mlp,ig,151,0.038828754123503076,0.78,1.0,0.8240000000000001,Model-matched,1
ccdefault,mlp,ig,152,0.0992390718329248,0.8399999999999999,1.0,0.6559999999999999,Model-matched,0
ccdefault,mlp,ig,153,0.05332989541049014,0.6399999999999999,1.0,0.7759999999999999,Model-matched,1
ccdefault,mlp,ig,154,0.01010471142585513,0.56,1.0,0.6,Model-matched,1
ccdefault,mlp,ig,155,0.0366754620576578,0.86,1.0,0.648,Model-matched,0
ccdefault,mlp,ig,156,0.09270324729448737,0.58,1.0,0.7440000000000001,Model-matched,1
ccdefault,mlp,ig,157,0.011706081034420833,0.5599999999999999,1.0,0.68,Model-matched,1
ccdefault,mlp,ig,158,0.13748046880994336,0.5599999999999999,1.0,0.752,Model-matched,1
ccdefault,mlp,ig,159,0.00048434579260877057,0.6399999999999999,1.0,0.688,Model-matched,1
ccdefault,mlp,ig,160,0.008833158092582918,0.62,1.0,0.7360000000000001,Model-matched,1
ccdefault,mlp,ig,161,0.03266555328300341,0.7799999999999999,1.0,0.8079999999999999,Model-matched,1
ccdefault,mlp,ig,162,0.024648344436939987,0.58,1.0,0.7760000000000001,Model-matched,1
ccdefault,mlp,ig,163,0.011034962910583652,0.8,1.0,0.8083333333333332,Model-matched,0
ccdefault,mlp,ig,164,0.12285144979753525,0.6599999999999999,1.0,0.7764705882352941,Model-matched,1
ccdefault,mlp,ig,165,0.028671196716215458,0.5,1.0,0.568,Model-matched,1
ccdefault,mlp,ig,166,0.11521144541904217,0.48,1.0,0.688,Model-matched,1
ccdefault,mlp,ig,167,0.02066126393149208,0.4599999999999999,1.0,0.568,Model-matched,1
ccdefault,mlp,ig,168,0.014238684955296278,0.4399999999999999,1.0,0.528,Model-matched,1
ccdefault,mlp,ig,169,0.11289283776119395,0.6799999999999999,1.0,0.76,Model-matched,1
ccdefault,mlp,ig,170,0.14475300434851937,0.6,1.0,0.8079999999999999,Model-matched,1
ccdefault,mlp,ig,171,0.04319362491276911,0.5199999999999999,1.0,0.7120000000000001,Model-matched,1
ccdefault,mlp,ig,172,0.3505137883135667,0.7799999999999999,1.0,0.672,Model-matched,1
ccdefault,mlp,ig,173,0.10193518947681451,0.6999999999999998,1.0,0.7760000000000001,Model-matched,1
ccdefault,mlp,ig,174,0.051975826139401736,0.56,1.0,0.68,Model-matched,1
ccdefault,mlp,ig,175,0.05745603311505881,0.6799999999999999,1.0,0.7759999999999999,Model-matched,1
ccdefault,mlp,ig,176,0.0029471430384390975,0.62,1.0,0.608,Model-matched,1
ccdefault,mlp,ig,177,0.045674361867114106,0.52,1.0,0.544,Model-matched,1
ccdefault,mlp,ig,178,0.04590640630588399,0.7799999999999999,1.0,0.7040000000000001,Model-matched,1
ccdefault,mlp,ig,179,0.030708872464176078,0.6799999999999999,1.0,0.7120000000000001,Model-matched,1
ccdefault,mlp,ig,180,0.11495202708834566,0.6399999999999999,1.0,0.792,Model-matched,1
ccdefault,mlp,ig,181,0.1613668658669059,0.5999999999999999,1.0,0.648,Model-matched,1
ccdefault,mlp,ig,182,0.08865403484621427,0.52,1.0,0.536,Model-matched,1
ccdefault,mlp,ig,183,0.058268312300542996,0.4600000000000001,1.0,0.568,Model-matched,1
ccdefault,mlp,ig,184,0.09856325615018487,0.7999999999999999,1.0,0.7760000000000001,Model-matched,1
ccdefault,mlp,ig,185,0.022105677618514032,0.5000000000000001,1.0,0.8,Model-matched,1
ccdefault,mlp,ig,186,0.017983415822646207,0.6199999999999999,1.0,0.632,Model-matched,1
ccdefault,mlp,ig,187,0.00383876725820273,0.5399999999999999,1.0,0.7120000000000001,Model-matched,1
ccdefault,mlp,ig,188,0.1953657475048783,0.4599999999999999,1.0,0.64,Model-matched,1
ccdefault,mlp,ig,189,0.3619493904154185,0.8399999999999999,1.0,0.728,Model-matched,0
ccdefault,mlp,ig,190,0.19654979158569397,0.44,1.0,0.728,Model-matched,1
ccdefault,mlp,ig,191,0.14891014058288912,0.6599999999999999,1.0,0.7999999999999999,Model-matched,1
ccdefault,mlp,ig,192,0.009376610390086554,0.5199999999999999,1.0,0.6559999999999999,Model-matched,1
ccdefault,mlp,ig,193,0.01225197226808086,0.56,1.0,0.584,Model-matched,1
ccdefault,mlp,ig,194,0.034603913775760456,0.7599999999999999,1.0,0.7120000000000001,Model-matched,1
ccdefault,mlp,ig,195,0.025034731307768246,0.7,1.0,0.672,Model-matched,1
ccdefault,mlp,ig,196,0.027854599793856693,0.7599999999999999,1.0,0.8079999999999999,Model-matched,1
ccdefault,mlp,ig,197,0.09529032247516943,0.6799999999999999,1.0,0.8266666666666667,Model-matched,1
ccdefault,mlp,ig,198,0.04063395776155653,0.56,1.0,0.728,Model-matched,1
ccdefault,mlp,ig,199,0.07730665478656222,0.6399999999999999,1.0,0.696,Model-matched,1
ccdefault,mlp,ig,200,0.008579121560924777,0.58,1.0,1.0,Model-matched,1
ccdefault,mlp,ig,201,0.01903975209267478,0.7,1.0,1.0,Model-matched,1
ccdefault,mlp,ig,202,0.11246571128478809,0.54,1.0,1.0,Model-matched,1
ccdefault,mlp,ig,203,0.054243069860256996,0.6599999999999999,1.0,1.0,Model-matched,1
ccdefault,mlp,ig,204,0.009014838060337064,0.52,1.0,1.0,Model-matched,1
ccdefault,mlp,ig,205,0.0216291566764908,0.54,1.0,1.0,Model-matched,1
ccdefault,mlp,ig,206,0.03611036840598291,0.7799999999999999,1.0,1.0,Model-matched,1
ccdefault,mlp,ig,207,0.038436535103329665,0.5199999999999999,1.0,1.0,Model-matched,1
ccdefault,mlp,ig,208,0.14145948295453867,0.76,1.0,1.0,Model-matched,1
ccdefault,mlp,ig,209,0.016356875361414374,0.52,1.0,1.0,Model-matched,1
ccdefault,mlp,ig,210,0.2604239242444032,0.7799999999999999,1.0,1.0,Model-matched,1
ccdefault,mlp,ig,211,0.06592879666372065,0.7,1.0,1.0,Model-matched,1
ccdefault,mlp,ig,212,0.005105793981720805,0.78,1.0,1.0,Model-matched,1
ccdefault,mlp,ig,213,0.026725175151242446,0.5200000000000001,1.0,1.0,Model-matched,1
ccdefault,mlp,ig,214,0.017893496819551595,0.5199999999999999,1.0,1.0,Model-matched,1
ccdefault,mlp,ig,215,0.003249720896232682,0.6799999999999999,1.0,1.0,Model-matched,1
ccdefault,mlp,ig,216,0.16671843087078753,0.6799999999999999,1.0,1.0,Model-matched,1
ccdefault,mlp,ig,217,0.004512999130751383,0.72,1.0,1.0,Model-matched,1
ccdefault,mlp,ig,218,0.03347824404566679,0.7799999999999999,1.0,1.0,Model-matched,1
ccdefault,mlp,ig,219,0.06799422455865896,0.3399999999999999,1.0,1.0,Model-matched,1
ccdefault,mlp,ig,220,0.057292409136107926,0.5,1.0,1.0,Model-matched,1
ccdefault,mlp,ig,221,0.12691733299044056,0.6,1.0,1.0,Model-matched,1
ccdefault,mlp,ig,222,0.01370974204827346,0.4,1.0,1.0,Model-matched,1
ccdefault,mlp,ig,223,0.2303429534306027,0.7999999999999999,1.0,1.0,Model-matched,1
ccdefault,mlp,ig,224,0.060595888312949944,0.4800000000000001,1.0,1.0,Model-matched,1
ccdefault,mlp,ig,225,0.05602566996485491,0.86,1.0,1.0,Model-matched,0
ccdefault,mlp,ig,226,0.04411485653744856,0.7999999999999999,1.0,1.0,Model-matched,1
ccdefault,mlp,ig,227,0.0027781218527599414,0.4600000000000001,1.0,1.0,Model-matched,1
ccdefault,mlp,ig,228,0.01291547935141484,0.4999999999999999,1.0,1.0,Model-matched,1
ccdefault,mlp,ig,229,0.07340512126457767,0.6799999999999999,1.0,1.0,Model-matched,1
ccdefault,mlp,ig,230,0.06349064488581194,0.74,1.0,1.0,Model-matched,1
ccdefault,mlp,ig,231,0.058326496812550886,0.76,1.0,1.0,Model-matched,1
ccdefault,mlp,ig,232,0.05913459692544805,0.6399999999999999,1.0,1.0,Model-matched,1
ccdefault,mlp,ig,233,0.028469253129305337,0.36,1.0,1.0,Model-matched,1
ccdefault,mlp,ig,234,0.1688808851547768,0.5399999999999998,1.0,1.0,Model-matched,1
ccdefault,mlp,ig,235,0.0717333754551091,0.6199999999999999,1.0,1.0,Model-matched,1
ccdefault,mlp,ig,236,7.115050809520711e-05,0.6799999999999999,1.0,1.0,Model-matched,1
ccdefault,mlp,ig,237,0.019414475432129707,0.86,1.0,1.0,Model-matched,0
ccdefault,mlp,ig,238,0.03334246158353262,0.32,1.0,1.0,Model-matched,1
ccdefault,mlp,ig,239,0.02150842375537793,0.52,1.0,1.0,Model-matched,1
ccdefault,mlp,ig,240,0.08951726481837885,0.5400000000000001,1.0,1.0,Model-matched,1
ccdefault,mlp,ig,241,0.003394281412397801,0.3400000000000001,1.0,1.0,Model-matched,1
ccdefault,mlp,ig,242,0.09792847900926165,0.6,1.0,1.0,Model-matched,1
ccdefault,mlp,ig,243,0.014800384365727073,0.3799999999999999,1.0,1.0,Model-matched,1
ccdefault,mlp,ig,244,0.054573213594856576,0.86,1.0,1.0,Model-matched,0
ccdefault,mlp,ig,245,0.05160563005880086,0.6399999999999999,1.0,1.0,Model-matched,1
ccdefault,mlp,ig,246,0.008096331806075214,0.6999999999999998,1.0,1.0,Model-matched,1
ccdefault,mlp,ig,247,0.06162840224175153,0.5799999999999998,1.0,1.0,Model-matched,1
ccdefault,mlp,ig,248,0.13839455197479442,0.5400000000000001,1.0,1.0,Model-matched,1
ccdefault,mlp,ig,249,0.21936665243132103,0.5199999999999999,1.0,1.0,Model-matched,1
ccdefault,mlp,ig,250,0.2877531104848543,0.4999999999999999,1.0,1.0,Model-matched,1
ccdefault,mlp,ig,251,0.08881555686903624,0.8800000000000001,1.0,1.0,Model-matched,0
ccdefault,mlp,ig,252,0.04224020831909625,0.7,1.0,1.0,Model-matched,1
ccdefault,mlp,ig,253,0.027990679964457803,0.48,1.0,1.0,Model-matched,1
ccdefault,mlp,ig,254,0.09305169095020634,0.6399999999999999,1.0,1.0,Model-matched,1
ccdefault,mlp,ig,255,0.12363949491145444,0.7,1.0,1.0,Model-matched,1
ccdefault,mlp,ig,256,0.09489690982600278,0.5799999999999998,1.0,1.0,Model-matched,1
ccdefault,mlp,ig,257,0.06642928236741015,0.76,1.0,1.0,Model-matched,1
ccdefault,mlp,ig,258,0.07841524302907685,0.7,1.0,1.0,Model-matched,1
ccdefault,mlp,ig,259,0.011973396925723932,0.6799999999999999,1.0,1.0,Model-matched,1
ccdefault,mlp,ig,260,0.03308601793786638,0.5599999999999999,1.0,1.0,Model-matched,1
ccdefault,mlp,ig,261,0.027972757524938812,0.58,1.0,1.0,Model-matched,1
ccdefault,mlp,ig,262,0.025638858077574527,0.4600000000000001,1.0,1.0,Model-matched,1
ccdefault,mlp,ig,263,0.05929208857803555,0.7799999999999999,1.0,1.0,Model-matched,1
ccdefault,mlp,ig,264,0.04858637727329084,0.66,1.0,1.0,Model-matched,1
ccdefault,mlp,ig,265,0.03453258176632302,0.72,1.0,1.0,Model-matched,1
ccdefault,mlp,ig,266,0.12493351295494802,0.62,1.0,1.0,Model-matched,1
ccdefault,mlp,ig,267,0.08577814597660133,0.72,1.0,1.0,Model-matched,1
ccdefault,mlp,ig,268,0.002643496397737279,0.6399999999999999,1.0,1.0,Model-matched,1
ccdefault,mlp,ig,269,0.0012646844262604294,0.5399999999999999,1.0,1.0,Model-matched,1
ccdefault,mlp,ig,270,0.07345001906960646,0.54,1.0,1.0,Model-matched,1
ccdefault,mlp,ig,271,0.04816982032294129,0.6399999999999999,1.0,1.0,Model-matched,1
ccdefault,mlp,ig,272,0.029298112234506284,0.58,1.0,1.0,Model-matched,1
ccdefault,mlp,ig,273,0.08796744466902885,0.6599999999999999,1.0,1.0,Model-matched,1
ccdefault,mlp,ig,274,0.02517003713799044,0.74,1.0,1.0,Model-matched,1
ccdefault,mlp,ig,275,0.09403441873169623,0.42,1.0,1.0,Model-matched,1
ccdefault,mlp,ig,276,0.06432570260225058,0.5799999999999998,1.0,1.0,Model-matched,1
ccdefault,mlp,ig,277,0.029115344492377845,0.56,1.0,1.0,Model-matched,1
ccdefault,mlp,ig,278,0.0015057479236575296,0.76,1.0,1.0,Model-matched,1
ccdefault,mlp,ig,279,0.07366460552458882,0.7599999999999999,1.0,1.0,Model-matched,1
ccdefault,mlp,ig,280,0.023209456162214575,0.6599999999999999,1.0,1.0,Model-matched,1
ccdefault,mlp,ig,281,0.0040947138689126136,0.4000000000000001,1.0,1.0,Model-matched,1
ccdefault,mlp,ig,282,0.17098463562198177,0.6399999999999999,1.0,1.0,Model-matched,1
ccdefault,mlp,ig,283,0.0864843386104446,0.58,1.0,1.0,Model-matched,1
ccdefault,mlp,ig,284,0.08430285032304827,0.6199999999999999,1.0,1.0,Model-matched,1
ccdefault,mlp,ig,285,0.06638446120852978,0.74,1.0,1.0,Model-matched,1
ccdefault,mlp,ig,286,0.0725576913684282,0.5199999999999999,1.0,1.0,Model-matched,1
ccdefault,mlp,ig,287,0.13070105419446681,0.5,1.0,1.0,Model-matched,1
ccdefault,mlp,ig,288,0.012375988935273427,0.74,1.0,1.0,Model-matched,1
ccdefault,mlp,ig,289,0.02463194869889506,0.86,1.0,1.0,Model-matched,0
ccdefault,mlp,ig,290,0.07361866668140114,0.6799999999999998,1.0,1.0,Model-matched,1
ccdefault,mlp,ig,291,0.0023570841828937012,0.6399999999999999,1.0,1.0,Model-matched,1
ccdefault,mlp,ig,292,0.030053774428999955,0.82,1.0,1.0,Model-matched,0
ccdefault,mlp,ig,293,0.006340537933268154,0.5200000000000001,1.0,1.0,Model-matched,1
ccdefault,mlp,ig,294,0.0341421138681205,0.8800000000000001,1.0,1.0,Model-matched,0
ccdefault,mlp,ig,295,0.003241681455126378,0.6199999999999999,1.0,1.0,Model-matched,1
ccdefault,mlp,ig,296,0.05038914415649226,0.5200000000000001,1.0,1.0,Model-matched,1
ccdefault,mlp,ig,297,0.0038211309645224795,0.58,1.0,1.0,Model-matched,1
ccdefault,mlp,ig,298,0.13853297459286734,0.8399999999999999,1.0,1.0,Model-matched,0
ccdefault,mlp,ig,299,0.011502089095282221,0.5599999999999998,1.0,1.0,Model-matched,1
ccdefault,mlp,ig,300,0.09067455206448646,0.6200000000000001,1.0,1.0,Model-matched,1
ccdefault,mlp,ig,301,0.06655342038908661,0.38,1.0,1.0,Model-matched,1
ccdefault,mlp,ig,302,0.00886403503160678,0.4999999999999999,1.0,1.0,Model-matched,1
ccdefault,mlp,ig,303,0.026638806316393544,0.7799999999999999,1.0,1.0,Model-matched,1
ccdefault,mlp,ig,304,0.016271202092514106,0.56,1.0,1.0,Model-matched,1
ccdefault,mlp,ig,305,0.0012410233862899273,0.62,1.0,1.0,Model-matched,1
ccdefault,mlp,ig,306,0.03635546748321045,0.4600000000000001,1.0,1.0,Model-matched,1
ccdefault,mlp,ig,307,0.07286091075087384,0.74,1.0,1.0,Model-matched,1
ccdefault,mlp,ig,308,0.30114404650674864,0.72,1.0,1.0,Model-matched,1
ccdefault,mlp,ig,309,0.10182103741249549,0.8400000000000001,1.0,1.0,Model-matched,0
ccdefault,mlp,ig,310,0.06015264899231421,0.6399999999999999,1.0,1.0,Model-matched,1
ccdefault,mlp,ig,311,0.02991365553992684,0.5199999999999999,1.0,1.0,Model-matched,1
ccdefault,mlp,ig,312,0.11341117815536318,0.6799999999999999,1.0,1.0,Model-matched,1
ccdefault,mlp,ig,313,0.01728548291513533,0.7,1.0,1.0,Model-matched,1
ccdefault,mlp,ig,314,0.017598994407036356,0.7999999999999999,1.0,1.0,Model-matched,1
ccdefault,mlp,ig,315,0.09083689535396798,0.76,1.0,1.0,Model-matched,1
ccdefault,mlp,ig,316,0.009362672925381964,0.6199999999999999,1.0,1.0,Model-matched,1
ccdefault,mlp,ig,317,0.05895376117627288,0.72,1.0,1.0,Model-matched,1
ccdefault,mlp,ig,318,0.057217276778942006,0.82,1.0,1.0,Model-matched,0
ccdefault,mlp,ig,319,0.06269457518067635,0.6599999999999999,1.0,1.0,Model-matched,1
ccdefault,mlp,ig,320,0.04471826679284349,0.5999999999999999,1.0,1.0,Model-matched,1
ccdefault,mlp,ig,321,0.1966441914750775,0.6199999999999999,1.0,1.0,Model-matched,1
ccdefault,mlp,ig,322,0.04753061840851069,0.6399999999999999,1.0,1.0,Model-matched,1
ccdefault,mlp,ig,323,0.0035250230475508577,0.6399999999999999,1.0,1.0,Model-matched,1
ccdefault,mlp,ig,324,0.05024261902112777,0.7799999999999999,1.0,1.0,Model-matched,1
ccdefault,mlp,ig,325,0.022426657477807935,0.5599999999999999,1.0,1.0,Model-matched,1
ccdefault,mlp,ig,326,0.060209477885678264,0.86,1.0,1.0,Model-matched,0
ccdefault,mlp,ig,327,0.06289444762889856,0.5599999999999999,1.0,1.0,Model-matched,1
ccdefault,mlp,ig,328,0.07723902827687662,0.72,1.0,1.0,Model-matched,1
ccdefault,mlp,ig,329,0.0019621942179581576,0.34,1.0,1.0,Model-matched,1
ccdefault,mlp,ig,330,0.009163765436592083,0.4800000000000001,1.0,1.0,Model-matched,1
ccdefault,mlp,ig,331,0.02391811737591344,0.5,1.0,1.0,Model-matched,1
ccdefault,mlp,ig,332,0.14862303641970318,0.58,1.0,1.0,Model-matched,1
ccdefault,mlp,ig,333,0.21522938684130213,0.86,1.0,1.0,Model-matched,0
ccdefault,mlp,ig,334,0.2309938560916936,0.56,1.0,1.0,Model-matched,1
ccdefault,mlp,ig,335,0.035562025060793964,0.5599999999999999,1.0,1.0,Model-matched,1
ccdefault,mlp,ig,336,0.006152596583415402,0.5799999999999998,1.0,1.0,Model-matched,1
ccdefault,mlp,ig,337,0.025705161486611134,0.7999999999999999,1.0,1.0,Model-matched,1
ccdefault,mlp,ig,338,0.01176589404754706,0.48,1.0,1.0,Model-matched,1
ccdefault,mlp,ig,339,0.004652897307789618,0.5799999999999998,1.0,1.0,Model-matched,1
ccdefault,mlp,ig,340,0.042486011987584144,0.7799999999999999,1.0,1.0,Model-matched,1
ccdefault,mlp,ig,341,0.08408820690786156,0.6799999999999999,1.0,1.0,Model-matched,1
ccdefault,mlp,ig,342,0.026527706038138015,0.5800000000000001,1.0,1.0,Model-matched,1
ccdefault,mlp,ig,343,0.00860388065679891,0.4800000000000001,1.0,1.0,Model-matched,1
ccdefault,mlp,ig,344,0.009918689411787912,0.7,1.0,1.0,Model-matched,1
ccdefault,mlp,ig,345,0.0037893562908936466,0.8799999999999999,1.0,1.0,Model-matched,0
ccdefault,mlp,ig,346,0.0075494578128291155,0.5199999999999999,1.0,1.0,Model-matched,1
ccdefault,mlp,ig,347,0.018360644713000373,0.6799999999999999,1.0,1.0,Model-matched,1
ccdefault,mlp,ig,348,0.03178916258455693,0.4,1.0,1.0,Model-matched,1
ccdefault,mlp,ig,349,0.014034126343333606,0.8,1.0,1.0,Model-matched,0
ccdefault,mlp,ig,350,0.04607927140743789,0.6599999999999999,1.0,1.0,Model-matched,1
ccdefault,mlp,ig,351,0.01290445537990883,0.92,1.0,1.0,Model-matched,0
ccdefault,mlp,ig,352,0.05684466501958897,0.78,1.0,1.0,Model-matched,1
ccdefault,mlp,ig,353,0.05540195618945553,0.7799999999999999,1.0,1.0,Model-matched,1
ccdefault,mlp,ig,354,0.0351996309436158,0.72,1.0,1.0,Model-matched,1
ccdefault,mlp,ig,355,0.06387600011990496,0.5399999999999999,1.0,1.0,Model-matched,1
ccdefault,mlp,ig,356,0.09530022447379301,0.6,1.0,1.0,Model-matched,1
ccdefault,mlp,ig,357,0.02956242812170366,0.5000000000000001,1.0,1.0,Model-matched,1
ccdefault,mlp,ig,358,0.016752271867373453,0.7,1.0,1.0,Model-matched,1
ccdefault,mlp,ig,359,0.005749401807969974,0.42,1.0,1.0,Model-matched,1
ccdefault,mlp,ig,360,0.057745869572235764,0.7799999999999999,1.0,1.0,Model-matched,1
ccdefault,mlp,ig,361,0.16185966673961188,0.6799999999999999,1.0,1.0,Model-matched,1
ccdefault,mlp,ig,362,0.019636359068438077,0.6599999999999999,1.0,1.0,Model-matched,1
ccdefault,mlp,ig,363,0.03576736047731265,0.56,1.0,1.0,Model-matched,1
ccdefault,mlp,ig,364,0.0045129300287755185,0.4799999999999998,1.0,1.0,Model-matched,1
ccdefault,mlp,ig,365,0.03559134342405004,0.86,1.0,1.0,Model-matched,0
ccdefault,mlp,ig,366,0.06175498233732431,0.4800000000000001,1.0,1.0,Model-matched,1
ccdefault,mlp,ig,367,0.02496541127638602,0.3399999999999999,1.0,1.0,Model-matched,1
ccdefault,mlp,ig,368,0.061264931952890025,0.6799999999999999,1.0,1.0,Model-matched,1
ccdefault,mlp,ig,369,0.03709300318555359,0.52,1.0,1.0,Model-matched,1
ccdefault,mlp,ig,370,0.011171876698248838,0.6799999999999999,1.0,1.0,Model-matched,1
ccdefault,mlp,ig,371,0.00692248547991181,0.6000000000000001,1.0,1.0,Model-matched,1
ccdefault,mlp,ig,372,0.09316046069900735,0.44,1.0,1.0,Model-matched,1
ccdefault,mlp,ig,373,0.00965282332129546,0.78,1.0,1.0,Model-matched,1
ccdefault,mlp,ig,374,0.01296859550385617,0.54,1.0,1.0,Model-matched,1
ccdefault,mlp,ig,375,0.004369273240586058,0.5799999999999998,1.0,1.0,Model-matched,1
ccdefault,mlp,ig,376,0.044160551766773484,0.42,1.0,1.0,Model-matched,1
ccdefault,mlp,ig,377,0.1705520559360504,0.7999999999999999,1.0,1.0,Model-matched,1
ccdefault,mlp,ig,378,0.06922328613161192,0.7,1.0,1.0,Model-matched,1
ccdefault,mlp,ig,379,0.15039598204575394,0.54,1.0,1.0,Model-matched,1
ccdefault,mlp,ig,380,0.03261588556755816,0.6199999999999999,1.0,1.0,Model-matched,1
ccdefault,mlp,ig,381,0.024040108772226478,0.5199999999999999,1.0,1.0,Model-matched,1
ccdefault,mlp,ig,382,0.03639082705070549,0.74,1.0,1.0,Model-matched,1
ccdefault,mlp,ig,383,0.01523320270292332,0.5,1.0,1.0,Model-matched,1
ccdefault,mlp,ig,384,0.017125791208243733,0.26,1.0,1.0,Model-matched,1
ccdefault,mlp,ig,385,0.01258651008206291,0.5,1.0,1.0,Model-matched,1
ccdefault,mlp,ig,386,0.0775122588210173,0.6,1.0,1.0,Model-matched,1
ccdefault,mlp,ig,387,0.15334021216132163,0.7799999999999999,1.0,1.0,Model-matched,1
ccdefault,mlp,ig,388,0.07058667763263661,0.4199999999999999,1.0,1.0,Model-matched,1
ccdefault,mlp,ig,389,0.004179270571740535,0.5199999999999999,1.0,1.0,Model-matched,1
ccdefault,mlp,ig,390,0.0332336493915643,0.7999999999999999,1.0,1.0,Model-matched,1
ccdefault,mlp,ig,391,0.10784897567142922,0.6799999999999999,1.0,1.0,Model-matched,1
ccdefault,mlp,ig,392,0.012280648837987178,0.8399999999999999,1.0,1.0,Model-matched,0
ccdefault,mlp,ig,393,0.053284555285689365,0.6599999999999999,1.0,1.0,Model-matched,1
ccdefault,mlp,ig,394,0.013781830074703837,0.6399999999999999,1.0,1.0,Model-matched,1
ccdefault,mlp,ig,395,0.005102456704569192,0.6599999999999999,1.0,1.0,Model-matched,1
ccdefault,mlp,ig,396,0.10962431501338898,0.48,1.0,1.0,Model-matched,1
ccdefault,mlp,ig,397,0.013414450195975366,0.58,1.0,1.0,Model-matched,1
ccdefault,mlp,ig,398,0.10296831016083852,0.78,1.0,1.0,Model-matched,1
ccdefault,mlp,ig,399,0.029055728420801185,0.6399999999999999,1.0,1.0,Model-matched,1
ccdefault,mlp,ig,400,0.04582124019939161,0.5,1.0,1.0,Model-matched,1
ccdefault,mlp,ig,401,0.06570642789145321,0.6399999999999999,1.0,1.0,Model-matched,1
ccdefault,mlp,ig,402,0.00877678516262695,0.6,1.0,1.0,Model-matched,1
ccdefault,mlp,ig,403,0.06056520499656591,0.6399999999999999,1.0,1.0,Model-matched,1
ccdefault,mlp,ig,404,0.042995521168819564,0.86,1.0,1.0,Model-matched,0
ccdefault,mlp,ig,405,0.0006918386242565688,0.72,1.0,1.0,Model-matched,1
ccdefault,mlp,ig,406,0.055743641282178395,0.7,1.0,1.0,Model-matched,1
ccdefault,mlp,ig,407,0.039065736028194444,0.82,1.0,1.0,Model-matched,0
ccdefault,mlp,ig,408,0.0027346931950779246,0.56,1.0,1.0,Model-matched,1
ccdefault,mlp,ig,409,0.11323827329617553,0.5199999999999999,1.0,1.0,Model-matched,1
ccdefault,mlp,ig,410,0.014890363584516817,0.72,1.0,1.0,Model-matched,1
ccdefault,mlp,ig,411,0.023290672978952806,0.48,1.0,1.0,Model-matched,1
ccdefault,mlp,ig,412,0.008445186174769184,0.54,1.0,1.0,Model-matched,1
ccdefault,mlp,ig,413,0.005216266648182697,0.5200000000000001,1.0,1.0,Model-matched,1
ccdefault,mlp,ig,414,0.02043680399978885,0.6799999999999999,1.0,1.0,Model-matched,1
ccdefault,mlp,ig,415,0.01038126115984547,0.6799999999999999,1.0,1.0,Model-matched,1
ccdefault,mlp,ig,416,0.09905992426186012,0.7,1.0,1.0,Model-matched,1
ccdefault,mlp,ig,417,0.03587899494806582,0.5999999999999999,1.0,1.0,Model-matched,1
ccdefault,mlp,ig,418,0.09511602490605192,0.5399999999999998,1.0,1.0,Model-matched,1
ccdefault,mlp,ig,419,0.20336851395768515,0.7,1.0,1.0,Model-matched,1
ccdefault,mlp,ig,420,0.16464385100522075,0.52,1.0,1.0,Model-matched,1
ccdefault,mlp,ig,421,0.012918943755898388,0.5999999999999999,1.0,1.0,Model-matched,1
ccdefault,mlp,ig,422,0.005480949016118211,0.5800000000000001,1.0,1.0,Model-matched,1
ccdefault,mlp,ig,423,0.005888319209329684,0.6599999999999999,1.0,1.0,Model-matched,1
ccdefault,mlp,ig,424,0.03872262941290493,0.7799999999999999,1.0,1.0,Model-matched,1
ccdefault,mlp,ig,425,0.0114249933209851,0.56,1.0,1.0,Model-matched,1
ccdefault,mlp,ig,426,0.030446692523995143,0.56,1.0,1.0,Model-matched,1
ccdefault,mlp,ig,427,0.023113662715967744,0.42,1.0,1.0,Model-matched,1
ccdefault,mlp,ig,428,0.004830941570300348,0.82,1.0,1.0,Model-matched,0
ccdefault,mlp,ig,429,0.0759958866154617,0.7199999999999999,1.0,1.0,Model-matched,1
ccdefault,mlp,ig,430,0.006084128407792003,0.4800000000000001,1.0,1.0,Model-matched,1
ccdefault,mlp,ig,431,0.12406900144650913,0.5799999999999998,1.0,1.0,Model-matched,1
ccdefault,mlp,ig,432,0.06010153662216525,0.58,1.0,1.0,Model-matched,1
ccdefault,mlp,ig,433,0.11317496261048565,0.58,1.0,1.0,Model-matched,1
ccdefault,mlp,ig,434,0.1552401964515297,0.54,1.0,1.0,Model-matched,1
ccdefault,mlp,ig,435,0.004739003192047887,0.44,1.0,1.0,Model-matched,1
ccdefault,mlp,ig,436,0.04127201880426896,0.72,1.0,1.0,Model-matched,1
ccdefault,mlp,ig,437,0.0732593322804838,0.5800000000000001,1.0,1.0,Model-matched,1
ccdefault,mlp,ig,438,0.07810842568395039,0.92,1.0,1.0,Model-matched,0
ccdefault,mlp,ig,439,0.002554592932297056,0.6399999999999999,1.0,1.0,Model-matched,1
ccdefault,mlp,ig,440,0.0675661326174084,0.6399999999999999,1.0,1.0,Model-matched,1
ccdefault,mlp,ig,441,0.07216390440373537,0.6599999999999999,1.0,1.0,Model-matched,1
ccdefault,mlp,ig,442,0.17803409106338566,0.52,1.0,1.0,Model-matched,1
ccdefault,mlp,ig,443,0.008468570875112602,0.6599999999999999,1.0,1.0,Model-matched,1
ccdefault,mlp,ig,444,0.025814729126726423,0.8400000000000001,1.0,1.0,Model-matched,0
ccdefault,mlp,ig,445,0.05670407798802891,0.7799999999999999,1.0,1.0,Model-matched,1
ccdefault,mlp,ig,446,0.019944834798300257,0.5599999999999999,1.0,1.0,Model-matched,1
ccdefault,mlp,ig,447,0.01860719654136069,0.6199999999999999,1.0,1.0,Model-matched,1
ccdefault,mlp,ig,448,0.03666004150186591,0.7999999999999999,1.0,1.0,Model-matched,1
ccdefault,mlp,ig,449,0.044530560731251674,0.52,1.0,1.0,Model-matched,1
ccdefault,mlp,ig,450,0.046472652644528885,0.5799999999999998,1.0,1.0,Model-matched,1
ccdefault,mlp,ig,451,0.10221877271734844,0.6199999999999999,1.0,1.0,Model-matched,1
ccdefault,mlp,ig,452,0.0010231307833662754,0.4600000000000001,1.0,1.0,Model-matched,1
ccdefault,mlp,ig,453,0.0056335785758860205,0.52,1.0,1.0,Model-matched,1
ccdefault,mlp,ig,454,0.03086209042168541,0.5399999999999999,1.0,1.0,Model-matched,1
ccdefault,mlp,ig,455,0.12031085408742034,0.7,1.0,1.0,Model-matched,1
ccdefault,mlp,ig,456,0.1000029775586712,0.7999999999999999,1.0,1.0,Model-matched,1
ccdefault,mlp,ig,457,0.005761708486156512,0.4600000000000001,1.0,1.0,Model-matched,1
ccdefault,mlp,ig,458,0.06815892503146778,0.6199999999999999,1.0,1.0,Model-matched,1
ccdefault,mlp,ig,459,0.014538960229487535,0.42,1.0,1.0,Model-matched,1
ccdefault,mlp,ig,460,0.012171589532623348,0.5199999999999999,1.0,1.0,Model-matched,1
ccdefault,mlp,ig,461,0.07397990522706446,0.5999999999999999,1.0,1.0,Model-matched,1
ccdefault,mlp,ig,462,0.034604857274845406,0.58,1.0,1.0,Model-matched,1
ccdefault,mlp,ig,463,0.020632682803907815,0.74,1.0,1.0,Model-matched,1
ccdefault,mlp,ig,464,0.01896572149418362,0.54,1.0,1.0,Model-matched,1
ccdefault,mlp,ig,465,0.05731934428768403,0.4600000000000001,1.0,1.0,Model-matched,1
ccdefault,mlp,ig,466,0.018073111833477793,0.6600000000000001,1.0,1.0,Model-matched,1
ccdefault,mlp,ig,467,0.034062265904376735,0.6599999999999999,1.0,1.0,Model-matched,1
ccdefault,mlp,ig,468,0.043226183832406624,0.68,1.0,1.0,Model-matched,1
ccdefault,mlp,ig,469,0.050967473571472466,0.52,1.0,1.0,Model-matched,1
ccdefault,mlp,ig,470,0.018505247764982333,0.6399999999999999,1.0,1.0,Model-matched,1
ccdefault,mlp,ig,471,0.007809292981617255,0.74,1.0,1.0,Model-matched,1
ccdefault,mlp,ig,472,0.012046900891553712,0.62,1.0,1.0,Model-matched,1
ccdefault,mlp,ig,473,0.008504419694208799,0.76,1.0,1.0,Model-matched,1
ccdefault,mlp,ig,474,0.003266860244522353,0.6000000000000001,1.0,1.0,Model-matched,1
ccdefault,mlp,ig,475,0.33453843231072633,0.86,1.0,1.0,Model-matched,0
ccdefault,mlp,ig,476,0.025552377677281704,0.9200000000000002,1.0,1.0,Model-matched,0
ccdefault,mlp,ig,477,0.006245599246672427,0.4800000000000001,1.0,1.0,Model-matched,1
ccdefault,mlp,ig,478,0.11323057554345656,0.7,1.0,1.0,Model-matched,1
ccdefault,mlp,ig,479,0.0022075565910675307,0.92,1.0,1.0,Model-matched,0
ccdefault,mlp,ig,480,0.10900763209715171,0.48,1.0,1.0,Model-matched,1
ccdefault,mlp,ig,481,0.06173506713702228,0.5399999999999999,1.0,1.0,Model-matched,1
ccdefault,mlp,ig,482,0.024359885617105642,0.72,1.0,1.0,Model-matched,1
ccdefault,mlp,ig,483,0.041708782416085916,0.6,1.0,1.0,Model-matched,1
ccdefault,mlp,ig,484,0.0071988244260221676,0.48,1.0,1.0,Model-matched,1
ccdefault,mlp,ig,485,0.026402158241224626,0.72,1.0,1.0,Model-matched,1
ccdefault,mlp,ig,486,0.21356789977131982,0.6999999999999998,1.0,1.0,Model-matched,1
ccdefault,mlp,ig,487,0.008379221891971404,0.86,1.0,1.0,Model-matched,0
ccdefault,mlp,ig,488,0.03881901644111443,0.6,1.0,1.0,Model-matched,1
ccdefault,mlp,ig,489,0.002959540558918423,0.4200000000000001,1.0,1.0,Model-matched,1
ccdefault,mlp,ig,490,0.11022661193421342,0.54,1.0,1.0,Model-matched,1
ccdefault,mlp,ig,491,0.13060206946605257,0.72,1.0,1.0,Model-matched,1
ccdefault,mlp,ig,492,0.07244093461804542,0.78,1.0,1.0,Model-matched,1
ccdefault,mlp,ig,493,0.03514325449709207,0.58,1.0,1.0,Model-matched,1
ccdefault,mlp,ig,494,0.035374177262305274,0.5599999999999999,1.0,1.0,Model-matched,1
ccdefault,mlp,ig,495,0.0783969436450236,0.52,1.0,1.0,Model-matched,1
ccdefault,mlp,ig,496,0.011534401336473201,0.5799999999999998,1.0,1.0,Model-matched,1
ccdefault,mlp,ig,497,0.03200325417660335,0.5800000000000001,1.0,1.0,Model-matched,1
ccdefault,mlp,ig,498,0.032368295061898686,0.6199999999999999,1.0,1.0,Model-matched,1
ccdefault,mlp,ig,499,0.05983299226362222,0.7,1.0,1.0,Model-matched,1
ccdefault,mlp,lime,0,0.034190060433059034,0.7999999999999999,0.86,0.7238095238095239,LIME,1
ccdefault,mlp,lime,1,0.006463799904013629,0.7,0.74,0.784,LIME,1
ccdefault,mlp,lime,2,0.09593909541936559,0.7199999999999999,0.6799999999999999,0.64,LIME,1
ccdefault,mlp,lime,3,0.0062232122725808196,0.44,0.4,0.496,LIME,1
ccdefault,mlp,lime,4,0.0789878632916149,0.4600000000000001,0.5599999999999999,0.43200000000000005,LIME,1
ccdefault,mlp,lime,5,0.004337895935098282,0.48,0.6,0.584,LIME,1
ccdefault,mlp,lime,6,0.070889898105043,0.6799999999999999,0.8,0.64,LIME,1
ccdefault,mlp,lime,7,0.011180880473908961,0.7799999999999999,0.76,0.7529411764705882,LIME,1
ccdefault,mlp,lime,8,0.057379140262309836,0.4,0.54,0.392,LIME,1
ccdefault,mlp,lime,9,0.009133898529330017,0.86,0.86,0.784,LIME,0
ccdefault,mlp,lime,10,0.05051632503482441,0.54,0.6599999999999999,0.5920000000000001,LIME,1
ccdefault,mlp,lime,11,0.015328448670519258,0.6399999999999999,0.76,0.624,LIME,1
ccdefault,mlp,lime,12,0.09707356073212439,0.6799999999999999,0.74,0.7000000000000001,LIME,1
ccdefault,mlp,lime,13,0.05114377156988738,0.5000000000000001,0.58,0.456,LIME,1
ccdefault,mlp,lime,14,0.00756566551937856,0.5599999999999999,0.7,0.664,LIME,1
ccdefault,mlp,lime,15,0.06565361648024556,0.6599999999999999,0.74,0.72,LIME,1
ccdefault,mlp,lime,16,0.005227545604628052,0.3399999999999999,0.48,0.376,LIME,1
ccdefault,mlp,lime,17,0.010163563989786835,0.42,0.44000000000000006,0.392,LIME,1
ccdefault,mlp,lime,18,0.00019456938212735066,0.4,0.42000000000000004,0.376,LIME,1
ccdefault,mlp,lime,19,0.035045085921695106,0.58,0.48,0.41600000000000004,LIME,1
ccdefault,mlp,lime,20,0.005111110717426976,0.4,0.54,0.544,LIME,1
ccdefault,mlp,lime,21,0.08201497604022144,0.4599999999999999,0.5599999999999999,0.36,LIME,1
ccdefault,mlp,lime,22,0.009114622151423927,0.5599999999999999,0.6599999999999999,0.52,LIME,1
ccdefault,mlp,lime,23,0.07955023726352896,0.5,0.64,0.512,LIME,1
ccdefault,mlp,lime,24,0.008111081146989585,0.7,0.62,0.47200000000000003,LIME,1
ccdefault,mlp,lime,25,0.04150746437432119,0.4999999999999999,0.52,0.456,LIME,1
ccdefault,mlp,lime,26,0.0033934377579832834,0.5,0.58,0.48,LIME,1
ccdefault,mlp,lime,27,0.0048847997516132296,0.5999999999999999,0.6,0.608,LIME,1
ccdefault,mlp,lime,28,0.011171394937752656,0.82,0.8,0.7083333333333334,LIME,0
ccdefault,mlp,lime,29,0.04863476088592744,0.5,0.62,0.456,LIME,1
ccdefault,mlp,lime,30,0.004411538710685015,0.54,0.6799999999999999,0.568,LIME,1
ccdefault,mlp,lime,31,0.11585015518337118,0.5800000000000001,0.74,0.47200000000000003,LIME,1
ccdefault,mlp,lime,32,0.01812995991396783,0.3999999999999999,0.45999999999999996,0.46399999999999997,LIME,1
ccdefault,mlp,lime,33,0.012233415660113245,0.7999999999999999,0.9,0.7440000000000001,LIME,1
ccdefault,mlp,lime,34,0.000684145887117729,0.64,0.78,0.72,LIME,1
ccdefault,mlp,lime,35,0.12578226915656554,0.56,0.74,0.44,LIME,1
ccdefault,mlp,lime,36,0.019457732725287478,0.6799999999999999,0.72,0.664,LIME,1
ccdefault,mlp,lime,37,0.0484765994856793,0.6000000000000001,0.74,0.56,LIME,1
ccdefault,mlp,lime,38,0.005883274663039135,0.44,0.5,0.376,LIME,1
ccdefault,mlp,lime,39,0.0025808954681973907,0.34,0.3,0.31200000000000006,LIME,1
ccdefault,mlp,lime,40,0.011852235021955454,0.58,0.74,0.616,LIME,1
ccdefault,mlp,lime,41,0.024850676715135647,0.4599999999999999,0.48,0.376,LIME,1
ccdefault,mlp,lime,42,0.004623421550394703,0.5,0.52,0.5760000000000001,LIME,1
ccdefault,mlp,lime,43,0.00867785890352459,0.44,0.64,0.40800000000000003,LIME,1
ccdefault,mlp,lime,44,0.07157183973967218,0.5999999999999999,0.72,0.512,LIME,1
ccdefault,mlp,lime,45,0.00610261952651936,0.5799999999999998,0.62,0.528,LIME,1
ccdefault,mlp,lime,46,0.16711395328594747,0.4800000000000001,0.5599999999999999,0.52,LIME,1
ccdefault,mlp,lime,47,0.0008407103709465717,0.52,0.6599999999999999,0.5920000000000001,LIME,1
ccdefault,mlp,lime,48,0.4458839464815018,0.6599999999999999,0.72,0.672,LIME,1
ccdefault,mlp,lime,49,0.0038823562092301874,0.7399999999999999,0.6599999999999999,0.536,LIME,1
ccdefault,mlp,lime,50,0.011670772228539754,0.56,1.0,1.0,LIME,1
ccdefault,mlp,lime,51,0.00590404488515073,0.48,1.0,1.0,LIME,1
ccdefault,mlp,lime,52,0.018030945545760648,0.66,1.0,1.0,LIME,1
ccdefault,mlp,lime,53,0.11494222033581741,0.44,1.0,1.0,LIME,1
ccdefault,mlp,lime,54,0.013830533328673079,0.56,1.0,1.0,LIME,1
ccdefault,mlp,lime,55,0.10735379679949965,0.5000000000000001,1.0,1.0,LIME,1
ccdefault,mlp,lime,56,0.028859656379374383,0.5799999999999998,1.0,1.0,LIME,1
ccdefault,mlp,lime,57,0.026990929918746402,0.5800000000000001,1.0,1.0,LIME,1
ccdefault,mlp,lime,58,0.031034391879308062,0.5,1.0,1.0,LIME,1
ccdefault,mlp,lime,59,0.028536206473954127,0.5799999999999998,1.0,1.0,LIME,1
ccdefault,mlp,lime,60,0.008839628206055933,0.54,1.0,1.0,LIME,1
ccdefault,mlp,lime,61,0.006633659108063816,0.74,1.0,1.0,LIME,1
ccdefault,mlp,lime,62,0.07522320412783977,0.5599999999999999,1.0,1.0,LIME,1
ccdefault,mlp,lime,63,0.03815579850534676,0.5599999999999999,1.0,1.0,LIME,1
ccdefault,mlp,lime,64,0.00230247464186919,0.4599999999999999,1.0,1.0,LIME,1
ccdefault,mlp,lime,65,0.09052209094373097,0.56,1.0,1.0,LIME,1
ccdefault,mlp,lime,66,0.042360001351743615,0.34,1.0,1.0,LIME,1
ccdefault,mlp,lime,67,0.02868493477318935,0.36,1.0,1.0,LIME,1
ccdefault,mlp,lime,68,0.027085834442479435,0.72,1.0,1.0,LIME,1
ccdefault,mlp,lime,69,0.049932503786409156,0.42,1.0,1.0,LIME,1
ccdefault,mlp,lime,70,0.0021790458903554817,0.6599999999999999,1.0,1.0,LIME,1
ccdefault,mlp,lime,71,0.1021227282318095,0.6799999999999999,1.0,1.0,LIME,1
ccdefault,mlp,lime,72,0.054435953224872206,0.5000000000000001,1.0,1.0,LIME,1
ccdefault,mlp,lime,73,0.024960205271259712,0.5200000000000001,1.0,1.0,LIME,1
ccdefault,mlp,lime,74,0.041274214081632905,0.5599999999999999,1.0,1.0,LIME,1
ccdefault,mlp,lime,75,0.03273468768106726,0.58,1.0,1.0,LIME,1
ccdefault,mlp,lime,76,0.10685232188481308,0.52,1.0,1.0,LIME,1
ccdefault,mlp,lime,77,0.013481100272542474,0.4999999999999999,1.0,1.0,LIME,1
ccdefault,mlp,lime,78,0.008089047638520032,0.8399999999999999,1.0,1.0,LIME,0
ccdefault,mlp,lime,79,0.08815834381301216,0.82,1.0,1.0,LIME,0
ccdefault,mlp,lime,80,0.0054647918424514195,0.6799999999999999,1.0,1.0,LIME,1
ccdefault,mlp,lime,81,0.02119086881860532,0.92,1.0,1.0,LIME,0
ccdefault,mlp,lime,82,0.026189262282195504,0.6399999999999999,1.0,1.0,LIME,1
ccdefault,mlp,lime,83,0.06352135952431984,0.58,1.0,1.0,LIME,1
ccdefault,mlp,lime,84,0.028009061639765735,0.72,1.0,1.0,LIME,1
ccdefault,mlp,lime,85,0.04859268367204402,0.7399999999999999,1.0,1.0,LIME,1
ccdefault,mlp,lime,86,0.08981370161056539,0.58,1.0,1.0,LIME,1
ccdefault,mlp,lime,87,0.013148272446789499,0.82,1.0,1.0,LIME,0
ccdefault,mlp,lime,88,0.002877168198210647,0.32,1.0,1.0,LIME,1
ccdefault,mlp,lime,89,0.020117442207047847,0.6399999999999999,1.0,1.0,LIME,1
ccdefault,mlp,lime,90,0.004651027509611636,0.4799999999999998,1.0,1.0,LIME,1
ccdefault,mlp,lime,91,0.00508760830604519,0.62,1.0,1.0,LIME,1
ccdefault,mlp,lime,92,0.02298022167444229,0.9200000000000002,1.0,1.0,LIME,0
ccdefault,mlp,lime,93,0.0023634638578639484,0.86,1.0,1.0,LIME,0
ccdefault,mlp,lime,94,0.05037997020537012,0.7599999999999999,1.0,1.0,LIME,1
ccdefault,mlp,lime,95,0.042041261491358665,0.5599999999999998,1.0,1.0,LIME,1
ccdefault,mlp,lime,96,0.0045564022023025725,0.5599999999999999,1.0,1.0,LIME,1
ccdefault,mlp,lime,97,0.03333720433433075,0.48,1.0,1.0,LIME,1
ccdefault,mlp,lime,98,0.001605435841182638,0.56,1.0,1.0,LIME,1
ccdefault,mlp,lime,99,0.023459310687812693,0.4599999999999999,1.0,1.0,LIME,1
ccdefault,mlp,kshap,0,0.023200023335092787,0.92,1.0,1.0,Model-matched,0
ccdefault,mlp,kshap,1,0.030973263616691865,0.7599999999999999,1.0,1.0,Model-matched,1
ccdefault,mlp,kshap,2,0.06784066860309736,0.86,1.0,1.0,Model-matched,0
ccdefault,mlp,kshap,3,0.007387970432592821,0.42,1.0,1.0,Model-matched,1
ccdefault,mlp,kshap,4,0.12511933038300307,0.7,1.0,1.0,Model-matched,1
ccdefault,mlp,kshap,5,0.029042467789037508,0.5200000000000001,1.0,1.0,Model-matched,1
ccdefault,mlp,kshap,6,0.01059520117862521,0.6999999999999998,1.0,1.0,Model-matched,1
ccdefault,mlp,kshap,7,0.03478488220819482,0.7999999999999999,1.0,1.0,Model-matched,1
ccdefault,mlp,kshap,8,0.012392912759861706,0.5599999999999999,1.0,1.0,Model-matched,1
ccdefault,mlp,kshap,9,0.05219702314993183,0.7999999999999999,1.0,1.0,Model-matched,1
ccdefault,mlp,kshap,10,0.012762138628669557,0.5599999999999999,1.0,1.0,Model-matched,1
ccdefault,mlp,kshap,11,0.04666376090891978,0.7,1.0,1.0,Model-matched,1
ccdefault,mlp,kshap,12,0.03569542781693255,0.92,1.0,1.0,Model-matched,0
ccdefault,mlp,kshap,13,0.3115617068058421,0.6599999999999999,1.0,1.0,Model-matched,1
ccdefault,mlp,kshap,14,0.0027296376339420885,0.6599999999999999,1.0,1.0,Model-matched,1
ccdefault,mlp,kshap,15,0.03734112308399807,0.7799999999999999,1.0,1.0,Model-matched,1
ccdefault,mlp,kshap,16,0.0333206475605135,0.5199999999999999,1.0,1.0,Model-matched,1
ccdefault,mlp,kshap,17,0.0036530937913940554,0.6199999999999999,1.0,1.0,Model-matched,1
ccdefault,mlp,kshap,18,0.025404329609576965,0.6599999999999999,1.0,1.0,Model-matched,1
ccdefault,mlp,kshap,19,0.006812214454064417,0.36,1.0,1.0,Model-matched,1
ccdefault,mlp,kshap,20,0.025281768284339128,0.5599999999999998,1.0,1.0,Model-matched,1
ccdefault,mlp,kshap,21,0.012451589056242494,0.6399999999999999,1.0,1.0,Model-matched,1
ccdefault,mlp,kshap,22,0.0016173342510971734,0.5599999999999999,1.0,1.0,Model-matched,1
ccdefault,mlp,kshap,23,0.1978299228145655,0.92,1.0,1.0,Model-matched,0
ccdefault,mlp,kshap,24,0.17612832274808798,0.7799999999999999,1.0,1.0,Model-matched,1
ccdefault,mlp,kshap,25,0.025146088515315246,0.6399999999999999,1.0,1.0,Model-matched,1
ccdefault,mlp,kshap,26,0.011462586142929733,0.6799999999999999,1.0,1.0,Model-matched,1
ccdefault,mlp,kshap,27,0.015267545356534561,0.52,1.0,1.0,Model-matched,1
ccdefault,mlp,kshap,28,0.003189434052343138,0.86,1.0,1.0,Model-matched,0
ccdefault,mlp,kshap,29,0.20141047925594205,0.5599999999999999,1.0,1.0,Model-matched,1
ccdefault,mlp,kshap,30,0.07462747409093036,0.5399999999999999,1.0,1.0,Model-matched,1
ccdefault,mlp,kshap,31,0.0059220594890527336,0.4800000000000001,1.0,1.0,Model-matched,1
ccdefault,mlp,kshap,32,0.002618075209263429,0.5599999999999999,1.0,1.0,Model-matched,1
ccdefault,mlp,kshap,33,0.0005375651481998272,0.5599999999999998,1.0,1.0,Model-matched,1
ccdefault,mlp,kshap,34,0.009756887682922183,0.6799999999999999,1.0,1.0,Model-matched,1
ccdefault,mlp,kshap,35,0.042690535468737495,0.52,1.0,1.0,Model-matched,1
ccdefault,mlp,kshap,36,0.05819450519297282,0.6599999999999999,1.0,1.0,Model-matched,1
ccdefault,mlp,kshap,37,0.0400311566875684,0.6799999999999999,1.0,1.0,Model-matched,1
ccdefault,mlp,kshap,38,0.04074670891679875,0.5999999999999999,1.0,1.0,Model-matched,1
ccdefault,mlp,kshap,39,0.009227839384250576,0.6799999999999999,1.0,1.0,Model-matched,1
ccdefault,mlp,kshap,40,0.013600424280876384,0.5599999999999999,1.0,1.0,Model-matched,1
ccdefault,mlp,kshap,41,0.014622063751115216,0.6399999999999999,1.0,1.0,Model-matched,1
ccdefault,mlp,kshap,42,0.021883445563270792,0.5199999999999999,1.0,1.0,Model-matched,1
ccdefault,mlp,kshap,43,0.0008297410285981594,0.6399999999999999,1.0,1.0,Model-matched,1
ccdefault,mlp,kshap,44,0.02072429904021529,0.6399999999999999,1.0,1.0,Model-matched,1
ccdefault,mlp,kshap,45,0.058273670743947945,0.54,1.0,1.0,Model-matched,1
ccdefault,mlp,kshap,46,0.07137103497007959,0.54,1.0,1.0,Model-matched,1
ccdefault,mlp,kshap,47,0.002253821934120602,0.4999999999999999,1.0,1.0,Model-matched,1
ccdefault,mlp,kshap,48,0.11714870692691416,0.7,1.0,1.0,Model-matched,1
ccdefault,mlp,kshap,49,0.04186620872832894,0.6599999999999999,1.0,1.0,Model-matched,1
ccdefault,mlp,kshap,50,0.004727540789795592,0.5799999999999998,1.0,1.0,Model-matched,1
ccdefault,mlp,kshap,51,0.009338708603954946,0.5999999999999999,1.0,1.0,Model-matched,1
ccdefault,mlp,kshap,52,0.04441137955636425,0.6399999999999999,1.0,1.0,Model-matched,1
ccdefault,mlp,kshap,53,0.11019431280215264,0.5,1.0,1.0,Model-matched,1
ccdefault,mlp,kshap,54,0.01584733620807348,0.5999999999999999,1.0,1.0,Model-matched,1
ccdefault,mlp,kshap,55,0.05593447791969971,0.6,1.0,1.0,Model-matched,1
ccdefault,mlp,kshap,56,0.001184287321012875,0.44,1.0,1.0,Model-matched,1
ccdefault,mlp,kshap,57,0.09523683712518047,0.6599999999999999,1.0,1.0,Model-matched,1
ccdefault,mlp,kshap,58,0.060493723276262956,0.82,1.0,1.0,Model-matched,0
ccdefault,mlp,kshap,59,0.010667080394754716,0.5599999999999999,1.0,1.0,Model-matched,1
ccdefault,mlp,kshap,60,0.007937450959505475,0.72,1.0,1.0,Model-matched,1
ccdefault,mlp,kshap,61,0.05557219944978021,0.5399999999999999,1.0,1.0,Model-matched,1
ccdefault,mlp,kshap,62,0.02518583617582071,0.6399999999999999,1.0,1.0,Model-matched,1
ccdefault,mlp,kshap,63,0.0008678054558315482,0.5999999999999999,1.0,1.0,Model-matched,1
ccdefault,mlp,kshap,64,0.013308462140170412,0.5599999999999998,1.0,1.0,Model-matched,1
ccdefault,mlp,kshap,65,0.03111775174081764,0.6399999999999999,1.0,1.0,Model-matched,1
ccdefault,mlp,kshap,66,0.023889850146380856,0.36,1.0,1.0,Model-matched,1
ccdefault,mlp,kshap,67,0.005705803173555593,0.5,1.0,1.0,Model-matched,1
ccdefault,mlp,kshap,68,0.02428842923663156,0.82,1.0,1.0,Model-matched,0
ccdefault,mlp,kshap,69,0.006749350510513191,0.5799999999999998,1.0,1.0,Model-matched,1
ccdefault,mlp,kshap,70,0.11284557207861659,0.6799999999999999,1.0,1.0,Model-matched,1
ccdefault,mlp,kshap,71,0.019839715020747023,0.6399999999999999,1.0,1.0,Model-matched,1
ccdefault,mlp,kshap,72,0.02464981183636793,0.7999999999999999,1.0,1.0,Model-matched,1
ccdefault,mlp,kshap,73,0.012212065866763013,0.58,1.0,1.0,Model-matched,1
ccdefault,mlp,kshap,74,0.04994281777471089,0.54,1.0,1.0,Model-matched,1
ccdefault,mlp,kshap,75,0.049109796028209696,0.6,1.0,1.0,Model-matched,1
ccdefault,mlp,kshap,76,0.0401808117979911,0.5599999999999999,1.0,1.0,Model-matched,1
ccdefault,mlp,kshap,77,0.10286480914864694,0.5799999999999998,1.0,1.0,Model-matched,1
ccdefault,mlp,kshap,78,0.016531679471238372,0.74,1.0,1.0,Model-matched,1
ccdefault,mlp,kshap,79,0.032922262891881,0.6799999999999999,1.0,1.0,Model-matched,1
ccdefault,mlp,kshap,80,0.07237104729579837,0.8399999999999999,1.0,1.0,Model-matched,0
ccdefault,mlp,kshap,81,0.004867816219070088,0.8800000000000001,1.0,1.0,Model-matched,0
ccdefault,mlp,kshap,82,0.11449002100094088,0.6599999999999999,1.0,1.0,Model-matched,1
ccdefault,mlp,kshap,83,0.031647891646761225,0.62,1.0,1.0,Model-matched,1
ccdefault,mlp,kshap,84,0.030868700936643033,0.7,1.0,1.0,Model-matched,1
ccdefault,mlp,kshap,85,0.033083968739811974,0.7,1.0,1.0,Model-matched,1
ccdefault,mlp,kshap,86,0.16375591585193464,0.7,1.0,1.0,Model-matched,1
ccdefault,mlp,kshap,87,0.0009546791451046674,0.6,1.0,1.0,Model-matched,1
ccdefault,mlp,kshap,88,0.025544926964161618,0.6599999999999999,1.0,1.0,Model-matched,1
ccdefault,mlp,kshap,89,0.007765773669571689,0.4599999999999999,1.0,1.0,Model-matched,1
ccdefault,mlp,kshap,90,0.025899067529956497,0.6399999999999999,1.0,1.0,Model-matched,1
ccdefault,mlp,kshap,91,0.0017416978291847154,0.6599999999999999,1.0,1.0,Model-matched,1
ccdefault,mlp,kshap,92,0.000505454148800859,0.6399999999999999,1.0,1.0,Model-matched,1
ccdefault,mlp,kshap,93,0.003076235430085767,0.6799999999999999,1.0,1.0,Model-matched,1
ccdefault,mlp,kshap,94,0.05515796216521723,0.6599999999999999,1.0,1.0,Model-matched,1
ccdefault,mlp,kshap,95,0.026745465692742318,0.5599999999999999,1.0,1.0,Model-matched,1
ccdefault,mlp,kshap,96,0.015589896133362164,0.5799999999999998,1.0,1.0,Model-matched,1
ccdefault,mlp,kshap,97,0.016038579549133746,0.54,1.0,1.0,Model-matched,1
ccdefault,mlp,kshap,98,0.0781587675066828,0.5799999999999998,1.0,1.0,Model-matched,1
ccdefault,mlp,kshap,99,0.14692722458778054,0.7,1.0,1.0,Model-matched,1
electricity,logreg,linshap,0,0.019302473030875296,1.0,1.0,0.9666666666666667,Model-matched,0
electricity,logreg,linshap,1,0.010648533741811328,1.0,1.0,0.875,Model-matched,0
electricity,logreg,linshap,2,0.0022664947879884765,1.0,1.0,0.7120000000000001,Model-matched,0
electricity,logreg,linshap,3,0.015971438617707775,1.0,1.0,0.7818181818181817,Model-matched,0
electricity,logreg,linshap,4,0.013930769231460183,1.0,1.0,0.888,Model-matched,0
electricity,logreg,linshap,5,0.007756861726137893,1.0,1.0,0.9125,Model-matched,0
electricity,logreg,linshap,6,0.011170439660652263,1.0,1.0,0.904,Model-matched,0
electricity,logreg,linshap,7,0.04021998113647778,1.0,1.0,0.9500000000000001,Model-matched,0
electricity,logreg,linshap,8,0.014909929169493734,1.0,1.0,0.912,Model-matched,0
electricity,logreg,linshap,9,0.005575405874017313,1.0,1.0,0.8250000000000001,Model-matched,0
electricity,logreg,linshap,10,0.05945310750229043,1.0,1.0,0.888,Model-matched,0
electricity,logreg,linshap,11,0.03317004505438474,1.0,1.0,0.8,Model-matched,0
electricity,logreg,linshap,12,0.02705196542834099,1.0,1.0,0.8421052631578947,Model-matched,0
electricity,logreg,linshap,13,0.059731860538739585,1.0,1.0,0.9279999999999999,Model-matched,0
electricity,logreg,linshap,14,0.027304470002543296,1.0,1.0,0.88,Model-matched,0
electricity,logreg,linshap,15,0.007287769244555919,1.0,1.0,0.792,Model-matched,0
electricity,logreg,linshap,16,0.14454643896164243,1.0,1.0,0.875,Model-matched,0
electricity,logreg,linshap,17,0.09028636270558825,1.0,1.0,1.0,Model-matched,0
electricity,logreg,linshap,18,0.01935659197077889,1.0,1.0,0.7904761904761906,Model-matched,0
electricity,logreg,linshap,19,0.060291124442666176,1.0,1.0,0.8727272727272727,Model-matched,0
electricity,logreg,linshap,20,0.022089015857600407,1.0,1.0,0.8545454545454546,Model-matched,0
electricity,logreg,linshap,21,0.01144822299564804,1.0,1.0,0.9279999999999999,Model-matched,0
electricity,logreg,linshap,22,0.007459686200154554,1.0,1.0,0.8250000000000001,Model-matched,0
electricity,logreg,linshap,23,0.06007490566229198,1.0,1.0,0.9279999999999999,Model-matched,0
electricity,logreg,linshap,24,0.009427330744191097,1.0,1.0,0.8160000000000001,Model-matched,0
electricity,logreg,linshap,25,0.008206152281455457,1.0,1.0,0.7714285714285714,Model-matched,0
electricity,logreg,linshap,26,0.06087527312626667,1.0,1.0,0.992,Model-matched,0
electricity,logreg,linshap,27,0.07674804788777133,1.0,1.0,0.9565217391304348,Model-matched,0
electricity,logreg,linshap,28,0.0592258808582211,1.0,1.0,0.9279999999999999,Model-matched,0
electricity,logreg,linshap,29,0.0031351019366629316,1.0,1.0,0.848,Model-matched,0
electricity,logreg,linshap,30,0.14623272190838987,1.0,1.0,1.0,Model-matched,0
electricity,logreg,linshap,31,0.004206347473710009,1.0,1.0,0.7916666666666666,Model-matched,0
electricity,logreg,linshap,32,0.07916296530814468,1.0,1.0,0.9333333333333332,Model-matched,0
electricity,logreg,linshap,33,0.01212510006569518,1.0,1.0,0.92,Model-matched,0
electricity,logreg,linshap,34,0.01101137492413721,1.0,1.0,0.8560000000000001,Model-matched,0
electricity,logreg,linshap,35,0.03617936317088653,1.0,1.0,0.875,Model-matched,0
electricity,logreg,linshap,36,0.0063850470376596085,1.0,1.0,0.872,Model-matched,0
electricity,logreg,linshap,37,0.03296277263735853,1.0,1.0,0.9166666666666666,Model-matched,0
electricity,logreg,linshap,38,0.011397150747280932,1.0,1.0,0.8869565217391305,Model-matched,0
electricity,logreg,linshap,39,0.014913665611127416,1.0,1.0,0.888,Model-matched,0
electricity,logreg,linshap,40,0.09106817831664218,1.0,1.0,0.9359999999999999,Model-matched,0
electricity,logreg,linshap,41,0.224701770499991,1.0,1.0,0.9840000000000001,Model-matched,0
electricity,logreg,linshap,42,0.04308157124747035,1.0,1.0,0.8636363636363636,Model-matched,0
electricity,logreg,linshap,43,0.044587932188773556,1.0,1.0,0.9440000000000001,Model-matched,0
electricity,logreg,linshap,44,0.037322490439033296,1.0,1.0,0.9500000000000001,Model-matched,0
electricity,logreg,linshap,45,0.07892560034416869,1.0,1.0,0.9333333333333333,Model-matched,0
electricity,logreg,linshap,46,0.10784913110203599,1.0,1.0,0.8666666666666667,Model-matched,0
electricity,logreg,linshap,47,0.08813947089680514,1.0,1.0,1.0,Model-matched,0
electricity,logreg,linshap,48,0.016937197340528214,1.0,1.0,0.9523809523809523,Model-matched,0
electricity,logreg,linshap,49,0.008236611016744505,1.0,1.0,0.968,Model-matched,0
electricity,logreg,linshap,50,0.11628702883645874,1.0,1.0,0.9523809523809523,Model-matched,0
electricity,logreg,linshap,51,0.008793109173363215,1.0,1.0,0.848,Model-matched,0
electricity,logreg,linshap,52,0.004913131036036635,1.0,1.0,0.728,Model-matched,0
electricity,logreg,linshap,53,0.09019297142837764,1.0,1.0,0.982608695652174,Model-matched,0
electricity,logreg,linshap,54,0.04822725619016145,1.0,1.0,0.8916666666666667,Model-matched,0
electricity,logreg,linshap,55,0.1123273126802913,1.0,1.0,1.0,Model-matched,0
electricity,logreg,linshap,56,0.0226558820902223,1.0,1.0,0.92,Model-matched,0
electricity,logreg,linshap,57,0.04472460630243857,1.0,1.0,0.9,Model-matched,0
electricity,logreg,linshap,58,0.15153382671211144,1.0,1.0,0.9888888888888889,Model-matched,0
electricity,logreg,linshap,59,0.005322664537546785,1.0,1.0,0.8476190476190476,Model-matched,0
electricity,logreg,linshap,60,0.05457834714431173,1.0,1.0,0.8222222222222223,Model-matched,0
electricity,logreg,linshap,61,0.0021427556317882143,1.0,1.0,0.872,Model-matched,0
electricity,logreg,linshap,62,0.041402719777021924,1.0,1.0,0.968,Model-matched,0
electricity,logreg,linshap,63,0.008826663052920378,1.0,1.0,0.888,Model-matched,0
electricity,logreg,linshap,64,0.014623552888573185,1.0,1.0,0.9359999999999999,Model-matched,0
electricity,logreg,linshap,65,0.0026523772783653915,1.0,1.0,0.890909090909091,Model-matched,0
electricity,logreg,linshap,66,0.023985485207760955,1.0,1.0,0.88,Model-matched,0
electricity,logreg,linshap,67,0.03299831012807357,1.0,1.0,0.8833333333333333,Model-matched,0
electricity,logreg,linshap,68,0.02132344937924464,1.0,1.0,0.881818181818182,Model-matched,0
electricity,logreg,linshap,69,0.048621194311143486,1.0,1.0,0.8086956521739131,Model-matched,0
electricity,logreg,linshap,70,0.11864231362416595,1.0,1.0,0.9894736842105264,Model-matched,0
electricity,logreg,linshap,71,0.0038071786600151858,1.0,1.0,0.848,Model-matched,0
electricity,logreg,linshap,72,0.03208548757195492,1.0,1.0,0.888,Model-matched,0
electricity,logreg,linshap,73,0.009355651682048523,1.0,1.0,0.9279999999999999,Model-matched,0
electricity,logreg,linshap,74,0.03882551658061076,1.0,1.0,0.9181818181818181,Model-matched,0
electricity,logreg,linshap,75,0.0930106434398046,1.0,1.0,0.9636363636363636,Model-matched,0
electricity,logreg,linshap,76,0.03709176759296582,1.0,1.0,0.912,Model-matched,0
electricity,logreg,linshap,77,0.07187108872001527,1.0,1.0,0.9440000000000001,Model-matched,0
electricity,logreg,linshap,78,0.07941250243747902,1.0,1.0,0.9818181818181819,Model-matched,0
electricity,logreg,linshap,79,0.00432389989994804,1.0,1.0,0.88,Model-matched,0
electricity,logreg,linshap,80,0.055371591629493705,1.0,1.0,0.9416666666666668,Model-matched,0
electricity,logreg,linshap,81,0.07902558984280239,1.0,1.0,0.9125,Model-matched,0
electricity,logreg,linshap,82,0.05844509968848245,1.0,1.0,0.9727272727272727,Model-matched,0
electricity,logreg,linshap,83,0.10149527549403467,1.0,1.0,0.8666666666666667,Model-matched,0
electricity,logreg,linshap,84,0.011103351069423683,1.0,1.0,0.8782608695652173,Model-matched,0
electricity,logreg,linshap,85,0.12403912884315903,1.0,1.0,1.0,Model-matched,0
electricity,logreg,linshap,86,0.047607325102745214,1.0,1.0,0.912,Model-matched,0
electricity,logreg,linshap,87,0.039239400110308464,1.0,1.0,0.9520000000000001,Model-matched,0
electricity,logreg,linshap,88,0.013784060463342697,1.0,1.0,0.8560000000000001,Model-matched,0
electricity,logreg,linshap,89,0.13284935012205765,1.0,1.0,0.9,Model-matched,0
electricity,logreg,linshap,90,0.008260813860687584,1.0,1.0,0.912,Model-matched,0
electricity,logreg,linshap,91,0.1396100590372312,1.0,1.0,0.8952380952380953,Model-matched,0
electricity,logreg,linshap,92,0.033276150469618127,1.0,1.0,0.912,Model-matched,0
electricity,logreg,linshap,93,0.06744010394331437,1.0,1.0,0.9840000000000001,Model-matched,0
electricity,logreg,linshap,94,0.019751334392234098,1.0,1.0,0.8666666666666667,Model-matched,0
electricity,logreg,linshap,95,0.04149828496164253,1.0,1.0,0.96,Model-matched,0
electricity,logreg,linshap,96,0.03582332736378238,1.0,1.0,0.8640000000000001,Model-matched,0
electricity,logreg,linshap,97,0.05643382573298559,1.0,1.0,0.912,Model-matched,0
electricity,logreg,linshap,98,0.05015853431340656,1.0,1.0,0.95,Model-matched,0
electricity,logreg,linshap,99,0.03900021966745699,1.0,1.0,0.8521739130434783,Model-matched,0
electricity,logreg,linshap,100,0.044923752102431797,1.0,1.0,0.904,Model-matched,0
electricity,logreg,linshap,101,0.014652051141739847,1.0,1.0,0.9083333333333333,Model-matched,0
electricity,logreg,linshap,102,0.05261927441358896,1.0,1.0,0.8640000000000001,Model-matched,0
electricity,logreg,linshap,103,0.04968864232976764,1.0,1.0,0.8999999999999999,Model-matched,0
electricity,logreg,linshap,104,0.0014178606579144971,1.0,1.0,0.8560000000000001,Model-matched,0
electricity,logreg,linshap,105,0.05418741575598743,1.0,1.0,0.9359999999999999,Model-matched,0
electricity,logreg,linshap,106,0.09105438274991286,1.0,1.0,0.8960000000000001,Model-matched,0
electricity,logreg,linshap,107,0.0018466981267093905,1.0,1.0,0.904,Model-matched,0
electricity,logreg,linshap,108,0.046679762231101395,1.0,1.0,0.8833333333333333,Model-matched,0
electricity,logreg,linshap,109,0.031788000949078,1.0,1.0,0.9279999999999999,Model-matched,0
electricity,logreg,linshap,110,0.037214213757614543,1.0,1.0,0.912,Model-matched,0
electricity,logreg,linshap,111,0.08911724613956865,1.0,1.0,0.9529411764705882,Model-matched,0
electricity,logreg,linshap,112,0.07508418446880481,1.0,1.0,0.8960000000000001,Model-matched,0
electricity,logreg,linshap,113,0.0061625999107513185,1.0,1.0,0.9166666666666666,Model-matched,0
electricity,logreg,linshap,114,0.016278281680421624,1.0,1.0,0.8250000000000001,Model-matched,0
electricity,logreg,linshap,115,0.06222656031851926,1.0,1.0,0.904,Model-matched,0
electricity,logreg,linshap,116,0.0647763691709936,1.0,1.0,0.890909090909091,Model-matched,0
electricity,logreg,linshap,117,0.20608312219401095,1.0,1.0,0.992,Model-matched,0
electricity,logreg,linshap,118,0.042129502644032715,1.0,1.0,1.0,Model-matched,0
electricity,logreg,linshap,119,0.021171968040576146,1.0,1.0,0.8320000000000001,Model-matched,0
electricity,logreg,linshap,120,0.04944641384784049,1.0,1.0,0.9076923076923078,Model-matched,0
electricity,logreg,linshap,121,0.10898532996245905,1.0,1.0,0.992,Model-matched,0
electricity,logreg,linshap,122,0.04237070810255007,1.0,1.0,0.8777777777777778,Model-matched,0
electricity,logreg,linshap,123,0.0055114006511584645,1.0,1.0,0.8666666666666667,Model-matched,0
electricity,logreg,linshap,124,0.006674664553000457,1.0,1.0,0.8960000000000001,Model-matched,0
electricity,logreg,linshap,125,0.0031997274563660455,1.0,1.0,0.75,Model-matched,0
electricity,logreg,linshap,126,0.07705162178071791,1.0,1.0,0.96,Model-matched,0
electricity,logreg,linshap,127,0.07806751979754677,1.0,1.0,0.992,Model-matched,0
electricity,logreg,linshap,128,0.002928691622086719,1.0,1.0,0.84,Model-matched,0
electricity,logreg,linshap,129,0.02099727646200108,1.0,1.0,0.9500000000000001,Model-matched,0
electricity,logreg,linshap,130,0.032593411701230326,1.0,1.0,0.92,Model-matched,0
electricity,logreg,linshap,131,0.07632709107542908,1.0,1.0,0.881818181818182,Model-matched,0
electricity,logreg,linshap,132,0.07508157395428065,1.0,1.0,0.9875,Model-matched,0
electricity,logreg,linshap,133,0.005778152893828479,1.0,1.0,0.9440000000000001,Model-matched,0
electricity,logreg,linshap,134,0.042539975403436424,1.0,1.0,0.976,Model-matched,0
electricity,logreg,linshap,135,0.027566079623303506,1.0,1.0,0.848,Model-matched,0
electricity,logreg,linshap,136,0.006237741565397323,1.0,1.0,0.92,Model-matched,0
electricity,logreg,linshap,137,0.03207505411817838,1.0,1.0,0.8160000000000001,Model-matched,0
electricity,logreg,linshap,138,0.11019291624994972,1.0,1.0,0.888,Model-matched,0
electricity,logreg,linshap,139,0.11759891801865678,1.0,1.0,0.9230769230769231,Model-matched,0
electricity,logreg,linshap,140,0.037227091938897124,1.0,1.0,1.0,Model-matched,0
electricity,logreg,linshap,141,0.017021905710502896,1.0,1.0,0.8960000000000001,Model-matched,0
electricity,logreg,linshap,142,0.1016542292245108,1.0,1.0,0.9368421052631579,Model-matched,0
electricity,logreg,linshap,143,0.02999862302071034,1.0,1.0,0.9249999999999999,Model-matched,0
electricity,logreg,linshap,144,0.05086150087668736,1.0,1.0,0.8631578947368422,Model-matched,0
electricity,logreg,linshap,145,0.019451058734438566,1.0,1.0,0.8086956521739131,Model-matched,0
electricity,logreg,linshap,146,0.022423964521047477,1.0,1.0,0.816,Model-matched,0
electricity,logreg,linshap,147,0.017781473559782435,1.0,1.0,0.872,Model-matched,0
electricity,logreg,linshap,148,0.0015415552550253667,1.0,1.0,0.768,Model-matched,0
electricity,logreg,linshap,149,0.0330834198639575,1.0,1.0,0.92,Model-matched,0
electricity,logreg,linshap,150,0.05048825049782455,1.0,1.0,0.8956521739130435,Model-matched,0
electricity,logreg,linshap,151,0.05067780965790662,1.0,1.0,0.9545454545454546,Model-matched,0
electricity,logreg,linshap,152,0.05154373392607506,1.0,1.0,0.88,Model-matched,0
electricity,logreg,linshap,153,0.0753032380768943,1.0,1.0,0.9583333333333334,Model-matched,0
electricity,logreg,linshap,154,0.015475217965999329,1.0,1.0,0.92,Model-matched,0
electricity,logreg,linshap,155,0.047258840967832574,1.0,1.0,0.912,Model-matched,0
electricity,logreg,linshap,156,0.061858697187909546,1.0,1.0,0.9466666666666667,Model-matched,0
electricity,logreg,linshap,157,0.025709283223506782,1.0,1.0,0.888,Model-matched,0
electricity,logreg,linshap,158,0.03228596231257394,1.0,1.0,0.88,Model-matched,0
electricity,logreg,linshap,159,0.03640031458135199,1.0,1.0,0.8560000000000001,Model-matched,0
electricity,logreg,linshap,160,0.013626920774878246,1.0,1.0,0.8320000000000001,Model-matched,0
electricity,logreg,linshap,161,0.05374285637181805,1.0,1.0,0.992,Model-matched,0
electricity,logreg,linshap,162,0.018407512562658688,1.0,1.0,0.904,Model-matched,0
electricity,logreg,linshap,163,0.022607750186080907,1.0,1.0,0.9249999999999999,Model-matched,0
electricity,logreg,linshap,164,0.08792392435197244,1.0,1.0,0.990909090909091,Model-matched,0
electricity,logreg,linshap,165,0.023875824980212828,1.0,1.0,0.96,Model-matched,0
electricity,logreg,linshap,166,0.06302296444124622,1.0,1.0,0.912,Model-matched,0
electricity,logreg,linshap,167,0.056440048223146404,1.0,1.0,0.888,Model-matched,0
electricity,logreg,linshap,168,0.046668972421618514,1.0,1.0,0.9840000000000001,Model-matched,0
electricity,logreg,linshap,169,0.10726094003415612,1.0,1.0,0.9263157894736843,Model-matched,0
electricity,logreg,linshap,170,0.018550249532769965,1.0,1.0,0.8260869565217391,Model-matched,0
electricity,logreg,linshap,171,9.99220945182044e-05,1.0,1.0,0.7040000000000001,Model-matched,0
electricity,logreg,linshap,172,0.08036933370617311,1.0,1.0,1.0,Model-matched,0
electricity,logreg,linshap,173,0.025218566335033978,1.0,1.0,0.904,Model-matched,0
electricity,logreg,linshap,174,0.017781473559782435,1.0,1.0,0.8960000000000001,Model-matched,0
electricity,logreg,linshap,175,0.05768492664127767,1.0,1.0,0.904,Model-matched,0
electricity,logreg,linshap,176,0.014624166853998566,1.0,1.0,0.9142857142857143,Model-matched,0
electricity,logreg,linshap,177,0.01548948926370681,1.0,1.0,0.8608695652173913,Model-matched,0
electricity,logreg,linshap,178,0.08622070206992281,1.0,1.0,0.9520000000000001,Model-matched,0
electricity,logreg,linshap,179,0.0025531115009705865,1.0,1.0,0.88,Model-matched,0
electricity,logreg,linshap,180,0.011191859268927802,1.0,1.0,0.904,Model-matched,0
electricity,logreg,linshap,181,0.08308418953078567,1.0,1.0,0.9520000000000001,Model-matched,0
electricity,logreg,linshap,182,0.011167743057326346,1.0,1.0,0.9440000000000001,Model-matched,0
electricity,logreg,linshap,183,0.0026923771114165697,1.0,1.0,0.8434782608695653,Model-matched,0
electricity,logreg,linshap,184,0.032247187652313776,1.0,1.0,0.992,Model-matched,0
electricity,logreg,linshap,185,0.08481113422460175,1.0,1.0,0.9157894736842105,Model-matched,0
electricity,logreg,linshap,186,0.0364681328461684,1.0,1.0,0.968,Model-matched,0
electricity,logreg,linshap,187,0.08238046702212727,1.0,1.0,1.0,Model-matched,0
electricity,logreg,linshap,188,0.0554826157937983,1.0,1.0,0.992,Model-matched,0
electricity,logreg,linshap,189,0.02137575707705875,1.0,1.0,0.8666666666666666,Model-matched,0
electricity,logreg,linshap,190,0.0633541480868905,1.0,1.0,0.9272727272727272,Model-matched,0
electricity,logreg,linshap,191,0.12013073146337579,1.0,1.0,0.8960000000000001,Model-matched,0
electricity,logreg,linshap,192,0.044693435338469055,1.0,1.0,0.8833333333333333,Model-matched,0
electricity,logreg,linshap,193,0.012222274484219432,1.0,1.0,0.9,Model-matched,0
electricity,logreg,linshap,194,0.0822043428266466,1.0,1.0,0.9440000000000001,Model-matched,0
electricity,logreg,linshap,195,0.08004879127625175,1.0,1.0,0.9916666666666667,Model-matched,0
electricity,logreg,linshap,196,0.0027928883972045356,1.0,1.0,0.8727272727272727,Model-matched,0
electricity,logreg,linshap,197,0.05867130303297117,1.0,1.0,0.96,Model-matched,0
electricity,logreg,linshap,198,0.012858731556693561,1.0,1.0,0.9359999999999999,Model-matched,0
electricity,logreg,linshap,199,0.050849891991101966,1.0,1.0,0.96,Model-matched,0
electricity,logreg,linshap,200,0.02790172061254384,1.0,1.0,1.0,Model-matched,0
electricity,logreg,linshap,201,0.018886892276759347,1.0,1.0,1.0,Model-matched,0
electricity,logreg,linshap,202,0.029766137617290904,1.0,1.0,1.0,Model-matched,0
electricity,logreg,linshap,203,0.029439029580681595,1.0,1.0,1.0,Model-matched,0
electricity,logreg,linshap,204,0.08656259432303946,1.0,1.0,1.0,Model-matched,0
electricity,logreg,linshap,205,0.11156078545288406,1.0,1.0,1.0,Model-matched,0
electricity,logreg,linshap,206,0.0767451594022117,1.0,1.0,1.0,Model-matched,0
electricity,logreg,linshap,207,0.005558080478265621,1.0,1.0,1.0,Model-matched,0
electricity,logreg,linshap,208,0.010364270218229724,1.0,1.0,1.0,Model-matched,0
electricity,logreg,linshap,209,0.0017087304776572576,1.0,1.0,1.0,Model-matched,0
electricity,logreg,linshap,210,0.05596154181455074,1.0,1.0,1.0,Model-matched,0
electricity,logreg,linshap,211,0.044484739159145026,1.0,1.0,1.0,Model-matched,0
electricity,logreg,linshap,212,0.0001656690193541232,1.0,1.0,1.0,Model-matched,0
electricity,logreg,linshap,213,0.052198110780145524,1.0,1.0,1.0,Model-matched,0
electricity,logreg,linshap,214,0.008701312824184433,1.0,1.0,1.0,Model-matched,0
electricity,logreg,linshap,215,0.03833043978087934,1.0,1.0,1.0,Model-matched,0
electricity,logreg,linshap,216,0.1271612836727885,1.0,1.0,1.0,Model-matched,0
electricity,logreg,linshap,217,0.027171796207939938,1.0,1.0,1.0,Model-matched,0
electricity,logreg,linshap,218,0.046707707259343194,1.0,1.0,1.0,Model-matched,0
electricity,logreg,linshap,219,0.0739886761224497,1.0,1.0,1.0,Model-matched,0
electricity,logreg,linshap,220,0.030678427517954538,1.0,1.0,1.0,Model-matched,0
electricity,logreg,linshap,221,0.008371242018376935,1.0,1.0,1.0,Model-matched,0
electricity,logreg,linshap,222,0.04454032025758518,1.0,1.0,1.0,Model-matched,0
electricity,logreg,linshap,223,0.025196984549988487,1.0,1.0,1.0,Model-matched,0
electricity,logreg,linshap,224,0.0983754236297802,1.0,1.0,1.0,Model-matched,0
electricity,logreg,linshap,225,0.10936706146667773,1.0,1.0,1.0,Model-matched,0
electricity,logreg,linshap,226,0.01784616704005188,1.0,1.0,1.0,Model-matched,0
electricity,logreg,linshap,227,0.07872241535475799,1.0,1.0,1.0,Model-matched,0
electricity,logreg,linshap,228,0.04571670214762974,1.0,1.0,1.0,Model-matched,0
electricity,logreg,linshap,229,0.018840768446179212,1.0,1.0,1.0,Model-matched,0
electricity,logreg,linshap,230,0.019070110501026142,1.0,1.0,1.0,Model-matched,0
electricity,logreg,linshap,231,0.010765746506856213,1.0,1.0,1.0,Model-matched,0
electricity,logreg,linshap,232,0.0007986094086030349,1.0,1.0,1.0,Model-matched,0
electricity,logreg,linshap,233,0.11280399879703874,1.0,1.0,1.0,Model-matched,0
electricity,logreg,linshap,234,0.00810479645234302,1.0,1.0,1.0,Model-matched,0
electricity,logreg,linshap,235,0.00460916238160161,1.0,1.0,1.0,Model-matched,0
electricity,logreg,linshap,236,0.0003008965955534649,1.0,1.0,1.0,Model-matched,0
electricity,logreg,linshap,237,0.09842536756292188,1.0,1.0,1.0,Model-matched,0
electricity,logreg,linshap,238,0.026339742722796197,1.0,1.0,1.0,Model-matched,0
electricity,logreg,linshap,239,0.03901552279709451,1.0,1.0,1.0,Model-matched,0
electricity,logreg,linshap,240,0.0533565359934849,1.0,1.0,1.0,Model-matched,0
electricity,logreg,linshap,241,0.021939364527070803,1.0,1.0,1.0,Model-matched,0
electricity,logreg,linshap,242,0.052109399539740316,1.0,1.0,1.0,Model-matched,0
electricity,logreg,linshap,243,0.05098477779220124,1.0,1.0,1.0,Model-matched,0
electricity,logreg,linshap,244,0.028023946723980897,1.0,1.0,1.0,Model-matched,0
electricity,logreg,linshap,245,0.047323788468236934,1.0,1.0,1.0,Model-matched,0
electricity,logreg,linshap,246,0.008977247345341227,1.0,1.0,1.0,Model-matched,0
electricity,logreg,linshap,247,0.06727746190310764,1.0,1.0,1.0,Model-matched,0
electricity,logreg,linshap,248,0.02555238174641444,1.0,1.0,1.0,Model-matched,0
electricity,logreg,linshap,249,0.016994222549105178,1.0,1.0,1.0,Model-matched,0
electricity,logreg,linshap,250,0.037324982859118394,1.0,1.0,1.0,Model-matched,0
electricity,logreg,linshap,251,0.050078641623281336,1.0,1.0,1.0,Model-matched,0
electricity,logreg,linshap,252,0.029743903905544888,1.0,1.0,1.0,Model-matched,0
electricity,logreg,linshap,253,0.05940157792042248,1.0,1.0,1.0,Model-matched,0
electricity,logreg,linshap,254,0.004184109320259081,1.0,1.0,1.0,Model-matched,0
electricity,logreg,linshap,255,0.01590786420793411,1.0,1.0,1.0,Model-matched,0
electricity,logreg,linshap,256,0.008120555205905901,1.0,1.0,1.0,Model-matched,0
electricity,logreg,linshap,257,0.014310427969141302,1.0,1.0,1.0,Model-matched,0
electricity,logreg,linshap,258,0.030071336131900148,1.0,1.0,1.0,Model-matched,0
electricity,logreg,linshap,259,0.0002836203196058563,1.0,1.0,1.0,Model-matched,0
electricity,logreg,linshap,260,0.08538304620636326,1.0,1.0,1.0,Model-matched,0
electricity,logreg,linshap,261,0.052759107164089165,1.0,1.0,1.0,Model-matched,0
electricity,logreg,linshap,262,0.06320563782159741,1.0,1.0,1.0,Model-matched,0
electricity,logreg,linshap,263,0.032352446115322994,1.0,1.0,1.0,Model-matched,0
electricity,logreg,linshap,264,0.13450895428559567,1.0,1.0,1.0,Model-matched,0
electricity,logreg,linshap,265,0.02233817684499099,1.0,1.0,1.0,Model-matched,0
electricity,logreg,linshap,266,0.0691169508637294,1.0,1.0,1.0,Model-matched,0
electricity,logreg,linshap,267,0.04097463492406595,1.0,1.0,1.0,Model-matched,0
electricity,logreg,linshap,268,0.07442209078514371,1.0,1.0,1.0,Model-matched,0
electricity,logreg,linshap,269,0.02017270965158214,1.0,1.0,1.0,Model-matched,0
electricity,logreg,linshap,270,0.04034371787973582,1.0,1.0,1.0,Model-matched,0
electricity,logreg,linshap,271,0.0538711070800154,1.0,1.0,1.0,Model-matched,0
electricity,logreg,linshap,272,0.03296277263735853,1.0,1.0,1.0,Model-matched,0
electricity,logreg,linshap,273,0.024925675120080888,1.0,1.0,1.0,Model-matched,0
electricity,logreg,linshap,274,0.002936710808161894,1.0,1.0,1.0,Model-matched,0
electricity,logreg,linshap,275,0.0019970130536413454,1.0,1.0,1.0,Model-matched,0
electricity,logreg,linshap,276,0.032731499535353405,1.0,1.0,1.0,Model-matched,0
electricity,logreg,linshap,277,0.023453785029489343,1.0,1.0,1.0,Model-matched,0
electricity,logreg,linshap,278,0.03190734189069669,1.0,1.0,1.0,Model-matched,0
electricity,logreg,linshap,279,0.0012124727318664423,1.0,1.0,1.0,Model-matched,0
electricity,logreg,linshap,280,0.03603878008343038,1.0,1.0,1.0,Model-matched,0
electricity,logreg,linshap,281,0.031778700394381874,1.0,1.0,1.0,Model-matched,0
electricity,logreg,linshap,282,0.00672736617377903,1.0,1.0,1.0,Model-matched,0
electricity,logreg,linshap,283,0.0156737202393087,1.0,1.0,1.0,Model-matched,0
electricity,logreg,linshap,284,0.21418212150658802,1.0,1.0,1.0,Model-matched,0
electricity,logreg,linshap,285,0.039908868163414914,1.0,1.0,1.0,Model-matched,0
electricity,logreg,linshap,286,0.05461779583047694,1.0,1.0,1.0,Model-matched,0
electricity,logreg,linshap,287,0.016639746287896627,1.0,1.0,1.0,Model-matched,0
electricity,logreg,linshap,288,0.055270963652643876,1.0,1.0,1.0,Model-matched,0
electricity,logreg,linshap,289,0.027068326352547932,1.0,1.0,1.0,Model-matched,0
electricity,logreg,linshap,290,0.05631159706613465,1.0,1.0,1.0,Model-matched,0
electricity,logreg,linshap,291,0.01783363391208672,1.0,1.0,1.0,Model-matched,0
electricity,logreg,linshap,292,0.051540189822390454,1.0,1.0,1.0,Model-matched,0
electricity,logreg,linshap,293,0.013787754940322403,1.0,1.0,1.0,Model-matched,0
electricity,logreg,linshap,294,0.03324826904667304,1.0,1.0,1.0,Model-matched,0
electricity,logreg,linshap,295,0.001576865672201755,1.0,1.0,1.0,Model-matched,0
electricity,logreg,linshap,296,0.16017860280572296,1.0,1.0,1.0,Model-matched,0
electricity,logreg,linshap,297,0.01348858387714118,1.0,1.0,1.0,Model-matched,0
electricity,logreg,linshap,298,0.11521743389366527,1.0,1.0,1.0,Model-matched,0
electricity,logreg,linshap,299,0.07309019812791527,1.0,1.0,1.0,Model-matched,0
electricity,logreg,linshap,300,0.01631761395552846,1.0,1.0,1.0,Model-matched,0
electricity,logreg,linshap,301,0.038274983371703354,1.0,1.0,1.0,Model-matched,0
electricity,logreg,linshap,302,0.06953809559621113,1.0,1.0,1.0,Model-matched,0
electricity,logreg,linshap,303,0.03590211564303103,1.0,1.0,1.0,Model-matched,0
electricity,logreg,linshap,304,0.028474856874258214,1.0,1.0,1.0,Model-matched,0
electricity,logreg,linshap,305,0.12231041749313709,1.0,1.0,1.0,Model-matched,0
electricity,logreg,linshap,306,0.004826106779036658,1.0,1.0,1.0,Model-matched,0
electricity,logreg,linshap,307,0.044519486095254336,1.0,1.0,1.0,Model-matched,0
electricity,logreg,linshap,308,0.08160085757315994,1.0,1.0,1.0,Model-matched,0
electricity,logreg,linshap,309,0.0018992061794188707,1.0,1.0,1.0,Model-matched,0
electricity,logreg,linshap,310,0.0635062406086076,1.0,1.0,1.0,Model-matched,0
electricity,logreg,linshap,311,0.024271003250879372,1.0,1.0,1.0,Model-matched,0
electricity,logreg,linshap,312,0.03217348799261375,1.0,1.0,1.0,Model-matched,0
electricity,logreg,linshap,313,0.044354557738611466,1.0,1.0,1.0,Model-matched,0
electricity,logreg,linshap,314,0.09480078864052074,1.0,1.0,1.0,Model-matched,0
electricity,logreg,linshap,315,0.014872197180995642,1.0,1.0,1.0,Model-matched,0
electricity,logreg,linshap,316,0.06556155581211548,1.0,1.0,1.0,Model-matched,0
electricity,logreg,linshap,317,0.007617765517019466,1.0,1.0,1.0,Model-matched,0
electricity,logreg,linshap,318,0.00041309761810699356,1.0,1.0,1.0,Model-matched,0
electricity,logreg,linshap,319,0.00792683861873057,1.0,1.0,1.0,Model-matched,0
electricity,logreg,linshap,320,0.014407740891858109,1.0,1.0,1.0,Model-matched,0
electricity,logreg,linshap,321,0.045957312288157026,1.0,1.0,1.0,Model-matched,0
electricity,logreg,linshap,322,0.0308066847241207,1.0,1.0,1.0,Model-matched,0
electricity,logreg,linshap,323,0.13354745387634345,1.0,1.0,1.0,Model-matched,0
electricity,logreg,linshap,324,0.13958333803422984,1.0,1.0,1.0,Model-matched,0
electricity,logreg,linshap,325,0.01170301331624805,1.0,1.0,1.0,Model-matched,0
electricity,logreg,linshap,326,0.0546371123574408,1.0,1.0,1.0,Model-matched,0
electricity,logreg,linshap,327,0.072811787640037,1.0,1.0,1.0,Model-matched,0
electricity,logreg,linshap,328,0.09113393616294826,1.0,1.0,1.0,Model-matched,0
electricity,logreg,linshap,329,0.0811456814440118,1.0,1.0,1.0,Model-matched,0
electricity,logreg,linshap,330,0.058866042303830635,1.0,1.0,1.0,Model-matched,0
electricity,logreg,linshap,331,0.018886177939761224,1.0,1.0,1.0,Model-matched,0
electricity,logreg,linshap,332,0.0301157719719213,1.0,1.0,1.0,Model-matched,0
electricity,logreg,linshap,333,0.015063512966640937,1.0,1.0,1.0,Model-matched,0
electricity,logreg,linshap,334,0.00754916767893707,1.0,1.0,1.0,Model-matched,0
electricity,logreg,linshap,335,0.18109602428748586,1.0,1.0,1.0,Model-matched,0
electricity,logreg,linshap,336,0.04870132951316447,1.0,1.0,1.0,Model-matched,0
electricity,logreg,linshap,337,0.0687910199004158,1.0,1.0,1.0,Model-matched,0
electricity,logreg,linshap,338,0.06369874217798721,1.0,1.0,1.0,Model-matched,0
electricity,logreg,linshap,339,0.0038367453964540193,1.0,1.0,1.0,Model-matched,0
electricity,logreg,linshap,340,0.1140860651254662,1.0,1.0,1.0,Model-matched,0
electricity,logreg,linshap,341,0.2624102400421487,1.0,1.0,1.0,Model-matched,0
electricity,logreg,linshap,342,0.035020140083638594,1.0,1.0,1.0,Model-matched,0
electricity,logreg,linshap,343,0.008201053533769825,1.0,1.0,1.0,Model-matched,0
electricity,logreg,linshap,344,0.03876970928119329,1.0,1.0,1.0,Model-matched,0
electricity,logreg,linshap,345,0.005204248559017715,1.0,1.0,1.0,Model-matched,0
electricity,logreg,linshap,346,0.003206002312688695,1.0,1.0,1.0,Model-matched,0
electricity,logreg,linshap,347,0.015354901009016111,1.0,1.0,1.0,Model-matched,0
electricity,logreg,linshap,348,0.03042726542097088,1.0,1.0,1.0,Model-matched,0
electricity,logreg,linshap,349,0.08416847858200772,1.0,1.0,1.0,Model-matched,0
electricity,logreg,linshap,350,0.019257055361336314,1.0,1.0,1.0,Model-matched,0
electricity,logreg,linshap,351,0.0016925792160028333,1.0,1.0,1.0,Model-matched,0
electricity,logreg,linshap,352,0.027409103385460105,1.0,1.0,1.0,Model-matched,0
electricity,logreg,linshap,353,0.04496515937795143,1.0,1.0,1.0,Model-matched,0
electricity,logreg,linshap,354,0.023441952310477666,1.0,1.0,1.0,Model-matched,0
electricity,logreg,linshap,355,0.08506836531506251,1.0,1.0,1.0,Model-matched,0
electricity,logreg,linshap,356,0.03299268521240573,1.0,1.0,1.0,Model-matched,0
electricity,logreg,linshap,357,0.24068556895246562,1.0,1.0,1.0,Model-matched,0
electricity,logreg,linshap,358,0.03430994825025101,1.0,1.0,1.0,Model-matched,0
electricity,logreg,linshap,359,0.007993767712084475,1.0,1.0,1.0,Model-matched,0
electricity,logreg,linshap,360,0.057108952996829075,1.0,1.0,1.0,Model-matched,0
electricity,logreg,linshap,361,0.05225843813073429,1.0,1.0,1.0,Model-matched,0
electricity,logreg,linshap,362,0.011852355036325316,1.0,1.0,1.0,Model-matched,0
electricity,logreg,linshap,363,0.007012231543039768,1.0,1.0,1.0,Model-matched,0
electricity,logreg,linshap,364,0.084535983502241,1.0,1.0,1.0,Model-matched,0
electricity,logreg,linshap,365,0.04460568457912333,1.0,1.0,1.0,Model-matched,0
electricity,logreg,linshap,366,0.00622073820343793,1.0,1.0,1.0,Model-matched,0
electricity,logreg,linshap,367,0.04399364093500435,1.0,1.0,1.0,Model-matched,0
electricity,logreg,linshap,368,0.02986606298205365,1.0,1.0,1.0,Model-matched,0
electricity,logreg,linshap,369,0.015624326216953371,1.0,1.0,1.0,Model-matched,0
electricity,logreg,linshap,370,0.0011208722413757382,1.0,1.0,1.0,Model-matched,0
electricity,logreg,linshap,371,0.03437341931610669,1.0,1.0,1.0,Model-matched,0
electricity,logreg,linshap,372,0.005354505741331589,1.0,1.0,1.0,Model-matched,0
electricity,logreg,linshap,373,0.056644317980535375,1.0,1.0,1.0,Model-matched,0
electricity,logreg,linshap,374,0.005027820398968731,1.0,1.0,1.0,Model-matched,0
electricity,logreg,linshap,375,0.012218750140403021,1.0,1.0,1.0,Model-matched,0
electricity,logreg,linshap,376,0.03625188268557157,1.0,1.0,1.0,Model-matched,0
electricity,logreg,linshap,377,0.11318316825391818,1.0,1.0,1.0,Model-matched,0
electricity,logreg,linshap,378,0.061383830978564966,1.0,1.0,1.0,Model-matched,0
electricity,logreg,linshap,379,0.10114059388885958,1.0,1.0,1.0,Model-matched,0
electricity,logreg,linshap,380,0.015921566480677544,1.0,1.0,1.0,Model-matched,0
electricity,logreg,linshap,381,0.09931034280298151,1.0,1.0,1.0,Model-matched,0
electricity,logreg,linshap,382,0.03993205987853491,1.0,1.0,1.0,Model-matched,0
electricity,logreg,linshap,383,0.019281762282437335,1.0,1.0,1.0,Model-matched,0
electricity,logreg,linshap,384,0.017208922898624586,1.0,1.0,1.0,Model-matched,0
electricity,logreg,linshap,385,0.011706327549671285,1.0,1.0,1.0,Model-matched,0
electricity,logreg,linshap,386,0.057571187677982354,1.0,1.0,1.0,Model-matched,0
electricity,logreg,linshap,387,0.05656348001223894,1.0,1.0,1.0,Model-matched,0
electricity,logreg,linshap,388,0.04892211026981582,1.0,1.0,1.0,Model-matched,0
electricity,logreg,linshap,389,0.10793871541719806,1.0,1.0,1.0,Model-matched,0
electricity,logreg,linshap,390,0.06939131310339104,1.0,1.0,1.0,Model-matched,0
electricity,logreg,linshap,391,0.06272513150609718,1.0,1.0,1.0,Model-matched,0
electricity,logreg,linshap,392,0.08931790001131962,1.0,1.0,1.0,Model-matched,0
electricity,logreg,linshap,393,0.014097929840170775,1.0,1.0,1.0,Model-matched,0
electricity,logreg,linshap,394,0.05668094019428723,1.0,1.0,1.0,Model-matched,0
electricity,logreg,linshap,395,0.043191679063173394,1.0,1.0,1.0,Model-matched,0
electricity,logreg,linshap,396,0.057366291842857985,1.0,1.0,1.0,Model-matched,0
electricity,logreg,linshap,397,0.09519199396790021,1.0,1.0,1.0,Model-matched,0
electricity,logreg,linshap,398,0.032952276450794744,1.0,1.0,1.0,Model-matched,0
electricity,logreg,linshap,399,0.041829182884485124,1.0,1.0,1.0,Model-matched,0
electricity,logreg,linshap,400,0.021988422452650147,1.0,1.0,1.0,Model-matched,0
electricity,logreg,linshap,401,0.018593281161635642,1.0,1.0,1.0,Model-matched,0
electricity,logreg,linshap,402,0.0060905996250310976,1.0,1.0,1.0,Model-matched,0
electricity,logreg,linshap,403,0.018558273801642284,1.0,1.0,1.0,Model-matched,0
electricity,logreg,linshap,404,0.048245893614286266,1.0,1.0,1.0,Model-matched,0
electricity,logreg,linshap,405,0.002563089212463235,1.0,1.0,1.0,Model-matched,0
electricity,logreg,linshap,406,0.0005314634582777284,1.0,1.0,1.0,Model-matched,0
electricity,logreg,linshap,407,0.03733422444566464,1.0,1.0,1.0,Model-matched,0
electricity,logreg,linshap,408,0.09895725885108234,1.0,1.0,1.0,Model-matched,0
electricity,logreg,linshap,409,0.09066932917273328,1.0,1.0,1.0,Model-matched,0
electricity,logreg,linshap,410,0.09475784783501882,1.0,1.0,1.0,Model-matched,0
electricity,logreg,linshap,411,0.04085286878376988,1.0,1.0,1.0,Model-matched,0
electricity,logreg,linshap,412,0.01997172960645238,1.0,1.0,1.0,Model-matched,0
electricity,logreg,linshap,413,0.08811583420831426,1.0,1.0,1.0,Model-matched,0
electricity,logreg,linshap,414,0.007518621569443778,1.0,1.0,1.0,Model-matched,0
electricity,logreg,linshap,415,0.048224633981695235,1.0,1.0,1.0,Model-matched,0
electricity,logreg,linshap,416,0.021829235568920767,1.0,1.0,1.0,Model-matched,0
electricity,logreg,linshap,417,0.10099471618542387,1.0,1.0,1.0,Model-matched,0
electricity,logreg,linshap,418,0.12064142240447602,1.0,1.0,1.0,Model-matched,0
electricity,logreg,linshap,419,0.027934570143117315,1.0,1.0,1.0,Model-matched,0
electricity,logreg,linshap,420,0.058288995179972096,1.0,1.0,1.0,Model-matched,0
electricity,logreg,linshap,421,0.010282230436631453,1.0,1.0,1.0,Model-matched,0
electricity,logreg,linshap,422,0.003238002806838566,1.0,1.0,1.0,Model-matched,0
electricity,logreg,linshap,423,0.13567191132690165,1.0,1.0,1.0,Model-matched,0
electricity,logreg,linshap,424,0.004851546774044058,1.0,1.0,1.0,Model-matched,0
electricity,logreg,linshap,425,0.028680009580671684,1.0,1.0,1.0,Model-matched,0
electricity,logreg,linshap,426,0.009275124580355865,1.0,1.0,1.0,Model-matched,0
electricity,logreg,linshap,427,0.05036950467454159,1.0,1.0,1.0,Model-matched,0
electricity,logreg,linshap,428,0.009285287604953075,1.0,1.0,1.0,Model-matched,0
electricity,logreg,linshap,429,0.012473513415324744,1.0,1.0,1.0,Model-matched,0
electricity,logreg,linshap,430,0.112296854020728,1.0,1.0,1.0,Model-matched,0
electricity,logreg,linshap,431,0.005638132180131971,1.0,1.0,1.0,Model-matched,0
electricity,logreg,linshap,432,0.07418049645159713,1.0,1.0,1.0,Model-matched,0
electricity,logreg,linshap,433,0.024894689067988356,1.0,1.0,1.0,Model-matched,0
electricity,logreg,linshap,434,0.0003350648646830953,1.0,1.0,1.0,Model-matched,0
electricity,logreg,linshap,435,0.0664397689880185,1.0,1.0,1.0,Model-matched,0
electricity,logreg,linshap,436,0.05040610668754326,1.0,1.0,1.0,Model-matched,0
electricity,logreg,linshap,437,0.05110391624732802,1.0,1.0,1.0,Model-matched,0
electricity,logreg,linshap,438,0.031065929668974798,1.0,1.0,1.0,Model-matched,0
electricity,logreg,linshap,439,0.07464375437224506,1.0,1.0,1.0,Model-matched,0
electricity,logreg,linshap,440,0.024550015847990003,1.0,1.0,1.0,Model-matched,0
electricity,logreg,linshap,441,0.0006282360408721503,1.0,1.0,1.0,Model-matched,0
electricity,logreg,linshap,442,0.14238669588785977,1.0,1.0,1.0,Model-matched,0
electricity,logreg,linshap,443,0.006668414526509853,1.0,1.0,1.0,Model-matched,0
electricity,logreg,linshap,444,0.06222656031851926,1.0,1.0,1.0,Model-matched,0
electricity,logreg,linshap,445,0.09105862275420622,1.0,1.0,1.0,Model-matched,0
electricity,logreg,linshap,446,0.006705215140739302,1.0,1.0,1.0,Model-matched,0
electricity,logreg,linshap,447,0.08714120938020857,1.0,1.0,1.0,Model-matched,0
electricity,logreg,linshap,448,0.03891468043176245,1.0,1.0,1.0,Model-matched,0
electricity,logreg,linshap,449,0.05149782428515795,1.0,1.0,1.0,Model-matched,0
electricity,logreg,linshap,450,0.04859288959386067,1.0,1.0,1.0,Model-matched,0
electricity,logreg,linshap,451,0.004061846448453117,1.0,1.0,1.0,Model-matched,0
electricity,logreg,linshap,452,0.034868183626921796,1.0,1.0,1.0,Model-matched,0
electricity,logreg,linshap,453,0.04835640551760958,1.0,1.0,1.0,Model-matched,0
electricity,logreg,linshap,454,0.03237642425075679,1.0,1.0,1.0,Model-matched,0
electricity,logreg,linshap,455,0.05903034856480625,1.0,1.0,1.0,Model-matched,0
electricity,logreg,linshap,456,0.05482487522219447,1.0,1.0,1.0,Model-matched,0
electricity,logreg,linshap,457,0.032593411701230326,1.0,1.0,1.0,Model-matched,0
electricity,logreg,linshap,458,0.03146132034864255,1.0,1.0,1.0,Model-matched,0
electricity,logreg,linshap,459,0.0014801845958366327,1.0,1.0,1.0,Model-matched,0
electricity,logreg,linshap,460,0.06489647086669727,1.0,1.0,1.0,Model-matched,0
electricity,logreg,linshap,461,0.03418728798474769,1.0,1.0,1.0,Model-matched,0
electricity,logreg,linshap,462,0.020785937121399922,1.0,1.0,1.0,Model-matched,0
electricity,logreg,linshap,463,0.0633541480868905,1.0,1.0,1.0,Model-matched,0
electricity,logreg,linshap,464,0.09927390492100903,1.0,1.0,1.0,Model-matched,0
electricity,logreg,linshap,465,0.07033069068806505,1.0,1.0,1.0,Model-matched,0
electricity,logreg,linshap,466,0.02940655481480624,1.0,1.0,1.0,Model-matched,0
electricity,logreg,linshap,467,0.009478327238396918,1.0,1.0,1.0,Model-matched,0
electricity,logreg,linshap,468,0.08150761103675232,1.0,1.0,1.0,Model-matched,0
electricity,logreg,linshap,469,0.010246762854173756,1.0,1.0,1.0,Model-matched,0
electricity,logreg,linshap,470,0.10705435979105239,1.0,1.0,1.0,Model-matched,0
electricity,logreg,linshap,471,0.002905589094034979,1.0,1.0,1.0,Model-matched,0
electricity,logreg,linshap,472,0.02416913249791895,1.0,1.0,1.0,Model-matched,0
electricity,logreg,linshap,473,0.00577835959861196,1.0,1.0,1.0,Model-matched,0
electricity,logreg,linshap,474,0.008444249421339443,1.0,1.0,1.0,Model-matched,0
electricity,logreg,linshap,475,0.09720625888647688,1.0,1.0,1.0,Model-matched,0
electricity,logreg,linshap,476,0.028762793315494112,1.0,1.0,1.0,Model-matched,0
electricity,logreg,linshap,477,0.13456340495197908,1.0,1.0,1.0,Model-matched,0
electricity,logreg,linshap,478,0.1235698418241921,1.0,1.0,1.0,Model-matched,0
electricity,logreg,linshap,479,0.03859051112329881,1.0,1.0,1.0,Model-matched,0
electricity,logreg,linshap,480,0.024042230467269846,1.0,1.0,1.0,Model-matched,0
electricity,logreg,linshap,481,0.07093616969717502,1.0,1.0,1.0,Model-matched,0
electricity,logreg,linshap,482,0.0670944312989286,1.0,1.0,1.0,Model-matched,0
electricity,logreg,linshap,483,0.05105665464044476,1.0,1.0,1.0,Model-matched,0
electricity,logreg,linshap,484,0.06628522823730165,1.0,1.0,1.0,Model-matched,0
electricity,logreg,linshap,485,0.06899284695200164,1.0,1.0,1.0,Model-matched,0
electricity,logreg,linshap,486,0.004444780117618319,1.0,1.0,1.0,Model-matched,0
electricity,logreg,linshap,487,0.0615815001062724,1.0,1.0,1.0,Model-matched,0
electricity,logreg,linshap,488,0.03402114003937489,1.0,1.0,1.0,Model-matched,0
electricity,logreg,linshap,489,0.020697086270324613,1.0,1.0,1.0,Model-matched,0
electricity,logreg,linshap,490,0.03296277263735853,1.0,1.0,1.0,Model-matched,0
electricity,logreg,linshap,491,0.058356382129979414,1.0,1.0,1.0,Model-matched,0
electricity,logreg,linshap,492,0.025362133655865905,1.0,1.0,1.0,Model-matched,0
electricity,logreg,linshap,493,0.020012705093676513,1.0,1.0,1.0,Model-matched,0
electricity,logreg,linshap,494,0.03850312061523102,1.0,1.0,1.0,Model-matched,0
electricity,logreg,linshap,495,0.06751158632408986,1.0,1.0,1.0,Model-matched,0
electricity,logreg,linshap,496,0.13650402950011564,1.0,1.0,1.0,Model-matched,0
electricity,logreg,linshap,497,0.02177684801601728,1.0,1.0,1.0,Model-matched,0
electricity,logreg,linshap,498,0.012571029423920039,1.0,1.0,1.0,Model-matched,0
electricity,logreg,linshap,499,0.08911724613956865,1.0,1.0,1.0,Model-matched,0
electricity,logreg,lime,0,0.016479677984296438,0.7599999999999999,0.74,0.775,LIME,1
electricity,logreg,lime,1,0.05277642923612184,0.7199999999999999,0.72,0.6625,LIME,1
electricity,logreg,lime,2,5.996573022125415e-05,0.74,0.62,0.688,LIME,1
electricity,logreg,lime,3,0.06230329793059847,0.6599999999999999,0.7,0.6363636363636364,LIME,1
electricity,logreg,lime,4,0.0029175207994626014,0.7399999999999999,0.74,0.7360000000000001,LIME,1
electricity,logreg,lime,5,0.00976796005679342,0.6799999999999999,0.7,0.7000000000000001,LIME,1
electricity,logreg,lime,6,0.037623491399744746,0.86,0.86,0.792,LIME,0
electricity,logreg,lime,7,0.004470142030762936,0.72,0.72,0.7083333333333334,LIME,1
electricity,logreg,lime,8,0.014156369608347548,0.8800000000000001,0.8800000000000001,0.8560000000000001,LIME,0
electricity,logreg,lime,9,0.0049558043310817855,0.74,0.6799999999999999,0.7416666666666667,LIME,1
electricity,logreg,lime,10,0.009602527195939172,0.7,0.72,0.728,LIME,1
electricity,logreg,lime,11,0.013672606775005761,0.6399999999999999,0.8,0.7466666666666667,LIME,1
electricity,logreg,lime,12,0.06617447800664833,0.76,0.6599999999999999,0.6736842105263158,LIME,1
electricity,logreg,lime,13,0.13352261873278132,0.8399999999999999,0.8200000000000001,0.8079999999999999,LIME,0
electricity,logreg,lime,14,0.02890255089363672,0.86,0.9,0.8640000000000001,LIME,0
electricity,logreg,lime,15,0.013828233840831834,0.66,0.64,0.6960000000000001,LIME,1
electricity,logreg,lime,16,0.0020373446072376017,0.7,0.72,0.7000000000000001,LIME,1
electricity,logreg,lime,17,0.025131224535041432,0.7799999999999999,0.8400000000000001,0.8079999999999999,LIME,1
electricity,logreg,lime,18,0.00501820296392796,0.7599999999999999,0.78,0.819047619047619,LIME,1
electricity,logreg,lime,19,0.02896299095970004,0.86,0.78,0.7818181818181817,LIME,0
electricity,logreg,lime,20,0.08351846418123265,0.72,0.72,0.7545454545454546,LIME,1
electricity,logreg,lime,21,0.0032255117409831172,0.8399999999999999,0.8800000000000001,0.8160000000000001,LIME,0
electricity,logreg,lime,22,0.03408332844517484,0.82,0.72,0.75,LIME,0
electricity,logreg,lime,23,0.03468631268261635,0.7799999999999999,0.86,0.8160000000000001,LIME,1
electricity,logreg,lime,24,0.019340230129865497,0.86,0.86,0.84,LIME,0
electricity,logreg,lime,25,0.01207188791754013,0.6799999999999999,0.6799999999999999,0.6857142857142857,LIME,1
electricity,logreg,lime,26,0.009730176476920581,0.7799999999999999,0.76,0.76,LIME,1
electricity,logreg,lime,27,0.04033570228546055,0.6599999999999999,0.6799999999999999,0.6956521739130435,LIME,1
electricity,logreg,lime,28,0.1415661260629646,0.8400000000000001,0.78,0.768,LIME,0
electricity,logreg,lime,29,0.06045507125053107,0.7199999999999999,0.8,0.76,LIME,1
electricity,logreg,lime,30,0.0024333669330054175,0.7599999999999999,0.74,0.7473684210526317,LIME,1
electricity,logreg,lime,31,0.00865357566971154,0.76,0.72,0.7333333333333334,LIME,1
electricity,logreg,lime,32,0.11611227753493811,0.7799999999999999,0.8,0.75,LIME,1
electricity,logreg,lime,33,0.05874069093787164,0.64,0.66,0.672,LIME,1
electricity,logreg,lime,34,8.268191115403555e-05,0.76,0.82,0.8,LIME,1
electricity,logreg,lime,35,0.08640861925914084,0.74,0.72,0.7666666666666667,LIME,1
electricity,logreg,lime,36,0.05082269305535124,0.7999999999999999,0.8400000000000001,0.8079999999999999,LIME,1
electricity,logreg,lime,37,0.02560109078377989,0.92,0.9199999999999999,0.8666666666666667,LIME,0
electricity,logreg,lime,38,0.003960829237750424,0.86,0.9199999999999999,0.8260869565217391,LIME,0
electricity,logreg,lime,39,0.03581034076908567,0.72,0.76,0.752,LIME,1
electricity,logreg,lime,40,0.033405891311332515,0.74,0.74,0.696,LIME,1
electricity,logreg,lime,41,0.18166381687544822,0.8400000000000001,0.9,0.8,LIME,0
electricity,logreg,lime,42,0.0829883204707821,0.74,0.78,0.7454545454545454,LIME,1
electricity,logreg,lime,43,0.011648938835428353,0.86,0.8,0.8,LIME,0
electricity,logreg,lime,44,0.013949536065371495,1.0,0.96,0.9166666666666666,LIME,0
electricity,logreg,lime,45,0.04549872427260999,0.76,0.8200000000000001,0.7200000000000001,LIME,1
electricity,logreg,lime,46,0.08841967047293663,0.74,0.74,0.7166666666666667,LIME,1
electricity,logreg,lime,47,0.022469227948505074,0.7999999999999999,0.8400000000000001,0.8079999999999999,LIME,1
electricity,logreg,lime,48,0.002412306553276043,0.92,0.8200000000000001,0.819047619047619,LIME,0
electricity,logreg,lime,49,0.004680214854279119,0.86,0.9199999999999999,0.848,LIME,0
electricity,logreg,lime,50,0.05103760668658952,0.82,1.0,1.0,LIME,0
electricity,logreg,lime,51,0.04997577764937403,0.7399999999999999,1.0,1.0,LIME,1
electricity,logreg,lime,52,0.06819576169315372,0.7799999999999999,1.0,1.0,LIME,1
electricity,logreg,lime,53,0.007344555691902404,0.72,1.0,1.0,LIME,1
electricity,logreg,lime,54,0.07015523916919467,0.7599999999999999,1.0,1.0,LIME,1
electricity,logreg,lime,55,0.04149216991963288,0.74,1.0,1.0,LIME,1
electricity,logreg,lime,56,0.0042155986569847054,0.86,1.0,1.0,LIME,0
electricity,logreg,lime,57,0.02341672115250621,0.7599999999999999,1.0,1.0,LIME,1
electricity,logreg,lime,58,0.025434964453727827,0.7999999999999999,1.0,1.0,LIME,1
electricity,logreg,lime,59,0.0399696051713373,0.8799999999999999,1.0,1.0,LIME,0
electricity,logreg,lime,60,0.05635115892063948,0.7199999999999999,1.0,1.0,LIME,1
electricity,logreg,lime,61,0.012853754025341294,0.92,1.0,1.0,LIME,0
electricity,logreg,lime,62,0.0798136243959618,0.8799999999999999,1.0,1.0,LIME,0
electricity,logreg,lime,63,0.0009393585853336634,0.7,1.0,1.0,LIME,1
electricity,logreg,lime,64,0.09389998936435945,1.0,1.0,1.0,LIME,0
electricity,logreg,lime,65,0.007660745298354107,0.7799999999999999,1.0,1.0,LIME,1
electricity,logreg,lime,66,0.010708300500028769,0.8800000000000001,1.0,1.0,LIME,0
electricity,logreg,lime,67,0.022868865634254262,0.8400000000000001,1.0,1.0,LIME,0
electricity,logreg,lime,68,0.007475751994992099,0.7599999999999999,1.0,1.0,LIME,1
electricity,logreg,lime,69,0.14033029911784017,0.7999999999999999,1.0,1.0,LIME,1
electricity,logreg,lime,70,0.01788591969859505,0.8400000000000001,1.0,1.0,LIME,0
electricity,logreg,lime,71,0.0008505106424429512,0.7,1.0,1.0,LIME,1
electricity,logreg,lime,72,0.028455180843020116,0.8400000000000001,1.0,1.0,LIME,0
electricity,logreg,lime,73,0.01564640320013761,0.9200000000000002,1.0,1.0,LIME,0
electricity,logreg,lime,74,0.00869304681285674,0.7,1.0,1.0,LIME,1
electricity,logreg,lime,75,0.04653296201663018,0.6799999999999999,1.0,1.0,LIME,1
electricity,logreg,lime,76,0.008985781852513012,0.7999999999999999,1.0,1.0,LIME,1
electricity,logreg,lime,77,0.024284641986501238,0.6999999999999998,1.0,1.0,LIME,1
electricity,logreg,lime,78,0.018219916373523694,0.72,1.0,1.0,LIME,1
electricity,logreg,lime,79,0.0470432327880543,0.82,1.0,1.0,LIME,0
electricity,logreg,lime,80,0.037864176877027665,0.86,1.0,1.0,LIME,0
electricity,logreg,lime,81,0.01196206311760353,0.6599999999999999,1.0,1.0,LIME,1
electricity,logreg,lime,82,0.008090136629560738,0.7799999999999999,1.0,1.0,LIME,1
electricity,logreg,lime,83,0.08050740803594356,0.7199999999999999,1.0,1.0,LIME,1
electricity,logreg,lime,84,0.03559452584636234,0.7799999999999999,1.0,1.0,LIME,1
electricity,logreg,lime,85,0.05891445030648156,1.0,1.0,1.0,LIME,0
electricity,logreg,lime,86,0.005143537235620964,0.7399999999999999,1.0,1.0,LIME,1
electricity,logreg,lime,87,0.026374064932107942,0.92,1.0,1.0,LIME,0
electricity,logreg,lime,88,0.11484379292972217,0.92,1.0,1.0,LIME,0
electricity,logreg,lime,89,0.10558391785472408,0.7999999999999999,1.0,1.0,LIME,1
electricity,logreg,lime,90,0.012670118246855688,1.0,1.0,1.0,LIME,0
electricity,logreg,lime,91,0.0076488753599522645,0.6799999999999999,1.0,1.0,LIME,1
electricity,logreg,lime,92,0.013208565226710297,0.86,1.0,1.0,LIME,0
electricity,logreg,lime,93,0.019855706186629126,0.8399999999999999,1.0,1.0,LIME,0
electricity,logreg,lime,94,0.011704531891256987,0.7799999999999999,1.0,1.0,LIME,1
electricity,logreg,lime,95,0.014455700661895124,0.66,1.0,1.0,LIME,1
electricity,logreg,lime,96,0.08878451928812613,0.8799999999999999,1.0,1.0,LIME,0
electricity,logreg,lime,97,0.0836396533654094,0.72,1.0,1.0,LIME,1
electricity,logreg,lime,98,0.028319431099436066,0.7599999999999999,1.0,1.0,LIME,1
electricity,logreg,lime,99,0.046416502483807465,0.86,1.0,1.0,LIME,0
electricity,rf,treeshap,0,0.02741864798339821,1.0,1.0,0.8533333333333334,Model-matched,0
electricity,rf,treeshap,1,0.013226499585664863,1.0,1.0,0.75,Model-matched,0
electricity,rf,treeshap,2,0.0267262127943167,1.0,1.0,0.8583333333333334,Model-matched,0
electricity,rf,treeshap,3,0.034831170132600786,1.0,1.0,0.7238095238095239,Model-matched,0
electricity,rf,treeshap,4,0.11482055034655729,0.92,1.0,0.8166666666666668,Model-matched,0
electricity,rf,treeshap,5,0.022902103799632208,0.92,1.0,0.7538461538461539,Model-matched,0
electricity,rf,treeshap,6,0.1014960855685013,0.8799999999999999,1.0,0.890909090909091,Model-matched,0
electricity,rf,treeshap,7,0.16839602544644594,1.0,1.0,0.8875000000000001,Model-matched,0
electricity,rf,treeshap,8,0.0043834224100217185,0.92,1.0,0.7760000000000001,Model-matched,0
electricity,rf,treeshap,9,0.013594056565745855,0.8800000000000001,1.0,0.788888888888889,Model-matched,0
electricity,rf,treeshap,10,0.006058198288096086,0.92,1.0,0.7565217391304349,Model-matched,0
electricity,rf,treeshap,11,0.2619909932773339,1.0,1.0,0.8315789473684211,Model-matched,0
electricity,rf,treeshap,12,0.09048410458471876,0.92,1.0,0.8923076923076922,Model-matched,0
electricity,rf,treeshap,13,0.008168552095457972,0.8800000000000001,1.0,0.8454545454545456,Model-matched,0
electricity,rf,treeshap,14,0.011993051767780025,1.0,1.0,0.792,Model-matched,0
electricity,rf,treeshap,15,0.06725482123103506,1.0,1.0,0.9066666666666666,Model-matched,0
electricity,rf,treeshap,16,0.03775345862274717,0.7999999999999999,1.0,0.8,Model-matched,1
electricity,rf,treeshap,17,0.01155045597789386,1.0,1.0,0.8640000000000001,Model-matched,0
electricity,rf,treeshap,18,0.1643187682342636,0.8400000000000001,1.0,0.8545454545454546,Model-matched,0
electricity,rf,treeshap,19,0.07109485597830908,1.0,1.0,0.8666666666666667,Model-matched,0
electricity,rf,treeshap,20,0.13440568581522264,1.0,1.0,0.8250000000000001,Model-matched,0
electricity,rf,treeshap,21,0.016696395244973836,1.0,1.0,0.7760000000000001,Model-matched,0
electricity,rf,treeshap,22,0.1630704108720677,1.0,1.0,0.8,Model-matched,0
electricity,rf,treeshap,23,0.08815881999984213,1.0,1.0,0.912,Model-matched,0
electricity,rf,treeshap,24,0.014857942371973014,1.0,1.0,0.8240000000000001,Model-matched,0
electricity,rf,treeshap,25,0.03017531758908431,0.8400000000000001,1.0,0.8400000000000001,Model-matched,0
electricity,rf,treeshap,26,0.0710615756345238,0.92,1.0,0.8640000000000001,Model-matched,0
electricity,rf,treeshap,27,0.10576845441424347,1.0,1.0,0.7578947368421053,Model-matched,0
electricity,rf,treeshap,28,0.03458095410638521,0.9200000000000002,1.0,0.8105263157894737,Model-matched,0
electricity,rf,treeshap,29,0.027909197008760035,0.8400000000000001,1.0,0.7571428571428571,Model-matched,0
electricity,rf,treeshap,30,0.024442784487688468,1.0,1.0,0.8125,Model-matched,0
electricity,rf,treeshap,31,0.038507639269610275,0.86,1.0,0.7538461538461539,Model-matched,0
electricity,rf,treeshap,32,0.12604570873281673,0.86,1.0,0.7666666666666667,Model-matched,0
electricity,rf,treeshap,33,0.015220324874819894,0.9200000000000002,1.0,0.8777777777777778,Model-matched,0
electricity,rf,treeshap,34,0.07866372043069327,1.0,1.0,0.88,Model-matched,0
electricity,rf,treeshap,35,0.03752064138190274,0.92,1.0,0.8173913043478261,Model-matched,0
electricity,rf,treeshap,36,0.1596035122715798,1.0,1.0,0.9520000000000001,Model-matched,0
electricity,rf,treeshap,37,0.01776907876730889,0.86,1.0,0.7833333333333333,Model-matched,0
electricity,rf,treeshap,38,0.005943083196299246,0.7999999999999999,1.0,0.8095238095238095,Model-matched,1
electricity,rf,treeshap,39,0.019197899616704435,0.8800000000000001,1.0,0.8842105263157896,Model-matched,0
electricity,rf,treeshap,40,0.10292008497604128,0.92,1.0,0.8736842105263158,Model-matched,0
electricity,rf,treeshap,41,0.04822661583817541,0.78,1.0,0.8142857142857143,Model-matched,1
electricity,rf,treeshap,42,0.02162458438526383,0.8399999999999999,1.0,0.7200000000000001,Model-matched,0
electricity,rf,treeshap,43,0.0139834098105435,0.92,1.0,0.788888888888889,Model-matched,0
electricity,rf,treeshap,44,0.02056936445857065,0.9200000000000002,1.0,0.88,Model-matched,0
electricity,rf,treeshap,45,0.038077099976178204,0.92,1.0,0.6947368421052631,Model-matched,0
electricity,rf,treeshap,46,0.11386687864501735,0.86,1.0,0.8250000000000001,Model-matched,0
electricity,rf,treeshap,47,0.043850949749047616,1.0,1.0,0.9279999999999999,Model-matched,0
electricity,rf,treeshap,48,0.10740454269021739,1.0,1.0,0.8181818181818182,Model-matched,0
electricity,rf,treeshap,49,0.003673408176554343,1.0,1.0,0.8960000000000001,Model-matched,0
electricity,rf,treeshap,50,0.05998406607800238,0.7599999999999999,1.0,0.7619047619047619,Model-matched,1
electricity,rf,treeshap,51,0.01250012503445367,0.8800000000000001,1.0,0.7304347826086957,Model-matched,0
electricity,rf,treeshap,52,0.08960128520855759,1.0,1.0,0.9619047619047618,Model-matched,0
electricity,rf,treeshap,53,0.01792910120153661,0.92,1.0,0.8,Model-matched,0
electricity,rf,treeshap,54,0.13914503512166787,1.0,1.0,0.9583333333333334,Model-matched,0
electricity,rf,treeshap,55,0.17103018171211717,1.0,1.0,0.7666666666666667,Model-matched,0
electricity,rf,treeshap,56,0.018893296738979534,1.0,1.0,0.875,Model-matched,0
electricity,rf,treeshap,57,0.0018771008642774578,0.92,1.0,0.8250000000000001,Model-matched,0
electricity,rf,treeshap,58,0.008057877549381717,0.8800000000000001,1.0,0.7857142857142857,Model-matched,0
electricity,rf,treeshap,59,0.011603817767162225,0.86,1.0,0.788888888888889,Model-matched,0
electricity,rf,treeshap,60,0.10296763510065153,1.0,1.0,0.6666666666666666,Model-matched,0
electricity,rf,treeshap,61,0.08789293881772224,1.0,1.0,0.9359999999999999,Model-matched,0
electricity,rf,treeshap,62,0.014979885410615503,0.8400000000000001,1.0,0.8160000000000001,Model-matched,0
electricity,rf,treeshap,63,0.015957633048038013,0.7799999999999999,1.0,0.8111111111111112,Model-matched,1
electricity,rf,treeshap,64,0.019832813484497603,0.8800000000000001,1.0,0.84,Model-matched,0
electricity,rf,treeshap,65,0.0027775923702056744,0.7999999999999999,1.0,0.784,Model-matched,1
electricity,rf,treeshap,66,0.021161140304925122,0.92,1.0,0.7760000000000001,Model-matched,0
electricity,rf,treeshap,67,0.10735716851898976,0.92,1.0,0.8470588235294118,Model-matched,0
electricity,rf,treeshap,68,0.013103282756602533,0.86,1.0,0.7666666666666667,Model-matched,0
electricity,rf,treeshap,69,0.06290744515929346,0.7999999999999999,1.0,0.8571428571428571,Model-matched,1
electricity,rf,treeshap,70,0.17683563815667042,0.9200000000000002,1.0,0.8625,Model-matched,0
electricity,rf,treeshap,71,0.1026691450850019,1.0,1.0,0.92,Model-matched,0
electricity,rf,treeshap,72,0.008986655772639497,0.92,1.0,0.872,Model-matched,0
electricity,rf,treeshap,73,0.0242239109142245,0.8799999999999999,1.0,0.8250000000000001,Model-matched,0
electricity,rf,treeshap,74,0.030093080767808277,0.86,1.0,0.7000000000000001,Model-matched,0
electricity,rf,treeshap,75,0.1991513024795446,1.0,1.0,0.8800000000000001,Model-matched,0
electricity,rf,treeshap,76,0.0014565067787096952,0.8800000000000001,1.0,0.8260869565217391,Model-matched,0
electricity,rf,treeshap,77,0.03746700447308801,1.0,1.0,0.8454545454545456,Model-matched,0
electricity,rf,treeshap,78,0.04088211377800746,1.0,1.0,0.8769230769230769,Model-matched,0
electricity,rf,treeshap,79,0.0015784784946161585,0.8400000000000001,1.0,0.8782608695652173,Model-matched,0
electricity,rf,treeshap,80,0.05457863664759186,1.0,1.0,0.9375,Model-matched,0
electricity,rf,treeshap,81,0.27147652591717186,0.92,1.0,0.8500000000000001,Model-matched,0
electricity,rf,treeshap,82,0.1738940925735572,1.0,1.0,0.9473684210526315,Model-matched,0
electricity,rf,treeshap,83,0.08290343772919112,0.8799999999999999,1.0,0.8333333333333334,Model-matched,0
electricity,rf,treeshap,84,0.04006004284625441,0.8800000000000001,1.0,0.8941176470588236,Model-matched,0
electricity,rf,treeshap,85,0.018681921238643494,1.0,1.0,0.872,Model-matched,0
electricity,rf,treeshap,86,0.03635795385311801,1.0,1.0,0.8,Model-matched,0
electricity,rf,treeshap,87,0.022252089896102098,1.0,1.0,0.7760000000000001,Model-matched,0
electricity,rf,treeshap,88,0.09150228463922969,0.92,1.0,0.8380952380952381,Model-matched,0
electricity,rf,treeshap,89,0.08323288179703169,0.9200000000000002,1.0,0.9333333333333332,Model-matched,0
electricity,rf,treeshap,90,0.039525561708855586,1.0,1.0,0.9840000000000001,Model-matched,0
electricity,rf,treeshap,91,0.08088841512533468,1.0,1.0,0.9538461538461539,Model-matched,0
electricity,rf,treeshap,92,0.007562847294699899,0.8800000000000001,1.0,0.84,Model-matched,0
electricity,rf,treeshap,93,0.04523026391872389,1.0,1.0,0.84,Model-matched,0
electricity,rf,treeshap,94,0.22435125536107903,1.0,1.0,0.9625,Model-matched,0
electricity,rf,treeshap,95,0.011862457803992534,0.92,1.0,0.9238095238095237,Model-matched,0
electricity,rf,treeshap,96,0.06580674342146249,1.0,1.0,0.96,Model-matched,0
electricity,rf,treeshap,97,0.04819479309428351,1.0,1.0,0.8416666666666667,Model-matched,0
electricity,rf,treeshap,98,0.01251262834588473,0.92,1.0,0.8666666666666667,Model-matched,0
electricity,rf,treeshap,99,0.045816006988178545,1.0,1.0,0.7375,Model-matched,0
electricity,rf,treeshap,100,0.10815861962440379,1.0,1.0,0.8545454545454546,Model-matched,0
electricity,rf,treeshap,101,0.00877294469786745,0.8400000000000001,1.0,0.768,Model-matched,0
electricity,rf,treeshap,102,0.008933321641853582,0.86,1.0,0.611764705882353,Model-matched,0
electricity,rf,treeshap,103,0.061107279047130654,0.9200000000000002,1.0,0.9,Model-matched,0
electricity,rf,treeshap,104,0.029316009398246898,0.92,1.0,0.7583333333333333,Model-matched,0
electricity,rf,treeshap,105,0.09052841671278904,0.8799999999999999,1.0,0.8160000000000001,Model-matched,0
electricity,rf,treeshap,106,0.003406693091722241,0.86,1.0,0.819047619047619,Model-matched,0
electricity,rf,treeshap,107,0.00019465314036403857,0.74,1.0,0.8,Model-matched,1
electricity,rf,treeshap,108,0.014711145245689101,1.0,1.0,0.6833333333333332,Model-matched,0
electricity,rf,treeshap,109,0.0013254621661904391,0.92,1.0,0.8,Model-matched,0
electricity,rf,treeshap,110,0.04164317060469223,0.92,1.0,0.8454545454545456,Model-matched,0
electricity,rf,treeshap,111,0.02019832982885636,0.86,1.0,0.9,Model-matched,0
electricity,rf,treeshap,112,0.008333467580006429,0.86,1.0,0.6777777777777778,Model-matched,0
electricity,rf,treeshap,113,0.15147906171180262,1.0,1.0,0.8285714285714285,Model-matched,0
electricity,rf,treeshap,114,0.009943171455186217,0.86,1.0,0.8727272727272727,Model-matched,0
electricity,rf,treeshap,115,0.053773931677462264,0.92,1.0,0.8095238095238095,Model-matched,0
electricity,rf,treeshap,116,0.010568396540389461,0.86,1.0,0.7619047619047619,Model-matched,0
electricity,rf,treeshap,117,0.14876785136107581,1.0,1.0,0.848,Model-matched,0
electricity,rf,treeshap,118,0.012580282152710042,1.0,1.0,0.912,Model-matched,0
electricity,rf,treeshap,119,0.043141708292518316,1.0,1.0,0.888,Model-matched,0
electricity,rf,treeshap,120,0.036582794342085216,1.0,1.0,0.8,Model-matched,0
electricity,rf,treeshap,121,0.06434813053379876,0.8800000000000001,1.0,0.8521739130434783,Model-matched,0
electricity,rf,treeshap,122,0.07585297808899262,0.92,1.0,0.8105263157894737,Model-matched,0
electricity,rf,treeshap,123,0.0012797550032254666,0.82,1.0,0.8,Model-matched,0
electricity,rf,treeshap,124,0.002945941652972033,0.8,1.0,0.8160000000000001,Model-matched,0
electricity,rf,treeshap,125,0.008901729104898283,0.9200000000000002,1.0,0.8260869565217391,Model-matched,0
electricity,rf,treeshap,126,0.06182643649795422,0.86,1.0,0.85,Model-matched,0
electricity,rf,treeshap,127,0.0007490637858214884,1.0,1.0,0.88,Model-matched,0
electricity,rf,treeshap,128,0.010394899479126635,0.92,1.0,0.8375,Model-matched,0
electricity,rf,treeshap,129,0.02009667579492135,0.92,1.0,0.848,Model-matched,0
electricity,rf,treeshap,130,0.003124962926171248,0.92,1.0,0.8,Model-matched,0
electricity,rf,treeshap,131,0.022808192015110865,0.92,1.0,0.74,Model-matched,0
electricity,rf,treeshap,132,0.06181231005951411,0.8400000000000001,1.0,0.7555555555555556,Model-matched,0
electricity,rf,treeshap,133,0.16228880566014744,1.0,1.0,0.9083333333333333,Model-matched,0
electricity,rf,treeshap,134,0.040725427367612255,0.9200000000000002,1.0,0.8400000000000001,Model-matched,0
electricity,rf,treeshap,135,0.017998298075570667,0.92,1.0,0.8421052631578947,Model-matched,0
electricity,rf,treeshap,136,0.0020959115338421803,0.8800000000000001,1.0,0.888,Model-matched,0
electricity,rf,treeshap,137,0.05765055691668343,0.8800000000000001,1.0,0.8079999999999999,Model-matched,0
electricity,rf,treeshap,138,0.012766414274892252,0.7999999999999999,1.0,0.7230769230769231,Model-matched,1
electricity,rf,treeshap,139,0.03770327149537569,0.8399999999999999,1.0,0.8285714285714285,Model-matched,0
electricity,rf,treeshap,140,0.05570280294072357,1.0,1.0,0.888,Model-matched,0
electricity,rf,treeshap,141,0.039103796754572255,1.0,1.0,0.9359999999999999,Model-matched,0
electricity,rf,treeshap,142,0.04556741248538846,0.9200000000000002,1.0,0.8933333333333333,Model-matched,0
electricity,rf,treeshap,143,0.03088782632555074,1.0,1.0,0.8300000000000001,Model-matched,0
electricity,rf,treeshap,144,0.009285396016852998,0.9200000000000002,1.0,0.8588235294117648,Model-matched,0
electricity,rf,treeshap,145,0.12534102484368626,1.0,1.0,0.8363636363636364,Model-matched,0
electricity,rf,treeshap,146,0.02233529206508814,0.92,1.0,0.8560000000000001,Model-matched,0
electricity,rf,treeshap,147,0.005683224056846002,0.92,1.0,0.7440000000000001,Model-matched,0
electricity,rf,treeshap,148,0.04029747971029725,0.8400000000000001,1.0,0.8333333333333334,Model-matched,0
electricity,rf,treeshap,149,0.09216292089426013,1.0,1.0,0.888,Model-matched,0
electricity,rf,treeshap,150,0.0207166027293616,0.8400000000000001,1.0,0.8608695652173913,Model-matched,0
electricity,rf,treeshap,151,0.022364580189568162,1.0,1.0,0.7727272727272727,Model-matched,0
electricity,rf,treeshap,152,0.0011228349524502752,0.8400000000000001,1.0,0.8086956521739131,Model-matched,0
electricity,rf,treeshap,153,0.09352044897679265,1.0,1.0,0.7894736842105263,Model-matched,0
electricity,rf,treeshap,154,0.0024153397438367577,0.92,1.0,0.792,Model-matched,0
electricity,rf,treeshap,155,0.0017368245354274327,0.8400000000000001,1.0,0.8333333333333334,Model-matched,0
electricity,rf,treeshap,156,0.16486322689388483,0.9200000000000002,1.0,0.8857142857142858,Model-matched,0
electricity,rf,treeshap,157,0.026914827903264032,0.9200000000000002,1.0,0.8240000000000001,Model-matched,0
electricity,rf,treeshap,158,0.0354919801762082,0.8399999999999999,1.0,0.8380952380952381,Model-matched,0
electricity,rf,treeshap,159,0.008162953407579642,0.92,1.0,0.848,Model-matched,0
electricity,rf,treeshap,160,0.08779937273835668,1.0,1.0,0.9052631578947368,Model-matched,0
electricity,rf,treeshap,161,0.034844265786866564,1.0,1.0,0.912,Model-matched,0
electricity,rf,treeshap,162,0.020610073341251364,0.86,1.0,0.8240000000000001,Model-matched,0
electricity,rf,treeshap,163,0.03950663312153054,0.8400000000000001,1.0,0.8625,Model-matched,0
electricity,rf,treeshap,164,0.00929805326438413,0.92,1.0,0.76,Model-matched,0
electricity,rf,treeshap,165,0.03207559417314889,1.0,1.0,0.9359999999999999,Model-matched,0
electricity,rf,treeshap,166,0.018847905574096893,0.92,1.0,0.8,Model-matched,0
electricity,rf,treeshap,167,0.17388180268970183,1.0,1.0,0.9090909090909091,Model-matched,0
electricity,rf,treeshap,168,0.0178113591024911,0.8400000000000001,1.0,0.904,Model-matched,0
electricity,rf,treeshap,169,0.008746513528478184,0.8800000000000001,1.0,0.775,Model-matched,0
electricity,rf,treeshap,170,0.012497257425020352,0.86,1.0,0.8769230769230769,Model-matched,0
electricity,rf,treeshap,171,0.006916224967724996,1.0,1.0,0.8250000000000001,Model-matched,0
electricity,rf,treeshap,172,0.04531118381047362,1.0,1.0,0.7238095238095239,Model-matched,0
electricity,rf,treeshap,173,0.06986534330882722,1.0,1.0,0.8240000000000001,Model-matched,0
electricity,rf,treeshap,174,0.004941722874093014,0.92,1.0,0.728,Model-matched,0
electricity,rf,treeshap,175,0.026866144642680275,0.8400000000000001,1.0,0.7894736842105263,Model-matched,0
electricity,rf,treeshap,176,0.0782790870522735,0.92,1.0,0.775,Model-matched,0
electricity,rf,treeshap,177,0.05933245715002811,0.8799999999999999,1.0,0.8,Model-matched,0
electricity,rf,treeshap,178,0.1797220624053019,1.0,1.0,0.88,Model-matched,0
electricity,rf,treeshap,179,0.04694728840602348,1.0,1.0,0.8083333333333335,Model-matched,0
electricity,rf,treeshap,180,0.01210467102494228,1.0,1.0,0.9279999999999999,Model-matched,0
electricity,rf,treeshap,181,0.07995295105475454,1.0,1.0,0.8823529411764706,Model-matched,0
electricity,rf,treeshap,182,0.04457312768521336,1.0,1.0,0.7666666666666667,Model-matched,0
electricity,rf,treeshap,183,0.0404291487483284,0.8800000000000001,1.0,0.8352941176470589,Model-matched,0
electricity,rf,treeshap,184,0.11704215785916863,1.0,1.0,0.8090909090909091,Model-matched,0
electricity,rf,treeshap,185,0.03937777003283139,0.86,1.0,0.7714285714285715,Model-matched,0
electricity,rf,treeshap,186,0.0021152061803806264,0.8800000000000001,1.0,0.8079999999999999,Model-matched,0
electricity,rf,treeshap,187,0.003743989910546647,1.0,1.0,0.92,Model-matched,0
electricity,rf,treeshap,188,0.013409760626250376,0.8800000000000001,1.0,0.88,Model-matched,0
electricity,rf,treeshap,189,0.038754418261304255,1.0,1.0,0.8916666666666667,Model-matched,0
electricity,rf,treeshap,190,0.008036040060221693,0.86,1.0,0.8315789473684211,Model-matched,0
electricity,rf,treeshap,191,0.008184260050071621,0.92,1.0,0.8933333333333333,Model-matched,0
electricity,rf,treeshap,192,0.0223379209845344,0.8799999999999999,1.0,0.8166666666666668,Model-matched,0
electricity,rf,treeshap,193,0.009545030732757042,1.0,1.0,0.6727272727272727,Model-matched,0
electricity,rf,treeshap,194,0.04493073332823301,1.0,1.0,0.8560000000000001,Model-matched,0
electricity,rf,treeshap,195,0.04825801193689821,0.86,1.0,0.88,Model-matched,0
electricity,rf,treeshap,196,0.15749039442415716,1.0,1.0,0.9,Model-matched,0
electricity,rf,treeshap,197,0.044605615763658804,1.0,1.0,0.904,Model-matched,0
electricity,rf,treeshap,198,0.08500170056463045,1.0,1.0,0.782608695652174,Model-matched,0
electricity,rf,treeshap,199,0.12664958840091733,0.8800000000000001,1.0,0.8142857142857143,Model-matched,0
electricity,rf,treeshap,200,0.03905626129794596,1.0,1.0,1.0,Model-matched,0
electricity,rf,treeshap,201,0.10206243225582133,1.0,1.0,1.0,Model-matched,0
electricity,rf,treeshap,202,0.0035992155481264923,0.8400000000000001,1.0,1.0,Model-matched,0
electricity,rf,treeshap,203,0.015293620594937102,1.0,1.0,1.0,Model-matched,0
electricity,rf,treeshap,204,0.10177294265940179,1.0,1.0,1.0,Model-matched,0
electricity,rf,treeshap,205,0.018980318784947978,0.9200000000000002,1.0,1.0,Model-matched,0
electricity,rf,treeshap,206,0.010763220886153264,0.8800000000000001,1.0,1.0,Model-matched,0
electricity,rf,treeshap,207,0.050438490052998955,1.0,1.0,1.0,Model-matched,0
electricity,rf,treeshap,208,0.08085522953415238,1.0,1.0,1.0,Model-matched,0
electricity,rf,treeshap,209,0.04334605577595911,0.9200000000000002,1.0,1.0,Model-matched,0
electricity,rf,treeshap,210,0.01834885023178353,0.92,1.0,1.0,Model-matched,0
electricity,rf,treeshap,211,0.0689993558031757,0.92,1.0,1.0,Model-matched,0
electricity,rf,treeshap,212,0.2857482960875166,1.0,1.0,1.0,Model-matched,0
electricity,rf,treeshap,213,0.004488830524023192,1.0,1.0,1.0,Model-matched,0
electricity,rf,treeshap,214,0.04653912653114876,1.0,1.0,1.0,Model-matched,0
electricity,rf,treeshap,215,0.0066579214459360336,0.92,1.0,1.0,Model-matched,0
electricity,rf,treeshap,216,0.033675343559112614,0.8799999999999999,1.0,1.0,Model-matched,0
electricity,rf,treeshap,217,0.14177099320857167,1.0,1.0,1.0,Model-matched,0
electricity,rf,treeshap,218,0.16507941817764493,1.0,1.0,1.0,Model-matched,0
electricity,rf,treeshap,219,0.1033284325861516,0.8799999999999999,1.0,1.0,Model-matched,0
electricity,rf,treeshap,220,0.01122933954936696,0.92,1.0,1.0,Model-matched,0
electricity,rf,treeshap,221,0.06273714929299339,1.0,1.0,1.0,Model-matched,0
electricity,rf,treeshap,222,0.017615437061035074,0.8800000000000001,1.0,1.0,Model-matched,0
electricity,rf,treeshap,223,0.012606836391449808,0.9200000000000002,1.0,1.0,Model-matched,0
electricity,rf,treeshap,224,0.06364948503464779,0.9200000000000002,1.0,1.0,Model-matched,0
electricity,rf,treeshap,225,0.06241917354471881,0.86,1.0,1.0,Model-matched,0
electricity,rf,treeshap,226,0.11391366257908991,1.0,1.0,1.0,Model-matched,0
electricity,rf,treeshap,227,0.03350707746326143,1.0,1.0,1.0,Model-matched,0
electricity,rf,treeshap,228,0.030905959542056344,1.0,1.0,1.0,Model-matched,0
electricity,rf,treeshap,229,0.021387417844548392,0.8800000000000001,1.0,1.0,Model-matched,0
electricity,rf,treeshap,230,0.07889975144406532,0.8800000000000001,1.0,1.0,Model-matched,0
electricity,rf,treeshap,231,0.2144005433987499,1.0,1.0,1.0,Model-matched,0
electricity,rf,treeshap,232,0.017807961414840423,1.0,1.0,1.0,Model-matched,0
electricity,rf,treeshap,233,0.025711663527213144,1.0,1.0,1.0,Model-matched,0
electricity,rf,treeshap,234,0.020173259968147252,0.92,1.0,1.0,Model-matched,0
electricity,rf,treeshap,235,0.07308042056539038,1.0,1.0,1.0,Model-matched,0
electricity,rf,treeshap,236,0.047451903331685405,0.92,1.0,1.0,Model-matched,0
electricity,rf,treeshap,237,0.011842185165259976,0.8799999999999999,1.0,1.0,Model-matched,0
electricity,rf,treeshap,238,0.011346018092013863,0.86,1.0,1.0,Model-matched,0
electricity,rf,treeshap,239,0.09550426680631251,1.0,1.0,1.0,Model-matched,0
electricity,rf,treeshap,240,0.1376244691565135,1.0,1.0,1.0,Model-matched,0
electricity,rf,treeshap,241,0.006888488956627943,0.8800000000000001,1.0,1.0,Model-matched,0
electricity,rf,treeshap,242,0.06688381099486103,1.0,1.0,1.0,Model-matched,0
electricity,rf,treeshap,243,0.006593093178249639,0.92,1.0,1.0,Model-matched,0
electricity,rf,treeshap,244,0.002128849233770174,0.8799999999999999,1.0,1.0,Model-matched,0
electricity,rf,treeshap,245,0.004878212940201924,1.0,1.0,1.0,Model-matched,0
electricity,rf,treeshap,246,0.010144599657792259,0.9200000000000002,1.0,1.0,Model-matched,0
electricity,rf,treeshap,247,0.09534071348408202,0.92,1.0,1.0,Model-matched,0
electricity,rf,treeshap,248,0.030566344053809123,1.0,1.0,1.0,Model-matched,0
electricity,rf,treeshap,249,0.017365997377466233,1.0,1.0,1.0,Model-matched,0
electricity,rf,treeshap,250,0.011159122808474402,1.0,1.0,1.0,Model-matched,0
electricity,rf,treeshap,251,0.03827746176761232,1.0,1.0,1.0,Model-matched,0
electricity,rf,treeshap,252,0.0432451094038889,1.0,1.0,1.0,Model-matched,0
electricity,rf,treeshap,253,0.11937520196770818,1.0,1.0,1.0,Model-matched,0
electricity,rf,treeshap,254,0.0217566880329309,1.0,1.0,1.0,Model-matched,0
electricity,rf,treeshap,255,0.06270393080548956,1.0,1.0,1.0,Model-matched,0
electricity,rf,treeshap,256,0.008673467794361853,0.8800000000000001,1.0,1.0,Model-matched,0
electricity,rf,treeshap,257,0.02083389797664377,1.0,1.0,1.0,Model-matched,0
electricity,rf,treeshap,258,0.0432513025168373,1.0,1.0,1.0,Model-matched,0
electricity,rf,treeshap,259,0.018397274930322165,1.0,1.0,1.0,Model-matched,0
electricity,rf,treeshap,260,0.05263276959116761,0.8799999999999999,1.0,1.0,Model-matched,0
electricity,rf,treeshap,261,0.14717904378428578,1.0,1.0,1.0,Model-matched,0
electricity,rf,treeshap,262,0.12085625684191867,0.8799999999999999,1.0,1.0,Model-matched,0
electricity,rf,treeshap,263,0.0843249748061866,1.0,1.0,1.0,Model-matched,0
electricity,rf,treeshap,264,0.08963739213731761,1.0,1.0,1.0,Model-matched,0
electricity,rf,treeshap,265,0.0019439659095495617,0.92,1.0,1.0,Model-matched,0
electricity,rf,treeshap,266,0.00017568851238854524,1.0,1.0,1.0,Model-matched,0
electricity,rf,treeshap,267,0.06944556328417933,0.92,1.0,1.0,Model-matched,0
electricity,rf,treeshap,268,0.0076928170962932306,1.0,1.0,1.0,Model-matched,0
electricity,rf,treeshap,269,0.07639729652356116,1.0,1.0,1.0,Model-matched,0
electricity,rf,treeshap,270,0.005428093386857714,0.86,1.0,1.0,Model-matched,0
electricity,rf,treeshap,271,0.13935560624941545,1.0,1.0,1.0,Model-matched,0
electricity,rf,treeshap,272,0.03399314884306288,1.0,1.0,1.0,Model-matched,0
electricity,rf,treeshap,273,0.0056778665238707325,0.92,1.0,1.0,Model-matched,0
electricity,rf,treeshap,274,0.04290105230613112,1.0,1.0,1.0,Model-matched,0
electricity,rf,treeshap,275,0.009596911689353897,0.92,1.0,1.0,Model-matched,0
electricity,rf,treeshap,276,0.0007593550026325674,0.86,1.0,1.0,Model-matched,0
electricity,rf,treeshap,277,0.003505807655658978,0.8799999999999999,1.0,1.0,Model-matched,0
electricity,rf,treeshap,278,0.007266508629298795,0.8800000000000001,1.0,1.0,Model-matched,0
electricity,rf,treeshap,279,0.038569019552067124,0.8800000000000001,1.0,1.0,Model-matched,0
electricity,rf,treeshap,280,0.07947674959926425,1.0,1.0,1.0,Model-matched,0
electricity,rf,treeshap,281,0.006685820180724228,0.9200000000000002,1.0,1.0,Model-matched,0
electricity,rf,treeshap,282,0.08836919725455299,1.0,1.0,1.0,Model-matched,0
electricity,rf,treeshap,283,0.057332283364197996,1.0,1.0,1.0,Model-matched,0
electricity,rf,treeshap,284,0.07572854142498534,1.0,1.0,1.0,Model-matched,0
electricity,rf,treeshap,285,0.1535821450993146,1.0,1.0,1.0,Model-matched,0
electricity,rf,treeshap,286,0.0021753766194365985,0.8800000000000001,1.0,1.0,Model-matched,0
electricity,rf,treeshap,287,0.0042346665125461225,1.0,1.0,1.0,Model-matched,0
electricity,rf,treeshap,288,0.005980528613113268,0.92,1.0,1.0,Model-matched,0
electricity,rf,treeshap,289,0.010511900984123959,0.8399999999999999,1.0,1.0,Model-matched,0
electricity,rf,treeshap,290,0.014061648663251141,1.0,1.0,1.0,Model-matched,0
electricity,rf,treeshap,291,0.010182560149526352,0.8799999999999999,1.0,1.0,Model-matched,0
electricity,rf,treeshap,292,0.02751127074726771,0.92,1.0,1.0,Model-matched,0
electricity,rf,treeshap,293,0.09356134908211285,0.8799999999999999,1.0,1.0,Model-matched,0
electricity,rf,treeshap,294,0.003504055180227735,0.92,1.0,1.0,Model-matched,0
electricity,rf,treeshap,295,0.05825623565500272,1.0,1.0,1.0,Model-matched,0
electricity,rf,treeshap,296,0.009634674095429185,0.8800000000000001,1.0,1.0,Model-matched,0
electricity,rf,treeshap,297,0.06608839501189501,0.86,1.0,1.0,Model-matched,0
electricity,rf,treeshap,298,0.15805196511105,1.0,1.0,1.0,Model-matched,0
electricity,rf,treeshap,299,0.013236749473949115,0.92,1.0,1.0,Model-matched,0
electricity,rf,treeshap,300,0.0149176712515616,1.0,1.0,1.0,Model-matched,0
electricity,rf,treeshap,301,0.0587969802759544,1.0,1.0,1.0,Model-matched,0
electricity,rf,treeshap,302,0.09901368084591672,0.9200000000000002,1.0,1.0,Model-matched,0
electricity,rf,treeshap,303,0.016902290824975512,1.0,1.0,1.0,Model-matched,0
electricity,rf,treeshap,304,0.21791654747343003,0.8800000000000001,1.0,1.0,Model-matched,0
electricity,rf,treeshap,305,0.006875347189604983,0.92,1.0,1.0,Model-matched,0
electricity,rf,treeshap,306,0.003808659367432478,0.86,1.0,1.0,Model-matched,0
electricity,rf,treeshap,307,0.03932275756302934,1.0,1.0,1.0,Model-matched,0
electricity,rf,treeshap,308,0.0076432764779527556,0.9200000000000002,1.0,1.0,Model-matched,0
electricity,rf,treeshap,309,0.014269285909527514,0.8799999999999999,1.0,1.0,Model-matched,0
electricity,rf,treeshap,310,0.002313098424061566,0.8400000000000001,1.0,1.0,Model-matched,0
electricity,rf,treeshap,311,0.35910385075259527,1.0,1.0,1.0,Model-matched,0
electricity,rf,treeshap,312,0.0921096802784159,1.0,1.0,1.0,Model-matched,0
electricity,rf,treeshap,313,0.004955708174557027,0.8800000000000001,1.0,1.0,Model-matched,0
electricity,rf,treeshap,314,0.012475276189631575,0.7999999999999999,1.0,1.0,Model-matched,1
electricity,rf,treeshap,315,0.00788257251099843,0.8399999999999999,1.0,1.0,Model-matched,0
electricity,rf,treeshap,316,0.018907486734328783,0.92,1.0,1.0,Model-matched,0
electricity,rf,treeshap,317,0.02158965420032529,0.9200000000000002,1.0,1.0,Model-matched,0
electricity,rf,treeshap,318,0.02257271596464628,1.0,1.0,1.0,Model-matched,0
electricity,rf,treeshap,319,0.026338967452956698,1.0,1.0,1.0,Model-matched,0
electricity,rf,treeshap,320,0.08229125036193592,1.0,1.0,1.0,Model-matched,0
electricity,rf,treeshap,321,0.04026977276311113,0.8800000000000001,1.0,1.0,Model-matched,0
electricity,rf,treeshap,322,0.00406484306353571,0.92,1.0,1.0,Model-matched,0
electricity,rf,treeshap,323,0.02446767662711824,0.8799999999999999,1.0,1.0,Model-matched,0
electricity,rf,treeshap,324,0.10695898627077223,1.0,1.0,1.0,Model-matched,0
electricity,rf,treeshap,325,0.049871597049729384,1.0,1.0,1.0,Model-matched,0
electricity,rf,treeshap,326,0.06316225994385304,0.8799999999999999,1.0,1.0,Model-matched,0
electricity,rf,treeshap,327,0.14881635816232353,1.0,1.0,1.0,Model-matched,0
electricity,rf,treeshap,328,0.04012585736250715,1.0,1.0,1.0,Model-matched,0
electricity,rf,treeshap,329,0.12893014621956597,1.0,1.0,1.0,Model-matched,0
electricity,rf,treeshap,330,0.024487248122333636,1.0,1.0,1.0,Model-matched,0
electricity,rf,treeshap,331,0.04095775035691197,1.0,1.0,1.0,Model-matched,0
electricity,rf,treeshap,332,0.0010231058607153502,0.9200000000000002,1.0,1.0,Model-matched,0
electricity,rf,treeshap,333,0.0006646009870243506,1.0,1.0,1.0,Model-matched,0
electricity,rf,treeshap,334,0.1468606655473362,1.0,1.0,1.0,Model-matched,0
electricity,rf,treeshap,335,0.08441521941605043,0.86,1.0,1.0,Model-matched,0
electricity,rf,treeshap,336,0.16766520655964198,1.0,1.0,1.0,Model-matched,0
electricity,rf,treeshap,337,0.01764180114220904,0.9200000000000002,1.0,1.0,Model-matched,0
electricity,rf,treeshap,338,0.0455510863429326,1.0,1.0,1.0,Model-matched,0
electricity,rf,treeshap,339,0.06435420392868864,0.92,1.0,1.0,Model-matched,0
electricity,rf,treeshap,340,0.06698025876210556,1.0,1.0,1.0,Model-matched,0
electricity,rf,treeshap,341,0.03623964996493493,0.92,1.0,1.0,Model-matched,0
electricity,rf,treeshap,342,0.0013737188013601405,0.86,1.0,1.0,Model-matched,0
electricity,rf,treeshap,343,0.03531568242539936,0.8400000000000001,1.0,1.0,Model-matched,0
electricity,rf,treeshap,344,0.1668962424529312,1.0,1.0,1.0,Model-matched,0
electricity,rf,treeshap,345,0.016079398523348068,0.7599999999999999,1.0,1.0,Model-matched,1
electricity,rf,treeshap,346,0.07009895551211194,0.8399999999999999,1.0,1.0,Model-matched,0
electricity,rf,treeshap,347,0.04772577813185497,1.0,1.0,1.0,Model-matched,0
electricity,rf,treeshap,348,0.017678430201408066,1.0,1.0,1.0,Model-matched,0
electricity,rf,treeshap,349,0.11330039365018402,0.92,1.0,1.0,Model-matched,0
electricity,rf,treeshap,350,0.036714181728087124,0.92,1.0,1.0,Model-matched,0
electricity,rf,treeshap,351,0.01851003244806869,0.92,1.0,1.0,Model-matched,0
electricity,rf,treeshap,352,0.07884245327668925,1.0,1.0,1.0,Model-matched,0
electricity,rf,treeshap,353,0.06609909450348797,0.8800000000000001,1.0,1.0,Model-matched,0
electricity,rf,treeshap,354,0.028099470447368165,0.8399999999999999,1.0,1.0,Model-matched,0
electricity,rf,treeshap,355,0.0353858728044937,0.92,1.0,1.0,Model-matched,0
electricity,rf,treeshap,356,0.018767005634544837,1.0,1.0,1.0,Model-matched,0
electricity,rf,treeshap,357,0.014492567422263758,0.8800000000000001,1.0,1.0,Model-matched,0
electricity,rf,treeshap,358,0.050953681286575216,0.92,1.0,1.0,Model-matched,0
electricity,rf,treeshap,359,0.026700452671600025,0.8400000000000001,1.0,1.0,Model-matched,0
electricity,rf,treeshap,360,0.12281538619331128,1.0,1.0,1.0,Model-matched,0
electricity,rf,treeshap,361,0.017328474731183086,1.0,1.0,1.0,Model-matched,0
electricity,rf,treeshap,362,0.06247654708778766,1.0,1.0,1.0,Model-matched,0
electricity,rf,treeshap,363,0.28980196067425074,0.92,1.0,1.0,Model-matched,0
electricity,rf,treeshap,364,0.03076427995961155,0.92,1.0,1.0,Model-matched,0
electricity,rf,treeshap,365,0.07379062941120977,0.92,1.0,1.0,Model-matched,0
electricity,rf,treeshap,366,0.0037398801755084976,0.9200000000000002,1.0,1.0,Model-matched,0
electricity,rf,treeshap,367,0.02199891379454739,0.8800000000000001,1.0,1.0,Model-matched,0
electricity,rf,treeshap,368,0.0007291234670656837,0.78,1.0,1.0,Model-matched,1
electricity,rf,treeshap,369,0.0016807757667231644,0.7999999999999999,1.0,1.0,Model-matched,1
electricity,rf,treeshap,370,0.010985439517555462,0.8800000000000001,1.0,1.0,Model-matched,0
electricity,rf,treeshap,371,0.14173550036828503,1.0,1.0,1.0,Model-matched,0
electricity,rf,treeshap,372,0.014288567410248318,1.0,1.0,1.0,Model-matched,0
electricity,rf,treeshap,373,0.07385032353125519,1.0,1.0,1.0,Model-matched,0
electricity,rf,treeshap,374,0.04526070207710453,0.8400000000000001,1.0,1.0,Model-matched,0
electricity,rf,treeshap,375,0.0312421265725397,0.8800000000000001,1.0,1.0,Model-matched,0
electricity,rf,treeshap,376,0.010121963589396628,1.0,1.0,1.0,Model-matched,0
electricity,rf,treeshap,377,0.03570244148192875,1.0,1.0,1.0,Model-matched,0
electricity,rf,treeshap,378,0.045530064124465405,1.0,1.0,1.0,Model-matched,0
electricity,rf,treeshap,379,0.14901890918134117,1.0,1.0,1.0,Model-matched,0
electricity,rf,treeshap,380,0.14391509296811797,1.0,1.0,1.0,Model-matched,0
electricity,rf,treeshap,381,0.044204781422545164,0.8799999999999999,1.0,1.0,Model-matched,0
electricity,rf,treeshap,382,0.019910490938044926,0.8799999999999999,1.0,1.0,Model-matched,0
electricity,rf,treeshap,383,0.041630255703703246,0.92,1.0,1.0,Model-matched,0
electricity,rf,treeshap,384,0.02854938517924356,0.8400000000000001,1.0,1.0,Model-matched,0
electricity,rf,treeshap,385,0.016722226198328218,0.86,1.0,1.0,Model-matched,0
electricity,rf,treeshap,386,0.11626512308670113,1.0,1.0,1.0,Model-matched,0
electricity,rf,treeshap,387,0.025352521240105466,1.0,1.0,1.0,Model-matched,0
electricity,rf,treeshap,388,0.007482694780472623,0.8800000000000001,1.0,1.0,Model-matched,0
electricity,rf,treeshap,389,0.02121850000329946,0.8800000000000001,1.0,1.0,Model-matched,0
electricity,rf,treeshap,390,0.0320615386002192,1.0,1.0,1.0,Model-matched,0
electricity,rf,treeshap,391,0.0455390948201098,0.92,1.0,1.0,Model-matched,0
electricity,rf,treeshap,392,0.0980800430267718,0.8799999999999999,1.0,1.0,Model-matched,0
electricity,rf,treeshap,393,0.07910913270103606,1.0,1.0,1.0,Model-matched,0
electricity,rf,treeshap,394,0.004560682919909901,0.86,1.0,1.0,Model-matched,0
electricity,rf,treeshap,395,0.005434035829749047,1.0,1.0,1.0,Model-matched,0
electricity,rf,treeshap,396,0.006473931293943896,0.78,1.0,1.0,Model-matched,1
electricity,rf,treeshap,397,0.012249644208728603,1.0,1.0,1.0,Model-matched,0
electricity,rf,treeshap,398,0.004340823733396329,0.92,1.0,1.0,Model-matched,0
electricity,rf,treeshap,399,0.04209559984122796,0.8799999999999999,1.0,1.0,Model-matched,0
electricity,rf,treeshap,400,0.02111428714321137,1.0,1.0,1.0,Model-matched,0
electricity,rf,treeshap,401,0.002117034623748937,0.8400000000000001,1.0,1.0,Model-matched,0
electricity,rf,treeshap,402,0.035250542283365244,0.92,1.0,1.0,Model-matched,0
electricity,rf,treeshap,403,0.12057100774102386,1.0,1.0,1.0,Model-matched,0
electricity,rf,treeshap,404,0.14272127911725746,1.0,1.0,1.0,Model-matched,0
electricity,rf,treeshap,405,0.021786705899481295,0.8799999999999999,1.0,1.0,Model-matched,0
electricity,rf,treeshap,406,0.020677175603123453,1.0,1.0,1.0,Model-matched,0
electricity,rf,treeshap,407,0.019890553894545235,0.86,1.0,1.0,Model-matched,0
electricity,rf,treeshap,408,0.03147844600879303,1.0,1.0,1.0,Model-matched,0
electricity,rf,treeshap,409,0.09326726483987728,1.0,1.0,1.0,Model-matched,0
electricity,rf,treeshap,410,0.15178671913758604,1.0,1.0,1.0,Model-matched,0
electricity,rf,treeshap,411,0.00428216914341151,1.0,1.0,1.0,Model-matched,0
electricity,rf,treeshap,412,0.04367417974417853,0.92,1.0,1.0,Model-matched,0
electricity,rf,treeshap,413,0.050072362476323636,0.8800000000000001,1.0,1.0,Model-matched,0
electricity,rf,treeshap,414,0.1279441111350918,1.0,1.0,1.0,Model-matched,0
electricity,rf,treeshap,415,0.1415716661992072,1.0,1.0,1.0,Model-matched,0
electricity,rf,treeshap,416,0.03132922287865412,1.0,1.0,1.0,Model-matched,0
electricity,rf,treeshap,417,0.02905335573283731,0.8800000000000001,1.0,1.0,Model-matched,0
electricity,rf,treeshap,418,0.01812880004956359,0.8400000000000001,1.0,1.0,Model-matched,0
electricity,rf,treeshap,419,0.1039126266989823,1.0,1.0,1.0,Model-matched,0
electricity,rf,treeshap,420,0.006048560760614805,0.8800000000000001,1.0,1.0,Model-matched,0
electricity,rf,treeshap,421,0.0008243900730019506,0.8800000000000001,1.0,1.0,Model-matched,0
electricity,rf,treeshap,422,0.05846512875224149,1.0,1.0,1.0,Model-matched,0
electricity,rf,treeshap,423,0.006869049212207018,0.7999999999999999,1.0,1.0,Model-matched,1
electricity,rf,treeshap,424,0.029958387318193284,0.92,1.0,1.0,Model-matched,0
electricity,rf,treeshap,425,0.011043565201838286,1.0,1.0,1.0,Model-matched,0
electricity,rf,treeshap,426,0.029695931422826834,1.0,1.0,1.0,Model-matched,0
electricity,rf,treeshap,427,0.10741005078808792,1.0,1.0,1.0,Model-matched,0
electricity,rf,treeshap,428,0.019381027150858997,1.0,1.0,1.0,Model-matched,0
electricity,rf,treeshap,429,0.014132214665835986,1.0,1.0,1.0,Model-matched,0
electricity,rf,treeshap,430,0.1448035322717019,1.0,1.0,1.0,Model-matched,0
electricity,rf,treeshap,431,0.006374477803030268,0.8800000000000001,1.0,1.0,Model-matched,0
electricity,rf,treeshap,432,0.004748752527056026,0.8400000000000001,1.0,1.0,Model-matched,0
electricity,rf,treeshap,433,0.018674499885907643,0.92,1.0,1.0,Model-matched,0
electricity,rf,treeshap,434,0.012434767081914046,0.9200000000000002,1.0,1.0,Model-matched,0
electricity,rf,treeshap,435,0.1656217226988552,1.0,1.0,1.0,Model-matched,0
electricity,rf,treeshap,436,0.07283293968125205,1.0,1.0,1.0,Model-matched,0
electricity,rf,treeshap,437,0.01452886345028221,0.8399999999999999,1.0,1.0,Model-matched,0
electricity,rf,treeshap,438,0.06084068693915637,1.0,1.0,1.0,Model-matched,0
electricity,rf,treeshap,439,0.08800382684118015,1.0,1.0,1.0,Model-matched,0
electricity,rf,treeshap,440,0.025901939176933193,0.92,1.0,1.0,Model-matched,0
electricity,rf,treeshap,441,0.02744226260591838,0.86,1.0,1.0,Model-matched,0
electricity,rf,treeshap,442,0.023373179974068434,0.86,1.0,1.0,Model-matched,0
electricity,rf,treeshap,443,0.04065538861231939,1.0,1.0,1.0,Model-matched,0
electricity,rf,treeshap,444,0.006411902728535463,0.8800000000000001,1.0,1.0,Model-matched,0
electricity,rf,treeshap,445,0.008718497291002384,0.8799999999999999,1.0,1.0,Model-matched,0
electricity,rf,treeshap,446,0.04249434225284033,0.92,1.0,1.0,Model-matched,0
electricity,rf,treeshap,447,0.2094125450321629,1.0,1.0,1.0,Model-matched,0
electricity,rf,treeshap,448,0.013847174245275123,0.86,1.0,1.0,Model-matched,0
electricity,rf,treeshap,449,0.17229532656127805,1.0,1.0,1.0,Model-matched,0
electricity,rf,treeshap,450,0.0035694524760908728,1.0,1.0,1.0,Model-matched,0
electricity,rf,treeshap,451,0.1372624856155966,1.0,1.0,1.0,Model-matched,0
electricity,rf,treeshap,452,0.05233981319806478,1.0,1.0,1.0,Model-matched,0
electricity,rf,treeshap,453,0.0014631730414258993,0.86,1.0,1.0,Model-matched,0
electricity,rf,treeshap,454,0.07569940309321743,1.0,1.0,1.0,Model-matched,0
electricity,rf,treeshap,455,0.02808483159874091,0.8799999999999999,1.0,1.0,Model-matched,0
electricity,rf,treeshap,456,0.019845482620636394,0.8799999999999999,1.0,1.0,Model-matched,0
electricity,rf,treeshap,457,0.005326514737928545,0.9200000000000002,1.0,1.0,Model-matched,0
electricity,rf,treeshap,458,0.09530521580562398,1.0,1.0,1.0,Model-matched,0
electricity,rf,treeshap,459,0.025033953495935103,1.0,1.0,1.0,Model-matched,0
electricity,rf,treeshap,460,0.04180026018469863,1.0,1.0,1.0,Model-matched,0
electricity,rf,treeshap,461,0.004638416687735798,0.8800000000000001,1.0,1.0,Model-matched,0
electricity,rf,treeshap,462,0.004531180100997861,0.7799999999999999,1.0,1.0,Model-matched,1
electricity,rf,treeshap,463,0.0020017964685184633,0.86,1.0,1.0,Model-matched,0
electricity,rf,treeshap,464,0.022723191651153343,0.92,1.0,1.0,Model-matched,0
electricity,rf,treeshap,465,0.0941104901215293,1.0,1.0,1.0,Model-matched,0
electricity,rf,treeshap,466,0.15276393792926427,0.92,1.0,1.0,Model-matched,0
electricity,rf,treeshap,467,0.06493958162439194,0.8399999999999999,1.0,1.0,Model-matched,0
electricity,rf,treeshap,468,0.1410617095812826,1.0,1.0,1.0,Model-matched,0
electricity,rf,treeshap,469,0.013961895508897522,0.8800000000000001,1.0,1.0,Model-matched,0
electricity,rf,treeshap,470,0.09134635665642818,1.0,1.0,1.0,Model-matched,0
electricity,rf,treeshap,471,0.013782893046197345,0.92,1.0,1.0,Model-matched,0
electricity,rf,treeshap,472,0.023106255055860933,0.8800000000000001,1.0,1.0,Model-matched,0
electricity,rf,treeshap,473,0.0018322243094685243,0.92,1.0,1.0,Model-matched,0
electricity,rf,treeshap,474,0.008013470340278432,0.8799999999999999,1.0,1.0,Model-matched,0
electricity,rf,treeshap,475,0.020968101043335324,0.8400000000000001,1.0,1.0,Model-matched,0
electricity,rf,treeshap,476,0.02787940900839653,1.0,1.0,1.0,Model-matched,0
electricity,rf,treeshap,477,0.029651397554795497,0.8399999999999999,1.0,1.0,Model-matched,0
electricity,rf,treeshap,478,0.1655789745394096,1.0,1.0,1.0,Model-matched,0
electricity,rf,treeshap,479,0.004230039367598548,0.8800000000000001,1.0,1.0,Model-matched,0
electricity,rf,treeshap,480,0.001341867886469864,0.8400000000000001,1.0,1.0,Model-matched,0
electricity,rf,treeshap,481,0.006978635834631651,0.8800000000000001,1.0,1.0,Model-matched,0
electricity,rf,treeshap,482,0.02986221205672092,1.0,1.0,1.0,Model-matched,0
electricity,rf,treeshap,483,0.07279276043195856,1.0,1.0,1.0,Model-matched,0
electricity,rf,treeshap,484,0.007530288597395521,0.86,1.0,1.0,Model-matched,0
electricity,rf,treeshap,485,0.03930054032492975,1.0,1.0,1.0,Model-matched,0
electricity,rf,treeshap,486,0.14010645775322184,1.0,1.0,1.0,Model-matched,0
electricity,rf,treeshap,487,0.015886164605670508,0.92,1.0,1.0,Model-matched,0
electricity,rf,treeshap,488,0.01208339223899931,1.0,1.0,1.0,Model-matched,0
electricity,rf,treeshap,489,0.0017399187134141706,0.86,1.0,1.0,Model-matched,0
electricity,rf,treeshap,490,0.002061545137085382,0.9200000000000002,1.0,1.0,Model-matched,0
electricity,rf,treeshap,491,0.10249820954209875,1.0,1.0,1.0,Model-matched,0
electricity,rf,treeshap,492,0.041655515686246335,1.0,1.0,1.0,Model-matched,0
electricity,rf,treeshap,493,0.07626688962980423,0.8399999999999999,1.0,1.0,Model-matched,0
electricity,rf,treeshap,494,0.012756483765917268,0.8399999999999999,1.0,1.0,Model-matched,0
electricity,rf,treeshap,495,0.016003525322644915,0.86,1.0,1.0,Model-matched,0
electricity,rf,treeshap,496,0.2754824469615646,0.8400000000000001,1.0,1.0,Model-matched,0
electricity,rf,treeshap,497,0.06488307752139132,1.0,1.0,1.0,Model-matched,0
electricity,rf,treeshap,498,0.02115680044088934,0.8800000000000001,1.0,1.0,Model-matched,0
electricity,rf,treeshap,499,0.036099574198285654,1.0,1.0,1.0,Model-matched,0
electricity,rf,lime,0,0.0009654475979311864,0.92,0.9400000000000001,0.9066666666666666,LIME,0
electricity,rf,lime,1,0.1330056640320165,0.7599999999999999,0.78,0.7666666666666666,LIME,1
electricity,rf,lime,2,0.025587625273376647,0.8,0.78,0.7833333333333333,LIME,0
electricity,rf,lime,3,0.011939143286800217,0.7999999999999999,0.8400000000000001,0.8285714285714286,LIME,1
electricity,rf,lime,4,0.06753350164972505,0.92,0.96,0.7666666666666667,LIME,0
electricity,rf,lime,5,0.1728981007281723,0.86,0.8800000000000001,0.7846153846153847,LIME,0
electricity,rf,lime,6,0.006460561124859992,0.92,0.9199999999999999,0.8454545454545456,LIME,0
electricity,rf,lime,7,0.007408464435603307,0.86,0.9199999999999999,0.7875,LIME,0
electricity,rf,lime,8,0.009318863202112533,0.8799999999999999,0.86,0.8640000000000001,LIME,0
electricity,rf,lime,9,0.028752077476868143,0.8400000000000001,0.82,0.8,LIME,0
electricity,rf,lime,10,0.23613136443525873,1.0,0.9199999999999999,0.8173913043478261,LIME,0
electricity,rf,lime,11,0.11191169731451907,0.7999999999999999,0.86,0.7894736842105263,LIME,1
electricity,rf,lime,12,0.10046608812518444,0.7,0.72,0.7076923076923076,LIME,1
electricity,rf,lime,13,0.18127628259054437,0.92,0.9400000000000001,0.9181818181818181,LIME,0
electricity,rf,lime,14,0.0024010717950251844,0.92,0.9,0.872,LIME,0
electricity,rf,lime,15,0.09513365077068058,0.86,0.8400000000000001,0.7333333333333333,LIME,0
electricity,rf,lime,16,0.013399938583352118,0.8400000000000001,0.74,0.7375,LIME,0
electricity,rf,lime,17,0.046683132076075974,1.0,1.0,0.904,LIME,0
electricity,rf,lime,18,0.021780866081469362,1.0,0.8800000000000001,0.8363636363636364,LIME,0
electricity,rf,lime,19,0.32819526048054853,1.0,0.9199999999999999,0.8666666666666667,LIME,0
electricity,rf,lime,20,0.010846292963698894,0.7599999999999999,0.78,0.7000000000000001,LIME,1
electricity,rf,lime,21,0.08265019187192754,0.92,0.9,0.9440000000000001,LIME,0
electricity,rf,lime,22,0.03919383861925048,0.74,0.72,0.7714285714285715,LIME,1
electricity,rf,lime,23,0.03847560378304346,0.8400000000000001,0.9,0.872,LIME,0
electricity,rf,lime,24,0.014170725489288471,0.72,0.8,0.792,LIME,1
electricity,rf,lime,25,0.10238568461742807,0.74,0.82,0.8,LIME,1
electricity,rf,lime,26,0.14808938469850438,0.92,0.9400000000000001,0.872,LIME,0
electricity,rf,lime,27,0.04522048697312581,0.8400000000000001,0.8400000000000001,0.8,LIME,0
electricity,rf,lime,28,0.17318338580592527,0.86,0.9,0.8526315789473684,LIME,0
electricity,rf,lime,29,0.03105237214407739,0.7799999999999999,0.8200000000000001,0.7428571428571429,LIME,1
electricity,rf,lime,30,0.018430049211616305,0.8400000000000001,0.8200000000000001,0.775,LIME,0
electricity,rf,lime,31,0.006956690586568864,0.8800000000000001,0.9,0.7692307692307693,LIME,0
electricity,rf,lime,32,0.03806225623306131,0.7599999999999999,0.8,0.7166666666666667,LIME,1
electricity,rf,lime,33,0.13873005266940697,0.8399999999999999,0.8800000000000001,0.8,LIME,0
electricity,rf,lime,34,0.0013744081096982712,0.8,0.82,0.8160000000000001,LIME,0
electricity,rf,lime,35,0.06877849541741637,0.92,0.86,0.8608695652173913,LIME,0
electricity,rf,lime,36,0.02514610848213545,0.8400000000000001,0.8200000000000001,0.8560000000000001,LIME,0
electricity,rf,lime,37,0.071433569593871,0.86,0.9,0.8500000000000001,LIME,0
electricity,rf,lime,38,0.014042871995329864,0.8400000000000001,0.8400000000000001,0.8380952380952381,LIME,0
electricity,rf,lime,39,0.05036190651334985,0.7799999999999999,0.78,0.8,LIME,1
electricity,rf,lime,40,0.03157734241963885,0.92,0.8200000000000001,0.8526315789473684,LIME,0
electricity,rf,lime,41,0.08058028612239432,0.8,0.8,0.7857142857142857,LIME,0
electricity,rf,lime,42,0.11068115725250897,0.7999999999999999,0.78,0.7466666666666667,LIME,1
electricity,rf,lime,43,0.08515803664164528,0.86,0.82,0.8111111111111112,LIME,0
electricity,rf,lime,44,0.1029225076066842,1.0,0.9800000000000001,0.9840000000000001,LIME,0
electricity,rf,lime,45,0.004237940644348777,0.7999999999999999,0.72,0.7263157894736842,LIME,1
electricity,rf,lime,46,0.12422012875308809,0.7999999999999999,0.8,0.8125,LIME,1
electricity,rf,lime,47,0.11588074024730165,0.92,0.8800000000000001,0.8240000000000001,LIME,0
electricity,rf,lime,48,0.04474360853394833,0.7799999999999999,0.86,0.8181818181818182,LIME,1
electricity,rf,lime,49,0.03426714528882895,0.82,0.8800000000000001,0.84,LIME,0
electricity,rf,lime,50,0.0015193461704436438,0.86,1.0,1.0,LIME,0
electricity,rf,lime,51,0.06671691072359373,0.8399999999999999,1.0,1.0,LIME,0
electricity,rf,lime,52,0.052623903799374,0.92,1.0,1.0,LIME,0
electricity,rf,lime,53,0.06749254747076905,0.9200000000000002,1.0,1.0,LIME,0
electricity,rf,lime,54,0.057409519906641164,0.7999999999999999,1.0,1.0,LIME,1
electricity,rf,lime,55,0.006051602935444828,0.7399999999999999,1.0,1.0,LIME,1
electricity,rf,lime,56,0.029788010778119583,0.92,1.0,1.0,LIME,0
electricity,rf,lime,57,0.05642254840015286,0.86,1.0,1.0,LIME,0
electricity,rf,lime,58,0.00934474756102763,0.7999999999999999,1.0,1.0,LIME,1
electricity,rf,lime,59,0.25559593087295257,0.92,1.0,1.0,LIME,0
electricity,rf,lime,60,0.028933262680567985,0.74,1.0,1.0,LIME,1
electricity,rf,lime,61,0.043825453642934095,0.86,1.0,1.0,LIME,0
electricity,rf,lime,62,0.011949177043276011,0.7799999999999999,1.0,1.0,LIME,1
electricity,rf,lime,63,0.05937530566142315,0.7599999999999999,1.0,1.0,LIME,1
electricity,rf,lime,64,0.01722503487535946,0.92,1.0,1.0,LIME,0
electricity,rf,lime,65,0.017354553252013693,0.7799999999999999,1.0,1.0,LIME,1
electricity,rf,lime,66,0.014500957440290575,0.8399999999999999,1.0,1.0,LIME,0
electricity,rf,lime,67,0.10692862736625675,0.92,1.0,1.0,LIME,0
electricity,rf,lime,68,0.028930197129395402,0.7999999999999999,1.0,1.0,LIME,1
electricity,rf,lime,69,0.043570585952395456,0.7199999999999999,1.0,1.0,LIME,1
electricity,rf,lime,70,0.005733867297870869,0.7,1.0,1.0,LIME,1
electricity,rf,lime,71,0.11376060297711912,0.86,1.0,1.0,LIME,0
electricity,rf,lime,72,0.031815902921233465,0.92,1.0,1.0,LIME,0
electricity,rf,lime,73,0.013109091374076,0.82,1.0,1.0,LIME,0
electricity,rf,lime,74,0.09117203739896272,0.74,1.0,1.0,LIME,1
electricity,rf,lime,75,0.053608377751646785,0.92,1.0,1.0,LIME,0
electricity,rf,lime,76,0.003091695236523589,0.8800000000000001,1.0,1.0,LIME,0
electricity,rf,lime,77,0.2418395346657918,0.92,1.0,1.0,LIME,0
electricity,rf,lime,78,0.00731398655148963,0.82,1.0,1.0,LIME,0
electricity,rf,lime,79,0.016955186654304424,0.92,1.0,1.0,LIME,0
electricity,rf,lime,80,0.038379057838531336,0.86,1.0,1.0,LIME,0
electricity,rf,lime,81,0.0036249032241502917,0.74,1.0,1.0,LIME,1
electricity,rf,lime,82,0.07327708548982838,0.7399999999999999,1.0,1.0,LIME,1
electricity,rf,lime,83,0.03353119320078954,0.72,1.0,1.0,LIME,1
electricity,rf,lime,84,0.010711679413406165,0.86,1.0,1.0,LIME,0
electricity,rf,lime,85,0.05796497602936266,0.86,1.0,1.0,LIME,0
electricity,rf,lime,86,0.002994893631584245,0.7999999999999999,1.0,1.0,LIME,1
electricity,rf,lime,87,0.02419983307470539,1.0,1.0,1.0,LIME,0
electricity,rf,lime,88,0.056303233887002806,0.76,1.0,1.0,LIME,1
electricity,rf,lime,89,0.003435890460462197,0.8399999999999999,1.0,1.0,LIME,0
electricity,rf,lime,90,0.026641595237241904,0.8799999999999999,1.0,1.0,LIME,0
electricity,rf,lime,91,0.009260789971084381,0.82,1.0,1.0,LIME,0
electricity,rf,lime,92,0.02673591883119828,0.8400000000000001,1.0,1.0,LIME,0
electricity,rf,lime,93,0.1299242954991511,1.0,1.0,1.0,LIME,0
electricity,rf,lime,94,0.10272028751278954,0.72,1.0,1.0,LIME,1
electricity,rf,lime,95,0.05716321757609947,0.86,1.0,1.0,LIME,0
electricity,rf,lime,96,0.03434408383597428,0.7999999999999999,1.0,1.0,LIME,1
electricity,rf,lime,97,0.006583510482287142,0.8,1.0,1.0,LIME,0
electricity,rf,lime,98,0.04680397422062221,0.8400000000000001,1.0,1.0,LIME,0
electricity,rf,lime,99,0.03873800246537037,0.7999999999999999,1.0,1.0,LIME,1
electricity,hgb,treeshap,0,0.05368062776819913,0.92,1.0,0.875,Model-matched,0
electricity,hgb,treeshap,1,0.002472400566475865,0.86,1.0,0.7578947368421053,Model-matched,0
electricity,hgb,treeshap,2,0.012790332437816448,0.92,1.0,0.7043478260869565,Model-matched,0
electricity,hgb,treeshap,3,0.06495475181494095,0.7999999999999999,1.0,0.75,Model-matched,1
electricity,hgb,treeshap,4,0.046706912186062544,0.7799999999999999,1.0,0.79,Model-matched,1
electricity,hgb,treeshap,5,0.003580210758990087,0.8400000000000001,1.0,0.7833333333333333,Model-matched,0
electricity,hgb,treeshap,6,0.042182668104681485,0.92,1.0,0.7818181818181817,Model-matched,0
electricity,hgb,treeshap,7,0.1277317207578612,1.0,1.0,0.875,Model-matched,0
electricity,hgb,treeshap,8,0.007725892459993332,0.6999999999999998,1.0,0.768,Model-matched,1
electricity,hgb,treeshap,9,0.05379004233026768,0.76,1.0,0.7166666666666667,Model-matched,1
electricity,hgb,treeshap,10,0.025941534126324047,0.92,1.0,0.8266666666666667,Model-matched,0
electricity,hgb,treeshap,11,0.016629914746577934,0.8400000000000001,1.0,0.6,Model-matched,0
electricity,hgb,treeshap,12,0.055441588812964064,0.8400000000000001,1.0,0.675,Model-matched,0
electricity,hgb,treeshap,13,0.06820787396493187,0.92,1.0,0.8347826086956521,Model-matched,0
electricity,hgb,treeshap,14,0.023346214815624,0.92,1.0,0.84,Model-matched,0
electricity,hgb,treeshap,15,0.041082661282636615,0.92,1.0,0.8666666666666666,Model-matched,0
electricity,hgb,treeshap,16,0.033552367369188936,0.92,1.0,0.8222222222222223,Model-matched,0
electricity,hgb,treeshap,17,0.02364280766190347,0.8399999999999999,1.0,0.7090909090909091,Model-matched,0
electricity,hgb,treeshap,18,0.01856225594194214,0.8799999999999999,1.0,0.7875,Model-matched,0
electricity,hgb,treeshap,19,0.016198547602644022,0.86,1.0,0.9,Model-matched,0
electricity,hgb,treeshap,20,0.05125263623634551,0.7999999999999999,1.0,0.7909090909090909,Model-matched,1
electricity,hgb,treeshap,21,0.0069084811802449094,0.8,1.0,0.76,Model-matched,0
electricity,hgb,treeshap,22,0.011242594138954936,0.92,1.0,0.8555555555555556,Model-matched,0
electricity,hgb,treeshap,23,0.020583230940705164,0.8800000000000001,1.0,0.8421052631578947,Model-matched,0
electricity,hgb,treeshap,24,0.01490726865306993,0.8400000000000001,1.0,0.792,Model-matched,0
electricity,hgb,treeshap,25,0.012533951766403548,0.8799999999999999,1.0,0.7894736842105263,Model-matched,0
electricity,hgb,treeshap,26,0.013290038440936736,0.86,1.0,0.8173913043478261,Model-matched,0
electricity,hgb,treeshap,27,0.03350081836290772,0.7599999999999999,1.0,0.7647058823529411,Model-matched,1
electricity,hgb,treeshap,28,0.09601138928223019,0.86,1.0,1.0,Model-matched,0
electricity,hgb,treeshap,29,0.009793557193319044,0.7799999999999999,1.0,0.7176470588235294,Model-matched,1
electricity,hgb,treeshap,30,0.024382905929095075,0.7599999999999999,1.0,0.82,Model-matched,1
electricity,hgb,treeshap,31,0.17251656658612732,1.0,1.0,0.8105263157894737,Model-matched,0
electricity,hgb,treeshap,32,0.14371664596051872,0.86,1.0,0.675,Model-matched,0
electricity,hgb,treeshap,33,0.06882418170400612,0.8399999999999999,1.0,0.8235294117647058,Model-matched,0
electricity,hgb,treeshap,34,0.030202880187522724,0.92,1.0,0.784,Model-matched,0
electricity,hgb,treeshap,35,0.035235295291496126,0.72,1.0,0.7444444444444445,Model-matched,1
electricity,hgb,treeshap,36,0.00590138734507564,0.8400000000000001,1.0,0.8959999999999999,Model-matched,0
electricity,hgb,treeshap,37,0.030154866736116746,0.92,1.0,0.8333333333333334,Model-matched,0
electricity,hgb,treeshap,38,0.0411549744414055,0.92,1.0,0.8095238095238095,Model-matched,0
electricity,hgb,treeshap,39,0.008632914724268928,0.7999999999999999,1.0,0.7714285714285714,Model-matched,1
electricity,hgb,treeshap,40,0.0023172843565803336,0.78,1.0,0.78,Model-matched,1
electricity,hgb,treeshap,41,0.14305386663398473,0.86,1.0,0.8,Model-matched,0
electricity,hgb,treeshap,42,0.06713075337161913,0.8799999999999999,1.0,0.8625,Model-matched,0
electricity,hgb,treeshap,43,0.03872693296860215,0.9200000000000002,1.0,0.8500000000000001,Model-matched,0
electricity,hgb,treeshap,44,0.026635885864039647,0.86,1.0,0.8285714285714285,Model-matched,0
electricity,hgb,treeshap,45,0.016442907804931815,0.86,1.0,0.7368421052631579,Model-matched,0
electricity,hgb,treeshap,46,0.007975420078498685,0.7999999999999999,1.0,0.775,Model-matched,1
electricity,hgb,treeshap,47,0.0016811638303323177,0.9200000000000002,1.0,0.7440000000000001,Model-matched,0
electricity,hgb,treeshap,48,0.1221664459055019,0.8399999999999999,1.0,0.7666666666666666,Model-matched,0
electricity,hgb,treeshap,49,0.0024134825755439526,0.76,1.0,0.7440000000000001,Model-matched,1
electricity,hgb,treeshap,50,0.09638143941084318,0.82,1.0,0.7285714285714285,Model-matched,0
electricity,hgb,treeshap,51,0.010603712543667087,0.8800000000000001,1.0,0.8521739130434783,Model-matched,0
electricity,hgb,treeshap,52,0.03843227906454454,0.86,1.0,0.6799999999999999,Model-matched,0
electricity,hgb,treeshap,53,0.08484607013966643,0.8400000000000001,1.0,0.7555555555555555,Model-matched,0
electricity,hgb,treeshap,54,0.02189526842923946,0.86,1.0,0.8222222222222223,Model-matched,0
electricity,hgb,treeshap,55,0.03163693704802978,0.7999999999999999,1.0,0.8250000000000001,Model-matched,1
electricity,hgb,treeshap,56,0.016560937901315503,0.78,1.0,0.7764705882352941,Model-matched,1
electricity,hgb,treeshap,57,0.09436599654191966,0.92,1.0,0.8526315789473684,Model-matched,0
electricity,hgb,treeshap,58,0.08100921969446144,0.74,1.0,0.7285714285714286,Model-matched,1
electricity,hgb,treeshap,59,0.135834024878368,1.0,1.0,0.7764705882352941,Model-matched,0
electricity,hgb,treeshap,60,0.02563899075845453,0.7999999999999999,1.0,0.775,Model-matched,1
electricity,hgb,treeshap,61,0.005854057818811837,0.7999999999999999,1.0,0.76,Model-matched,1
electricity,hgb,treeshap,62,0.0005423835571194781,0.7999999999999999,1.0,0.792,Model-matched,1
electricity,hgb,treeshap,63,0.04857289333949071,1.0,1.0,0.7052631578947368,Model-matched,0
electricity,hgb,treeshap,64,0.030466508759610336,0.7599999999999999,1.0,0.8333333333333334,Model-matched,1
electricity,hgb,treeshap,65,0.005244103330529996,0.7599999999999999,1.0,0.68,Model-matched,1
electricity,hgb,treeshap,66,0.03229520116653161,0.92,1.0,0.752,Model-matched,0
electricity,hgb,treeshap,67,0.12762035776320924,1.0,1.0,0.8375,Model-matched,0
electricity,hgb,treeshap,68,0.0213853749385692,0.8400000000000001,1.0,0.7384615384615384,Model-matched,0
electricity,hgb,treeshap,69,0.03580112159273626,0.7799999999999999,1.0,0.7111111111111111,Model-matched,1
electricity,hgb,treeshap,70,0.17933745624671626,0.8,1.0,0.7411764705882353,Model-matched,0
electricity,hgb,treeshap,71,0.0006521121150145176,0.6599999999999999,1.0,0.672,Model-matched,1
electricity,hgb,treeshap,72,0.0047531404670653,0.8800000000000001,1.0,0.8640000000000001,Model-matched,0
electricity,hgb,treeshap,73,0.05591641407382806,1.0,1.0,0.8666666666666667,Model-matched,0
electricity,hgb,treeshap,74,0.02427179927834515,0.86,1.0,0.725,Model-matched,0
electricity,hgb,treeshap,75,0.067403155604136,0.9200000000000002,1.0,0.75,Model-matched,0
electricity,hgb,treeshap,76,0.012899146240064737,0.7199999999999999,1.0,0.7619047619047619,Model-matched,1
electricity,hgb,treeshap,77,0.10419951263148484,0.92,1.0,0.8,Model-matched,0
electricity,hgb,treeshap,78,0.09796978373091593,0.8800000000000001,1.0,0.76,Model-matched,0
electricity,hgb,treeshap,79,0.005929033626141121,0.74,1.0,0.7272727272727273,Model-matched,1
electricity,hgb,treeshap,80,0.003690702545757712,0.8800000000000001,1.0,0.9,Model-matched,0
electricity,hgb,treeshap,81,0.09543864324197084,0.9200000000000002,1.0,0.8333333333333334,Model-matched,0
electricity,hgb,treeshap,82,0.004464718069421714,0.7199999999999999,1.0,0.74,Model-matched,1
electricity,hgb,treeshap,83,0.03298082917421044,0.8800000000000001,1.0,0.8,Model-matched,0
electricity,hgb,treeshap,84,0.0003275290880041566,0.7799999999999999,1.0,0.7578947368421053,Model-matched,1
electricity,hgb,treeshap,85,0.001715120964540902,0.7999999999999999,1.0,0.856,Model-matched,1
electricity,hgb,treeshap,86,0.014664514742533536,0.86,1.0,0.78,Model-matched,0
electricity,hgb,treeshap,87,0.029109353338275197,0.7999999999999999,1.0,0.7636363636363637,Model-matched,1
electricity,hgb,treeshap,88,0.14265766856289097,0.8400000000000001,1.0,0.76,Model-matched,0
electricity,hgb,treeshap,89,0.11975269024552297,1.0,1.0,0.8500000000000001,Model-matched,0
electricity,hgb,treeshap,90,0.010205105937602646,0.86,1.0,0.8160000000000001,Model-matched,0
electricity,hgb,treeshap,91,0.01855173005849035,0.92,1.0,0.8500000000000001,Model-matched,0
electricity,hgb,treeshap,92,0.00654576844261274,0.86,1.0,0.8250000000000001,Model-matched,0
electricity,hgb,treeshap,93,0.03379280992083958,0.8400000000000001,1.0,0.7120000000000001,Model-matched,0
electricity,hgb,treeshap,94,0.07330648627664645,0.92,1.0,0.7777777777777778,Model-matched,0
electricity,hgb,treeshap,95,0.038641989408812034,0.86,1.0,0.7363636363636363,Model-matched,0
electricity,hgb,treeshap,96,0.008445346752284272,0.7399999999999999,1.0,0.7904761904761906,Model-matched,1
electricity,hgb,treeshap,97,0.016110621874090257,0.86,1.0,0.7904761904761906,Model-matched,0
electricity,hgb,treeshap,98,0.08763077482366013,0.7999999999999999,1.0,0.6909090909090909,Model-matched,1
electricity,hgb,treeshap,99,0.0034310274804768707,0.7999999999999999,1.0,0.8,Model-matched,1
electricity,hgb,treeshap,100,0.001563267837250535,0.76,1.0,0.7411764705882353,Model-matched,1
electricity,hgb,treeshap,101,0.021155281196148047,0.9200000000000002,1.0,1.0,Model-matched,0
electricity,hgb,treeshap,102,0.09811806426503132,0.8800000000000001,1.0,0.8461538461538461,Model-matched,0
electricity,hgb,treeshap,103,0.12217579010214799,0.82,1.0,0.8,Model-matched,0
electricity,hgb,treeshap,104,0.0012213228039750091,0.7999999999999999,1.0,0.775,Model-matched,1
electricity,hgb,treeshap,105,0.026252181926630334,0.7999999999999999,1.0,0.8,Model-matched,1
electricity,hgb,treeshap,106,0.019034511701619395,0.92,1.0,0.7294117647058824,Model-matched,0
electricity,hgb,treeshap,107,0.02397416182511254,0.7,1.0,0.7888888888888889,Model-matched,1
electricity,hgb,treeshap,108,0.23943227440489784,0.9200000000000002,1.0,0.7714285714285715,Model-matched,0
electricity,hgb,treeshap,109,0.0026883682508761133,0.8400000000000001,1.0,0.7916666666666666,Model-matched,0
electricity,hgb,treeshap,110,0.0140795204738521,0.7999999999999999,1.0,0.8272727272727273,Model-matched,1
electricity,hgb,treeshap,111,0.04256441522879121,0.7799999999999999,1.0,0.7473684210526317,Model-matched,1
electricity,hgb,treeshap,112,0.04201426892831634,0.8400000000000001,1.0,0.7833333333333333,Model-matched,0
electricity,hgb,treeshap,113,0.04027102332884024,0.86,1.0,0.76,Model-matched,0
electricity,hgb,treeshap,114,0.049817719426752706,0.82,1.0,0.7058823529411765,Model-matched,0
electricity,hgb,treeshap,115,0.01758031799855008,0.92,1.0,0.8333333333333334,Model-matched,0
electricity,hgb,treeshap,116,0.04314350299949948,0.8400000000000001,1.0,0.7904761904761906,Model-matched,0
electricity,hgb,treeshap,117,0.05108383900638123,0.92,1.0,0.8181818181818182,Model-matched,0
electricity,hgb,treeshap,118,0.00040660635517362917,0.7799999999999999,1.0,0.775,Model-matched,1
electricity,hgb,treeshap,119,0.003046117278913481,0.82,1.0,0.784,Model-matched,0
electricity,hgb,treeshap,120,0.04306939586632,1.0,1.0,0.7,Model-matched,0
electricity,hgb,treeshap,121,0.0002548164260752424,0.74,1.0,0.7368421052631579,Model-matched,1
electricity,hgb,treeshap,122,0.06855609123553309,0.76,1.0,0.7466666666666666,Model-matched,1
electricity,hgb,treeshap,123,0.13427406378555012,0.9200000000000002,1.0,0.7272727272727273,Model-matched,0
electricity,hgb,treeshap,124,0.05015241367578805,0.8400000000000001,1.0,0.8079999999999999,Model-matched,0
electricity,hgb,treeshap,125,0.0663281033176105,0.82,1.0,0.7999999999999999,Model-matched,0
electricity,hgb,treeshap,126,0.02834376117113836,0.92,1.0,0.7857142857142857,Model-matched,0
electricity,hgb,treeshap,127,0.005834578000758967,0.8399999999999999,1.0,0.7916666666666666,Model-matched,0
electricity,hgb,treeshap,128,0.02552323733814139,0.92,1.0,0.7666666666666667,Model-matched,0
electricity,hgb,treeshap,129,0.0039372088799111225,0.7999999999999999,1.0,0.7760000000000001,Model-matched,1
electricity,hgb,treeshap,130,0.00895773654466347,1.0,1.0,0.8240000000000001,Model-matched,0
electricity,hgb,treeshap,131,0.12044799742003086,0.92,1.0,0.8333333333333334,Model-matched,0
electricity,hgb,treeshap,132,0.04654728369964438,0.92,1.0,0.7636363636363637,Model-matched,0
electricity,hgb,treeshap,133,0.20580762245306183,0.9200000000000002,1.0,0.8695652173913043,Model-matched,0
electricity,hgb,treeshap,134,0.012117130125301625,0.86,1.0,0.8099999999999999,Model-matched,0
electricity,hgb,treeshap,135,0.0344248429486096,1.0,1.0,0.8105263157894737,Model-matched,0
electricity,hgb,treeshap,136,0.04063147935897136,0.8399999999999999,1.0,0.888,Model-matched,0
electricity,hgb,treeshap,137,0.09724664950283202,1.0,1.0,0.7904761904761906,Model-matched,0
electricity,hgb,treeshap,138,0.03202084562870786,0.86,1.0,0.8400000000000001,Model-matched,0
electricity,hgb,treeshap,139,0.03125504826900988,0.8400000000000001,1.0,0.8,Model-matched,0
electricity,hgb,treeshap,140,0.0008707014166983598,0.7999999999999999,1.0,0.7304347826086957,Model-matched,1
electricity,hgb,treeshap,141,0.02843775627208583,0.92,1.0,0.84,Model-matched,0
electricity,hgb,treeshap,142,0.07689221872219364,0.8800000000000001,1.0,0.65,Model-matched,0
electricity,hgb,treeshap,143,0.03732156691771171,0.82,1.0,0.7545454545454546,Model-matched,0
electricity,hgb,treeshap,144,0.01255611928598106,0.8800000000000001,1.0,0.8250000000000001,Model-matched,0
electricity,hgb,treeshap,145,0.032321547323769025,0.82,1.0,0.790909090909091,Model-matched,0
electricity,hgb,treeshap,146,0.008453451327183226,0.82,1.0,0.8079999999999999,Model-matched,0
electricity,hgb,treeshap,147,0.0036459323565641564,0.7799999999999999,1.0,0.76,Model-matched,1
electricity,hgb,treeshap,148,0.00045357141983130725,1.0,1.0,0.7833333333333333,Model-matched,0
electricity,hgb,treeshap,149,0.023008787805795027,0.9200000000000002,1.0,0.7040000000000001,Model-matched,0
electricity,hgb,treeshap,150,0.03510711643554962,0.92,1.0,0.8347826086956521,Model-matched,0
electricity,hgb,treeshap,151,0.0017606362594336416,0.8400000000000001,1.0,0.7666666666666667,Model-matched,0
electricity,hgb,treeshap,152,0.0007043343940729022,0.86,1.0,0.8615384615384616,Model-matched,0
electricity,hgb,treeshap,153,0.053725481796769003,0.7799999999999999,1.0,0.6777777777777777,Model-matched,1
electricity,hgb,treeshap,154,0.006316848938427114,0.8399999999999999,1.0,0.7360000000000001,Model-matched,0
electricity,hgb,treeshap,155,0.010760124084296486,0.7999999999999999,1.0,0.8000000000000002,Model-matched,1
electricity,hgb,treeshap,156,0.3792587153151905,0.8399999999999999,1.0,0.676923076923077,Model-matched,0
electricity,hgb,treeshap,157,0.04591762146981631,0.9200000000000002,1.0,0.8240000000000001,Model-matched,0
electricity,hgb,treeshap,158,0.02525324319557804,0.8399999999999999,1.0,0.8,Model-matched,0
electricity,hgb,treeshap,159,0.007239257252930976,0.7,1.0,0.736,Model-matched,1
electricity,hgb,treeshap,160,0.014423323027354103,0.8400000000000001,1.0,0.7428571428571429,Model-matched,0
electricity,hgb,treeshap,161,0.026560184114154888,0.92,1.0,0.792,Model-matched,0
electricity,hgb,treeshap,162,0.01951840506195003,0.8800000000000001,1.0,0.7440000000000001,Model-matched,0
electricity,hgb,treeshap,163,0.021758179479872117,0.7999999999999999,1.0,0.7176470588235295,Model-matched,1
electricity,hgb,treeshap,164,0.025710279755333593,0.92,1.0,0.7333333333333334,Model-matched,0
electricity,hgb,treeshap,165,0.0007779298338908989,0.8400000000000001,1.0,0.7916666666666666,Model-matched,0
electricity,hgb,treeshap,166,0.0023086027157149707,0.7999999999999999,1.0,0.75,Model-matched,1
electricity,hgb,treeshap,167,0.04018714584426909,1.0,1.0,0.8444444444444446,Model-matched,0
electricity,hgb,treeshap,168,0.016362351906056942,0.8800000000000001,1.0,0.848,Model-matched,0
electricity,hgb,treeshap,169,0.0069004466260326695,0.8799999999999999,1.0,0.76,Model-matched,0
electricity,hgb,treeshap,170,0.11720617225232925,0.92,1.0,0.7571428571428571,Model-matched,0
electricity,hgb,treeshap,171,0.04657728775074236,0.8400000000000001,1.0,0.7777777777777778,Model-matched,0
electricity,hgb,treeshap,172,0.011711193443701015,0.7999999999999999,1.0,0.6545454545454545,Model-matched,1
electricity,hgb,treeshap,173,0.034667420968877066,1.0,1.0,0.8160000000000001,Model-matched,0
electricity,hgb,treeshap,174,0.0038201994613508866,0.7799999999999999,1.0,0.752,Model-matched,1
electricity,hgb,treeshap,175,0.0340870925858392,0.92,1.0,0.7714285714285714,Model-matched,0
electricity,hgb,treeshap,176,0.01666055223841603,0.8399999999999999,1.0,0.76,Model-matched,0
electricity,hgb,treeshap,177,0.11814515796527103,1.0,1.0,0.8400000000000001,Model-matched,0
electricity,hgb,treeshap,178,0.029795877884108268,0.8800000000000001,1.0,0.8235294117647058,Model-matched,0
electricity,hgb,treeshap,179,0.08881271258415299,0.7999999999999999,1.0,0.8079999999999999,Model-matched,1
electricity,hgb,treeshap,180,0.013777521015535072,0.8399999999999999,1.0,0.76,Model-matched,0
electricity,hgb,treeshap,181,0.03693823628010107,0.82,1.0,0.8,Model-matched,0
electricity,hgb,treeshap,182,0.010599266470663308,0.8799999999999999,1.0,0.7478260869565218,Model-matched,0
electricity,hgb,treeshap,183,0.024796341118732697,0.74,1.0,0.6823529411764706,Model-matched,1
electricity,hgb,treeshap,184,0.1647913624955831,0.7999999999999999,1.0,0.8,Model-matched,1
electricity,hgb,treeshap,185,0.03820441051516414,1.0,1.0,0.72,Model-matched,0
electricity,hgb,treeshap,186,0.03791191581869037,0.92,1.0,0.8240000000000001,Model-matched,0
electricity,hgb,treeshap,187,0.054463374881547164,0.9200000000000002,1.0,0.84,Model-matched,0
electricity,hgb,treeshap,188,0.0027219041767457546,0.7599999999999999,1.0,0.7652173913043478,Model-matched,1
electricity,hgb,treeshap,189,0.06235360321280928,0.82,1.0,0.8090909090909091,Model-matched,0
electricity,hgb,treeshap,190,0.11592888166661389,1.0,1.0,0.8545454545454546,Model-matched,0
electricity,hgb,treeshap,191,0.11242275141147812,0.8800000000000001,1.0,0.78,Model-matched,0
electricity,hgb,treeshap,192,0.017723656502939524,0.86,1.0,0.67,Model-matched,0
electricity,hgb,treeshap,193,0.0003067478077866775,0.82,1.0,0.725,Model-matched,0
electricity,hgb,treeshap,194,0.00038027179139248725,0.72,1.0,0.728,Model-matched,1
electricity,hgb,treeshap,195,0.05702668273068531,0.92,1.0,0.8583333333333334,Model-matched,0
electricity,hgb,treeshap,196,0.01676672372726921,0.72,1.0,0.7666666666666666,Model-matched,1
electricity,hgb,treeshap,197,0.009608451799920122,0.74,1.0,0.7666666666666667,Model-matched,1
electricity,hgb,treeshap,198,0.04592258041986705,0.8400000000000001,1.0,0.7666666666666666,Model-matched,0
electricity,hgb,treeshap,199,0.047309562865940256,0.86,1.0,0.8166666666666668,Model-matched,0
electricity,hgb,treeshap,200,0.07231200487861758,0.86,1.0,1.0,Model-matched,0
electricity,hgb,treeshap,201,0.018285273088962283,1.0,1.0,1.0,Model-matched,0
electricity,hgb,treeshap,202,0.025943343736784225,0.92,1.0,1.0,Model-matched,0
electricity,hgb,treeshap,203,0.01078937895017352,0.8800000000000001,1.0,1.0,Model-matched,0
electricity,hgb,treeshap,204,0.06292118651732777,0.8399999999999999,1.0,1.0,Model-matched,0
electricity,hgb,treeshap,205,0.11812907987851758,0.86,1.0,1.0,Model-matched,0
electricity,hgb,treeshap,206,0.08574062864626908,0.9200000000000002,1.0,1.0,Model-matched,0
electricity,hgb,treeshap,207,0.010279583243350337,0.8400000000000001,1.0,1.0,Model-matched,0
electricity,hgb,treeshap,208,0.08480867953991464,0.8799999999999999,1.0,1.0,Model-matched,0
electricity,hgb,treeshap,209,0.03495544376690829,0.92,1.0,1.0,Model-matched,0
electricity,hgb,treeshap,210,0.022178683705689962,0.8399999999999999,1.0,1.0,Model-matched,0
electricity,hgb,treeshap,211,0.01772916506054951,0.82,1.0,1.0,Model-matched,0
electricity,hgb,treeshap,212,0.08332916817232629,0.72,1.0,1.0,Model-matched,1
electricity,hgb,treeshap,213,0.005741454896891061,0.92,1.0,1.0,Model-matched,0
electricity,hgb,treeshap,214,0.13781382317914476,0.86,1.0,1.0,Model-matched,0
electricity,hgb,treeshap,215,0.01773829345603653,0.86,1.0,1.0,Model-matched,0
electricity,hgb,treeshap,216,0.004409126007758668,0.7799999999999999,1.0,1.0,Model-matched,1
electricity,hgb,treeshap,217,0.006978092008292843,0.8399999999999999,1.0,1.0,Model-matched,0
electricity,hgb,treeshap,218,0.08647089109117267,0.92,1.0,1.0,Model-matched,0
electricity,hgb,treeshap,219,0.0129365793133638,0.7999999999999999,1.0,1.0,Model-matched,1
electricity,hgb,treeshap,220,0.011706448539834493,0.92,1.0,1.0,Model-matched,0
electricity,hgb,treeshap,221,0.003692949093486034,0.8400000000000001,1.0,1.0,Model-matched,0
electricity,hgb,treeshap,222,0.0005978206422555993,0.7999999999999999,1.0,1.0,Model-matched,1
electricity,hgb,treeshap,223,0.005166181818620436,0.8400000000000001,1.0,1.0,Model-matched,0
electricity,hgb,treeshap,224,0.04045387801862636,1.0,1.0,1.0,Model-matched,0
electricity,hgb,treeshap,225,0.048760461333453325,0.9200000000000002,1.0,1.0,Model-matched,0
electricity,hgb,treeshap,226,0.012460978267834884,0.8400000000000001,1.0,1.0,Model-matched,0
electricity,hgb,treeshap,227,0.04652924884842851,1.0,1.0,1.0,Model-matched,0
electricity,hgb,treeshap,228,0.03966328545427606,0.86,1.0,1.0,Model-matched,0
electricity,hgb,treeshap,229,0.00413783971724342,0.7999999999999999,1.0,1.0,Model-matched,1
electricity,hgb,treeshap,230,0.022062548198055986,0.86,1.0,1.0,Model-matched,0
electricity,hgb,treeshap,231,0.018387196732764326,0.8400000000000001,1.0,1.0,Model-matched,0
electricity,hgb,treeshap,232,0.005448449507493846,0.92,1.0,1.0,Model-matched,0
electricity,hgb,treeshap,233,0.03824357113104237,0.86,1.0,1.0,Model-matched,0
electricity,hgb,treeshap,234,0.006231219488759,0.8400000000000001,1.0,1.0,Model-matched,0
electricity,hgb,treeshap,235,0.028717764410051166,0.8399999999999999,1.0,1.0,Model-matched,0
electricity,hgb,treeshap,236,0.035232172037129444,0.8799999999999999,1.0,1.0,Model-matched,0
electricity,hgb,treeshap,237,0.010033769346073087,0.8,1.0,1.0,Model-matched,0
electricity,hgb,treeshap,238,0.0006788111097453463,0.6599999999999999,1.0,1.0,Model-matched,1
electricity,hgb,treeshap,239,0.0528776448109009,0.9200000000000002,1.0,1.0,Model-matched,0
electricity,hgb,treeshap,240,0.03713074414522786,0.8400000000000001,1.0,1.0,Model-matched,0
electricity,hgb,treeshap,241,0.0014914427566804845,0.86,1.0,1.0,Model-matched,0
electricity,hgb,treeshap,242,0.044113901280364964,0.86,1.0,1.0,Model-matched,0
electricity,hgb,treeshap,243,0.0011980447334293774,0.8,1.0,1.0,Model-matched,0
electricity,hgb,treeshap,244,0.017780494210925424,0.92,1.0,1.0,Model-matched,0
electricity,hgb,treeshap,245,0.011701125050631547,1.0,1.0,1.0,Model-matched,0
electricity,hgb,treeshap,246,0.18541586307434071,1.0,1.0,1.0,Model-matched,0
electricity,hgb,treeshap,247,0.01112843649233992,0.8399999999999999,1.0,1.0,Model-matched,0
electricity,hgb,treeshap,248,0.00956739011075584,0.92,1.0,1.0,Model-matched,0
electricity,hgb,treeshap,249,0.007772082230070182,0.86,1.0,1.0,Model-matched,0
electricity,hgb,treeshap,250,0.031621721824334974,1.0,1.0,1.0,Model-matched,0
electricity,hgb,treeshap,251,0.004232214920995763,0.8400000000000001,1.0,1.0,Model-matched,0
electricity,hgb,treeshap,252,0.08960916063890952,0.86,1.0,1.0,Model-matched,0
electricity,hgb,treeshap,253,0.00794160316861142,0.8800000000000001,1.0,1.0,Model-matched,0
electricity,hgb,treeshap,254,0.010672717886468727,0.7999999999999999,1.0,1.0,Model-matched,1
electricity,hgb,treeshap,255,0.02820019944939077,0.92,1.0,1.0,Model-matched,0
electricity,hgb,treeshap,256,0.061980485877148606,1.0,1.0,1.0,Model-matched,0
electricity,hgb,treeshap,257,0.022621419432635556,0.7999999999999999,1.0,1.0,Model-matched,1
electricity,hgb,treeshap,258,0.005232207429292755,0.8800000000000001,1.0,1.0,Model-matched,0
electricity,hgb,treeshap,259,0.03578348032447033,0.82,1.0,1.0,Model-matched,0
electricity,hgb,treeshap,260,0.045794618479288556,0.92,1.0,1.0,Model-matched,0
electricity,hgb,treeshap,261,0.07031927096268346,0.8400000000000001,1.0,1.0,Model-matched,0
electricity,hgb,treeshap,262,0.26622288854959514,0.76,1.0,1.0,Model-matched,1
electricity,hgb,treeshap,263,0.050835926532432095,0.8400000000000001,1.0,1.0,Model-matched,0
electricity,hgb,treeshap,264,0.020827203507512024,0.8,1.0,1.0,Model-matched,0
electricity,hgb,treeshap,265,0.02422244750011198,0.7999999999999999,1.0,1.0,Model-matched,1
electricity,hgb,treeshap,266,0.027954242812020885,0.86,1.0,1.0,Model-matched,0
electricity,hgb,treeshap,267,0.016438870348397396,0.76,1.0,1.0,Model-matched,1
electricity,hgb,treeshap,268,0.016247347734609854,0.8800000000000001,1.0,1.0,Model-matched,0
electricity,hgb,treeshap,269,0.09634588710435779,1.0,1.0,1.0,Model-matched,0
electricity,hgb,treeshap,270,0.01577027134396317,0.8399999999999999,1.0,1.0,Model-matched,0
electricity,hgb,treeshap,271,0.03539243979568617,0.8400000000000001,1.0,1.0,Model-matched,0
electricity,hgb,treeshap,272,0.05029681762980585,0.86,1.0,1.0,Model-matched,0
electricity,hgb,treeshap,273,0.09538299536322228,0.82,1.0,1.0,Model-matched,0
electricity,hgb,treeshap,274,0.02003155111143182,0.8800000000000001,1.0,1.0,Model-matched,0
electricity,hgb,treeshap,275,0.05264064217491577,0.7799999999999999,1.0,1.0,Model-matched,1
electricity,hgb,treeshap,276,0.012798099437060478,0.86,1.0,1.0,Model-matched,0
electricity,hgb,treeshap,277,0.011702776113063583,0.7799999999999999,1.0,1.0,Model-matched,1
electricity,hgb,treeshap,278,0.007716868760637702,0.7999999999999999,1.0,1.0,Model-matched,1
electricity,hgb,treeshap,279,0.012125137639019842,0.8399999999999999,1.0,1.0,Model-matched,0
electricity,hgb,treeshap,280,0.030649628982151685,0.8400000000000001,1.0,1.0,Model-matched,0
electricity,hgb,treeshap,281,0.004943030770312313,0.7999999999999999,1.0,1.0,Model-matched,1
electricity,hgb,treeshap,282,0.0043343044143077806,0.6799999999999999,1.0,1.0,Model-matched,1
electricity,hgb,treeshap,283,0.037198800379656886,0.86,1.0,1.0,Model-matched,0
electricity,hgb,treeshap,284,0.05635918197840355,0.86,1.0,1.0,Model-matched,0
electricity,hgb,treeshap,285,0.011466341284284837,0.8799999999999999,1.0,1.0,Model-matched,0
electricity,hgb,treeshap,286,0.022341684628957532,0.92,1.0,1.0,Model-matched,0
electricity,hgb,treeshap,287,0.003395514538536037,0.86,1.0,1.0,Model-matched,0
electricity,hgb,treeshap,288,0.06479689314517481,0.8399999999999999,1.0,1.0,Model-matched,0
electricity,hgb,treeshap,289,0.047335207974246264,0.8800000000000001,1.0,1.0,Model-matched,0
electricity,hgb,treeshap,290,0.01720681597338255,0.8800000000000001,1.0,1.0,Model-matched,0
electricity,hgb,treeshap,291,0.038214010621694425,0.76,1.0,1.0,Model-matched,1
electricity,hgb,treeshap,292,0.012358964867546535,0.8800000000000001,1.0,1.0,Model-matched,0
electricity,hgb,treeshap,293,0.14660381075201184,1.0,1.0,1.0,Model-matched,0
electricity,hgb,treeshap,294,0.035880846500937,0.8399999999999999,1.0,1.0,Model-matched,0
electricity,hgb,treeshap,295,0.08692133156103407,0.8399999999999999,1.0,1.0,Model-matched,0
electricity,hgb,treeshap,296,0.03358044164272625,0.86,1.0,1.0,Model-matched,0
electricity,hgb,treeshap,297,0.07777020676066813,0.8800000000000001,1.0,1.0,Model-matched,0
electricity,hgb,treeshap,298,0.030605833733705262,0.86,1.0,1.0,Model-matched,0
electricity,hgb,treeshap,299,0.1293307491761964,0.9200000000000002,1.0,1.0,Model-matched,0
electricity,hgb,treeshap,300,0.0013121129588859978,0.7199999999999999,1.0,1.0,Model-matched,1
electricity,hgb,treeshap,301,0.00036958309445671327,0.8800000000000001,1.0,1.0,Model-matched,0
electricity,hgb,treeshap,302,0.006609723864924984,0.8399999999999999,1.0,1.0,Model-matched,0
electricity,hgb,treeshap,303,0.005405625376544919,0.86,1.0,1.0,Model-matched,0
electricity,hgb,treeshap,304,0.03484654804444888,0.82,1.0,1.0,Model-matched,0
electricity,hgb,treeshap,305,0.0015418968292431401,0.8800000000000001,1.0,1.0,Model-matched,0
electricity,hgb,treeshap,306,0.07311167493304332,0.8400000000000001,1.0,1.0,Model-matched,0
electricity,hgb,treeshap,307,0.020901574673732277,0.86,1.0,1.0,Model-matched,0
electricity,hgb,treeshap,308,0.0052288518233195615,1.0,1.0,1.0,Model-matched,0
electricity,hgb,treeshap,309,0.0764195876670124,0.8400000000000001,1.0,1.0,Model-matched,0
electricity,hgb,treeshap,310,0.05788903171138905,0.72,1.0,1.0,Model-matched,1
electricity,hgb,treeshap,311,0.036314036051389914,0.86,1.0,1.0,Model-matched,0
electricity,hgb,treeshap,312,0.05364926626179358,0.7999999999999999,1.0,1.0,Model-matched,1
electricity,hgb,treeshap,313,0.005827146893079576,0.86,1.0,1.0,Model-matched,0
electricity,hgb,treeshap,314,0.002417521816163604,0.8400000000000001,1.0,1.0,Model-matched,0
electricity,hgb,treeshap,315,0.023499713683341583,0.7999999999999999,1.0,1.0,Model-matched,1
electricity,hgb,treeshap,316,0.05683605025823212,0.86,1.0,1.0,Model-matched,0
electricity,hgb,treeshap,317,0.014921702861843487,0.8800000000000001,1.0,1.0,Model-matched,0
electricity,hgb,treeshap,318,0.058161014496075,0.86,1.0,1.0,Model-matched,0
electricity,hgb,treeshap,319,0.07297423307388606,0.8800000000000001,1.0,1.0,Model-matched,0
electricity,hgb,treeshap,320,0.1796155941249093,0.8800000000000001,1.0,1.0,Model-matched,0
electricity,hgb,treeshap,321,0.0884242790279257,0.8399999999999999,1.0,1.0,Model-matched,0
electricity,hgb,treeshap,322,0.038629619641818734,0.92,1.0,1.0,Model-matched,0
electricity,hgb,treeshap,323,0.4023199441715289,0.92,1.0,1.0,Model-matched,0
electricity,hgb,treeshap,324,0.05601700134056953,0.86,1.0,1.0,Model-matched,0
electricity,hgb,treeshap,325,0.004719571195761634,0.72,1.0,1.0,Model-matched,1
electricity,hgb,treeshap,326,0.050513969145346685,0.86,1.0,1.0,Model-matched,0
electricity,hgb,treeshap,327,0.017233043044051603,0.92,1.0,1.0,Model-matched,0
electricity,hgb,treeshap,328,0.06314048445366582,0.8400000000000001,1.0,1.0,Model-matched,0
electricity,hgb,treeshap,329,0.01016971416612363,0.7599999999999999,1.0,1.0,Model-matched,1
electricity,hgb,treeshap,330,0.030055020211026844,0.72,1.0,1.0,Model-matched,1
electricity,hgb,treeshap,331,0.07497093966285295,0.8800000000000001,1.0,1.0,Model-matched,0
electricity,hgb,treeshap,332,0.07682158691761258,0.8399999999999999,1.0,1.0,Model-matched,0
electricity,hgb,treeshap,333,0.03265491711409918,0.7999999999999999,1.0,1.0,Model-matched,1
electricity,hgb,treeshap,334,0.014609858499995194,0.8399999999999999,1.0,1.0,Model-matched,0
electricity,hgb,treeshap,335,0.03731627894109859,0.86,1.0,1.0,Model-matched,0
electricity,hgb,treeshap,336,0.08826555697216648,0.8400000000000001,1.0,1.0,Model-matched,0
electricity,hgb,treeshap,337,0.01035908473412871,0.86,1.0,1.0,Model-matched,0
electricity,hgb,treeshap,338,0.04485809904208026,0.9200000000000002,1.0,1.0,Model-matched,0
electricity,hgb,treeshap,339,0.06501371341724005,0.74,1.0,1.0,Model-matched,1
electricity,hgb,treeshap,340,0.004734817951978927,0.8400000000000001,1.0,1.0,Model-matched,0
electricity,hgb,treeshap,341,0.03835304769103254,0.7599999999999999,1.0,1.0,Model-matched,1
electricity,hgb,treeshap,342,0.018967855731604186,0.7799999999999999,1.0,1.0,Model-matched,1
electricity,hgb,treeshap,343,0.09434323118280837,0.8400000000000001,1.0,1.0,Model-matched,0
electricity,hgb,treeshap,344,0.05169859932723119,0.8800000000000001,1.0,1.0,Model-matched,0
electricity,hgb,treeshap,345,0.02227124867914789,0.8400000000000001,1.0,1.0,Model-matched,0
electricity,hgb,treeshap,346,0.01670480703582963,0.8400000000000001,1.0,1.0,Model-matched,0
electricity,hgb,treeshap,347,0.02485332169288018,0.74,1.0,1.0,Model-matched,1
electricity,hgb,treeshap,348,0.03200020443631052,0.92,1.0,1.0,Model-matched,0
electricity,hgb,treeshap,349,0.12707877455182798,0.8399999999999999,1.0,1.0,Model-matched,0
electricity,hgb,treeshap,350,0.0007280400720600602,0.7999999999999999,1.0,1.0,Model-matched,1
electricity,hgb,treeshap,351,0.14444471372825754,0.92,1.0,1.0,Model-matched,0
electricity,hgb,treeshap,352,0.025463788293800565,0.8400000000000001,1.0,1.0,Model-matched,0
electricity,hgb,treeshap,353,0.022957458211921584,0.7599999999999999,1.0,1.0,Model-matched,1
electricity,hgb,treeshap,354,0.05424761355229085,1.0,1.0,1.0,Model-matched,0
electricity,hgb,treeshap,355,0.07621334953950949,0.7799999999999999,1.0,1.0,Model-matched,1
electricity,hgb,treeshap,356,0.01647322451736981,0.8800000000000001,1.0,1.0,Model-matched,0
electricity,hgb,treeshap,357,0.2212113257751334,0.92,1.0,1.0,Model-matched,0
electricity,hgb,treeshap,358,0.058826530198405676,0.8799999999999999,1.0,1.0,Model-matched,0
electricity,hgb,treeshap,359,0.01821684398934563,0.7999999999999999,1.0,1.0,Model-matched,1
electricity,hgb,treeshap,360,0.007080417515812797,0.8799999999999999,1.0,1.0,Model-matched,0
electricity,hgb,treeshap,361,0.11032170228880502,0.92,1.0,1.0,Model-matched,0
electricity,hgb,treeshap,362,0.017643062237751795,0.8400000000000001,1.0,1.0,Model-matched,0
electricity,hgb,treeshap,363,0.006067094972667596,0.7599999999999999,1.0,1.0,Model-matched,1
electricity,hgb,treeshap,364,9.335029154909545e-05,0.86,1.0,1.0,Model-matched,0
electricity,hgb,treeshap,365,0.021247359055417237,0.7599999999999999,1.0,1.0,Model-matched,1
electricity,hgb,treeshap,366,0.21024862710261,1.0,1.0,1.0,Model-matched,0
electricity,hgb,treeshap,367,0.02390530647444025,0.8800000000000001,1.0,1.0,Model-matched,0
electricity,hgb,treeshap,368,0.010631785012243182,0.92,1.0,1.0,Model-matched,0
electricity,hgb,treeshap,369,0.028945743583794575,0.8399999999999999,1.0,1.0,Model-matched,0
electricity,hgb,treeshap,370,0.01960497194199826,0.8400000000000001,1.0,1.0,Model-matched,0
electricity,hgb,treeshap,371,0.041140432514078375,0.8,1.0,1.0,Model-matched,0
electricity,hgb,treeshap,372,0.05563894428226082,0.8399999999999999,1.0,1.0,Model-matched,0
electricity,hgb,treeshap,373,0.009203428813192176,0.8399999999999999,1.0,1.0,Model-matched,0
electricity,hgb,treeshap,374,0.006444814557847022,0.78,1.0,1.0,Model-matched,1
electricity,hgb,treeshap,375,0.1343119579605141,1.0,1.0,1.0,Model-matched,0
electricity,hgb,treeshap,376,0.03956012577850202,0.8399999999999999,1.0,1.0,Model-matched,0
electricity,hgb,treeshap,377,0.20888161168608851,0.9200000000000002,1.0,1.0,Model-matched,0
electricity,hgb,treeshap,378,0.006905043809276173,0.8799999999999999,1.0,1.0,Model-matched,0
electricity,hgb,treeshap,379,0.010784187512936238,0.92,1.0,1.0,Model-matched,0
electricity,hgb,treeshap,380,0.24970408061985155,0.92,1.0,1.0,Model-matched,0
electricity,hgb,treeshap,381,0.03941602458398028,0.76,1.0,1.0,Model-matched,1
electricity,hgb,treeshap,382,0.07212323021457918,0.8399999999999999,1.0,1.0,Model-matched,0
electricity,hgb,treeshap,383,0.01905529784751056,0.8399999999999999,1.0,1.0,Model-matched,0
electricity,hgb,treeshap,384,0.04143901045718073,0.8799999999999999,1.0,1.0,Model-matched,0
electricity,hgb,treeshap,385,0.013056497371596577,0.78,1.0,1.0,Model-matched,1
electricity,hgb,treeshap,386,0.09789586975950182,0.92,1.0,1.0,Model-matched,0
electricity,hgb,treeshap,387,0.04358320120728496,0.86,1.0,1.0,Model-matched,0
electricity,hgb,treeshap,388,0.0348067401173868,0.7999999999999999,1.0,1.0,Model-matched,1
electricity,hgb,treeshap,389,0.023736809099623706,0.72,1.0,1.0,Model-matched,1
electricity,hgb,treeshap,390,0.004446513305260966,0.92,1.0,1.0,Model-matched,0
electricity,hgb,treeshap,391,0.015012961438587364,0.76,1.0,1.0,Model-matched,1
electricity,hgb,treeshap,392,0.01291691871101843,0.8800000000000001,1.0,1.0,Model-matched,0
electricity,hgb,treeshap,393,0.02691582604769299,0.92,1.0,1.0,Model-matched,0
electricity,hgb,treeshap,394,0.00039930745841061833,0.8399999999999999,1.0,1.0,Model-matched,0
electricity,hgb,treeshap,395,0.06803847520918702,1.0,1.0,1.0,Model-matched,0
electricity,hgb,treeshap,396,0.012508451044191309,0.8400000000000001,1.0,1.0,Model-matched,0
electricity,hgb,treeshap,397,0.003013786158303097,0.8399999999999999,1.0,1.0,Model-matched,0
electricity,hgb,treeshap,398,0.002916548152911322,0.82,1.0,1.0,Model-matched,0
electricity,hgb,treeshap,399,0.05759006723689079,0.8800000000000001,1.0,1.0,Model-matched,0
electricity,hgb,treeshap,400,0.02569478649893609,0.92,1.0,1.0,Model-matched,0
electricity,hgb,treeshap,401,2.6689442957609467e-05,0.92,1.0,1.0,Model-matched,0
electricity,hgb,treeshap,402,0.011574400748447608,0.7599999999999999,1.0,1.0,Model-matched,1
electricity,hgb,treeshap,403,0.15863108471805498,0.8400000000000001,1.0,1.0,Model-matched,0
electricity,hgb,treeshap,404,0.012680307148255188,0.76,1.0,1.0,Model-matched,1
electricity,hgb,treeshap,405,0.02434356334469905,0.8400000000000001,1.0,1.0,Model-matched,0
electricity,hgb,treeshap,406,0.01769884195477144,0.86,1.0,1.0,Model-matched,0
electricity,hgb,treeshap,407,0.05479561800063841,0.86,1.0,1.0,Model-matched,0
electricity,hgb,treeshap,408,0.09381859112485763,0.86,1.0,1.0,Model-matched,0
electricity,hgb,treeshap,409,0.008020566478296168,0.7399999999999999,1.0,1.0,Model-matched,1
electricity,hgb,treeshap,410,0.07061070938985563,0.8399999999999999,1.0,1.0,Model-matched,0
electricity,hgb,treeshap,411,0.048019351291211286,1.0,1.0,1.0,Model-matched,0
electricity,hgb,treeshap,412,0.02714732039100114,0.7999999999999999,1.0,1.0,Model-matched,1
electricity,hgb,treeshap,413,0.031029170703388363,0.8800000000000001,1.0,1.0,Model-matched,0
electricity,hgb,treeshap,414,0.040306329373014274,0.74,1.0,1.0,Model-matched,1
electricity,hgb,treeshap,415,0.005958094673692736,0.9200000000000002,1.0,1.0,Model-matched,0
electricity,hgb,treeshap,416,0.013433750201010045,0.86,1.0,1.0,Model-matched,0
electricity,hgb,treeshap,417,0.07522685322602289,0.7999999999999999,1.0,1.0,Model-matched,1
electricity,hgb,treeshap,418,0.07199665134669804,1.0,1.0,1.0,Model-matched,0
electricity,hgb,treeshap,419,0.08641194816017429,0.8400000000000001,1.0,1.0,Model-matched,0
electricity,hgb,treeshap,420,0.061480352425322064,0.7999999999999999,1.0,1.0,Model-matched,1
electricity,hgb,treeshap,421,0.014683291237283388,0.7999999999999999,1.0,1.0,Model-matched,1
electricity,hgb,treeshap,422,0.06065690651096225,0.8800000000000001,1.0,1.0,Model-matched,0
electricity,hgb,treeshap,423,0.07707431037270762,0.7199999999999999,1.0,1.0,Model-matched,1
electricity,hgb,treeshap,424,0.06370151281393358,0.86,1.0,1.0,Model-matched,0
electricity,hgb,treeshap,425,0.004063756481527203,0.8399999999999999,1.0,1.0,Model-matched,0
electricity,hgb,treeshap,426,0.008773124476650712,0.7000000000000001,1.0,1.0,Model-matched,1
electricity,hgb,treeshap,427,0.040514398266506865,0.8399999999999999,1.0,1.0,Model-matched,0
electricity,hgb,treeshap,428,0.006388891368947312,0.7799999999999999,1.0,1.0,Model-matched,1
electricity,hgb,treeshap,429,0.040083002366848204,0.8799999999999999,1.0,1.0,Model-matched,0
electricity,hgb,treeshap,430,0.05018799267063902,0.7999999999999999,1.0,1.0,Model-matched,1
electricity,hgb,treeshap,431,0.00365092062226473,0.7199999999999999,1.0,1.0,Model-matched,1
electricity,hgb,treeshap,432,0.03065005082958066,0.86,1.0,1.0,Model-matched,0
electricity,hgb,treeshap,433,0.060647794812292544,0.92,1.0,1.0,Model-matched,0
electricity,hgb,treeshap,434,0.010044009600025014,0.86,1.0,1.0,Model-matched,0
electricity,hgb,treeshap,435,0.05372281837456461,0.8800000000000001,1.0,1.0,Model-matched,0
electricity,hgb,treeshap,436,0.003072945331772846,0.8800000000000001,1.0,1.0,Model-matched,0
electricity,hgb,treeshap,437,0.0300516552492822,0.8399999999999999,1.0,1.0,Model-matched,0
electricity,hgb,treeshap,438,0.03515523078020967,1.0,1.0,1.0,Model-matched,0
electricity,hgb,treeshap,439,0.056410345431800187,0.7999999999999999,1.0,1.0,Model-matched,1
electricity,hgb,treeshap,440,0.029880454672098804,0.8400000000000001,1.0,1.0,Model-matched,0
electricity,hgb,treeshap,441,0.03127903245818389,1.0,1.0,1.0,Model-matched,0
electricity,hgb,treeshap,442,0.01786728640717892,0.72,1.0,1.0,Model-matched,1
electricity,hgb,treeshap,443,0.010298822455918427,0.86,1.0,1.0,Model-matched,0
electricity,hgb,treeshap,444,0.08895601052486699,1.0,1.0,1.0,Model-matched,0
electricity,hgb,treeshap,445,0.028218936016178215,0.8400000000000001,1.0,1.0,Model-matched,0
electricity,hgb,treeshap,446,0.013994850039091941,0.8400000000000001,1.0,1.0,Model-matched,0
electricity,hgb,treeshap,447,0.005225858950502763,0.82,1.0,1.0,Model-matched,0
electricity,hgb,treeshap,448,0.015264207779467865,0.8399999999999999,1.0,1.0,Model-matched,0
electricity,hgb,treeshap,449,0.0711177201288826,0.8800000000000001,1.0,1.0,Model-matched,0
electricity,hgb,treeshap,450,0.025928670069144615,0.7199999999999999,1.0,1.0,Model-matched,1
electricity,hgb,treeshap,451,0.12208311979348313,1.0,1.0,1.0,Model-matched,0
electricity,hgb,treeshap,452,0.19021386008231794,0.8400000000000001,1.0,1.0,Model-matched,0
electricity,hgb,treeshap,453,0.04611249346232928,0.92,1.0,1.0,Model-matched,0
electricity,hgb,treeshap,454,0.05045150126690782,1.0,1.0,1.0,Model-matched,0
electricity,hgb,treeshap,455,0.06769416473526374,0.92,1.0,1.0,Model-matched,0
electricity,hgb,treeshap,456,0.07534394675840497,0.86,1.0,1.0,Model-matched,0
electricity,hgb,treeshap,457,0.04300269969989168,1.0,1.0,1.0,Model-matched,0
electricity,hgb,treeshap,458,0.02672619162540644,0.92,1.0,1.0,Model-matched,0
electricity,hgb,treeshap,459,0.005011194951625894,0.8400000000000001,1.0,1.0,Model-matched,0
electricity,hgb,treeshap,460,0.026721988051809396,0.86,1.0,1.0,Model-matched,0
electricity,hgb,treeshap,461,0.019297373521173625,0.8400000000000001,1.0,1.0,Model-matched,0
electricity,hgb,treeshap,462,0.045718386522685235,0.8400000000000001,1.0,1.0,Model-matched,0
electricity,hgb,treeshap,463,0.0914988407510315,0.86,1.0,1.0,Model-matched,0
electricity,hgb,treeshap,464,0.02251778345862793,0.8800000000000001,1.0,1.0,Model-matched,0
electricity,hgb,treeshap,465,0.02403837411022566,0.8399999999999999,1.0,1.0,Model-matched,0
electricity,hgb,treeshap,466,0.20622104225779658,0.9200000000000002,1.0,1.0,Model-matched,0
electricity,hgb,treeshap,467,0.05373403822083592,0.8400000000000001,1.0,1.0,Model-matched,0
electricity,hgb,treeshap,468,0.007835786928627584,0.8799999999999999,1.0,1.0,Model-matched,0
electricity,hgb,treeshap,469,0.07317355335328106,1.0,1.0,1.0,Model-matched,0
electricity,hgb,treeshap,470,0.028291941971775675,0.8400000000000001,1.0,1.0,Model-matched,0
electricity,hgb,treeshap,471,0.06021014192687972,0.86,1.0,1.0,Model-matched,0
electricity,hgb,treeshap,472,0.0882181045007295,0.92,1.0,1.0,Model-matched,0
electricity,hgb,treeshap,473,0.004037134518312685,0.8400000000000001,1.0,1.0,Model-matched,0
electricity,hgb,treeshap,474,0.005443234784912603,0.76,1.0,1.0,Model-matched,1
electricity,hgb,treeshap,475,0.032990076805448416,0.82,1.0,1.0,Model-matched,0
electricity,hgb,treeshap,476,0.1836243741047303,0.8400000000000001,1.0,1.0,Model-matched,0
electricity,hgb,treeshap,477,0.07275512672194254,0.9200000000000002,1.0,1.0,Model-matched,0
electricity,hgb,treeshap,478,0.06261411563739831,0.8800000000000001,1.0,1.0,Model-matched,0
electricity,hgb,treeshap,479,0.02104525127222262,0.8399999999999999,1.0,1.0,Model-matched,0
electricity,hgb,treeshap,480,0.017069782477498845,0.92,1.0,1.0,Model-matched,0
electricity,hgb,treeshap,481,0.005558669932944603,0.8400000000000001,1.0,1.0,Model-matched,0
electricity,hgb,treeshap,482,0.002112256736921472,0.7599999999999999,1.0,1.0,Model-matched,1
electricity,hgb,treeshap,483,0.014749654002914978,0.86,1.0,1.0,Model-matched,0
electricity,hgb,treeshap,484,0.018184283373290255,0.86,1.0,1.0,Model-matched,0
electricity,hgb,treeshap,485,0.00017507735462642517,0.92,1.0,1.0,Model-matched,0
electricity,hgb,treeshap,486,0.012636932565910905,0.8800000000000001,1.0,1.0,Model-matched,0
electricity,hgb,treeshap,487,0.03491236576519874,0.86,1.0,1.0,Model-matched,0
electricity,hgb,treeshap,488,0.006862369799490906,0.8,1.0,1.0,Model-matched,0
electricity,hgb,treeshap,489,0.006165166428289104,0.9200000000000002,1.0,1.0,Model-matched,0
electricity,hgb,treeshap,490,0.004782712265794026,0.86,1.0,1.0,Model-matched,0
electricity,hgb,treeshap,491,0.06074146865039822,0.92,1.0,1.0,Model-matched,0
electricity,hgb,treeshap,492,0.002355346281427349,0.92,1.0,1.0,Model-matched,0
electricity,hgb,treeshap,493,0.0033922936150282486,0.7999999999999999,1.0,1.0,Model-matched,1
electricity,hgb,treeshap,494,0.005299992655012074,0.8400000000000001,1.0,1.0,Model-matched,0
electricity,hgb,treeshap,495,0.03187498179252582,0.82,1.0,1.0,Model-matched,0
electricity,hgb,treeshap,496,0.05155375482782835,0.86,1.0,1.0,Model-matched,0
electricity,hgb,treeshap,497,0.010411702925727982,0.7999999999999999,1.0,1.0,Model-matched,1
electricity,hgb,treeshap,498,0.009883954949765251,0.86,1.0,1.0,Model-matched,0
electricity,hgb,treeshap,499,0.029151436984815083,0.8399999999999999,1.0,1.0,Model-matched,0
electricity,hgb,lime,0,0.0055776265254435424,0.7999999999999999,0.8,0.7625000000000001,LIME,1
electricity,hgb,lime,1,0.08328659675728814,0.7599999999999999,0.8400000000000001,0.768421052631579,LIME,1
electricity,hgb,lime,2,0.015760857785508633,0.72,0.72,0.7304347826086957,LIME,1
electricity,hgb,lime,3,0.07766497764909877,0.82,0.8400000000000001,0.8400000000000001,LIME,0
electricity,hgb,lime,4,0.009812410253757842,0.8400000000000001,0.76,0.76,LIME,0
electricity,hgb,lime,5,0.1132166455559411,0.7999999999999999,0.76,0.7999999999999999,LIME,1
electricity,hgb,lime,6,0.04609262093148487,0.8400000000000001,0.8,0.8,LIME,0
electricity,hgb,lime,7,0.03916278996272004,0.7599999999999999,0.74,0.75,LIME,1
electricity,hgb,lime,8,0.004718130722393702,0.92,0.8800000000000001,0.8320000000000001,LIME,0
electricity,hgb,lime,9,0.0011256379028380776,0.7399999999999999,0.8400000000000001,0.7833333333333333,LIME,1
electricity,hgb,lime,10,0.008832640445708933,0.76,0.78,0.8,LIME,1
electricity,hgb,lime,11,0.08506335737809369,0.7599999999999999,0.78,0.7411764705882353,LIME,1
electricity,hgb,lime,12,0.12792966939813213,0.6599999999999999,0.8,0.675,LIME,1
electricity,hgb,lime,13,0.009200765243501592,0.72,0.78,0.8173913043478261,LIME,1
electricity,hgb,lime,14,0.008906551964631991,0.92,0.86,0.888,LIME,0
electricity,hgb,lime,15,0.029908932256524114,0.7599999999999999,0.8400000000000001,0.7904761904761906,LIME,1
electricity,hgb,lime,16,0.21502499643906578,0.7599999999999999,0.78,0.7333333333333334,LIME,1
electricity,hgb,lime,17,0.029573179956261464,0.6599999999999999,0.74,0.7181818181818183,LIME,1
electricity,hgb,lime,18,0.0028727696105901187,0.7599999999999999,0.6599999999999999,0.7375,LIME,1
electricity,hgb,lime,19,0.10283195167182874,0.8399999999999999,0.8800000000000001,0.75,LIME,0
electricity,hgb,lime,20,0.06152036190295919,0.7599999999999999,0.74,0.7727272727272727,LIME,1
electricity,hgb,lime,21,0.02582474599783101,0.8399999999999999,0.78,0.8079999999999999,LIME,0
electricity,hgb,lime,22,0.010113642673983902,0.76,0.78,0.7,LIME,1
electricity,hgb,lime,23,0.008885155401455513,0.7999999999999999,0.8200000000000001,0.8315789473684211,LIME,1
electricity,hgb,lime,24,0.03569953560627024,0.76,0.74,0.784,LIME,1
electricity,hgb,lime,25,0.14792505946554432,0.8400000000000001,0.82,0.768421052631579,LIME,0
electricity,hgb,lime,26,0.02353452525256133,0.86,0.8800000000000001,0.773913043478261,LIME,0
electricity,hgb,lime,27,0.04262881856869184,0.7999999999999999,0.8200000000000001,0.7647058823529411,LIME,1
electricity,hgb,lime,28,0.048128809546376466,0.72,0.8200000000000001,0.8666666666666667,LIME,1
electricity,hgb,lime,29,0.050849367180005614,0.7599999999999999,0.86,0.7764705882352941,LIME,1
electricity,hgb,lime,30,0.02871130672887455,0.7399999999999999,0.78,0.77,LIME,1
electricity,hgb,lime,31,0.02201673085638565,0.82,0.78,0.6842105263157895,LIME,0
electricity,hgb,lime,32,0.0036640675240443023,0.8,0.7,0.775,LIME,0
electricity,hgb,lime,33,0.015469710605479177,0.7399999999999999,0.86,0.788235294117647,LIME,1
electricity,hgb,lime,34,0.045259454593433515,0.8,0.9,0.7760000000000001,LIME,0
electricity,hgb,lime,35,0.03815607755511423,0.92,0.8,0.788888888888889,LIME,0
electricity,hgb,lime,36,0.009698095018321098,0.76,0.8200000000000001,0.768,LIME,1
electricity,hgb,lime,37,0.01710945562965441,0.8399999999999999,0.9,0.8416666666666667,LIME,0
electricity,hgb,lime,38,0.005847691494548282,0.7999999999999999,0.78,0.7333333333333334,LIME,1
electricity,hgb,lime,39,0.023016981173875482,0.6799999999999999,0.76,0.6952380952380952,LIME,1
electricity,hgb,lime,40,0.031744416131883155,0.72,0.76,0.78,LIME,1
electricity,hgb,lime,41,0.19294455654364973,0.76,0.8,0.7333333333333334,LIME,1
electricity,hgb,lime,42,0.012361488393185661,0.78,0.74,0.75,LIME,1
electricity,hgb,lime,43,0.00980508803666316,0.6799999999999999,0.6799999999999999,0.7166666666666667,LIME,1
electricity,hgb,lime,44,0.05188028635862265,1.0,0.86,0.8,LIME,0
electricity,hgb,lime,45,0.005542138299530413,0.7399999999999999,0.8,0.7473684210526317,LIME,1
electricity,hgb,lime,46,0.04488827011752458,0.7599999999999999,0.78,0.8250000000000001,LIME,1
electricity,hgb,lime,47,0.0009751872156685498,0.7399999999999999,0.8,0.7360000000000001,LIME,1
electricity,hgb,lime,48,0.07681196394492354,0.7799999999999999,0.76,0.7166666666666667,LIME,1
electricity,hgb,lime,49,0.026298593255836313,0.78,0.78,0.792,LIME,1
electricity,hgb,lime,50,0.0433039832863901,0.92,1.0,1.0,LIME,0
electricity,hgb,lime,51,0.010043091953699028,0.9200000000000002,1.0,1.0,LIME,0
electricity,hgb,lime,52,0.06311075380249354,0.7799999999999999,1.0,1.0,LIME,1
electricity,hgb,lime,53,0.000992468061862348,0.7199999999999999,1.0,1.0,LIME,1
electricity,hgb,lime,54,0.4823307363661954,0.9200000000000002,1.0,1.0,LIME,0
electricity,hgb,lime,55,0.048874804328688994,0.72,1.0,1.0,LIME,1
electricity,hgb,lime,56,0.04638363781226601,0.7999999999999999,1.0,1.0,LIME,1
electricity,hgb,lime,57,0.09100922096349184,0.92,1.0,1.0,LIME,0
electricity,hgb,lime,58,0.01715940596591591,0.7,1.0,1.0,LIME,1
electricity,hgb,lime,59,0.05697907174487301,0.7599999999999999,1.0,1.0,LIME,1
electricity,hgb,lime,60,0.002205234473062812,0.86,1.0,1.0,LIME,0
electricity,hgb,lime,61,0.003543817102648568,0.7799999999999999,1.0,1.0,LIME,1
electricity,hgb,lime,62,0.01323997961782208,0.86,1.0,1.0,LIME,0
electricity,hgb,lime,63,0.004368118890034751,0.7799999999999999,1.0,1.0,LIME,1
electricity,hgb,lime,64,0.01039552564248916,0.7999999999999999,1.0,1.0,LIME,1
electricity,hgb,lime,65,0.026556171240538884,0.8400000000000001,1.0,1.0,LIME,0
electricity,hgb,lime,66,0.02575854423749375,0.72,1.0,1.0,LIME,1
electricity,hgb,lime,67,0.004884855156831091,0.7199999999999999,1.0,1.0,LIME,1
electricity,hgb,lime,68,0.05004604294666268,0.6599999999999999,1.0,1.0,LIME,1
electricity,hgb,lime,69,0.008956324578527387,0.7599999999999999,1.0,1.0,LIME,1
electricity,hgb,lime,70,0.010350241762728486,0.72,1.0,1.0,LIME,1
electricity,hgb,lime,71,0.008168802226794392,0.82,1.0,1.0,LIME,0
electricity,hgb,lime,72,0.028088423641405263,0.86,1.0,1.0,LIME,0
electricity,hgb,lime,73,0.012481765459365987,0.86,1.0,1.0,LIME,0
electricity,hgb,lime,74,0.12694937927976865,0.74,1.0,1.0,LIME,1
electricity,hgb,lime,75,0.04235813285921916,0.6799999999999999,1.0,1.0,LIME,1
electricity,hgb,lime,76,0.010380037696651497,0.7799999999999999,1.0,1.0,LIME,1
electricity,hgb,lime,77,0.4054364818052871,0.8400000000000001,1.0,1.0,LIME,0
electricity,hgb,lime,78,0.009294388153383716,0.72,1.0,1.0,LIME,1
electricity,hgb,lime,79,0.010204167994124725,0.72,1.0,1.0,LIME,1
electricity,hgb,lime,80,0.03688252061454553,0.92,1.0,1.0,LIME,0
electricity,hgb,lime,81,0.009974967590398872,0.7999999999999999,1.0,1.0,LIME,1
electricity,hgb,lime,82,0.062303135389820394,0.6799999999999999,1.0,1.0,LIME,1
electricity,hgb,lime,83,0.04298850089226491,0.7399999999999999,1.0,1.0,LIME,1
electricity,hgb,lime,84,0.009115475648862408,0.7199999999999999,1.0,1.0,LIME,1
electricity,hgb,lime,85,0.018921923924107006,0.86,1.0,1.0,LIME,0
electricity,hgb,lime,86,0.005938903408554676,0.7999999999999999,1.0,1.0,LIME,1
electricity,hgb,lime,87,0.011150068487070251,0.86,1.0,1.0,LIME,0
electricity,hgb,lime,88,0.028829571070777427,0.7,1.0,1.0,LIME,1
electricity,hgb,lime,89,0.0443080167964966,0.7,1.0,1.0,LIME,1
electricity,hgb,lime,90,0.03657311511644587,0.8800000000000001,1.0,1.0,LIME,0
electricity,hgb,lime,91,0.15285161929744048,0.8400000000000001,1.0,1.0,LIME,0
electricity,hgb,lime,92,0.0127418751350131,1.0,1.0,1.0,LIME,0
electricity,hgb,lime,93,0.0029747615243936962,0.7599999999999999,1.0,1.0,LIME,1
electricity,hgb,lime,94,0.09097741594719023,0.78,1.0,1.0,LIME,1
electricity,hgb,lime,95,0.006725931052855574,0.74,1.0,1.0,LIME,1
electricity,hgb,lime,96,0.007554770565855999,0.92,1.0,1.0,LIME,0
electricity,hgb,lime,97,0.011709006736492071,0.7399999999999999,1.0,1.0,LIME,1
electricity,hgb,lime,98,0.029659959253834876,0.76,1.0,1.0,LIME,1
electricity,hgb,lime,99,0.03808059368722124,0.7599999999999999,1.0,1.0,LIME,1
electricity,mlp,ig,0,0.005578714551262868,0.72,1.0,0.9099999999999999,Model-matched,1
electricity,mlp,ig,1,0.00535590880625591,0.8800000000000001,1.0,0.8375,Model-matched,0
electricity,mlp,ig,2,0.012128762738471782,0.92,1.0,0.8,Model-matched,0
electricity,mlp,ig,3,0.053242676986820836,0.74,1.0,0.7818181818181817,Model-matched,1
electricity,mlp,ig,4,0.0033127228437377803,0.86,1.0,0.904,Model-matched,0
electricity,mlp,ig,5,0.00024073784329136573,0.86,1.0,0.8099999999999999,Model-matched,0
electricity,mlp,ig,6,0.08468539036898136,0.8799999999999999,1.0,0.8320000000000001,Model-matched,0
electricity,mlp,ig,7,0.13673762502155534,0.92,1.0,0.9440000000000001,Model-matched,0
electricity,mlp,ig,8,0.010490285156920832,0.8400000000000001,1.0,0.8079999999999999,Model-matched,0
electricity,mlp,ig,9,0.012786673199484094,0.8800000000000001,1.0,0.8125,Model-matched,0
electricity,mlp,ig,10,0.11356423622444618,1.0,1.0,0.888,Model-matched,0
electricity,mlp,ig,11,0.25957834842843736,0.92,1.0,0.8560000000000001,Model-matched,0
electricity,mlp,ig,12,0.011856152280444303,1.0,1.0,0.8095238095238095,Model-matched,0
electricity,mlp,ig,13,0.11102161331709856,0.92,1.0,0.848,Model-matched,0
electricity,mlp,ig,14,0.005906766898449566,0.8799999999999999,1.0,0.792,Model-matched,0
electricity,mlp,ig,15,0.027742307711539176,0.92,1.0,0.848,Model-matched,0
electricity,mlp,ig,16,0.003820988381514811,0.92,1.0,0.8666666666666666,Model-matched,0
electricity,mlp,ig,17,0.01796079332919647,0.7999999999999999,1.0,0.8960000000000001,Model-matched,1
electricity,mlp,ig,18,0.05628954316748927,0.72,1.0,0.8210526315789475,Model-matched,1
electricity,mlp,ig,19,0.10907149295395895,1.0,1.0,0.9047619047619048,Model-matched,0
electricity,mlp,ig,20,0.060314341222238145,0.86,1.0,0.8640000000000001,Model-matched,0
electricity,mlp,ig,21,0.008561976566932843,0.8799999999999999,1.0,0.84,Model-matched,0
electricity,mlp,ig,22,0.01777203650700287,0.86,1.0,0.8117647058823529,Model-matched,0
electricity,mlp,ig,23,0.02597041805223633,0.86,1.0,0.888,Model-matched,0
electricity,mlp,ig,24,0.1449056061819833,0.7999999999999999,1.0,0.8320000000000001,Model-matched,1
electricity,mlp,ig,25,0.16478625722429271,0.9200000000000002,1.0,0.8,Model-matched,0
electricity,mlp,ig,26,0.005011913589746669,0.7599999999999999,1.0,0.904,Model-matched,1
electricity,mlp,ig,27,0.0378626734876484,0.7999999999999999,1.0,0.7833333333333333,Model-matched,1
electricity,mlp,ig,28,0.2044085808202049,0.92,1.0,0.9272727272727272,Model-matched,0
electricity,mlp,ig,29,0.02474878822191003,0.8800000000000001,1.0,0.784,Model-matched,0
electricity,mlp,ig,30,0.06280511195664992,0.86,1.0,0.9125,Model-matched,0
electricity,mlp,ig,31,0.023947338755123247,0.8800000000000001,1.0,0.775,Model-matched,0
electricity,mlp,ig,32,0.010480604190014587,0.72,1.0,0.7058823529411765,Model-matched,1
electricity,mlp,ig,33,0.013205769742537019,0.86,1.0,0.872,Model-matched,0
electricity,mlp,ig,34,0.0024316880475250113,0.7399999999999999,1.0,0.84,Model-matched,1
electricity,mlp,ig,35,0.1717881397450403,0.7599999999999999,1.0,0.8166666666666668,Model-matched,1
electricity,mlp,ig,36,0.010261718969954692,0.7799999999999999,1.0,0.848,Model-matched,1
electricity,mlp,ig,37,0.010081858023426232,0.92,1.0,0.7809523809523808,Model-matched,0
electricity,mlp,ig,38,0.13582656334804724,1.0,1.0,0.881818181818182,Model-matched,0
electricity,mlp,ig,39,0.02584495803489694,0.8399999999999999,1.0,0.88,Model-matched,0
electricity,mlp,ig,40,0.00203904803339801,0.8400000000000001,1.0,0.8695652173913043,Model-matched,0
electricity,mlp,ig,41,0.14018029783433378,0.8799999999999999,1.0,0.8560000000000001,Model-matched,0
electricity,mlp,ig,42,0.29003637044203456,1.0,1.0,0.8800000000000001,Model-matched,0
electricity,mlp,ig,43,0.040209865081813276,0.7599999999999999,1.0,0.8240000000000001,Model-matched,1
electricity,mlp,ig,44,0.08286066082711002,0.8800000000000001,1.0,0.881818181818182,Model-matched,0
electricity,mlp,ig,45,0.31983563359804373,0.8799999999999999,1.0,0.85,Model-matched,0
electricity,mlp,ig,46,0.06347385203675787,0.8400000000000001,1.0,0.8347826086956521,Model-matched,0
electricity,mlp,ig,47,0.03134079554084063,0.86,1.0,0.92,Model-matched,0
electricity,mlp,ig,48,0.017386889387176946,0.7799999999999999,1.0,0.8571428571428571,Model-matched,1
electricity,mlp,ig,49,0.026979761849215356,0.86,1.0,0.92,Model-matched,0
electricity,mlp,ig,50,0.006369284591637941,0.92,1.0,0.84,Model-matched,0
electricity,mlp,ig,51,0.08469058503893426,0.8400000000000001,1.0,0.8560000000000001,Model-matched,0
electricity,mlp,ig,52,0.19804268285710708,1.0,1.0,0.888,Model-matched,0
electricity,mlp,ig,53,0.09430316698017524,0.7799999999999999,1.0,0.8454545454545456,Model-matched,1
electricity,mlp,ig,54,0.01268851415767495,0.92,1.0,0.8833333333333333,Model-matched,0
electricity,mlp,ig,55,0.09949135657027336,0.8800000000000001,1.0,0.8608695652173913,Model-matched,0
electricity,mlp,ig,56,0.029804504608691336,0.86,1.0,0.9279999999999999,Model-matched,0
electricity,mlp,ig,57,0.06887543327017578,0.86,1.0,0.8166666666666668,Model-matched,0
electricity,mlp,ig,58,0.026123215197987916,0.86,1.0,0.863157894736842,Model-matched,0
electricity,mlp,ig,59,0.13012929760872366,0.86,1.0,0.85,Model-matched,0
electricity,mlp,ig,60,0.16094174681791737,0.86,1.0,0.8166666666666668,Model-matched,0
electricity,mlp,ig,61,0.05094358263821008,0.7399999999999999,1.0,0.7760000000000001,Model-matched,1
electricity,mlp,ig,62,0.0355459587675218,0.7999999999999999,1.0,0.888,Model-matched,1
electricity,mlp,ig,63,0.02714410400496343,0.7999999999999999,1.0,0.8240000000000001,Model-matched,1
electricity,mlp,ig,64,0.26055028125046764,0.8400000000000001,1.0,0.9359999999999999,Model-matched,0
electricity,mlp,ig,65,0.014547848754421411,0.86,1.0,0.8,Model-matched,0
electricity,mlp,ig,66,0.015310611098440069,0.8799999999999999,1.0,0.8079999999999999,Model-matched,0
electricity,mlp,ig,67,0.06144213039310438,0.92,1.0,0.8833333333333333,Model-matched,0
electricity,mlp,ig,68,0.05049255642946872,0.86,1.0,0.8352941176470589,Model-matched,0
electricity,mlp,ig,69,0.13461688692963544,0.8399999999999999,1.0,0.8153846153846154,Model-matched,0
electricity,mlp,ig,70,0.3791265008275461,0.7599999999999999,1.0,0.8416666666666667,Model-matched,1
electricity,mlp,ig,71,0.0030430126182526477,0.9200000000000002,1.0,0.8560000000000001,Model-matched,0
electricity,mlp,ig,72,0.027980560190111543,0.92,1.0,0.792,Model-matched,0
electricity,mlp,ig,73,0.09993747975904813,0.7599999999999999,1.0,0.773913043478261,Model-matched,1
electricity,mlp,ig,74,0.02688689291261111,0.7999999999999999,1.0,0.8250000000000001,Model-matched,1
electricity,mlp,ig,75,0.09521071358867182,0.8399999999999999,1.0,0.8608695652173913,Model-matched,0
electricity,mlp,ig,76,0.008212161409586001,0.7999999999999999,1.0,0.8560000000000001,Model-matched,1
electricity,mlp,ig,77,0.08242747828201391,0.8800000000000001,1.0,0.9249999999999999,Model-matched,0
electricity,mlp,ig,78,0.43947805385458255,0.8400000000000001,1.0,0.86,Model-matched,0
electricity,mlp,ig,79,0.009154188010535916,0.86,1.0,0.8560000000000001,Model-matched,0
electricity,mlp,ig,80,0.04182484869418585,0.82,1.0,0.9263157894736843,Model-matched,0
electricity,mlp,ig,81,0.18473793578705333,1.0,1.0,0.78,Model-matched,0
electricity,mlp,ig,82,0.008581016484265005,0.86,1.0,0.8545454545454546,Model-matched,0
electricity,mlp,ig,83,0.07381365979206683,0.8400000000000001,1.0,0.788235294117647,Model-matched,0
electricity,mlp,ig,84,0.09017464787522804,0.8400000000000001,1.0,0.89,Model-matched,0
electricity,mlp,ig,85,0.16202663649579865,0.7999999999999999,1.0,0.872,Model-matched,1
electricity,mlp,ig,86,0.022424316019615673,0.8400000000000001,1.0,0.872,Model-matched,0
electricity,mlp,ig,87,0.04087594259936775,0.8399999999999999,1.0,0.8631578947368422,Model-matched,0
electricity,mlp,ig,88,0.07860917163746489,0.86,1.0,0.848,Model-matched,0
electricity,mlp,ig,89,0.0033129108476185796,0.8800000000000001,1.0,0.7384615384615384,Model-matched,0
electricity,mlp,ig,90,0.013481606617276905,0.7599999999999999,1.0,0.904,Model-matched,1
electricity,mlp,ig,91,0.025952211053280393,0.86,1.0,0.725,Model-matched,0
electricity,mlp,ig,92,0.013392285898619547,0.8800000000000001,1.0,0.8272727272727273,Model-matched,0
electricity,mlp,ig,93,0.021566705384816795,0.7599999999999999,1.0,0.872,Model-matched,1
electricity,mlp,ig,94,0.34311480783507997,0.7999999999999999,1.0,0.8640000000000001,Model-matched,1
electricity,mlp,ig,95,0.07179122727296317,0.7999999999999999,1.0,0.84,Model-matched,1
electricity,mlp,ig,96,0.03067012683666125,1.0,1.0,0.888,Model-matched,0
electricity,mlp,ig,97,0.11105771283228062,0.76,1.0,0.7999999999999999,Model-matched,1
electricity,mlp,ig,98,0.008399971849812175,1.0,1.0,0.9272727272727272,Model-matched,0
electricity,mlp,ig,99,0.07643021069558152,1.0,1.0,0.890909090909091,Model-matched,0
electricity,mlp,ig,100,0.15159166062935053,0.92,1.0,0.84,Model-matched,0
electricity,mlp,ig,101,0.09383995987284563,1.0,1.0,0.9249999999999999,Model-matched,0
electricity,mlp,ig,102,0.03606178810234659,0.8400000000000001,1.0,0.8166666666666668,Model-matched,0
electricity,mlp,ig,103,0.08216241595243781,1.0,1.0,0.9199999999999999,Model-matched,0
electricity,mlp,ig,104,0.10441548286331155,0.7599999999999999,1.0,0.88,Model-matched,1
electricity,mlp,ig,105,0.06869868244794497,0.92,1.0,0.912,Model-matched,0
electricity,mlp,ig,106,0.011751060729568113,0.86,1.0,0.8,Model-matched,0
electricity,mlp,ig,107,0.06783246567426131,0.8400000000000001,1.0,0.8160000000000001,Model-matched,0
electricity,mlp,ig,108,0.05245428953971199,0.86,1.0,0.7913043478260869,Model-matched,0
electricity,mlp,ig,109,0.08096707475707335,0.92,1.0,0.88,Model-matched,0
electricity,mlp,ig,110,0.1210255526230609,0.7599999999999999,1.0,0.84,Model-matched,1
electricity,mlp,ig,111,0.08063647671899937,1.0,1.0,0.8470588235294118,Model-matched,0
electricity,mlp,ig,112,0.09912981156169576,0.8400000000000001,1.0,0.7916666666666666,Model-matched,0
electricity,mlp,ig,113,0.000575035815155001,0.86,1.0,0.8333333333333334,Model-matched,0
electricity,mlp,ig,114,0.15274505071751995,1.0,1.0,0.9181818181818181,Model-matched,0
electricity,mlp,ig,115,0.030630774174044643,0.92,1.0,0.8476190476190476,Model-matched,0
electricity,mlp,ig,116,0.002978649305067701,0.8399999999999999,1.0,0.76,Model-matched,0
electricity,mlp,ig,117,0.05369622438030639,0.74,1.0,0.8560000000000001,Model-matched,1
electricity,mlp,ig,118,0.016478774312573177,0.7799999999999999,1.0,0.8640000000000001,Model-matched,1
electricity,mlp,ig,119,0.01896864335924215,0.92,1.0,0.848,Model-matched,0
electricity,mlp,ig,120,0.07285544901880318,0.9200000000000002,1.0,0.7999999999999999,Model-matched,0
electricity,mlp,ig,121,0.0764994685314433,0.8400000000000001,1.0,0.8640000000000001,Model-matched,0
electricity,mlp,ig,122,0.07780544135007023,0.7399999999999999,1.0,0.8240000000000001,Model-matched,1
electricity,mlp,ig,123,0.04397828866475112,1.0,1.0,0.8640000000000001,Model-matched,0
electricity,mlp,ig,124,0.023852880220741973,0.7,1.0,0.7833333333333333,Model-matched,1
electricity,mlp,ig,125,0.15419101146871939,0.7799999999999999,1.0,0.8,Model-matched,1
electricity,mlp,ig,126,0.1315939619049895,0.8399999999999999,1.0,0.8160000000000001,Model-matched,0
electricity,mlp,ig,127,0.011310837432137313,0.7999999999999999,1.0,0.912,Model-matched,1
electricity,mlp,ig,128,0.014730367314717944,0.92,1.0,0.8333333333333334,Model-matched,0
electricity,mlp,ig,129,0.010929342062133208,0.7599999999999999,1.0,0.752,Model-matched,1
electricity,mlp,ig,130,0.015365712341889411,0.92,1.0,0.8083333333333335,Model-matched,0
electricity,mlp,ig,131,0.021872447200925575,0.8800000000000001,1.0,0.8583333333333334,Model-matched,0
electricity,mlp,ig,132,0.006525059690974751,0.86,1.0,0.8083333333333335,Model-matched,0
electricity,mlp,ig,133,0.05116588273286934,0.8800000000000001,1.0,0.912,Model-matched,0
electricity,mlp,ig,134,0.29450511466863377,0.86,1.0,0.848,Model-matched,0
electricity,mlp,ig,135,0.05959501220404487,0.86,1.0,0.8636363636363636,Model-matched,0
electricity,mlp,ig,136,0.0036878265392396104,0.72,1.0,0.84,Model-matched,1
electricity,mlp,ig,137,0.024253065888174052,0.8400000000000001,1.0,0.792,Model-matched,0
electricity,mlp,ig,138,0.0975013850227584,0.8400000000000001,1.0,0.7416666666666667,Model-matched,0
electricity,mlp,ig,139,0.15965329002013987,1.0,1.0,0.8833333333333333,Model-matched,0
electricity,mlp,ig,140,0.12099404198440696,0.7999999999999999,1.0,0.92,Model-matched,1
electricity,mlp,ig,141,0.04907151398234354,0.7999999999999999,1.0,0.8640000000000001,Model-matched,1
electricity,mlp,ig,142,0.019206816268789315,1.0,1.0,0.8,Model-matched,0
electricity,mlp,ig,143,0.03998992566787161,0.7999999999999999,1.0,0.8,Model-matched,1
electricity,mlp,ig,144,0.10767533554753776,1.0,1.0,0.8588235294117648,Model-matched,0
electricity,mlp,ig,145,0.2089769472509934,0.7999999999999999,1.0,0.7666666666666666,Model-matched,1
electricity,mlp,ig,146,0.030002084157768363,0.7999999999999999,1.0,0.848,Model-matched,1
electricity,mlp,ig,147,0.0005717209822110093,0.86,1.0,0.784,Model-matched,0
electricity,mlp,ig,148,0.0827310664888367,0.8800000000000001,1.0,0.8083333333333332,Model-matched,0
electricity,mlp,ig,149,0.02661726979393581,0.8400000000000001,1.0,0.872,Model-matched,0
electricity,mlp,ig,150,0.10246517373947689,0.8400000000000001,1.0,0.7999999999999999,Model-matched,0
electricity,mlp,ig,151,0.03589020362319501,0.8400000000000001,1.0,0.8695652173913043,Model-matched,0
electricity,mlp,ig,152,0.045843878111387064,1.0,1.0,0.9359999999999999,Model-matched,0
electricity,mlp,ig,153,0.06051140137623011,0.8399999999999999,1.0,0.8640000000000001,Model-matched,0
electricity,mlp,ig,154,0.05556600845177782,0.92,1.0,0.8560000000000001,Model-matched,0
electricity,mlp,ig,155,0.1010028826080774,0.82,1.0,0.8400000000000001,Model-matched,0
electricity,mlp,ig,156,0.08083090133563874,0.92,1.0,0.7375,Model-matched,0
electricity,mlp,ig,157,0.1725480362569757,0.8400000000000001,1.0,0.968,Model-matched,0
electricity,mlp,ig,158,0.056593128753181426,0.82,1.0,0.8240000000000001,Model-matched,0
electricity,mlp,ig,159,0.013000994640230289,0.8400000000000001,1.0,0.8,Model-matched,0
electricity,mlp,ig,160,0.07246498512812245,1.0,1.0,0.8160000000000001,Model-matched,0
electricity,mlp,ig,161,0.011865685059598556,0.74,1.0,0.8960000000000001,Model-matched,1
electricity,mlp,ig,162,0.028144086870305764,0.8399999999999999,1.0,0.8160000000000001,Model-matched,0
electricity,mlp,ig,163,0.001761201229163359,0.86,1.0,0.8833333333333333,Model-matched,0
electricity,mlp,ig,164,0.0016038000210015723,0.7999999999999999,1.0,0.8521739130434783,Model-matched,1
electricity,mlp,ig,165,0.007862132774380779,0.86,1.0,0.872,Model-matched,0
electricity,mlp,ig,166,0.025588319293357354,0.86,1.0,0.8560000000000001,Model-matched,0
electricity,mlp,ig,167,0.025408465294642746,0.92,1.0,0.872,Model-matched,0
electricity,mlp,ig,168,0.1427568064673782,0.7599999999999999,1.0,0.8079999999999999,Model-matched,1
electricity,mlp,ig,169,0.0764476200980238,0.92,1.0,0.8352941176470589,Model-matched,0
electricity,mlp,ig,170,0.04816070566370194,0.8400000000000001,1.0,0.8714285714285716,Model-matched,0
electricity,mlp,ig,171,0.025518039150208463,1.0,1.0,0.84,Model-matched,0
electricity,mlp,ig,172,0.0642231244571559,0.7199999999999999,1.0,0.7666666666666666,Model-matched,1
electricity,mlp,ig,173,0.057305446874867265,0.8799999999999999,1.0,0.92,Model-matched,0
electricity,mlp,ig,174,0.015294361226090611,0.86,1.0,0.792,Model-matched,0
electricity,mlp,ig,175,0.019332555491859835,0.92,1.0,0.84,Model-matched,0
electricity,mlp,ig,176,0.07355992984021732,0.86,1.0,0.7999999999999999,Model-matched,0
electricity,mlp,ig,177,0.02797256893047372,0.8799999999999999,1.0,0.8869565217391305,Model-matched,0
electricity,mlp,ig,178,0.0017724319640032103,1.0,1.0,0.9279999999999999,Model-matched,0
electricity,mlp,ig,179,0.006932182580249309,0.8399999999999999,1.0,0.888,Model-matched,0
electricity,mlp,ig,180,0.02622416762310371,1.0,1.0,0.88,Model-matched,0
electricity,mlp,ig,181,0.01544986795213731,0.92,1.0,0.8160000000000001,Model-matched,0
electricity,mlp,ig,182,0.0012421934240484326,0.6799999999999999,1.0,0.848,Model-matched,1
electricity,mlp,ig,183,0.006067451285823198,0.7,1.0,0.8086956521739131,Model-matched,1
electricity,mlp,ig,184,0.02031714110716223,0.92,1.0,0.792,Model-matched,0
electricity,mlp,ig,185,0.04360908934480754,1.0,1.0,0.8333333333333334,Model-matched,0
electricity,mlp,ig,186,0.03029630522782517,0.86,1.0,0.9279999999999999,Model-matched,0
electricity,mlp,ig,187,0.02170799123940496,0.7799999999999999,1.0,0.888,Model-matched,1
electricity,mlp,ig,188,0.13715157280123616,1.0,1.0,0.9279999999999999,Model-matched,0
electricity,mlp,ig,189,0.0032445049327820942,0.7999999999999999,1.0,0.8083333333333335,Model-matched,1
electricity,mlp,ig,190,0.06200181098919714,0.86,1.0,0.790909090909091,Model-matched,0
electricity,mlp,ig,191,0.05103516970151264,0.8799999999999999,1.0,0.8083333333333332,Model-matched,0
electricity,mlp,ig,192,0.17438024330165966,1.0,1.0,0.8500000000000001,Model-matched,0
electricity,mlp,ig,193,0.04351896241038394,0.86,1.0,0.872,Model-matched,0
electricity,mlp,ig,194,0.1706215249539308,0.6399999999999999,1.0,0.7760000000000001,Model-matched,1
electricity,mlp,ig,195,0.1034676840040981,0.7599999999999999,1.0,0.8320000000000001,Model-matched,1
electricity,mlp,ig,196,0.018935727924295764,0.7999999999999999,1.0,0.8240000000000001,Model-matched,1
electricity,mlp,ig,197,0.19593374881095693,1.0,1.0,0.904,Model-matched,0
electricity,mlp,ig,198,0.060143766073104,0.7799999999999999,1.0,0.8521739130434783,Model-matched,1
electricity,mlp,ig,199,0.03934570828631515,0.72,1.0,0.8416666666666667,Model-matched,1
electricity,mlp,ig,200,0.029819077932243,0.9200000000000002,1.0,1.0,Model-matched,0
electricity,mlp,ig,201,0.03226209934069863,0.8800000000000001,1.0,1.0,Model-matched,0
electricity,mlp,ig,202,0.006164065219883864,0.92,1.0,1.0,Model-matched,0
electricity,mlp,ig,203,0.004254637500596116,0.82,1.0,1.0,Model-matched,0
electricity,mlp,ig,204,0.2326453884897676,0.6799999999999999,1.0,1.0,Model-matched,1
electricity,mlp,ig,205,0.11510690334425512,0.92,1.0,1.0,Model-matched,0
electricity,mlp,ig,206,0.23097917479930372,0.9200000000000002,1.0,1.0,Model-matched,0
electricity,mlp,ig,207,0.02548861325564386,0.7399999999999999,1.0,1.0,Model-matched,1
electricity,mlp,ig,208,0.06051774102179417,0.7799999999999999,1.0,1.0,Model-matched,1
electricity,mlp,ig,209,0.030390172549888277,0.86,1.0,1.0,Model-matched,0
electricity,mlp,ig,210,0.050433091934026036,0.92,1.0,1.0,Model-matched,0
electricity,mlp,ig,211,0.08671819431250334,1.0,1.0,1.0,Model-matched,0
electricity,mlp,ig,212,0.12219722503140303,0.8399999999999999,1.0,1.0,Model-matched,0
electricity,mlp,ig,213,0.045877449087130054,1.0,1.0,1.0,Model-matched,0
electricity,mlp,ig,214,0.0838893369488813,0.74,1.0,1.0,Model-matched,1
electricity,mlp,ig,215,0.039809433650645175,0.8799999999999999,1.0,1.0,Model-matched,0
electricity,mlp,ig,216,0.04569526721899898,0.92,1.0,1.0,Model-matched,0
electricity,mlp,ig,217,0.0019039083649073684,0.78,1.0,1.0,Model-matched,1
electricity,mlp,ig,218,0.014641881030539419,0.92,1.0,1.0,Model-matched,0
electricity,mlp,ig,219,0.06714758873665151,0.76,1.0,1.0,Model-matched,1
electricity,mlp,ig,220,0.0077243578785591025,0.8400000000000001,1.0,1.0,Model-matched,0
electricity,mlp,ig,221,0.021938778450378716,0.76,1.0,1.0,Model-matched,1
electricity,mlp,ig,222,0.17014582926892544,0.92,1.0,1.0,Model-matched,0
electricity,mlp,ig,223,0.06348887198556594,0.86,1.0,1.0,Model-matched,0
electricity,mlp,ig,224,0.050006076351634,0.7,1.0,1.0,Model-matched,1
electricity,mlp,ig,225,0.08413998160916049,1.0,1.0,1.0,Model-matched,0
electricity,mlp,ig,226,0.03905011700328582,0.92,1.0,1.0,Model-matched,0
electricity,mlp,ig,227,0.25877841239050425,0.9200000000000002,1.0,1.0,Model-matched,0
electricity,mlp,ig,228,0.010840363687998043,1.0,1.0,1.0,Model-matched,0
electricity,mlp,ig,229,0.0263323232318988,0.8400000000000001,1.0,1.0,Model-matched,0
electricity,mlp,ig,230,0.03607386963372408,1.0,1.0,1.0,Model-matched,0
electricity,mlp,ig,231,0.04683209095898917,0.8400000000000001,1.0,1.0,Model-matched,0
electricity,mlp,ig,232,0.06144025913322789,1.0,1.0,1.0,Model-matched,0
electricity,mlp,ig,233,0.03256244550713349,0.86,1.0,1.0,Model-matched,0
electricity,mlp,ig,234,0.004264306836651869,0.86,1.0,1.0,Model-matched,0
electricity,mlp,ig,235,0.0027541021945056265,0.8800000000000001,1.0,1.0,Model-matched,0
electricity,mlp,ig,236,0.00804733263821609,0.6799999999999999,1.0,1.0,Model-matched,1
electricity,mlp,ig,237,0.01641861606650162,0.8400000000000001,1.0,1.0,Model-matched,0
electricity,mlp,ig,238,0.040154291224792985,0.86,1.0,1.0,Model-matched,0
electricity,mlp,ig,239,0.04879776278591832,1.0,1.0,1.0,Model-matched,0
electricity,mlp,ig,240,0.004312776274760995,0.86,1.0,1.0,Model-matched,0
electricity,mlp,ig,241,0.04910039893770092,0.86,1.0,1.0,Model-matched,0
electricity,mlp,ig,242,0.03182328723749912,0.86,1.0,1.0,Model-matched,0
electricity,mlp,ig,243,0.03451422199124319,0.86,1.0,1.0,Model-matched,0
electricity,mlp,ig,244,0.04218242513339272,1.0,1.0,1.0,Model-matched,0
electricity,mlp,ig,245,0.0014195140828226283,0.92,1.0,1.0,Model-matched,0
electricity,mlp,ig,246,0.003805838545800542,0.86,1.0,1.0,Model-matched,0
electricity,mlp,ig,247,0.08633557830510563,0.8799999999999999,1.0,1.0,Model-matched,0
electricity,mlp,ig,248,0.006198787842469913,0.86,1.0,1.0,Model-matched,0
electricity,mlp,ig,249,0.06302206591097496,0.92,1.0,1.0,Model-matched,0
electricity,mlp,ig,250,0.012129244975147897,0.92,1.0,1.0,Model-matched,0
electricity,mlp,ig,251,0.06030035497418608,1.0,1.0,1.0,Model-matched,0
electricity,mlp,ig,252,0.013901999243923066,1.0,1.0,1.0,Model-matched,0
electricity,mlp,ig,253,0.01821943844993416,0.92,1.0,1.0,Model-matched,0
electricity,mlp,ig,254,0.05282860920796445,0.7799999999999999,1.0,1.0,Model-matched,1
electricity,mlp,ig,255,0.12076439486417836,0.7399999999999999,1.0,1.0,Model-matched,1
electricity,mlp,ig,256,0.024986739193327452,0.8400000000000001,1.0,1.0,Model-matched,0
electricity,mlp,ig,257,0.020551473587632235,0.8399999999999999,1.0,1.0,Model-matched,0
electricity,mlp,ig,258,0.0122733112281003,0.82,1.0,1.0,Model-matched,0
electricity,mlp,ig,259,0.04655175745359663,0.72,1.0,1.0,Model-matched,1
electricity,mlp,ig,260,0.12817032078783125,0.8400000000000001,1.0,1.0,Model-matched,0
electricity,mlp,ig,261,0.05564239793820807,0.92,1.0,1.0,Model-matched,0
electricity,mlp,ig,262,0.0008481677914645245,0.86,1.0,1.0,Model-matched,0
electricity,mlp,ig,263,0.043662378824210056,0.86,1.0,1.0,Model-matched,0
electricity,mlp,ig,264,0.1343749015603026,0.8799999999999999,1.0,1.0,Model-matched,0
electricity,mlp,ig,265,0.0465389957438612,1.0,1.0,1.0,Model-matched,0
electricity,mlp,ig,266,0.0353703320168564,0.86,1.0,1.0,Model-matched,0
electricity,mlp,ig,267,0.056532767865147625,0.7999999999999999,1.0,1.0,Model-matched,1
electricity,mlp,ig,268,0.011703677065511885,1.0,1.0,1.0,Model-matched,0
electricity,mlp,ig,269,0.0794205770887787,0.82,1.0,1.0,Model-matched,0
electricity,mlp,ig,270,0.06204320548013319,0.9200000000000002,1.0,1.0,Model-matched,0
electricity,mlp,ig,271,0.05437341666295213,0.8799999999999999,1.0,1.0,Model-matched,0
electricity,mlp,ig,272,0.01935834159963298,1.0,1.0,1.0,Model-matched,0
electricity,mlp,ig,273,0.01684488701536492,0.92,1.0,1.0,Model-matched,0
electricity,mlp,ig,274,0.015902938962202566,0.76,1.0,1.0,Model-matched,1
electricity,mlp,ig,275,0.004069789341258386,0.8800000000000001,1.0,1.0,Model-matched,0
electricity,mlp,ig,276,0.03469675024071371,0.82,1.0,1.0,Model-matched,0
electricity,mlp,ig,277,0.039106000952913195,0.82,1.0,1.0,Model-matched,0
electricity,mlp,ig,278,0.006694272107910271,0.76,1.0,1.0,Model-matched,1
electricity,mlp,ig,279,0.03370106991751739,0.8800000000000001,1.0,1.0,Model-matched,0
electricity,mlp,ig,280,0.0022533693161219236,0.86,1.0,1.0,Model-matched,0
electricity,mlp,ig,281,0.08171124616323122,0.8800000000000001,1.0,1.0,Model-matched,0
electricity,mlp,ig,282,0.007099436111121642,1.0,1.0,1.0,Model-matched,0
electricity,mlp,ig,283,0.040424058792642825,0.86,1.0,1.0,Model-matched,0
electricity,mlp,ig,284,0.3649838551327463,0.7999999999999999,1.0,1.0,Model-matched,1
electricity,mlp,ig,285,0.02903671707613767,0.7799999999999999,1.0,1.0,Model-matched,1
electricity,mlp,ig,286,0.0762831782607212,0.7999999999999999,1.0,1.0,Model-matched,1
electricity,mlp,ig,287,0.03386887887497726,0.7999999999999999,1.0,1.0,Model-matched,1
electricity,mlp,ig,288,0.016363424773475254,0.74,1.0,1.0,Model-matched,1
electricity,mlp,ig,289,0.15429862199038505,0.92,1.0,1.0,Model-matched,0
electricity,mlp,ig,290,0.020957540190190426,0.8800000000000001,1.0,1.0,Model-matched,0
electricity,mlp,ig,291,0.001631087164794596,0.6799999999999999,1.0,1.0,Model-matched,1
electricity,mlp,ig,292,0.15214688357102626,0.9200000000000002,1.0,1.0,Model-matched,0
electricity,mlp,ig,293,0.0459051924626179,0.8399999999999999,1.0,1.0,Model-matched,0
electricity,mlp,ig,294,0.01887354364189318,0.76,1.0,1.0,Model-matched,1
electricity,mlp,ig,295,0.3240069203573098,0.9200000000000002,1.0,1.0,Model-matched,0
electricity,mlp,ig,296,0.0100211704227721,0.7,1.0,1.0,Model-matched,1
electricity,mlp,ig,297,0.1924536839805109,0.8400000000000001,1.0,1.0,Model-matched,0
electricity,mlp,ig,298,0.03403507962819836,0.86,1.0,1.0,Model-matched,0
electricity,mlp,ig,299,0.0760097316631469,0.8399999999999999,1.0,1.0,Model-matched,0
electricity,mlp,ig,300,0.0070231937874769765,0.8400000000000001,1.0,1.0,Model-matched,0
electricity,mlp,ig,301,0.166911157287286,0.7999999999999999,1.0,1.0,Model-matched,1
electricity,mlp,ig,302,0.06567834113920804,0.76,1.0,1.0,Model-matched,1
electricity,mlp,ig,303,0.08777008129319934,0.8399999999999999,1.0,1.0,Model-matched,0
electricity,mlp,ig,304,0.03096244699144109,0.82,1.0,1.0,Model-matched,0
electricity,mlp,ig,305,0.0462862284674239,0.92,1.0,1.0,Model-matched,0
electricity,mlp,ig,306,0.017878283594472043,0.82,1.0,1.0,Model-matched,0
electricity,mlp,ig,307,0.027431419135260614,0.92,1.0,1.0,Model-matched,0
electricity,mlp,ig,308,0.10617621366231358,0.8400000000000001,1.0,1.0,Model-matched,0
electricity,mlp,ig,309,0.04731480906708435,0.8400000000000001,1.0,1.0,Model-matched,0
electricity,mlp,ig,310,0.03507443340663536,0.86,1.0,1.0,Model-matched,0
electricity,mlp,ig,311,0.00914044796790809,0.8400000000000001,1.0,1.0,Model-matched,0
electricity,mlp,ig,312,0.019719614702343225,0.9200000000000002,1.0,1.0,Model-matched,0
electricity,mlp,ig,313,0.026218757116149558,0.8800000000000001,1.0,1.0,Model-matched,0
electricity,mlp,ig,314,0.026013613914290263,0.82,1.0,1.0,Model-matched,0
electricity,mlp,ig,315,0.04270552783179799,0.8400000000000001,1.0,1.0,Model-matched,0
electricity,mlp,ig,316,0.1410156755660933,0.8800000000000001,1.0,1.0,Model-matched,0
electricity,mlp,ig,317,0.011592412927826073,0.86,1.0,1.0,Model-matched,0
electricity,mlp,ig,318,0.0690104367837743,0.92,1.0,1.0,Model-matched,0
electricity,mlp,ig,319,0.07813072466411426,0.7999999999999999,1.0,1.0,Model-matched,1
electricity,mlp,ig,320,0.1818962264723988,1.0,1.0,1.0,Model-matched,0
electricity,mlp,ig,321,0.09254678437776592,1.0,1.0,1.0,Model-matched,0
electricity,mlp,ig,322,0.06755391869226203,0.86,1.0,1.0,Model-matched,0
electricity,mlp,ig,323,0.01759648318852427,0.74,1.0,1.0,Model-matched,1
electricity,mlp,ig,324,0.011810784642738756,0.8400000000000001,1.0,1.0,Model-matched,0
electricity,mlp,ig,325,0.008554523332760286,0.72,1.0,1.0,Model-matched,1
electricity,mlp,ig,326,0.0075543693150182945,0.8,1.0,1.0,Model-matched,0
electricity,mlp,ig,327,0.06398957905570303,0.86,1.0,1.0,Model-matched,0
electricity,mlp,ig,328,0.03272178994469337,0.8800000000000001,1.0,1.0,Model-matched,0
electricity,mlp,ig,329,0.05103263985591787,0.8800000000000001,1.0,1.0,Model-matched,0
electricity,mlp,ig,330,0.00999028635864589,0.92,1.0,1.0,Model-matched,0
electricity,mlp,ig,331,0.1708907467331753,0.86,1.0,1.0,Model-matched,0
electricity,mlp,ig,332,0.042342760743541034,0.7399999999999999,1.0,1.0,Model-matched,1
electricity,mlp,ig,333,0.27060310427245005,1.0,1.0,1.0,Model-matched,0
electricity,mlp,ig,334,0.024404173339280962,1.0,1.0,1.0,Model-matched,0
electricity,mlp,ig,335,0.2912666680593588,0.92,1.0,1.0,Model-matched,0
electricity,mlp,ig,336,0.0007749058346555402,0.8800000000000001,1.0,1.0,Model-matched,0
electricity,mlp,ig,337,0.12010923411980826,0.86,1.0,1.0,Model-matched,0
electricity,mlp,ig,338,0.006505829005322454,1.0,1.0,1.0,Model-matched,0
electricity,mlp,ig,339,0.04691835157202114,0.8800000000000001,1.0,1.0,Model-matched,0
electricity,mlp,ig,340,0.004095164477729729,0.86,1.0,1.0,Model-matched,0
electricity,mlp,ig,341,0.007211073011374896,0.7399999999999999,1.0,1.0,Model-matched,1
electricity,mlp,ig,342,0.04362607459173644,0.92,1.0,1.0,Model-matched,0
electricity,mlp,ig,343,0.03435644412027618,0.8399999999999999,1.0,1.0,Model-matched,0
electricity,mlp,ig,344,0.1020192280082901,0.8800000000000001,1.0,1.0,Model-matched,0
electricity,mlp,ig,345,0.015791608244042965,0.72,1.0,1.0,Model-matched,1
electricity,mlp,ig,346,0.000860433493538345,0.8800000000000001,1.0,1.0,Model-matched,0
electricity,mlp,ig,347,0.024623339220360998,0.8799999999999999,1.0,1.0,Model-matched,0
electricity,mlp,ig,348,0.11472221701377962,0.86,1.0,1.0,Model-matched,0
electricity,mlp,ig,349,0.07073549796552323,0.9200000000000002,1.0,1.0,Model-matched,0
electricity,mlp,ig,350,0.06278256338219859,0.7799999999999999,1.0,1.0,Model-matched,1
electricity,mlp,ig,351,0.03187181191048209,1.0,1.0,1.0,Model-matched,0
electricity,mlp,ig,352,0.1296769941127365,0.7599999999999999,1.0,1.0,Model-matched,1
electricity,mlp,ig,353,0.03237980826680456,0.7999999999999999,1.0,1.0,Model-matched,1
electricity,mlp,ig,354,0.00972534665575593,0.8799999999999999,1.0,1.0,Model-matched,0
electricity,mlp,ig,355,0.07529912258964837,1.0,1.0,1.0,Model-matched,0
electricity,mlp,ig,356,0.0226709496783004,0.86,1.0,1.0,Model-matched,0
electricity,mlp,ig,357,0.03579948017809679,0.8400000000000001,1.0,1.0,Model-matched,0
electricity,mlp,ig,358,0.1614269691520264,0.8400000000000001,1.0,1.0,Model-matched,0
electricity,mlp,ig,359,0.047383474302048874,0.7999999999999999,1.0,1.0,Model-matched,1
electricity,mlp,ig,360,0.039604699882600396,0.92,1.0,1.0,Model-matched,0
electricity,mlp,ig,361,0.1569223549796045,1.0,1.0,1.0,Model-matched,0
electricity,mlp,ig,362,0.10467258934171433,0.7599999999999999,1.0,1.0,Model-matched,1
electricity,mlp,ig,363,0.053975293806015984,0.92,1.0,1.0,Model-matched,0
electricity,mlp,ig,364,0.004294193216753568,0.92,1.0,1.0,Model-matched,0
electricity,mlp,ig,365,0.1712719885583909,0.92,1.0,1.0,Model-matched,0
electricity,mlp,ig,366,0.24728907689827928,0.92,1.0,1.0,Model-matched,0
electricity,mlp,ig,367,0.034176466843880676,0.8400000000000001,1.0,1.0,Model-matched,0
electricity,mlp,ig,368,0.03594972286022993,1.0,1.0,1.0,Model-matched,0
electricity,mlp,ig,369,0.026576573414896207,0.7199999999999999,1.0,1.0,Model-matched,1
electricity,mlp,ig,370,0.12718755772033752,0.8799999999999999,1.0,1.0,Model-matched,0
electricity,mlp,ig,371,0.14688987482205496,0.86,1.0,1.0,Model-matched,0
electricity,mlp,ig,372,0.03946382915620309,0.9200000000000002,1.0,1.0,Model-matched,0
electricity,mlp,ig,373,0.07148704500040472,0.86,1.0,1.0,Model-matched,0
electricity,mlp,ig,374,0.013832118738695585,0.7799999999999999,1.0,1.0,Model-matched,1
electricity,mlp,ig,375,0.032243150665572325,0.8800000000000001,1.0,1.0,Model-matched,0
electricity,mlp,ig,376,0.0007725853368002794,0.86,1.0,1.0,Model-matched,0
electricity,mlp,ig,377,0.0016856447087738985,0.7999999999999999,1.0,1.0,Model-matched,1
electricity,mlp,ig,378,0.004049093639798247,0.92,1.0,1.0,Model-matched,0
electricity,mlp,ig,379,0.030637527827844863,0.7999999999999999,1.0,1.0,Model-matched,1
electricity,mlp,ig,380,0.02239376447717455,0.86,1.0,1.0,Model-matched,0
electricity,mlp,ig,381,0.10395965778504793,0.8400000000000001,1.0,1.0,Model-matched,0
electricity,mlp,ig,382,0.23522441353324908,0.92,1.0,1.0,Model-matched,0
electricity,mlp,ig,383,0.17156145110603838,1.0,1.0,1.0,Model-matched,0
electricity,mlp,ig,384,0.022692340116178614,0.8400000000000001,1.0,1.0,Model-matched,0
electricity,mlp,ig,385,0.006233700418809941,0.86,1.0,1.0,Model-matched,0
electricity,mlp,ig,386,0.03419692633144323,0.8800000000000001,1.0,1.0,Model-matched,0
electricity,mlp,ig,387,0.05648953045600986,0.8799999999999999,1.0,1.0,Model-matched,0
electricity,mlp,ig,388,0.07857910142472603,0.86,1.0,1.0,Model-matched,0
electricity,mlp,ig,389,0.0019612687105067766,0.7599999999999999,1.0,1.0,Model-matched,1
electricity,mlp,ig,390,0.09329171700542557,0.8800000000000001,1.0,1.0,Model-matched,0
electricity,mlp,ig,391,0.05768744644672083,0.7799999999999999,1.0,1.0,Model-matched,1
electricity,mlp,ig,392,0.06513566777421258,0.8400000000000001,1.0,1.0,Model-matched,0
electricity,mlp,ig,393,0.03306567938162748,0.86,1.0,1.0,Model-matched,0
electricity,mlp,ig,394,0.07656218479269354,1.0,1.0,1.0,Model-matched,0
electricity,mlp,ig,395,0.011598832123839265,0.8400000000000001,1.0,1.0,Model-matched,0
electricity,mlp,ig,396,0.11575628891607037,0.9200000000000002,1.0,1.0,Model-matched,0
electricity,mlp,ig,397,0.010855796872481477,0.86,1.0,1.0,Model-matched,0
electricity,mlp,ig,398,0.013903490206143137,0.8400000000000001,1.0,1.0,Model-matched,0
electricity,mlp,ig,399,0.23891803633114397,0.82,1.0,1.0,Model-matched,0
electricity,mlp,ig,400,0.028590310882110333,1.0,1.0,1.0,Model-matched,0
electricity,mlp,ig,401,0.039376228706639683,1.0,1.0,1.0,Model-matched,0
electricity,mlp,ig,402,0.007569304823631007,0.72,1.0,1.0,Model-matched,1
electricity,mlp,ig,403,0.002381721939501431,0.76,1.0,1.0,Model-matched,1
electricity,mlp,ig,404,0.03668807366952122,0.7999999999999999,1.0,1.0,Model-matched,1
electricity,mlp,ig,405,0.08039899399511043,0.7599999999999999,1.0,1.0,Model-matched,1
electricity,mlp,ig,406,0.01778791281298548,0.72,1.0,1.0,Model-matched,1
electricity,mlp,ig,407,0.022049895092690706,0.8400000000000001,1.0,1.0,Model-matched,0
electricity,mlp,ig,408,0.05003993572119215,0.7799999999999999,1.0,1.0,Model-matched,1
electricity,mlp,ig,409,0.022145073652712025,0.92,1.0,1.0,Model-matched,0
electricity,mlp,ig,410,0.01302477945509805,0.78,1.0,1.0,Model-matched,1
electricity,mlp,ig,411,0.053837644542326306,0.92,1.0,1.0,Model-matched,0
electricity,mlp,ig,412,0.0785898679656139,0.86,1.0,1.0,Model-matched,0
electricity,mlp,ig,413,0.029115508603907724,0.9200000000000002,1.0,1.0,Model-matched,0
electricity,mlp,ig,414,0.09706941598948936,0.9200000000000002,1.0,1.0,Model-matched,0
electricity,mlp,ig,415,0.1341108136819808,0.92,1.0,1.0,Model-matched,0
electricity,mlp,ig,416,0.1357252375085593,0.7399999999999999,1.0,1.0,Model-matched,1
electricity,mlp,ig,417,0.013334923875556418,0.7599999999999999,1.0,1.0,Model-matched,1
electricity,mlp,ig,418,0.01969205298616307,0.8400000000000001,1.0,1.0,Model-matched,0
electricity,mlp,ig,419,0.00021040699727539213,0.92,1.0,1.0,Model-matched,0
electricity,mlp,ig,420,0.05829114579023846,0.8799999999999999,1.0,1.0,Model-matched,0
electricity,mlp,ig,421,0.06497511926263283,1.0,1.0,1.0,Model-matched,0
electricity,mlp,ig,422,0.027683912393861088,0.9200000000000002,1.0,1.0,Model-matched,0
electricity,mlp,ig,423,0.001580953871566239,0.8400000000000001,1.0,1.0,Model-matched,0
electricity,mlp,ig,424,0.05345154212006903,0.72,1.0,1.0,Model-matched,1
electricity,mlp,ig,425,0.06102531519428863,1.0,1.0,1.0,Model-matched,0
electricity,mlp,ig,426,0.04556360090916191,0.7999999999999999,1.0,1.0,Model-matched,1
electricity,mlp,ig,427,0.08988022664455372,0.8800000000000001,1.0,1.0,Model-matched,0
electricity,mlp,ig,428,0.005839234744216201,0.82,1.0,1.0,Model-matched,0
electricity,mlp,ig,429,0.03250622706350828,0.8800000000000001,1.0,1.0,Model-matched,0
electricity,mlp,ig,430,0.02177586972816227,0.7999999999999999,1.0,1.0,Model-matched,1
electricity,mlp,ig,431,0.02005632867053902,0.92,1.0,1.0,Model-matched,0
electricity,mlp,ig,432,0.15016600785635428,0.92,1.0,1.0,Model-matched,0
electricity,mlp,ig,433,0.048807682244778425,1.0,1.0,1.0,Model-matched,0
electricity,mlp,ig,434,0.046250474783628516,0.7599999999999999,1.0,1.0,Model-matched,1
electricity,mlp,ig,435,0.0746707014686255,0.8799999999999999,1.0,1.0,Model-matched,0
electricity,mlp,ig,436,0.0009759579615220843,0.7999999999999999,1.0,1.0,Model-matched,1
electricity,mlp,ig,437,0.01475344514282211,0.92,1.0,1.0,Model-matched,0
electricity,mlp,ig,438,0.049666418056583166,0.8400000000000001,1.0,1.0,Model-matched,0
electricity,mlp,ig,439,0.03309550781697721,0.8,1.0,1.0,Model-matched,0
electricity,mlp,ig,440,0.4924068697626264,0.7399999999999999,1.0,1.0,Model-matched,1
electricity,mlp,ig,441,0.03497750540909293,0.8400000000000001,1.0,1.0,Model-matched,0
electricity,mlp,ig,442,0.035258114453561265,0.8400000000000001,1.0,1.0,Model-matched,0
electricity,mlp,ig,443,0.01880793935005919,1.0,1.0,1.0,Model-matched,0
electricity,mlp,ig,444,0.146897794706991,1.0,1.0,1.0,Model-matched,0
electricity,mlp,ig,445,0.023072219263159353,0.92,1.0,1.0,Model-matched,0
electricity,mlp,ig,446,0.03525406662009531,0.78,1.0,1.0,Model-matched,1
electricity,mlp,ig,447,0.057686498018487395,0.86,1.0,1.0,Model-matched,0
electricity,mlp,ig,448,0.07902380933311437,0.8800000000000001,1.0,1.0,Model-matched,0
electricity,mlp,ig,449,0.14179752365432763,0.8799999999999999,1.0,1.0,Model-matched,0
electricity,mlp,ig,450,0.028276855551840036,0.92,1.0,1.0,Model-matched,0
electricity,mlp,ig,451,0.0690364311069663,0.8399999999999999,1.0,1.0,Model-matched,0
electricity,mlp,ig,452,0.023308172371380227,0.7799999999999999,1.0,1.0,Model-matched,1
electricity,mlp,ig,453,0.050076288763994635,0.8399999999999999,1.0,1.0,Model-matched,0
electricity,mlp,ig,454,0.047559320868700815,0.7999999999999999,1.0,1.0,Model-matched,1
electricity,mlp,ig,455,0.07998578505104349,0.86,1.0,1.0,Model-matched,0
electricity,mlp,ig,456,0.032722596994124914,0.86,1.0,1.0,Model-matched,0
electricity,mlp,ig,457,0.015891137583706444,0.92,1.0,1.0,Model-matched,0
electricity,mlp,ig,458,0.13762359562756998,0.86,1.0,1.0,Model-matched,0
electricity,mlp,ig,459,0.0812285936165044,0.8400000000000001,1.0,1.0,Model-matched,0
electricity,mlp,ig,460,0.050527334373896324,0.8800000000000001,1.0,1.0,Model-matched,0
electricity,mlp,ig,461,0.03302578594624516,0.8799999999999999,1.0,1.0,Model-matched,0
electricity,mlp,ig,462,0.024445141576596666,0.92,1.0,1.0,Model-matched,0
electricity,mlp,ig,463,0.002337729932527225,0.92,1.0,1.0,Model-matched,0
electricity,mlp,ig,464,0.0046439234627536855,0.86,1.0,1.0,Model-matched,0
electricity,mlp,ig,465,0.008730149384362727,0.8800000000000001,1.0,1.0,Model-matched,0
electricity,mlp,ig,466,0.038246537423319626,0.8400000000000001,1.0,1.0,Model-matched,0
electricity,mlp,ig,467,0.044852110232066464,0.7,1.0,1.0,Model-matched,1
electricity,mlp,ig,468,0.10681448924750109,0.8800000000000001,1.0,1.0,Model-matched,0
electricity,mlp,ig,469,0.024489678451194402,0.86,1.0,1.0,Model-matched,0
electricity,mlp,ig,470,0.11174078560083153,0.86,1.0,1.0,Model-matched,0
electricity,mlp,ig,471,0.04521427837752709,0.82,1.0,1.0,Model-matched,0
electricity,mlp,ig,472,0.06490912211657152,0.76,1.0,1.0,Model-matched,1
electricity,mlp,ig,473,0.020076472075829136,0.7,1.0,1.0,Model-matched,1
electricity,mlp,ig,474,0.0686534653476779,1.0,1.0,1.0,Model-matched,0
electricity,mlp,ig,475,0.027051818777703143,0.92,1.0,1.0,Model-matched,0
electricity,mlp,ig,476,0.2859425282632083,0.8799999999999999,1.0,1.0,Model-matched,0
electricity,mlp,ig,477,0.17204152820938357,0.8400000000000001,1.0,1.0,Model-matched,0
electricity,mlp,ig,478,0.03606993096195239,0.86,1.0,1.0,Model-matched,0
electricity,mlp,ig,479,0.005978829135421004,0.92,1.0,1.0,Model-matched,0
electricity,mlp,ig,480,0.003192942017857989,0.9200000000000002,1.0,1.0,Model-matched,0
electricity,mlp,ig,481,0.010012360899090354,0.8400000000000001,1.0,1.0,Model-matched,0
electricity,mlp,ig,482,0.01721905386037445,0.7799999999999999,1.0,1.0,Model-matched,1
electricity,mlp,ig,483,0.012109259303740008,1.0,1.0,1.0,Model-matched,0
electricity,mlp,ig,484,0.008129984008931997,0.86,1.0,1.0,Model-matched,0
electricity,mlp,ig,485,0.013654870177272694,0.92,1.0,1.0,Model-matched,0
electricity,mlp,ig,486,0.005162237376621702,0.8400000000000001,1.0,1.0,Model-matched,0
electricity,mlp,ig,487,0.022445456377739755,1.0,1.0,1.0,Model-matched,0
electricity,mlp,ig,488,0.03221383495776249,0.8400000000000001,1.0,1.0,Model-matched,0
electricity,mlp,ig,489,0.05040968786804481,1.0,1.0,1.0,Model-matched,0
electricity,mlp,ig,490,0.007327083186341592,0.92,1.0,1.0,Model-matched,0
electricity,mlp,ig,491,0.004058679982983389,0.92,1.0,1.0,Model-matched,0
electricity,mlp,ig,492,0.06324078844012736,0.82,1.0,1.0,Model-matched,0
electricity,mlp,ig,493,0.013679796234208924,0.74,1.0,1.0,Model-matched,1
electricity,mlp,ig,494,0.12893281588068514,1.0,1.0,1.0,Model-matched,0
electricity,mlp,ig,495,0.12422938373461134,1.0,1.0,1.0,Model-matched,0
electricity,mlp,ig,496,0.06651768547121589,0.82,1.0,1.0,Model-matched,0
electricity,mlp,ig,497,0.013402009005665249,0.82,1.0,1.0,Model-matched,0
electricity,mlp,ig,498,0.005813336986491909,0.9200000000000002,1.0,1.0,Model-matched,0
electricity,mlp,ig,499,0.03861803325802776,0.8800000000000001,1.0,1.0,Model-matched,0
electricity,mlp,lime,0,0.00010246487389526266,0.78,0.8400000000000001,0.8699999999999999,LIME,1
electricity,mlp,lime,1,0.034574179611413576,0.74,0.8,0.725,LIME,1
electricity,mlp,lime,2,0.06543394762004488,0.76,0.6799999999999999,0.72,LIME,1
electricity,mlp,lime,3,0.09620252874465966,0.7,0.74,0.6909090909090909,LIME,1
electricity,mlp,lime,4,0.009521560760659234,0.74,0.76,0.76,LIME,1
electricity,mlp,lime,5,0.005975451289521241,0.7399999999999999,0.78,0.7100000000000001,LIME,1
electricity,mlp,lime,6,0.012581348501609729,0.8400000000000001,0.8,0.76,LIME,0
electricity,mlp,lime,7,0.00943511402176207,0.86,0.8800000000000001,0.84,LIME,0
electricity,mlp,lime,8,0.015549531989172959,0.78,0.86,0.848,LIME,1
electricity,mlp,lime,9,0.04866746289703232,0.86,0.74,0.8500000000000001,LIME,0
electricity,mlp,lime,10,0.03380183241251497,0.78,0.8200000000000001,0.7360000000000001,LIME,1
electricity,mlp,lime,11,0.003250305654582621,0.7199999999999999,0.78,0.672,LIME,1
electricity,mlp,lime,12,0.12678148167222614,0.6199999999999999,0.7,0.6761904761904761,LIME,1
electricity,mlp,lime,13,0.06463719609460217,0.8800000000000001,0.8400000000000001,0.848,LIME,0
electricity,mlp,lime,14,0.00318033791649562,0.76,0.8200000000000001,0.768,LIME,1
electricity,mlp,lime,15,0.022769111727130087,0.7999999999999999,0.8400000000000001,0.784,LIME,1
electricity,mlp,lime,16,0.03584464735805479,0.6399999999999999,0.78,0.6380952380952382,LIME,1
electricity,mlp,lime,17,0.010160375786738165,0.8800000000000001,0.8800000000000001,0.872,LIME,0
electricity,mlp,lime,18,0.0015762805457261563,0.6799999999999998,0.8,0.7263157894736842,LIME,1
electricity,mlp,lime,19,0.07129973908246152,0.6799999999999999,0.7,0.6857142857142857,LIME,1
electricity,mlp,lime,20,0.35222850209026557,0.72,0.72,0.7040000000000001,LIME,1
electricity,mlp,lime,21,0.012408606441279174,0.92,0.9199999999999999,0.8240000000000001,LIME,0
electricity,mlp,lime,22,0.017919143475321992,0.7399999999999999,0.76,0.7058823529411765,LIME,1
electricity,mlp,lime,23,0.07336416985468543,0.7799999999999999,0.78,0.7759999999999999,LIME,1
electricity,mlp,lime,24,0.00025900790193417715,0.7599999999999999,0.78,0.696,LIME,1
electricity,mlp,lime,25,0.1375276315138121,0.7999999999999999,0.8400000000000001,0.7230769230769231,LIME,1
electricity,mlp,lime,26,0.00011017577384336551,0.8399999999999999,0.8400000000000001,0.8320000000000001,LIME,0
electricity,mlp,lime,27,0.058014436088895276,0.8,0.86,0.7666666666666667,LIME,0
electricity,mlp,lime,28,0.15894923462366028,0.8399999999999999,0.8,0.7818181818181817,LIME,0
electricity,mlp,lime,29,0.033101031774537916,0.8400000000000001,0.86,0.752,LIME,0
electricity,mlp,lime,30,0.032089921427417484,0.6999999999999998,0.82,0.775,LIME,1
electricity,mlp,lime,31,0.02219635971713173,0.6799999999999999,0.6599999999999999,0.65,LIME,1
electricity,mlp,lime,32,0.1647726594955588,0.7,0.7,0.7764705882352941,LIME,1
electricity,mlp,lime,33,0.0723107266694291,0.72,0.72,0.72,LIME,1
electricity,mlp,lime,34,0.023103783066475495,0.76,0.86,0.792,LIME,1
electricity,mlp,lime,35,0.021158284409070686,0.8400000000000001,0.8,0.75,LIME,0
electricity,mlp,lime,36,0.006511110241251276,0.7,0.64,0.7440000000000001,LIME,1
electricity,mlp,lime,37,0.0006116537151054647,0.8,0.8,0.7523809523809524,LIME,0
electricity,mlp,lime,38,0.01909612969984641,0.7399999999999999,0.86,0.7181818181818183,LIME,1
electricity,mlp,lime,39,0.0022959275971965475,0.6799999999999999,0.76,0.76,LIME,1
electricity,mlp,lime,40,0.13127035131500261,0.76,0.74,0.7478260869565218,LIME,1
electricity,mlp,lime,41,0.12447643968898568,0.6799999999999999,0.72,0.76,LIME,1
electricity,mlp,lime,42,0.08017391511751006,0.8400000000000001,0.78,0.76,LIME,0
electricity,mlp,lime,43,0.07995675539781764,0.8799999999999999,0.78,0.768,LIME,0
electricity,mlp,lime,44,0.02493351855989204,0.8800000000000001,0.8400000000000001,0.8181818181818182,LIME,0
electricity,mlp,lime,45,0.04456026149294385,0.72,0.8,0.7100000000000001,LIME,1
electricity,mlp,lime,46,0.0019738523666994598,0.6199999999999999,0.6599999999999999,0.6695652173913044,LIME,1
electricity,mlp,lime,47,0.012952698698693492,0.8800000000000001,0.86,0.8320000000000001,LIME,0
electricity,mlp,lime,48,0.09795940745330167,0.92,0.9199999999999999,0.9047619047619048,LIME,0
electricity,mlp,lime,49,0.010317087706427306,0.7399999999999999,0.8,0.752,LIME,1
electricity,mlp,lime,50,0.12387392216677062,0.72,1.0,1.0,LIME,1
electricity,mlp,lime,51,0.00657366693156645,0.7799999999999999,1.0,1.0,LIME,1
electricity,mlp,lime,52,0.11651938453575847,0.7999999999999999,1.0,1.0,LIME,1
electricity,mlp,lime,53,0.003303968181995614,0.8799999999999999,1.0,1.0,LIME,0
electricity,mlp,lime,54,0.020232529888697722,0.76,1.0,1.0,LIME,1
electricity,mlp,lime,55,0.005459721597113004,0.74,1.0,1.0,LIME,1
electricity,mlp,lime,56,0.025073619788186747,0.7599999999999999,1.0,1.0,LIME,1
electricity,mlp,lime,57,0.017389403876820482,0.74,1.0,1.0,LIME,1
electricity,mlp,lime,58,0.025675063140012964,0.6799999999999999,1.0,1.0,LIME,1
electricity,mlp,lime,59,0.03460885840077884,0.7199999999999999,1.0,1.0,LIME,1
electricity,mlp,lime,60,0.10244828780843938,0.7399999999999999,1.0,1.0,LIME,1
electricity,mlp,lime,61,0.0358912215840299,0.7999999999999999,1.0,1.0,LIME,1
electricity,mlp,lime,62,0.12331342682925082,0.92,1.0,1.0,LIME,0
electricity,mlp,lime,63,0.07002135316824755,0.92,1.0,1.0,LIME,0
electricity,mlp,lime,64,0.020540203548327467,0.8400000000000001,1.0,1.0,LIME,0
electricity,mlp,lime,65,0.019392855091826765,0.7599999999999999,1.0,1.0,LIME,1
electricity,mlp,lime,66,0.007572162652363322,0.6599999999999999,1.0,1.0,LIME,1
electricity,mlp,lime,67,0.006279549297512681,0.72,1.0,1.0,LIME,1
electricity,mlp,lime,68,0.0028154036509006365,0.6599999999999999,1.0,1.0,LIME,1
electricity,mlp,lime,69,0.08692950828422381,0.6799999999999999,1.0,1.0,LIME,1
electricity,mlp,lime,70,0.055156306196035086,0.7,1.0,1.0,LIME,1
electricity,mlp,lime,71,0.019327081371857468,0.7999999999999999,1.0,1.0,LIME,1
electricity,mlp,lime,72,0.009635759008083783,0.7199999999999999,1.0,1.0,LIME,1
electricity,mlp,lime,73,0.024163519560195496,0.86,1.0,1.0,LIME,0
electricity,mlp,lime,74,0.01536563250374027,0.7,1.0,1.0,LIME,1
electricity,mlp,lime,75,0.012384853057039607,0.72,1.0,1.0,LIME,1
electricity,mlp,lime,76,0.02053575707952825,0.8,1.0,1.0,LIME,0
electricity,mlp,lime,77,0.10536417105555428,0.8400000000000001,1.0,1.0,LIME,0
electricity,mlp,lime,78,0.0011082779357385498,0.6799999999999999,1.0,1.0,LIME,1
electricity,mlp,lime,79,0.015882941798730607,0.7999999999999999,1.0,1.0,LIME,1
electricity,mlp,lime,80,0.01161231202229563,0.7999999999999999,1.0,1.0,LIME,1
electricity,mlp,lime,81,0.0008363678523665151,0.6599999999999999,1.0,1.0,LIME,1
electricity,mlp,lime,82,0.008147401021649736,0.7799999999999999,1.0,1.0,LIME,1
electricity,mlp,lime,83,0.06815663634644467,0.7,1.0,1.0,LIME,1
electricity,mlp,lime,84,0.004410606119314973,0.76,1.0,1.0,LIME,1
electricity,mlp,lime,85,0.00958339714542984,0.8799999999999999,1.0,1.0,LIME,0
electricity,mlp,lime,86,0.020497542243619278,0.74,1.0,1.0,LIME,1
electricity,mlp,lime,87,0.013982826768269297,0.78,1.0,1.0,LIME,1
electricity,mlp,lime,88,0.0398676500449962,0.7599999999999999,1.0,1.0,LIME,1
electricity,mlp,lime,89,0.10388805025652251,0.7,1.0,1.0,LIME,1
electricity,mlp,lime,90,0.007401970579399737,0.8800000000000001,1.0,1.0,LIME,0
electricity,mlp,lime,91,0.03220361687739112,0.78,1.0,1.0,LIME,1
electricity,mlp,lime,92,0.0026128961623491068,0.78,1.0,1.0,LIME,1
electricity,mlp,lime,93,0.0008501171780899016,0.8400000000000001,1.0,1.0,LIME,0
electricity,mlp,lime,94,0.06493085918253419,0.6599999999999999,1.0,1.0,LIME,1
electricity,mlp,lime,95,0.011440781243006227,0.7199999999999999,1.0,1.0,LIME,1
electricity,mlp,lime,96,0.01828253636399443,0.6799999999999999,1.0,1.0,LIME,1
electricity,mlp,lime,97,0.0736950755344553,0.72,1.0,1.0,LIME,1
electricity,mlp,lime,98,0.009580076786596045,0.7799999999999999,1.0,1.0,LIME,1
electricity,mlp,lime,99,0.053580158227458305,0.72,1.0,1.0,LIME,1
electricity,mlp,kshap,0,0.07315479171713289,0.92,1.0,1.0,Model-matched,0
electricity,mlp,kshap,1,0.05861383926743164,0.8799999999999999,1.0,1.0,Model-matched,0
electricity,mlp,kshap,2,0.006338761004779294,0.8399999999999999,1.0,1.0,Model-matched,0
electricity,mlp,kshap,3,0.1495727779031761,0.8800000000000001,1.0,1.0,Model-matched,0
electricity,mlp,kshap,4,0.025601436460576967,0.8799999999999999,1.0,1.0,Model-matched,0
electricity,mlp,kshap,5,0.1708767293246124,0.92,1.0,1.0,Model-matched,0
electricity,mlp,kshap,6,0.06854449267069491,1.0,1.0,1.0,Model-matched,0
electricity,mlp,kshap,7,0.11241673631598775,0.92,1.0,1.0,Model-matched,0
electricity,mlp,kshap,8,0.008274028570100624,0.92,1.0,1.0,Model-matched,0
electricity,mlp,kshap,9,0.07722819816517511,0.9200000000000002,1.0,1.0,Model-matched,0
electricity,mlp,kshap,10,0.10444941891020781,1.0,1.0,1.0,Model-matched,0
electricity,mlp,kshap,11,0.18174284029799023,0.8799999999999999,1.0,1.0,Model-matched,0
electricity,mlp,kshap,12,0.09649892633175575,0.92,1.0,1.0,Model-matched,0
electricity,mlp,kshap,13,0.013650595898599148,0.8799999999999999,1.0,1.0,Model-matched,0
electricity,mlp,kshap,14,0.04539408037526182,1.0,1.0,1.0,Model-matched,0
electricity,mlp,kshap,15,0.04250580420501961,0.86,1.0,1.0,Model-matched,0
electricity,mlp,kshap,16,0.06665339515701335,0.8799999999999999,1.0,1.0,Model-matched,0
electricity,mlp,kshap,17,0.008257420149519898,0.7399999999999999,1.0,1.0,Model-matched,1
electricity,mlp,kshap,18,0.05215272854805814,0.92,1.0,1.0,Model-matched,0
electricity,mlp,kshap,19,0.016900835040154532,0.92,1.0,1.0,Model-matched,0
electricity,mlp,kshap,20,0.27281717049640597,1.0,1.0,1.0,Model-matched,0
electricity,mlp,kshap,21,0.0006982930705845912,0.7999999999999999,1.0,1.0,Model-matched,1
electricity,mlp,kshap,22,0.08598617238365888,0.8800000000000001,1.0,1.0,Model-matched,0
electricity,mlp,kshap,23,0.00764779504312175,0.92,1.0,1.0,Model-matched,0
electricity,mlp,kshap,24,0.03552530261260524,0.86,1.0,1.0,Model-matched,0
electricity,mlp,kshap,25,0.4124811019477619,1.0,1.0,1.0,Model-matched,0
electricity,mlp,kshap,26,0.0648033025082422,0.9200000000000002,1.0,1.0,Model-matched,0
electricity,mlp,kshap,27,0.003954864728538737,0.7399999999999999,1.0,1.0,Model-matched,1
electricity,mlp,kshap,28,0.1329885167227274,1.0,1.0,1.0,Model-matched,0
electricity,mlp,kshap,29,0.005090314492269549,0.8799999999999999,1.0,1.0,Model-matched,0
electricity,mlp,kshap,30,0.15721498062797054,1.0,1.0,1.0,Model-matched,0
electricity,mlp,kshap,31,0.013423674043697108,0.92,1.0,1.0,Model-matched,0
electricity,mlp,kshap,32,0.16929320450659127,0.9200000000000002,1.0,1.0,Model-matched,0
electricity,mlp,kshap,33,0.05613900426855031,1.0,1.0,1.0,Model-matched,0
electricity,mlp,kshap,34,0.04636099773503052,1.0,1.0,1.0,Model-matched,0
electricity,mlp,kshap,35,0.00305172657795258,0.8400000000000001,1.0,1.0,Model-matched,0
electricity,mlp,kshap,36,0.014486861362664723,0.92,1.0,1.0,Model-matched,0
electricity,mlp,kshap,37,0.01553467361894032,0.92,1.0,1.0,Model-matched,0
electricity,mlp,kshap,38,0.00969371851366544,0.8399999999999999,1.0,1.0,Model-matched,0
electricity,mlp,kshap,39,0.04025228728635899,0.92,1.0,1.0,Model-matched,0
electricity,mlp,kshap,40,0.03694843983968451,0.7599999999999999,1.0,1.0,Model-matched,1
electricity,mlp,kshap,41,0.024016756310013373,0.86,1.0,1.0,Model-matched,0
electricity,mlp,kshap,42,0.08081100072993706,0.8800000000000001,1.0,1.0,Model-matched,0
electricity,mlp,kshap,43,0.022556047337660267,0.8399999999999999,1.0,1.0,Model-matched,0
electricity,mlp,kshap,44,0.008177574259301545,0.8399999999999999,1.0,1.0,Model-matched,0
electricity,mlp,kshap,45,0.03160935283968682,0.8399999999999999,1.0,1.0,Model-matched,0
electricity,mlp,kshap,46,0.5083241212968179,0.92,1.0,1.0,Model-matched,0
electricity,mlp,kshap,47,0.019356347735291924,0.74,1.0,1.0,Model-matched,1
electricity,mlp,kshap,48,0.07790433250033893,1.0,1.0,1.0,Model-matched,0
electricity,mlp,kshap,49,0.00044892644881979463,0.8800000000000001,1.0,1.0,Model-matched,0
electricity,mlp,kshap,50,0.05757928303291838,0.9200000000000002,1.0,1.0,Model-matched,0
electricity,mlp,kshap,51,0.07113994338302171,0.92,1.0,1.0,Model-matched,0
electricity,mlp,kshap,52,0.021285139462122224,0.8400000000000001,1.0,1.0,Model-matched,0
electricity,mlp,kshap,53,0.049039377743192496,0.92,1.0,1.0,Model-matched,0
electricity,mlp,kshap,54,0.07332872268644296,1.0,1.0,1.0,Model-matched,0
electricity,mlp,kshap,55,0.08281726795878992,0.7799999999999999,1.0,1.0,Model-matched,1
electricity,mlp,kshap,56,0.0028449780259870543,1.0,1.0,1.0,Model-matched,0
electricity,mlp,kshap,57,0.07451078200689566,0.8400000000000001,1.0,1.0,Model-matched,0
electricity,mlp,kshap,58,0.0312796056382835,0.8399999999999999,1.0,1.0,Model-matched,0
electricity,mlp,kshap,59,0.2103541364167812,0.9200000000000002,1.0,1.0,Model-matched,0
electricity,mlp,kshap,60,0.02067679272595804,0.92,1.0,1.0,Model-matched,0
electricity,mlp,kshap,61,0.005958166553137137,0.92,1.0,1.0,Model-matched,0
electricity,mlp,kshap,62,0.018961287186596384,0.7999999999999999,1.0,1.0,Model-matched,1
electricity,mlp,kshap,63,0.006715196739208858,0.7999999999999999,1.0,1.0,Model-matched,1
electricity,mlp,kshap,64,0.0011970063772858807,0.8,1.0,1.0,Model-matched,0
electricity,mlp,kshap,65,0.023174000527652686,0.92,1.0,1.0,Model-matched,0
electricity,mlp,kshap,66,0.00010621336683412394,0.7999999999999999,1.0,1.0,Model-matched,1
electricity,mlp,kshap,67,0.002710710974615593,0.7999999999999999,1.0,1.0,Model-matched,1
electricity,mlp,kshap,68,0.06926983648480718,0.92,1.0,1.0,Model-matched,0
electricity,mlp,kshap,69,0.1603593378180542,0.8400000000000001,1.0,1.0,Model-matched,0
electricity,mlp,kshap,70,0.009718372352497702,0.92,1.0,1.0,Model-matched,0
electricity,mlp,kshap,71,0.001362002057404298,0.8800000000000001,1.0,1.0,Model-matched,0
electricity,mlp,kshap,72,0.044819538270114,1.0,1.0,1.0,Model-matched,0
electricity,mlp,kshap,73,0.002216924729251237,0.7799999999999999,1.0,1.0,Model-matched,1
electricity,mlp,kshap,74,0.008493062576213762,0.8400000000000001,1.0,1.0,Model-matched,0
electricity,mlp,kshap,75,0.03160644301180665,0.8400000000000001,1.0,1.0,Model-matched,0
electricity,mlp,kshap,76,0.05754787239060322,0.9200000000000002,1.0,1.0,Model-matched,0
electricity,mlp,kshap,77,0.01790136226663417,0.8400000000000001,1.0,1.0,Model-matched,0
electricity,mlp,kshap,78,0.1496327624262184,0.92,1.0,1.0,Model-matched,0
electricity,mlp,kshap,79,0.056311245957909005,0.86,1.0,1.0,Model-matched,0
electricity,mlp,kshap,80,0.07240389269380973,1.0,1.0,1.0,Model-matched,0
electricity,mlp,kshap,81,0.1536689672365936,1.0,1.0,1.0,Model-matched,0
electricity,mlp,kshap,82,0.07085532128056224,0.86,1.0,1.0,Model-matched,0
electricity,mlp,kshap,83,0.06321451475859685,0.92,1.0,1.0,Model-matched,0
electricity,mlp,kshap,84,0.024062838222905236,0.9200000000000002,1.0,1.0,Model-matched,0
electricity,mlp,kshap,85,0.028995913745527773,0.86,1.0,1.0,Model-matched,0
electricity,mlp,kshap,86,0.000967665338904976,0.8800000000000001,1.0,1.0,Model-matched,0
electricity,mlp,kshap,87,0.025104091887683356,0.8400000000000001,1.0,1.0,Model-matched,0
electricity,mlp,kshap,88,0.005655361552418607,0.7199999999999999,1.0,1.0,Model-matched,1
electricity,mlp,kshap,89,0.34835240329375455,1.0,1.0,1.0,Model-matched,0
electricity,mlp,kshap,90,0.006096127046043209,0.7799999999999999,1.0,1.0,Model-matched,1
electricity,mlp,kshap,91,0.05035427802579737,0.92,1.0,1.0,Model-matched,0
electricity,mlp,kshap,92,0.0011945245788382124,0.8800000000000001,1.0,1.0,Model-matched,0
electricity,mlp,kshap,93,0.003919948503356568,0.7399999999999999,1.0,1.0,Model-matched,1
electricity,mlp,kshap,94,0.015345964994900029,0.8399999999999999,1.0,1.0,Model-matched,0
electricity,mlp,kshap,95,0.05802182583103822,0.8399999999999999,1.0,1.0,Model-matched,0
electricity,mlp,kshap,96,0.08845412448771472,1.0,1.0,1.0,Model-matched,0
electricity,mlp,kshap,97,0.019779173561532894,0.86,1.0,1.0,Model-matched,0
electricity,mlp,kshap,98,0.027647825545087285,0.92,1.0,1.0,Model-matched,0
electricity,mlp,kshap,99,0.02997444750824637,0.9200000000000002,1.0,1.0,Model-matched,0
