ds,model,method,inst,conf,instab_seed,top5_seed
adult,logreg,linshap,0,0.8018181249781822,0.0,1.0
adult,logreg,linshap,1,0.9941171874016712,2.220446049250313e-16,1.0
adult,logreg,linshap,2,0.9964646704499497,0.0,1.0
adult,logreg,linshap,3,0.7556207401238402,0.0,1.0
adult,logreg,linshap,4,0.9936618706682314,2.220446049250313e-16,1.0
adult,logreg,linshap,5,0.7984552745033698,-2.220446049250313e-16,1.0
adult,logreg,linshap,6,0.9055409897872984,-2.220446049250313e-16,1.0
adult,logreg,linshap,7,0.5140322091627163,0.0,1.0
adult,logreg,linshap,8,0.8115478948912866,0.0,1.0
adult,logreg,linshap,9,0.605727753260081,0.0,1.0
adult,logreg,linshap,10,0.5544792546979649,0.0,1.0
adult,logreg,linshap,11,0.9990817167704906,2.220446049250313e-16,1.0
adult,logreg,linshap,12,0.9471086013611615,0.0,1.0
adult,logreg,linshap,13,0.7644126213010478,0.0,1.0
adult,logreg,linshap,14,0.6277666272790212,2.220446049250313e-16,1.0
adult,logreg,linshap,15,0.7641553938194022,0.0,1.0
adult,logreg,linshap,16,0.9981347152735655,0.0,1.0
adult,logreg,linshap,17,0.9563143015575104,0.0,1.0
adult,logreg,linshap,18,0.9950094993894216,0.0,1.0
adult,logreg,linshap,19,0.9848288481840892,2.220446049250313e-16,1.0
adult,logreg,linshap,20,0.9899638153199882,0.0,1.0
adult,logreg,linshap,21,0.986978995162002,-2.220446049250313e-16,1.0
adult,logreg,linshap,22,0.9766194579869083,-2.220446049250313e-16,1.0
adult,logreg,linshap,23,0.9639800760495397,0.0,1.0
adult,logreg,linshap,24,0.7765088450674074,0.0,1.0
adult,logreg,linshap,25,0.9898857111932147,0.0,1.0
adult,logreg,linshap,26,0.7979544329230961,0.0,1.0
adult,logreg,linshap,27,0.8063742797674571,-2.220446049250313e-16,1.0
adult,logreg,linshap,28,0.9807152917651145,2.220446049250313e-16,1.0
adult,logreg,linshap,29,0.989995388692298,0.0,1.0
adult,logreg,linshap,30,0.9045477747090225,0.0,1.0
adult,logreg,linshap,31,0.9415662190415258,0.0,1.0
adult,logreg,linshap,32,0.947812048220895,2.220446049250313e-16,1.0
adult,logreg,linshap,33,0.8483884274822756,0.0,1.0
adult,logreg,linshap,34,0.9471010282709946,0.0,1.0
adult,logreg,linshap,35,0.9621383744901882,-2.220446049250313e-16,1.0
adult,logreg,linshap,36,0.9680980476783858,-2.220446049250313e-16,1.0
adult,logreg,linshap,37,0.7902738024444851,2.220446049250313e-16,1.0
adult,logreg,linshap,38,0.69849463168924,0.0,1.0
adult,logreg,linshap,39,0.9492030701785434,-2.220446049250313e-16,1.0
adult,logreg,linshap,40,0.7089609696879311,-2.220446049250313e-16,1.0
adult,logreg,linshap,41,0.984188413149058,0.0,1.0
adult,logreg,linshap,42,0.6130072217006349,0.0,1.0
adult,logreg,linshap,43,0.9790647841047025,0.0,1.0
adult,logreg,linshap,44,0.97647557543311,0.0,1.0
adult,logreg,linshap,45,0.9728864720594828,0.0,1.0
adult,logreg,linshap,46,0.9921924873792616,-2.220446049250313e-16,1.0
adult,logreg,linshap,47,0.924790637873499,2.220446049250313e-16,1.0
adult,logreg,linshap,48,0.9343344392881436,0.0,1.0
adult,logreg,linshap,49,0.6679617003281997,0.0,1.0
adult,logreg,linshap,50,0.7313845491567147,-2.220446049250313e-16,1.0
adult,logreg,linshap,51,0.7228662434369708,0.0,1.0
adult,logreg,linshap,52,0.7951621953732693,2.220446049250313e-16,1.0
adult,logreg,linshap,53,0.9043582706966407,0.0,1.0
adult,logreg,linshap,54,0.67474786945131,2.220446049250313e-16,1.0
adult,logreg,linshap,55,0.9233793484865307,2.220446049250313e-16,1.0
adult,logreg,linshap,56,0.7083643507608841,0.0,1.0
adult,logreg,linshap,57,0.9329311497496372,-2.220446049250313e-16,1.0
adult,logreg,linshap,58,0.9950939071693072,0.0,1.0
adult,logreg,linshap,59,0.9985903709001448,0.0,1.0
adult,logreg,linshap,60,0.9943236464076521,2.220446049250313e-16,1.0
adult,logreg,linshap,61,0.9990701110161965,0.0,1.0
adult,logreg,linshap,62,0.5068164614201217,-2.220446049250313e-16,1.0
adult,logreg,linshap,63,0.9693518650796429,-2.220446049250313e-16,1.0
adult,logreg,linshap,64,0.9414695174950124,0.0,1.0
adult,logreg,linshap,65,0.9999999999999488,2.220446049250313e-16,1.0
adult,logreg,linshap,66,0.9854789128546779,0.0,1.0
adult,logreg,linshap,67,0.5882172744369767,2.220446049250313e-16,1.0
adult,logreg,linshap,68,0.9917348950578513,0.0,1.0
adult,logreg,linshap,69,0.7308247001643806,0.0,1.0
adult,logreg,linshap,70,0.9951750455767974,-2.220446049250313e-16,1.0
adult,logreg,linshap,71,0.9340432468303778,-2.220446049250313e-16,1.0
adult,logreg,linshap,72,0.9873327253111913,2.220446049250313e-16,1.0
adult,logreg,linshap,73,0.8784191339281111,2.220446049250313e-16,1.0
adult,logreg,linshap,74,0.9005273716945219,0.0,1.0
adult,logreg,linshap,75,0.9902195007005027,-2.220446049250313e-16,1.0
adult,logreg,linshap,76,0.9929565108106674,2.220446049250313e-16,1.0
adult,logreg,linshap,77,0.7990598682276433,-2.220446049250313e-16,1.0
adult,logreg,linshap,78,0.6730782239064608,2.220446049250313e-16,1.0
adult,logreg,linshap,79,0.9963584214075081,-2.220446049250313e-16,1.0
adult,logreg,linshap,80,0.5279732062664932,0.0,1.0
adult,logreg,linshap,81,0.8267578310183337,-2.220446049250313e-16,1.0
adult,logreg,linshap,82,0.9731399091763405,2.220446049250313e-16,1.0
adult,logreg,linshap,83,0.9949693963717641,0.0,1.0
adult,logreg,linshap,84,0.9962996577402284,0.0,1.0
adult,logreg,linshap,85,0.976811751922126,-2.220446049250313e-16,1.0
adult,logreg,linshap,86,0.9793869260637251,-2.220446049250313e-16,1.0
adult,logreg,linshap,87,0.9682841518878773,0.0,1.0
adult,logreg,linshap,88,0.6647648167593248,0.0,1.0
adult,logreg,linshap,89,0.8223861173402296,0.0,1.0
adult,logreg,linshap,90,0.991547228626229,0.0,1.0
adult,logreg,linshap,91,0.8331314442762942,-2.220446049250313e-16,1.0
adult,logreg,linshap,92,0.9210310344144151,0.0,1.0
adult,logreg,linshap,93,0.6459535609992053,-2.220446049250313e-16,1.0
adult,logreg,linshap,94,0.9999999999999687,-2.220446049250313e-16,1.0
adult,logreg,linshap,95,0.9965617398543605,0.0,1.0
adult,logreg,linshap,96,0.9403866026092091,2.220446049250313e-16,1.0
adult,logreg,linshap,97,0.9898525577353675,-2.220446049250313e-16,1.0
adult,logreg,linshap,98,0.562832596143404,0.0,1.0
adult,logreg,linshap,99,0.8752238582520249,0.0,1.0
adult,logreg,linshap,100,0.5333182075607238,0.0,1.0
adult,logreg,linshap,101,0.9810496674387214,2.220446049250313e-16,1.0
adult,logreg,linshap,102,0.7967525223225701,-2.220446049250313e-16,1.0
adult,logreg,linshap,103,0.9832636559304108,2.220446049250313e-16,1.0
adult,logreg,linshap,104,0.9547855780433047,2.220446049250313e-16,1.0
adult,logreg,linshap,105,0.9930392859969203,0.0,1.0
adult,logreg,linshap,106,0.7224691693263101,0.0,1.0
adult,logreg,linshap,107,0.9637080409080772,0.0,1.0
adult,logreg,linshap,108,0.6289873922856604,0.0,1.0
adult,logreg,linshap,109,0.6372371121274376,0.0,1.0
adult,logreg,linshap,110,0.5328824275458925,0.0,1.0
adult,logreg,linshap,111,0.99175440027638,-2.220446049250313e-16,1.0
adult,logreg,linshap,112,0.9652083387133497,-2.220446049250313e-16,1.0
adult,logreg,linshap,113,0.9974931232004016,2.220446049250313e-16,1.0
adult,logreg,linshap,114,0.9963993957380367,0.0,1.0
adult,logreg,linshap,115,0.5628541033187183,0.0,1.0
adult,logreg,linshap,116,0.842733171439124,0.0,1.0
adult,logreg,linshap,117,0.9451067869631565,0.0,1.0
adult,logreg,linshap,118,0.9783944112235933,0.0,1.0
adult,logreg,linshap,119,0.9869155955656629,0.0,1.0
adult,logreg,linshap,120,0.9990306197324804,0.0,1.0
adult,logreg,linshap,121,0.9845966384110947,-2.220446049250313e-16,1.0
adult,logreg,linshap,122,0.9780655675098056,0.0,1.0
adult,logreg,linshap,123,0.7205967566178688,2.220446049250313e-16,1.0
adult,logreg,linshap,124,0.9715153482398765,2.220446049250313e-16,1.0
adult,logreg,linshap,125,0.9820137442130058,0.0,1.0
adult,logreg,linshap,126,0.7120907458450787,0.0,1.0
adult,logreg,linshap,127,0.986736387309788,0.0,1.0
adult,logreg,linshap,128,0.9622039573656892,0.0,1.0
adult,logreg,linshap,129,0.99791856389211,0.0,1.0
adult,logreg,linshap,130,0.8835672348858106,-2.220446049250313e-16,1.0
adult,logreg,linshap,131,0.8467126629234392,-2.220446049250313e-16,1.0
adult,logreg,linshap,132,0.9203203142844544,2.220446049250313e-16,1.0
adult,logreg,linshap,133,0.8784294475513953,2.220446049250313e-16,1.0
adult,logreg,linshap,134,0.5487312822724433,-2.220446049250313e-16,1.0
adult,logreg,linshap,135,0.6240802823100127,0.0,1.0
adult,logreg,linshap,136,0.6508419138983657,2.220446049250313e-16,1.0
adult,logreg,linshap,137,0.5234587653688918,-2.220446049250313e-16,1.0
adult,logreg,linshap,138,0.9987889936025972,-2.220446049250313e-16,1.0
adult,logreg,linshap,139,0.9441264007281637,0.0,1.0
adult,logreg,linshap,140,0.9594282816795427,0.0,1.0
adult,logreg,linshap,141,0.9915400539054702,-2.220446049250313e-16,1.0
adult,logreg,linshap,142,0.8084198203775376,-2.220446049250313e-16,1.0
adult,logreg,linshap,143,0.7361332055542801,-2.220446049250313e-16,1.0
adult,logreg,linshap,144,0.9846730107323459,0.0,1.0
adult,logreg,linshap,145,0.859662457450914,0.0,1.0
adult,logreg,linshap,146,0.7648376919391622,0.0,1.0
adult,logreg,linshap,147,0.9413969287603038,2.220446049250313e-16,1.0
adult,logreg,linshap,148,0.8685947692729675,0.0,1.0
adult,logreg,linshap,149,0.5500913927125377,2.220446049250313e-16,1.0
adult,logreg,linshap,150,0.7344573212553664,-2.220446049250313e-16,1.0
adult,logreg,linshap,151,0.9926013349397437,0.0,1.0
adult,logreg,linshap,152,0.9989035967332003,0.0,1.0
adult,logreg,linshap,153,0.6445847109933284,0.0,1.0
adult,logreg,linshap,154,0.8578217671073466,2.220446049250313e-16,1.0
adult,logreg,linshap,155,0.9921694350310506,2.220446049250313e-16,1.0
adult,logreg,linshap,156,0.9801687845632356,-2.220446049250313e-16,1.0
adult,logreg,linshap,157,0.9937887051250256,-2.220446049250313e-16,1.0
adult,logreg,linshap,158,0.9939661812906457,-2.220446049250313e-16,1.0
adult,logreg,linshap,159,0.9991042855161243,0.0,1.0
adult,logreg,linshap,160,0.616005652879667,-2.220446049250313e-16,1.0
adult,logreg,linshap,161,0.5005155014576441,0.0,1.0
adult,logreg,linshap,162,0.9361854583870388,2.220446049250313e-16,1.0
adult,logreg,linshap,163,0.6207499832822698,-2.220446049250313e-16,1.0
adult,logreg,linshap,164,0.9677790617563706,0.0,1.0
adult,logreg,linshap,165,0.8901688228569997,0.0,1.0
adult,logreg,linshap,166,0.9578850540957878,0.0,1.0
adult,logreg,linshap,167,0.7869229678385029,0.0,1.0
adult,logreg,linshap,168,0.5992069574832009,2.220446049250313e-16,1.0
adult,logreg,linshap,169,0.5194289607743403,0.0,1.0
adult,logreg,linshap,170,0.9918801163233514,2.220446049250313e-16,1.0
adult,logreg,linshap,171,0.6569729672424008,0.0,1.0
adult,logreg,linshap,172,0.5177966847163383,-2.220446049250313e-16,1.0
adult,logreg,linshap,173,0.9957529896885007,0.0,1.0
adult,logreg,linshap,174,0.5748266111415081,2.220446049250313e-16,1.0
adult,logreg,linshap,175,0.6231845905731155,0.0,1.0
adult,logreg,linshap,176,0.7000880407225544,-2.220446049250313e-16,1.0
adult,logreg,linshap,177,0.9992326095690439,0.0,1.0
adult,logreg,linshap,178,0.9949443608290783,0.0,1.0
adult,logreg,linshap,179,0.8544616276661049,0.0,1.0
adult,logreg,linshap,180,0.9253048890842642,2.220446049250313e-16,1.0
adult,logreg,linshap,181,0.9910612457586604,-2.220446049250313e-16,1.0
adult,logreg,linshap,182,0.5109918651005784,0.0,1.0
adult,logreg,linshap,183,0.9203697923851074,2.220446049250313e-16,1.0
adult,logreg,linshap,184,0.8102764082205234,0.0,1.0
adult,logreg,linshap,185,0.9641081141387197,0.0,1.0
adult,logreg,linshap,186,0.5809501535971202,-2.220446049250313e-16,1.0
adult,logreg,linshap,187,0.6052842135035221,-2.220446049250313e-16,1.0
adult,logreg,linshap,188,0.9472926031600301,0.0,1.0
adult,logreg,linshap,189,0.9783396025580654,0.0,1.0
adult,logreg,linshap,190,0.9626268446421828,2.220446049250313e-16,1.0
adult,logreg,linshap,191,0.8196798176358356,0.0,1.0
adult,logreg,linshap,192,0.9750912647847407,2.220446049250313e-16,1.0
adult,logreg,linshap,193,0.9754120049882719,-2.220446049250313e-16,1.0
adult,logreg,linshap,194,0.9933172018624573,0.0,1.0
adult,logreg,linshap,195,0.9928326519728369,2.220446049250313e-16,1.0
adult,logreg,linshap,196,0.9395584082619276,0.0,1.0
adult,logreg,linshap,197,0.977108891454088,0.0,1.0
adult,logreg,linshap,198,0.9909548604891546,0.0,1.0
adult,logreg,linshap,199,0.9370230904235974,0.0,1.0
adult,logreg,linshap,200,0.6237409472925972,0.0,1.0
adult,logreg,linshap,201,0.7640397409407607,0.0,1.0
adult,logreg,linshap,202,0.873200317415144,0.0,1.0
adult,logreg,linshap,203,0.8309800294371221,0.0,1.0
adult,logreg,linshap,204,0.8484092650524703,2.220446049250313e-16,1.0
adult,logreg,linshap,205,0.9831654605650655,0.0,1.0
adult,logreg,linshap,206,0.5190893027471324,-2.220446049250313e-16,1.0
adult,logreg,linshap,207,0.9999999999999971,2.220446049250313e-16,1.0
adult,logreg,linshap,208,0.9357257008845608,0.0,1.0
adult,logreg,linshap,209,0.9804955247881091,0.0,1.0
adult,logreg,linshap,210,0.9785609340491417,0.0,1.0
adult,logreg,linshap,211,0.5167686275287532,0.0,1.0
adult,logreg,linshap,212,0.7246774046764528,2.220446049250313e-16,1.0
adult,logreg,linshap,213,0.9687092422343145,0.0,1.0
adult,logreg,linshap,214,0.9875858549693189,0.0,1.0
adult,logreg,linshap,215,0.8868369823644784,2.220446049250313e-16,1.0
adult,logreg,linshap,216,0.5551401586794678,-2.220446049250313e-16,1.0
adult,logreg,linshap,217,0.5808094610692791,0.0,1.0
adult,logreg,linshap,218,0.9625817299771953,2.220446049250313e-16,1.0
adult,logreg,linshap,219,0.9886624805735929,2.220446049250313e-16,1.0
adult,logreg,linshap,220,0.9947346944391949,2.220446049250313e-16,1.0
adult,logreg,linshap,221,0.6077991185301834,0.0,1.0
adult,logreg,linshap,222,0.9487155812467613,0.0,1.0
adult,logreg,linshap,223,0.6808409662120931,-2.220446049250313e-16,1.0
adult,logreg,linshap,224,0.5922246276797574,-2.220446049250313e-16,1.0
adult,logreg,linshap,225,0.8055361462366925,2.220446049250313e-16,1.0
adult,logreg,linshap,226,0.9894705255285711,0.0,1.0
adult,logreg,linshap,227,0.9432159278479695,0.0,1.0
adult,logreg,linshap,228,0.9948763388889652,0.0,1.0
adult,logreg,linshap,229,0.9189657672366721,0.0,1.0
adult,logreg,linshap,230,0.9719912093133922,0.0,1.0
adult,logreg,linshap,231,0.6858365563131316,0.0,1.0
adult,logreg,linshap,232,0.8118674733639561,-2.220446049250313e-16,1.0
adult,logreg,linshap,233,0.9574958232539075,2.220446049250313e-16,1.0
adult,logreg,linshap,234,0.5266080407599218,-2.220446049250313e-16,1.0
adult,logreg,linshap,235,0.5105946736219856,-2.220446049250313e-16,1.0
adult,logreg,linshap,236,0.8837927775708236,0.0,1.0
adult,logreg,linshap,237,0.940889131909221,0.0,1.0
adult,logreg,linshap,238,0.9873379328942578,0.0,1.0
adult,logreg,linshap,239,0.9893933200294258,0.0,1.0
adult,logreg,linshap,240,0.9524294728655557,0.0,1.0
adult,logreg,linshap,241,0.6278258915220164,-2.220446049250313e-16,1.0
adult,logreg,linshap,242,0.7167225734802639,0.0,1.0
adult,logreg,linshap,243,0.9404498747248169,0.0,1.0
adult,logreg,linshap,244,0.9969706759038527,0.0,1.0
adult,logreg,linshap,245,0.9843142926750182,-2.220446049250313e-16,1.0
adult,logreg,linshap,246,0.9849012595330497,-2.220446049250313e-16,1.0
adult,logreg,linshap,247,0.9336006951222273,0.0,1.0
adult,logreg,linshap,248,0.8104215329494684,-2.220446049250313e-16,1.0
adult,logreg,linshap,249,0.7931688170767357,-2.220446049250313e-16,1.0
adult,logreg,linshap,250,0.9895376342577563,0.0,1.0
adult,logreg,linshap,251,0.8402008297879033,2.220446049250313e-16,1.0
adult,logreg,linshap,252,0.9825130442826048,0.0,1.0
adult,logreg,linshap,253,0.9020101831463908,2.220446049250313e-16,1.0
adult,logreg,linshap,254,0.9698492176174224,0.0,1.0
adult,logreg,linshap,255,0.8890088086808319,-2.220446049250313e-16,1.0
adult,logreg,linshap,256,0.9902279576040268,0.0,1.0
adult,logreg,linshap,257,0.8335006008269474,2.220446049250313e-16,1.0
adult,logreg,linshap,258,0.721533223554272,-2.220446049250313e-16,1.0
adult,logreg,linshap,259,0.7624954325765121,-2.220446049250313e-16,1.0
adult,logreg,linshap,260,0.9526045633558164,0.0,1.0
adult,logreg,linshap,261,0.666740553889316,2.220446049250313e-16,1.0
adult,logreg,linshap,262,0.9960650560408147,0.0,1.0
adult,logreg,linshap,263,0.5189061600220031,2.220446049250313e-16,1.0
adult,logreg,linshap,264,0.7338364947651004,0.0,1.0
adult,logreg,linshap,265,0.9986989960103205,-2.220446049250313e-16,1.0
adult,logreg,linshap,266,0.9981679563063629,0.0,1.0
adult,logreg,linshap,267,0.8435876733930247,-2.220446049250313e-16,1.0
adult,logreg,linshap,268,0.7149347411607192,2.220446049250313e-16,1.0
adult,logreg,linshap,269,0.51437301276479,0.0,1.0
adult,logreg,linshap,270,0.756919816565265,0.0,1.0
adult,logreg,linshap,271,0.5125820117267075,0.0,1.0
adult,logreg,linshap,272,0.9077922788984708,2.220446049250313e-16,1.0
adult,logreg,linshap,273,0.5725208032092528,2.220446049250313e-16,1.0
adult,logreg,linshap,274,0.5965100447712492,0.0,1.0
adult,logreg,linshap,275,0.8959664028679653,2.220446049250313e-16,1.0
adult,logreg,linshap,276,0.8713284753842737,-2.220446049250313e-16,1.0
adult,logreg,linshap,277,0.5773155135865784,0.0,1.0
adult,logreg,linshap,278,0.9950836295648451,0.0,1.0
adult,logreg,linshap,279,0.5304187187847871,-2.220446049250313e-16,1.0
adult,logreg,linshap,280,0.9884173557516032,2.220446049250313e-16,1.0
adult,logreg,linshap,281,0.9960639624740487,0.0,1.0
adult,logreg,linshap,282,0.7320054706065243,0.0,1.0
adult,logreg,linshap,283,0.7415775240004537,-2.220446049250313e-16,1.0
adult,logreg,linshap,284,0.9634955049313862,0.0,1.0
adult,logreg,linshap,285,0.9209228567853784,0.0,1.0
adult,logreg,linshap,286,0.8106976900543389,-2.220446049250313e-16,1.0
adult,logreg,linshap,287,0.9960539278453971,0.0,1.0
adult,logreg,linshap,288,0.5553834005700856,-2.220446049250313e-16,1.0
adult,logreg,linshap,289,0.7459014825684109,0.0,1.0
adult,logreg,linshap,290,0.8138569318461524,-2.220446049250313e-16,1.0
adult,logreg,linshap,291,0.9793094982838901,2.220446049250313e-16,1.0
adult,logreg,linshap,292,0.8872427192710628,0.0,1.0
adult,logreg,linshap,293,0.7454426932992924,0.0,1.0
adult,logreg,linshap,294,0.9086000435316102,0.0,1.0
adult,logreg,linshap,295,0.9975102626721741,2.220446049250313e-16,1.0
adult,logreg,linshap,296,0.9772491960502935,0.0,1.0
adult,logreg,linshap,297,0.9400792494523715,0.0,1.0
adult,logreg,linshap,298,0.8528079109424276,0.0,1.0
adult,logreg,linshap,299,0.93174043854026,-2.220446049250313e-16,1.0
adult,logreg,linshap,300,0.7173584602374303,0.0,1.0
adult,logreg,linshap,301,0.8908955522886123,0.0,1.0
adult,logreg,linshap,302,0.7028139741831416,2.220446049250313e-16,1.0
adult,logreg,linshap,303,0.7023164740980028,0.0,1.0
adult,logreg,linshap,304,0.9888047576092489,-2.220446049250313e-16,1.0
adult,logreg,linshap,305,0.9807182168709063,0.0,1.0
adult,logreg,linshap,306,0.9429213641340098,0.0,1.0
adult,logreg,linshap,307,0.991846098626144,0.0,1.0
adult,logreg,linshap,308,0.9976677713398792,0.0,1.0
adult,logreg,linshap,309,0.9994453498898818,-2.220446049250313e-16,1.0
adult,logreg,linshap,310,0.7331704155617066,-2.220446049250313e-16,1.0
adult,logreg,linshap,311,0.9873537435287931,2.220446049250313e-16,1.0
adult,logreg,linshap,312,0.7935930026839263,2.220446049250313e-16,1.0
adult,logreg,linshap,313,0.8331193634403018,-2.220446049250313e-16,1.0
adult,logreg,linshap,314,0.9847846070615986,-2.220446049250313e-16,1.0
adult,logreg,linshap,315,0.999248149024808,0.0,1.0
adult,logreg,linshap,316,0.9931971071938974,2.220446049250313e-16,1.0
adult,logreg,linshap,317,0.8679158673188538,2.220446049250313e-16,1.0
adult,logreg,linshap,318,0.6461938115061847,2.220446049250313e-16,1.0
adult,logreg,linshap,319,0.7356382495771797,-2.220446049250313e-16,1.0
adult,logreg,linshap,320,0.9999504689130703,-2.220446049250313e-16,1.0
adult,logreg,linshap,321,0.973252467963763,-2.220446049250313e-16,1.0
adult,logreg,linshap,322,0.9806101809713559,2.220446049250313e-16,1.0
adult,logreg,linshap,323,0.9694622958241637,0.0,1.0
adult,logreg,linshap,324,0.7374212942575291,0.0,1.0
adult,logreg,linshap,325,0.9253484209225536,0.0,1.0
adult,logreg,linshap,326,0.9714234169493056,-2.220446049250313e-16,1.0
adult,logreg,linshap,327,0.9825878008668057,2.220446049250313e-16,1.0
adult,logreg,linshap,328,0.5677761069199927,2.220446049250313e-16,1.0
adult,logreg,linshap,329,0.7104871261587855,-2.220446049250313e-16,1.0
adult,logreg,linshap,330,0.9810149893004839,0.0,1.0
adult,logreg,linshap,331,0.9906660941554662,2.220446049250313e-16,1.0
adult,logreg,linshap,332,0.8653923165164311,0.0,1.0
adult,logreg,linshap,333,0.7704175926776923,0.0,1.0
adult,logreg,linshap,334,0.9958521234194085,0.0,1.0
adult,logreg,linshap,335,0.8251248181965544,0.0,1.0
adult,logreg,linshap,336,0.7212159761292036,0.0,1.0
adult,logreg,linshap,337,0.9961528296119757,2.220446049250313e-16,1.0
adult,logreg,linshap,338,0.8358218082991741,-2.220446049250313e-16,1.0
adult,logreg,linshap,339,0.5785434377694397,-2.220446049250313e-16,1.0
adult,logreg,linshap,340,0.9810723164016025,0.0,1.0
adult,logreg,linshap,341,0.9223174205474421,0.0,1.0
adult,logreg,linshap,342,0.582662058914759,0.0,1.0
adult,logreg,linshap,343,0.9350999418910788,0.0,1.0
adult,logreg,linshap,344,0.9759136216691517,2.220446049250313e-16,1.0
adult,logreg,linshap,345,0.688737000827998,0.0,1.0
adult,logreg,linshap,346,0.8617884487594981,0.0,1.0
adult,logreg,linshap,347,0.8710699069530943,-2.220446049250313e-16,1.0
adult,logreg,linshap,348,0.9017298770793886,2.220446049250313e-16,1.0
adult,logreg,linshap,349,0.5873597184956585,-2.220446049250313e-16,1.0
adult,logreg,linshap,350,0.9989355758344625,0.0,1.0
adult,logreg,linshap,351,0.9778950991082247,0.0,1.0
adult,logreg,linshap,352,0.594755091679896,0.0,1.0
adult,logreg,linshap,353,0.9973453618199508,0.0,1.0
adult,logreg,linshap,354,0.9079554041963099,0.0,1.0
adult,logreg,linshap,355,0.550931292394303,0.0,1.0
adult,logreg,linshap,356,0.7057731921403888,2.220446049250313e-16,1.0
adult,logreg,linshap,357,0.6110611379474571,0.0,1.0
adult,logreg,linshap,358,0.695015485841221,-2.220446049250313e-16,1.0
adult,logreg,linshap,359,0.5221911788822913,2.220446049250313e-16,1.0
adult,logreg,linshap,360,0.781897849879349,0.0,1.0
adult,logreg,linshap,361,0.915128352772425,0.0,1.0
adult,logreg,linshap,362,0.9930387257514142,-2.220446049250313e-16,1.0
adult,logreg,linshap,363,0.9966537523877429,2.220446049250313e-16,1.0
adult,logreg,linshap,364,0.9966954060356088,0.0,1.0
adult,logreg,linshap,365,0.8463320495017721,-2.220446049250313e-16,1.0
adult,logreg,linshap,366,0.696808259912957,0.0,1.0
adult,logreg,linshap,367,0.9752522175355406,0.0,1.0
adult,logreg,linshap,368,0.9909960044651726,0.0,1.0
adult,logreg,linshap,369,0.951867956663041,-2.220446049250313e-16,1.0
adult,logreg,linshap,370,0.836106500279252,2.220446049250313e-16,1.0
adult,logreg,linshap,371,0.9877217397127824,0.0,1.0
adult,logreg,linshap,372,0.8614247135930047,0.0,1.0
adult,logreg,linshap,373,0.8661248644270415,2.220446049250313e-16,1.0
adult,logreg,linshap,374,0.7342454207053872,-2.220446049250313e-16,1.0
adult,logreg,linshap,375,0.9834425972315819,0.0,1.0
adult,logreg,linshap,376,0.7146016047001298,2.220446049250313e-16,1.0
adult,logreg,linshap,377,0.9116447934720344,0.0,1.0
adult,logreg,linshap,378,0.7386251052080345,2.220446049250313e-16,1.0
adult,logreg,linshap,379,0.500368928417946,0.0,1.0
adult,logreg,linshap,380,0.8699277722003596,2.220446049250313e-16,1.0
adult,logreg,linshap,381,0.995421003730433,2.220446049250313e-16,1.0
adult,logreg,linshap,382,0.9808033090909195,2.220446049250313e-16,1.0
adult,logreg,linshap,383,0.9791589632378745,2.220446049250313e-16,1.0
adult,logreg,linshap,384,0.9787250491822583,0.0,1.0
adult,logreg,linshap,385,0.7316761658676191,0.0,1.0
adult,logreg,linshap,386,0.8140333416513439,2.220446049250313e-16,1.0
adult,logreg,linshap,387,0.7330911899709922,0.0,1.0
adult,logreg,linshap,388,0.9842540770054093,0.0,1.0
adult,logreg,linshap,389,0.80828586868939,-2.220446049250313e-16,1.0
adult,logreg,linshap,390,0.7702813158915293,-2.220446049250313e-16,1.0
adult,logreg,linshap,391,0.9900923183902434,0.0,1.0
adult,logreg,linshap,392,0.7155653867902327,-2.220446049250313e-16,1.0
adult,logreg,linshap,393,0.9464633539262144,-2.220446049250313e-16,1.0
adult,logreg,linshap,394,0.9952870253447299,0.0,1.0
adult,logreg,linshap,395,0.7393317897490249,2.220446049250313e-16,1.0
adult,logreg,linshap,396,0.9659629341064031,0.0,1.0
adult,logreg,linshap,397,0.9473854589701721,0.0,1.0
adult,logreg,linshap,398,0.9991915632675867,-2.220446049250313e-16,1.0
adult,logreg,linshap,399,0.6098224658881843,0.0,1.0
adult,logreg,linshap,400,0.8764471570867283,-2.220446049250313e-16,1.0
adult,logreg,linshap,401,0.9846449105748304,-2.220446049250313e-16,1.0
adult,logreg,linshap,402,0.5295873223311478,-2.220446049250313e-16,1.0
adult,logreg,linshap,403,0.8873894037664753,-2.220446049250313e-16,1.0
adult,logreg,linshap,404,0.987475278950835,0.0,1.0
adult,logreg,linshap,405,0.5818236174244317,0.0,1.0
adult,logreg,linshap,406,0.9675674741534976,0.0,1.0
adult,logreg,linshap,407,0.8559038532772378,0.0,1.0
adult,logreg,linshap,408,0.9869688604821129,2.220446049250313e-16,1.0
adult,logreg,linshap,409,0.8462735293335338,0.0,1.0
adult,logreg,linshap,410,0.6072831700643937,0.0,1.0
adult,logreg,linshap,411,0.9977245613038462,2.220446049250313e-16,1.0
adult,logreg,linshap,412,0.910897963285246,-2.220446049250313e-16,1.0
adult,logreg,linshap,413,0.957092048605077,0.0,1.0
adult,logreg,linshap,414,0.9473024193549426,-2.220446049250313e-16,1.0
adult,logreg,linshap,415,0.9857592928732325,-2.220446049250313e-16,1.0
adult,logreg,linshap,416,0.9504418554062817,2.220446049250313e-16,1.0
adult,logreg,linshap,417,0.9990900115654775,2.220446049250313e-16,1.0
adult,logreg,linshap,418,0.906579216400172,-2.220446049250313e-16,1.0
adult,logreg,linshap,419,0.9944309002239983,-2.220446049250313e-16,1.0
adult,logreg,linshap,420,0.956064285894899,0.0,1.0
adult,logreg,linshap,421,0.6719340903452217,-2.220446049250313e-16,1.0
adult,logreg,linshap,422,0.8524967985278472,0.0,1.0
adult,logreg,linshap,423,0.8501682246667114,-2.220446049250313e-16,1.0
adult,logreg,linshap,424,0.9991043698012065,0.0,1.0
adult,logreg,linshap,425,0.9542765730042599,2.220446049250313e-16,1.0
adult,logreg,linshap,426,0.9924693528476978,0.0,1.0
adult,logreg,linshap,427,0.5252415562162612,0.0,1.0
adult,logreg,linshap,428,0.9900767679952429,-2.220446049250313e-16,1.0
adult,logreg,linshap,429,0.7492160578847176,-2.220446049250313e-16,1.0
adult,logreg,linshap,430,0.9945412888178928,0.0,1.0
adult,logreg,linshap,431,0.9118324607110303,2.220446049250313e-16,1.0
adult,logreg,linshap,432,0.974429912611296,0.0,1.0
adult,logreg,linshap,433,0.9708272812857126,2.220446049250313e-16,1.0
adult,logreg,linshap,434,0.694109026171496,2.220446049250313e-16,1.0
adult,logreg,linshap,435,0.9955459767397306,0.0,1.0
adult,logreg,linshap,436,0.9966427297201312,2.220446049250313e-16,1.0
adult,logreg,linshap,437,0.9676995599902559,2.220446049250313e-16,1.0
adult,logreg,linshap,438,0.9174175685247677,-2.220446049250313e-16,1.0
adult,logreg,linshap,439,0.8048849193449547,0.0,1.0
adult,logreg,linshap,440,0.5889462996646362,-2.220446049250313e-16,1.0
adult,logreg,linshap,441,0.9730645810374894,0.0,1.0
adult,logreg,linshap,442,0.9936081345584672,0.0,1.0
adult,logreg,linshap,443,0.9692153916527,0.0,1.0
adult,logreg,linshap,444,0.7794373193147639,2.220446049250313e-16,1.0
adult,logreg,linshap,445,0.984995456963967,2.220446049250313e-16,1.0
adult,logreg,linshap,446,0.947765854514981,0.0,1.0
adult,logreg,linshap,447,0.9128339100577684,0.0,1.0
adult,logreg,linshap,448,0.9804684460701611,2.220446049250313e-16,1.0
adult,logreg,linshap,449,0.7801843822699632,0.0,1.0
adult,logreg,linshap,450,0.7737736922935302,0.0,1.0
adult,logreg,linshap,451,0.8516084565849177,0.0,1.0
adult,logreg,linshap,452,0.7969018303989349,-2.220446049250313e-16,1.0
adult,logreg,linshap,453,0.9903376114169188,0.0,1.0
adult,logreg,linshap,454,0.9660106487458393,2.220446049250313e-16,1.0
adult,logreg,linshap,455,0.8742021826935857,0.0,1.0
adult,logreg,linshap,456,0.9627008552940488,0.0,1.0
adult,logreg,linshap,457,0.7736047603217949,0.0,1.0
adult,logreg,linshap,458,0.7651118992710051,-2.220446049250313e-16,1.0
adult,logreg,linshap,459,0.9818734772034483,-2.220446049250313e-16,1.0
adult,logreg,linshap,460,0.9924420427659811,-2.220446049250313e-16,1.0
adult,logreg,linshap,461,0.9912185271870421,0.0,1.0
adult,logreg,linshap,462,0.9991435498848167,0.0,1.0
adult,logreg,linshap,463,0.914939058552202,-2.220446049250313e-16,1.0
adult,logreg,linshap,464,0.9433056363388983,-2.220446049250313e-16,1.0
adult,logreg,linshap,465,0.9989917407841424,0.0,1.0
adult,logreg,linshap,466,0.8886475706141551,0.0,1.0
adult,logreg,linshap,467,0.9992699976743641,2.220446049250313e-16,1.0
adult,logreg,linshap,468,0.9976915052754268,0.0,1.0
adult,logreg,linshap,469,0.9788845619894715,-2.220446049250313e-16,1.0
adult,logreg,linshap,470,0.9972665956730037,0.0,1.0
adult,logreg,linshap,471,0.7703917908653612,2.220446049250313e-16,1.0
adult,logreg,linshap,472,0.9696572254886042,0.0,1.0
adult,logreg,linshap,473,0.8933676460781295,0.0,1.0
adult,logreg,linshap,474,0.9995333211344019,0.0,1.0
adult,logreg,linshap,475,0.6304365111464635,0.0,1.0
adult,logreg,linshap,476,0.9722882917082469,0.0,1.0
adult,logreg,linshap,477,0.9629039496866184,0.0,1.0
adult,logreg,linshap,478,0.924723474357253,-2.220446049250313e-16,1.0
adult,logreg,linshap,479,0.9903958151613004,-2.220446049250313e-16,1.0
adult,logreg,linshap,480,0.993208025621821,2.220446049250313e-16,1.0
adult,logreg,linshap,481,0.990748519822089,0.0,1.0
adult,logreg,linshap,482,0.9905890899987699,0.0,1.0
adult,logreg,linshap,483,0.9976902598897099,0.0,1.0
adult,logreg,linshap,484,0.7102046700975502,0.0,1.0
adult,logreg,linshap,485,0.9991382178759881,-2.220446049250313e-16,1.0
adult,logreg,linshap,486,0.9934201812266658,-2.220446049250313e-16,1.0
adult,logreg,linshap,487,0.8073966745998151,0.0,1.0
adult,logreg,linshap,488,0.6150771324644546,0.0,1.0
adult,logreg,linshap,489,0.9771176750741704,2.220446049250313e-16,1.0
adult,logreg,linshap,490,0.9316958043858119,-2.220446049250313e-16,1.0
adult,logreg,linshap,491,0.9965499063010048,0.0,1.0
adult,logreg,linshap,492,0.8739808096153945,0.0,1.0
adult,logreg,linshap,493,0.9881522992694285,0.0,1.0
adult,logreg,linshap,494,0.99322300927641,-2.220446049250313e-16,1.0
adult,logreg,linshap,495,0.961286381711451,0.0,1.0
adult,logreg,linshap,496,0.9954212033824839,2.220446049250313e-16,1.0
adult,logreg,linshap,497,0.8612045698108386,-2.220446049250313e-16,1.0
adult,logreg,linshap,498,0.5502606330372127,-2.220446049250313e-16,1.0
adult,logreg,linshap,499,0.976083135349566,-2.220446049250313e-16,1.0
adult,logreg,lime,0,0.8018181249781822,0.2776461114737312,0.72
adult,logreg,lime,1,0.9941171874016712,0.19645001267677054,0.72
adult,logreg,lime,2,0.9964646704499497,0.20656600957412397,0.6599999999999999
adult,logreg,lime,3,0.7556207401238402,0.15964472995859347,0.66
adult,logreg,lime,4,0.9936618706682314,0.25633550213052236,0.72
adult,logreg,lime,5,0.7984552745033698,0.18769446341763274,0.7999999999999999
adult,logreg,lime,6,0.9055409897872984,0.28429225954260207,0.54
adult,logreg,lime,7,0.5140322091627163,0.08986076821125688,0.7399999999999999
adult,logreg,lime,8,0.8115478948912866,0.21496356441627507,0.6399999999999999
adult,logreg,lime,9,0.605727753260081,0.26032177479833807,0.7199999999999999
adult,logreg,lime,10,0.5544792546979649,0.25380966231925006,0.76
adult,logreg,lime,11,0.9990817167704906,0.18648440369109065,0.6399999999999999
adult,logreg,lime,12,0.9471086013611615,0.3244592214317231,0.72
adult,logreg,lime,13,0.7644126213010478,0.19918722580402193,0.7399999999999999
adult,logreg,lime,14,0.6277666272790212,0.14179682538110128,0.7799999999999999
adult,logreg,lime,15,0.7641553938194022,0.12722681616275755,0.82
adult,logreg,lime,16,0.9981347152735655,0.24266453118235265,0.5599999999999999
adult,logreg,lime,17,0.9563143015575104,0.07264889351361392,0.5999999999999999
adult,logreg,lime,18,0.9950094993894216,0.3456510119814843,0.6399999999999999
adult,logreg,lime,19,0.9848288481840892,0.3524694677920601,0.7
adult,logreg,lime,20,0.9899638153199882,0.32602653539484494,0.6200000000000001
adult,logreg,lime,21,0.986978995162002,0.2015392413404713,0.7
adult,logreg,lime,22,0.9766194579869083,0.27591230194519045,0.6399999999999999
adult,logreg,lime,23,0.9639800760495397,0.20245750834739318,0.6799999999999999
adult,logreg,lime,24,0.7765088450674074,0.1670533042729423,0.7599999999999999
adult,logreg,lime,25,0.9898857111932147,0.2919004202393566,0.6599999999999999
adult,logreg,lime,26,0.7979544329230961,0.1254039569184151,0.82
adult,logreg,lime,27,0.8063742797674571,0.04881490374433195,0.82
adult,logreg,lime,28,0.9807152917651145,0.3245831206941996,0.6399999999999999
adult,logreg,lime,29,0.989995388692298,0.4290534121719307,0.7
adult,logreg,lime,30,0.9045477747090225,0.30245761240613955,0.72
adult,logreg,lime,31,0.9415662190415258,0.12995919928821953,0.6799999999999999
adult,logreg,lime,32,0.947812048220895,0.2445361974170931,0.7799999999999999
adult,logreg,lime,33,0.8483884274822756,0.12073024991828962,0.76
adult,logreg,lime,34,0.9471010282709946,0.17788783480650905,0.7
adult,logreg,lime,35,0.9621383744901882,0.1583633116281945,0.6799999999999999
adult,logreg,lime,36,0.9680980476783858,0.12943052258907772,0.6399999999999999
adult,logreg,lime,37,0.7902738024444851,0.05190701881909876,0.82
adult,logreg,lime,38,0.69849463168924,0.25400864342641216,0.6999999999999998
adult,logreg,lime,39,0.9492030701785434,0.21738229014802402,0.7599999999999999
adult,logreg,lime,40,0.7089609696879311,0.26478788768761274,0.72
adult,logreg,lime,41,0.984188413149058,0.18292873521397512,0.6799999999999999
adult,logreg,lime,42,0.6130072217006349,0.21192917237979625,0.6399999999999999
adult,logreg,lime,43,0.9790647841047025,0.17236133679945165,0.7799999999999999
adult,logreg,lime,44,0.97647557543311,0.14155609577153538,0.72
adult,logreg,lime,45,0.9728864720594828,0.2842891338505631,0.7
adult,logreg,lime,46,0.9921924873792616,0.17187283985572388,0.7599999999999999
adult,logreg,lime,47,0.924790637873499,0.07499437799793662,0.7599999999999999
adult,logreg,lime,48,0.9343344392881436,0.25840749442264244,0.7
adult,logreg,lime,49,0.6679617003281997,0.30140580094461966,0.78
adult,logreg,lime,50,0.7313845491567147,0.3029573048101597,0.6599999999999999
adult,logreg,lime,51,0.7228662434369708,0.14577449023354538,0.7
adult,logreg,lime,52,0.7951621953732693,0.181512964750433,0.7
adult,logreg,lime,53,0.9043582706966407,0.18883642203310413,0.6599999999999999
adult,logreg,lime,54,0.67474786945131,0.20337864172247733,0.7799999999999999
adult,logreg,lime,55,0.9233793484865307,0.18301291826448052,0.72
adult,logreg,lime,56,0.7083643507608841,0.19543738596850724,0.8400000000000001
adult,logreg,lime,57,0.9329311497496372,0.1432343493541609,0.6200000000000001
adult,logreg,lime,58,0.9950939071693072,0.2787330086732924,0.6599999999999999
adult,logreg,lime,59,0.9985903709001448,0.3329546466673584,0.7599999999999999
adult,logreg,lime,60,0.9943236464076521,0.3022284840907439,0.7
adult,logreg,lime,61,0.9990701110161965,0.18648459898675895,0.6399999999999999
adult,logreg,lime,62,0.5068164614201217,0.29316343228686537,0.74
adult,logreg,lime,63,0.9693518650796429,0.18187164523012922,0.7399999999999999
adult,logreg,lime,64,0.9414695174950124,0.259231963766137,0.72
adult,logreg,lime,65,0.9999999999999488,0.19585787109024244,0.7999999999999999
adult,logreg,lime,66,0.9854789128546779,0.2227501369500594,0.7799999999999999
adult,logreg,lime,67,0.5882172744369767,0.07687986968520144,0.76
adult,logreg,lime,68,0.9917348950578513,0.3346501581628165,0.7599999999999999
adult,logreg,lime,69,0.7308247001643806,0.29288387724911524,0.6599999999999999
adult,logreg,lime,70,0.9951750455767974,0.30842997083200596,0.7199999999999999
adult,logreg,lime,71,0.9340432468303778,0.13606682589213048,0.7799999999999999
adult,logreg,lime,72,0.9873327253111913,0.2826636064841267,0.6799999999999999
adult,logreg,lime,73,0.8784191339281111,0.22351233857803865,0.72
adult,logreg,lime,74,0.9005273716945219,0.16213206381184708,0.7999999999999999
adult,logreg,lime,75,0.9902195007005027,0.2018360930981038,0.7
adult,logreg,lime,76,0.9929565108106674,0.17375362247731396,0.76
adult,logreg,lime,77,0.7990598682276433,0.04429359307677583,0.7599999999999999
adult,logreg,lime,78,0.6730782239064608,0.21346636097986316,0.72
adult,logreg,lime,79,0.9963584214075081,0.32757380495517663,0.6599999999999999
adult,logreg,lime,80,0.5279732062664932,0.23580140846514974,0.7399999999999999
adult,logreg,lime,81,0.8267578310183337,0.1275428991793961,0.76
adult,logreg,lime,82,0.9731399091763405,0.25541458669580486,0.7
adult,logreg,lime,83,0.9949693963717641,0.17058170354528124,0.7599999999999999
adult,logreg,lime,84,0.9962996577402284,0.16236758766882908,0.6599999999999999
adult,logreg,lime,85,0.976811751922126,0.14227001738659606,0.8399999999999999
adult,logreg,lime,86,0.9793869260637251,0.2507224813981649,0.7799999999999999
adult,logreg,lime,87,0.9682841518878773,0.13779551713376859,0.7599999999999999
adult,logreg,lime,88,0.6647648167593248,0.21701202463492197,0.7799999999999999
adult,logreg,lime,89,0.8223861173402296,0.3646362489008824,0.6799999999999999
adult,logreg,lime,90,0.991547228626229,0.26448709563935247,0.7599999999999999
adult,logreg,lime,91,0.8331314442762942,0.07161490268130188,0.7999999999999999
adult,logreg,lime,92,0.9210310344144151,0.26567198992189023,0.6799999999999999
adult,logreg,lime,93,0.6459535609992053,0.17881872404216492,0.78
adult,logreg,lime,94,0.9999999999999687,0.15090346406215982,0.72
adult,logreg,lime,95,0.9965617398543605,0.2973538693508605,0.6799999999999999
adult,logreg,lime,96,0.9403866026092091,0.1763189101620105,0.78
adult,logreg,lime,97,0.9898525577353675,0.0957045823271937,0.7799999999999999
adult,logreg,lime,98,0.562832596143404,0.2751469560145664,0.6799999999999999
adult,logreg,lime,99,0.8752238582520249,0.3111983867368937,0.7
adult,rf,treeshap,0,0.8393984474758535,0.006194487378593849,0.9199999999999999
adult,rf,treeshap,1,0.9905270914730394,0.007395454421038616,0.8799999999999999
adult,rf,treeshap,2,0.983478845229075,0.01126082055693145,1.0
adult,rf,treeshap,3,0.5481441647376257,0.002673825691167808,0.9199999999999999
adult,rf,treeshap,4,0.9923987039096185,0.006136987389502968,0.9200000000000002
adult,rf,treeshap,5,0.7318220484078306,0.00860194142744164,1.0
adult,rf,treeshap,6,0.9236498477148147,0.007614312591840644,0.9199999999999999
adult,rf,treeshap,7,0.5159628099311763,0.01136361446507872,0.8800000000000001
adult,rf,treeshap,8,0.7107749623034049,0.009396630798140349,1.0
adult,rf,treeshap,9,0.5760545370526495,0.01095790709415767,0.9199999999999999
adult,rf,treeshap,10,0.5306809280633406,0.01225438770889975,1.0
adult,rf,treeshap,11,0.993779884763088,0.00614783159806831,0.8800000000000001
adult,rf,treeshap,12,0.9637255538478172,0.010826003260416939,0.8799999999999999
adult,rf,treeshap,13,0.6813785422548855,0.011183591594198461,0.8800000000000001
adult,rf,treeshap,14,0.6045854854228512,0.00810367322436445,1.0
adult,rf,treeshap,15,0.6831425876343119,0.009359098729079918,0.8799999999999999
adult,rf,treeshap,16,0.9642516578097597,0.012247489459585426,1.0
adult,rf,treeshap,17,0.9608472467697687,0.010185970830865698,1.0
adult,rf,treeshap,18,0.9892593789958644,0.007914247777818462,0.9199999999999999
adult,rf,treeshap,19,0.9638534706601544,0.009892664704476473,0.8799999999999999
adult,rf,treeshap,20,0.9623553394545914,0.008940178797349096,1.0
adult,rf,treeshap,21,0.9884269715599341,0.007649884590177125,1.0
adult,rf,treeshap,22,0.9573218282704534,0.011977864180682696,1.0
adult,rf,treeshap,23,0.9592023615432257,0.009541990883905171,1.0
adult,rf,treeshap,24,0.7081616997336477,0.00986836863032714,1.0
adult,rf,treeshap,25,0.9829095763347688,0.009093027711661095,1.0
adult,rf,treeshap,26,0.7187328144267544,0.00965858718198187,0.7999999999999999
adult,rf,treeshap,27,0.7142573490505308,0.009803765887143712,1.0
adult,rf,treeshap,28,0.9482966695339728,0.0071622775028222785,0.7999999999999999
adult,rf,treeshap,29,0.9920409967683375,0.0065809152498435,1.0
adult,rf,treeshap,30,0.928981450344698,0.004853438943044575,1.0
adult,rf,treeshap,31,0.7765157733652931,0.009381584364946072,1.0
adult,rf,treeshap,32,0.8185154844601511,0.011421408355954954,0.8800000000000001
adult,rf,treeshap,33,0.6775937025233882,0.005348773215449354,1.0
adult,rf,treeshap,34,0.8257967536208305,0.016850871209711293,0.9199999999999999
adult,rf,treeshap,35,0.7906010762556136,0.007333367659467016,0.86
adult,rf,treeshap,36,0.8495358039881064,0.01757374295899561,1.0
adult,rf,treeshap,37,0.7346096798405686,0.011093942282737301,1.0
adult,rf,treeshap,38,0.596247334789259,0.01891601412966204,0.7999999999999999
adult,rf,treeshap,39,0.6837557787026773,0.007103366981840553,0.8800000000000001
adult,rf,treeshap,40,0.7099287993788959,0.008724934342255963,0.9199999999999999
adult,rf,treeshap,41,0.977376867284072,0.0053976845501780835,1.0
adult,rf,treeshap,42,0.6694882416764013,0.011701514282053571,1.0
adult,rf,treeshap,43,0.964507658444924,0.009078514843753993,1.0
adult,rf,treeshap,44,0.9154653542126411,0.006496904561196559,1.0
adult,rf,treeshap,45,0.9574964718565173,0.007707444249068884,1.0
adult,rf,treeshap,46,0.9740198568622283,0.008412026270176454,1.0
adult,rf,treeshap,47,0.8677336027262312,0.0072115025838617175,0.9199999999999999
adult,rf,treeshap,48,0.8863578935314351,0.009095981564400724,0.9199999999999999
adult,rf,treeshap,49,0.7220559369676698,0.013926399584218374,0.8800000000000001
adult,rf,treeshap,50,0.8508791466510489,0.008439799468616171,0.8400000000000001
adult,rf,treeshap,51,0.6654853692535619,0.01022138984641896,1.0
adult,rf,treeshap,52,0.6884432844756269,0.011502593564515218,0.86
adult,rf,treeshap,53,0.8437271645752975,0.011769489571872072,1.0
adult,rf,treeshap,54,0.7078518089443031,0.009950226675448759,1.0
adult,rf,treeshap,55,0.7688953882743433,0.008550856373393367,1.0
adult,rf,treeshap,56,0.682820325077176,0.010440494747338769,0.9199999999999999
adult,rf,treeshap,57,0.9298462894524198,0.007903268928420637,0.8799999999999999
adult,rf,treeshap,58,0.9374939272812182,0.011207323283482729,0.8799999999999999
adult,rf,treeshap,59,0.9942681967446297,0.006031773810642016,1.0
adult,rf,treeshap,60,0.9769585272583802,0.011427700028704302,0.9199999999999999
adult,rf,treeshap,61,0.9840639189447125,0.008149251540956248,0.8800000000000001
adult,rf,treeshap,62,0.5652409657996872,0.010436254848280035,0.9199999999999999
adult,rf,treeshap,63,0.9592420006162176,0.006864399469653337,1.0
adult,rf,treeshap,64,0.9249228363626688,0.00536826372857957,0.86
adult,rf,treeshap,65,0.670696077235208,0.002231775273413339,0.9200000000000002
adult,rf,treeshap,66,0.6816614615992568,0.0024042035327964673,0.7999999999999999
adult,rf,treeshap,67,0.568571248667583,0.012045750943046718,0.8799999999999999
adult,rf,treeshap,68,0.9851342896525335,0.008729727571641144,0.9200000000000002
adult,rf,treeshap,69,0.7479373814055419,0.010226702862924597,1.0
adult,rf,treeshap,70,0.966279121100228,0.0070951136808116155,0.9199999999999999
adult,rf,treeshap,71,0.7469412756799974,0.011088946426556334,1.0
adult,rf,treeshap,72,0.9524676759233872,0.008839518342697472,0.9199999999999999
adult,rf,treeshap,73,0.8233082092256232,0.015732341601038202,1.0
adult,rf,treeshap,74,0.7614196874557196,0.014815248785212787,0.86
adult,rf,treeshap,75,0.9840388678797014,0.008011069966497586,0.8399999999999999
adult,rf,treeshap,76,0.8351013794549674,0.0024741891646170577,0.8799999999999999
adult,rf,treeshap,77,0.7346804432700946,0.014402646584518508,1.0
adult,rf,treeshap,78,0.6747808100966486,0.013629646085340008,0.9200000000000002
adult,rf,treeshap,79,0.99100047592966,0.009008073719010135,1.0
adult,rf,treeshap,80,0.5713626363061797,0.011036202346010882,0.7999999999999999
adult,rf,treeshap,81,0.7789522564771094,0.012112677408928518,1.0
adult,rf,treeshap,82,0.9766417928211295,0.006187351587609635,0.9199999999999999
adult,rf,treeshap,83,0.985731470394118,0.0053239678014666,0.9199999999999999
adult,rf,treeshap,84,0.9663704312720032,0.009297808191891521,0.9199999999999999
adult,rf,treeshap,85,0.7819080461958154,0.006525650679345851,0.9199999999999999
adult,rf,treeshap,86,0.9457654842775917,0.006841096783613998,1.0
adult,rf,treeshap,87,0.9547496318873371,0.010220147515756062,0.9199999999999999
adult,rf,treeshap,88,0.522977225007824,0.010618993384323039,0.86
adult,rf,treeshap,89,0.6830105386951094,0.01211594624450707,1.0
adult,rf,treeshap,90,0.9590472903899403,0.008709749707797476,0.9199999999999999
adult,rf,treeshap,91,0.6262486333744768,0.01722265959212277,0.9199999999999999
adult,rf,treeshap,92,0.9300301021088915,0.010511626241191507,0.9199999999999999
adult,rf,treeshap,93,0.7821393529044178,0.01402879995583306,0.8800000000000001
adult,rf,treeshap,94,0.609073341869639,0.004091622615689294,0.8799999999999999
adult,rf,treeshap,95,0.9945307128498445,0.008775069551142045,0.9200000000000002
adult,rf,treeshap,96,0.8697883663397539,0.012570555165675401,0.8400000000000001
adult,rf,treeshap,97,0.9920609967683376,0.006681603627596511,1.0
adult,rf,treeshap,98,0.5595803419738743,0.01019303303506136,0.8799999999999999
adult,rf,treeshap,99,0.8062752200620735,0.009084567011732991,0.9199999999999999
adult,rf,treeshap,100,0.5115164403265468,0.011295522193611518,0.9200000000000002
adult,rf,treeshap,101,0.969310214999005,0.00817385381730118,0.8800000000000001
adult,rf,treeshap,102,0.8048001775554002,0.01831841705696835,0.9199999999999999
adult,rf,treeshap,103,0.8142764135684344,0.00987248374236871,0.8799999999999999
adult,rf,treeshap,104,0.9628185867255663,0.010292220224215498,1.0
adult,rf,treeshap,105,0.9909774447751131,0.006964076263494712,0.8799999999999999
adult,rf,treeshap,106,0.7265490646717576,0.01118770884449971,1.0
adult,rf,treeshap,107,0.905582916822793,0.006468468779186276,0.9199999999999999
adult,rf,treeshap,108,0.6879827105423122,0.015734692369955616,1.0
adult,rf,treeshap,109,0.7815873101264825,0.011207207610318348,1.0
adult,rf,treeshap,110,0.5853678439769844,0.01179578808549997,0.8800000000000001
adult,rf,treeshap,111,0.7738082735102091,0.003400167060863546,0.8800000000000001
adult,rf,treeshap,112,0.8970736352200784,0.022866691517480442,0.9199999999999999
adult,rf,treeshap,113,0.9893161600492457,0.006782295236371083,0.8799999999999999
adult,rf,treeshap,114,0.9950537735558072,0.005757914648975793,0.9200000000000002
adult,rf,treeshap,115,0.5738813470481798,0.012019547674883446,0.8800000000000001
adult,rf,treeshap,116,0.8586476376946838,0.016930954405911414,0.9199999999999999
adult,rf,treeshap,117,0.9182662313949251,0.006866885276145318,1.0
adult,rf,treeshap,118,0.9728535454108599,0.008926625612092787,1.0
adult,rf,treeshap,119,0.9549077288093516,0.011203491591299963,1.0
adult,rf,treeshap,120,0.9960980155982975,0.006340722464125648,0.8799999999999999
adult,rf,treeshap,121,0.9651351007416524,0.008269902677038532,1.0
adult,rf,treeshap,122,0.8454696806314024,0.016215646914211512,1.0
adult,rf,treeshap,123,0.6944926177633732,0.009575869257004932,0.9199999999999999
adult,rf,treeshap,124,0.9035824251115351,0.0068899243362896545,0.9199999999999999
adult,rf,treeshap,125,0.9881412973346195,0.00490117791089284,0.9200000000000002
adult,rf,treeshap,126,0.7038148034763403,0.012239287736683147,1.0
adult,rf,treeshap,127,0.8931683965565529,0.020626638748733273,0.9199999999999999
adult,rf,treeshap,128,0.8717030660524608,0.006941632227750794,0.9199999999999999
adult,rf,treeshap,129,0.9813621336620184,0.00908808902515168,0.9199999999999999
adult,rf,treeshap,130,0.6437789441974405,0.006375743564226211,0.9200000000000002
adult,rf,treeshap,131,0.7174963741410016,0.010362414722434266,1.0
adult,rf,treeshap,132,0.9482924859028504,0.007972536518208506,1.0
adult,rf,treeshap,133,0.8801624267016166,0.006530951989033751,0.8800000000000001
adult,rf,treeshap,134,0.5910973627671856,0.010680828128110553,0.7799999999999999
adult,rf,treeshap,135,0.6530958972406135,0.010049342845711906,0.8400000000000001
adult,rf,treeshap,136,0.6159781296115991,0.010896779819261737,0.86
adult,rf,treeshap,137,0.5419427060204243,0.00867539422845065,0.8400000000000001
adult,rf,treeshap,138,0.88456391731496,0.006653562646593891,0.8800000000000001
adult,rf,treeshap,139,0.9212446620459065,0.007536730373812972,0.7599999999999999
adult,rf,treeshap,140,0.9290084311497285,0.009306800892866618,1.0
adult,rf,treeshap,141,0.9734450594688638,0.008414239514040078,0.8800000000000001
adult,rf,treeshap,142,0.7535969517310388,0.011017464876302951,0.9199999999999999
adult,rf,treeshap,143,0.6144870395963749,0.008142075198113607,1.0
adult,rf,treeshap,144,0.9596556533695217,0.006357806110777853,1.0
adult,rf,treeshap,145,0.7190853035539138,0.008688145898276822,0.9199999999999999
adult,rf,treeshap,146,0.7150924035187303,0.01060981178894771,0.9199999999999999
adult,rf,treeshap,147,0.9000965576715304,0.007190296830928089,1.0
adult,rf,treeshap,148,0.7653079928250823,0.008044086729941169,1.0
adult,rf,treeshap,149,0.5997821222643152,0.0054754627224042896,1.0
adult,rf,treeshap,150,0.7383468690093901,0.013198204637768773,1.0
adult,rf,treeshap,151,0.9325769826072301,0.008948296354551188,0.8800000000000001
adult,rf,treeshap,152,0.9937372694865898,0.008376248625334148,0.8799999999999999
adult,rf,treeshap,153,0.5346174532199319,0.00904443764224594,0.9199999999999999
adult,rf,treeshap,154,0.6819355359904712,0.010088353762632396,0.9199999999999999
adult,rf,treeshap,155,0.9422378107374941,0.00836642892742867,0.86
adult,rf,treeshap,156,0.9432603920109575,0.009977112306460034,1.0
adult,rf,treeshap,157,0.9688107245778305,0.011225124260917374,0.8799999999999999
adult,rf,treeshap,158,0.9815982918439758,0.012393745419633007,0.9200000000000002
adult,rf,treeshap,159,0.9960848934443659,0.006312366236488343,0.8799999999999999
adult,rf,treeshap,160,0.6406720544535013,0.010706569240742203,0.8799999999999999
adult,rf,treeshap,161,0.5161082060190679,0.01808337892628986,0.8799999999999999
adult,rf,treeshap,162,0.7895600960152642,0.012570493760131307,0.86
adult,rf,treeshap,163,0.677661262310923,0.011012111514676959,0.86
adult,rf,treeshap,164,0.9525189898921542,0.00611940059132865,1.0
adult,rf,treeshap,165,0.8965535974779734,0.01237610083592744,0.9199999999999999
adult,rf,treeshap,166,0.8470435094572052,0.0040280974204879305,1.0
adult,rf,treeshap,167,0.714512246279176,0.013392096082371352,0.8799999999999999
adult,rf,treeshap,168,0.8153542099411422,0.007484924884576416,0.9199999999999999
adult,rf,treeshap,169,0.6052512255217917,0.0102068652529127,0.8400000000000001
adult,rf,treeshap,170,0.9710400478091333,0.010616423692948684,1.0
adult,rf,treeshap,171,0.6352328154019626,0.009544131554722113,1.0
adult,rf,treeshap,172,0.5640801309292647,0.011419132762828688,1.0
adult,rf,treeshap,173,0.9857840462928982,0.007575582318376184,0.9199999999999999
adult,rf,treeshap,174,0.5100574629111507,0.012748964691535192,0.8800000000000001
adult,rf,treeshap,175,0.5580871794488533,0.006791047524988381,0.8800000000000001
adult,rf,treeshap,176,0.5421412478773234,0.008898557344465763,1.0
adult,rf,treeshap,177,0.9760230837595696,0.008853536322227074,1.0
adult,rf,treeshap,178,0.9917295208396715,0.005073040030037057,0.9200000000000002
adult,rf,treeshap,179,0.7432580363712502,0.011382284923165509,1.0
adult,rf,treeshap,180,0.847530343115662,0.015135508253928842,1.0
adult,rf,treeshap,181,0.8665201691366791,0.005445451672210999,0.8800000000000001
adult,rf,treeshap,182,0.5088535023177313,0.00797116871223813,0.8799999999999999
adult,rf,treeshap,183,0.7553585109351477,0.003169026964974897,0.9199999999999999
adult,rf,treeshap,184,0.6793415169651464,0.009208723038418576,0.8799999999999999
adult,rf,treeshap,185,0.9637520914859692,0.007292068465414858,0.8399999999999999
adult,rf,treeshap,186,0.5497109133784844,0.010456300719374645,0.8799999999999999
adult,rf,treeshap,187,0.5079253380284163,0.007419756076752271,0.7799999999999999
adult,rf,treeshap,188,0.921173194586537,0.010522474748803967,0.9200000000000002
adult,rf,treeshap,189,0.9766826303420488,0.008994155089950828,0.8799999999999999
adult,rf,treeshap,190,0.9434565945688362,0.01053764681404934,0.86
adult,rf,treeshap,191,0.6950733697745962,0.011547544544187494,1.0
adult,rf,treeshap,192,0.9682220275385628,0.007499347412153079,0.7999999999999999
adult,rf,treeshap,193,0.9551679344649668,0.009355741409109775,1.0
adult,rf,treeshap,194,0.9746689685457989,0.007715672733678902,0.8400000000000001
adult,rf,treeshap,195,0.9773707532472449,0.008852173603163704,0.9199999999999999
adult,rf,treeshap,196,0.8593897954719377,0.010976233692153392,1.0
adult,rf,treeshap,197,0.9688324434610731,0.007774777200237226,0.9199999999999999
adult,rf,treeshap,198,0.9333710203341777,0.009579097565269423,0.86
adult,rf,treeshap,199,0.816484603825058,0.011223324019910108,1.0
adult,rf,treeshap,200,0.5903336626174776,0.010278115092986817,0.9199999999999999
adult,rf,treeshap,201,0.6982192092465536,0.009425239981160294,0.9199999999999999
adult,rf,treeshap,202,0.7405510035515737,0.008333741098468517,1.0
adult,rf,treeshap,203,0.7727374223696927,0.009789432203762716,1.0
adult,rf,treeshap,204,0.9040816221178665,0.005490751455153431,1.0
adult,rf,treeshap,205,0.9315823065570795,0.008410878232382735,0.9199999999999999
adult,rf,treeshap,206,0.5801629656415161,0.011477503437628322,0.8400000000000001
adult,rf,treeshap,207,0.860677791354799,0.0029290112833741944,1.0
adult,rf,treeshap,208,0.807429032592557,0.008547616212524645,1.0
adult,rf,treeshap,209,0.974501717188236,0.008057590349949684,1.0
adult,rf,treeshap,210,0.9701004982761511,0.007450746960022903,1.0
adult,rf,treeshap,211,0.5264951754187109,0.010483138500380962,1.0
adult,rf,treeshap,212,0.6320383775749177,0.018714776606173267,0.8799999999999999
adult,rf,treeshap,213,0.9300367864769019,0.0073335161482314115,0.8400000000000001
adult,rf,treeshap,214,0.9807878695330489,0.007931228415790192,0.8799999999999999
adult,rf,treeshap,215,0.6073937990007635,0.012626391193690245,0.86
adult,rf,treeshap,216,0.728942831185582,0.015963109927952246,1.0
adult,rf,treeshap,217,0.513230355886617,0.019998363061446645,0.86
adult,rf,treeshap,218,0.9547680988094951,0.006649141071927489,1.0
adult,rf,treeshap,219,0.9490885709772089,0.0020165701805400227,1.0
adult,rf,treeshap,220,0.9814254439711917,0.006544536132734757,1.0
adult,rf,treeshap,221,0.7029978819082002,0.011295367370373066,0.8400000000000001
adult,rf,treeshap,222,0.9415166857048511,0.010064739290824298,0.7999999999999999
adult,rf,treeshap,223,0.5375655397728952,0.009955203158915404,0.8400000000000001
adult,rf,treeshap,224,0.603633544143374,0.009878133051882232,0.8399999999999999
adult,rf,treeshap,225,0.7047052055594716,0.011436940641981197,0.9199999999999999
adult,rf,treeshap,226,0.9781083597179909,0.0069405092852503625,1.0
adult,rf,treeshap,227,0.8816586871723807,0.016653667335842726,0.9199999999999999
adult,rf,treeshap,228,0.8432760774932557,0.0030161981232808,0.8800000000000001
adult,rf,treeshap,229,0.8864830187779035,0.0067185789658987805,1.0
adult,rf,treeshap,230,0.9738476201388921,0.0062713763287980395,0.86
adult,rf,treeshap,231,0.6386996017796521,0.015408022258369902,0.86
adult,rf,treeshap,232,0.7055840473487792,0.009744214720726951,1.0
adult,rf,treeshap,233,0.908330584592993,0.005602744219317279,0.8800000000000001
adult,rf,treeshap,234,0.5963281644082334,0.009514402377796438,0.9199999999999999
adult,rf,treeshap,235,0.7066425731098125,0.009196838185852707,0.9199999999999999
adult,rf,treeshap,236,0.7456842683640975,0.01086222147304361,1.0
adult,rf,treeshap,237,0.8195950705927559,0.009934503678386997,0.9199999999999999
adult,rf,treeshap,238,0.9770976342365915,0.006598502010723428,0.9199999999999999
adult,rf,treeshap,239,0.9588490995223596,0.01292760325372555,1.0
adult,rf,treeshap,240,0.8068577752834127,0.004219820929285745,0.9199999999999999
adult,rf,treeshap,241,0.5268862988403776,0.014900103364129058,0.8800000000000001
adult,rf,treeshap,242,0.5809993845668282,0.00754227697973886,0.7799999999999999
adult,rf,treeshap,243,0.9110308983852866,0.008071155108790529,0.7999999999999999
adult,rf,treeshap,244,0.9683041598892714,0.006595784519700887,1.0
adult,rf,treeshap,245,0.9471040196454977,0.008242290752723314,1.0
adult,rf,treeshap,246,0.9569205106404108,0.005974941253787058,1.0
adult,rf,treeshap,247,0.8884711997973687,0.014073080670437221,1.0
adult,rf,treeshap,248,0.7265208196602984,0.00973616798541277,0.86
adult,rf,treeshap,249,0.6156384692198895,0.013200192971370983,1.0
adult,rf,treeshap,250,0.975879106000165,0.00635395874107747,0.9199999999999999
adult,rf,treeshap,251,0.7273645973730821,0.0028456938211320892,0.86
adult,rf,treeshap,252,0.9697115176239439,0.010188690713069826,0.9199999999999999
adult,rf,treeshap,253,0.840387270769153,0.012146377428681077,1.0
adult,rf,treeshap,254,0.8986926316810251,0.00906989701248384,1.0
adult,rf,treeshap,255,0.7153667507102265,0.0160646428108443,1.0
adult,rf,treeshap,256,0.8007500090948035,0.003599981086593429,0.9199999999999999
adult,rf,treeshap,257,0.7026891859442881,0.011698324309528774,1.0
adult,rf,treeshap,258,0.6770873572053351,0.004182185214728684,0.86
adult,rf,treeshap,259,0.6801644413778708,0.01003466773261008,1.0
adult,rf,treeshap,260,0.9609535647502623,0.0057193757069173845,1.0
adult,rf,treeshap,261,0.6496525017979852,0.011990753011858812,0.86
adult,rf,treeshap,262,0.9648601430479801,0.008268666579569262,1.0
adult,rf,treeshap,263,0.7368951865083408,0.013345206748447858,1.0
adult,rf,treeshap,264,0.6145973895388466,0.013177728544003786,0.9199999999999999
adult,rf,treeshap,265,0.9786948217402074,0.007952016829236852,1.0
adult,rf,treeshap,266,0.9692780273006933,0.006867007276213699,1.0
adult,rf,treeshap,267,0.7317529746041425,0.00932656562787737,1.0
adult,rf,treeshap,268,0.5901365316349222,0.016670325773019967,0.8400000000000001
adult,rf,treeshap,269,0.5757457738862357,0.013089110375616775,0.9199999999999999
adult,rf,treeshap,270,0.5087059135774201,0.011223042315896214,1.0
adult,rf,treeshap,271,0.541451089938203,0.017529158235016218,0.9199999999999999
adult,rf,treeshap,272,0.8084469945975481,0.004307843694104974,0.8800000000000001
adult,rf,treeshap,273,0.5465721749301317,0.003483920195787804,0.9200000000000002
adult,rf,treeshap,274,0.5518642808282193,0.008728327388409562,0.86
adult,rf,treeshap,275,0.9294193110608209,0.012363665185046058,1.0
adult,rf,treeshap,276,0.7178926168713742,0.007441307465379965,0.86
adult,rf,treeshap,277,0.5153576288892567,0.008412476809876557,0.8799999999999999
adult,rf,treeshap,278,0.938439504863692,0.006108783859764211,1.0
adult,rf,treeshap,279,0.6488156837515936,0.011049595156910952,0.9199999999999999
adult,rf,treeshap,280,0.9494653302574012,0.008802001863690179,0.9199999999999999
adult,rf,treeshap,281,0.9818902809764932,0.0054950662242954085,1.0
adult,rf,treeshap,282,0.6853943658413038,0.009675040515114475,1.0
adult,rf,treeshap,283,0.6295794504026371,0.012673770262653705,0.9199999999999999
adult,rf,treeshap,284,0.9369592729674097,0.0075972781048589955,1.0
adult,rf,treeshap,285,0.7787809985912328,0.012970542661119189,1.0
adult,rf,treeshap,286,0.6798162887381637,0.009955390714732615,0.8799999999999999
adult,rf,treeshap,287,0.9794749839820142,0.0037413644647076305,0.9199999999999999
adult,rf,treeshap,288,0.5803503818641429,0.01094850721634033,0.9199999999999999
adult,rf,treeshap,289,0.7027907263478634,0.011698381751312992,1.0
adult,rf,treeshap,290,0.6811621037592357,0.010143457204505824,0.8799999999999999
adult,rf,treeshap,291,0.9649072407618295,0.01021944916830897,1.0
adult,rf,treeshap,292,0.8763741485978201,0.006144463138342049,0.8799999999999999
adult,rf,treeshap,293,0.7089750001746334,0.01089024988309506,1.0
adult,rf,treeshap,294,0.744082488266465,0.012511688422096379,0.9199999999999999
adult,rf,treeshap,295,0.9942785697908716,0.007493543977903139,1.0
adult,rf,treeshap,296,0.9612168226668105,0.010965377085228267,0.9199999999999999
adult,rf,treeshap,297,0.9211275044487859,0.012250043667044741,1.0
adult,rf,treeshap,298,0.6976167013200381,0.011048388961863664,1.0
adult,rf,treeshap,299,0.8054444837513131,0.003774853888495855,0.8800000000000001
adult,rf,treeshap,300,0.7335359422006796,0.013951104040132778,1.0
adult,rf,treeshap,301,0.7274549575622968,0.011717324554354258,1.0
adult,rf,treeshap,302,0.6184988685182969,0.013731327444279628,0.8800000000000001
adult,rf,treeshap,303,0.6999784584992659,0.012789460822560494,0.8400000000000001
adult,rf,treeshap,304,0.9713357786372212,0.006433150145854105,0.8799999999999999
adult,rf,treeshap,305,0.9584329199635138,0.0065386381975830465,1.0
adult,rf,treeshap,306,0.8959665855577089,0.01064519403059394,1.0
adult,rf,treeshap,307,0.9726603919142167,0.006277509671172132,0.9199999999999999
adult,rf,treeshap,308,0.9633740219894772,0.0049598752747535,0.9199999999999999
adult,rf,treeshap,309,0.9950524957140091,0.0052859195716831175,1.0
adult,rf,treeshap,310,0.6669896986672341,0.0123814678450348,0.8400000000000001
adult,rf,treeshap,311,0.952119159668942,0.00502253817370657,0.9200000000000002
adult,rf,treeshap,312,0.7053483911369144,0.014441599286884488,0.8399999999999999
adult,rf,treeshap,313,0.7092387762502098,0.0076317990814549486,1.0
adult,rf,treeshap,314,0.9703505840032598,0.010030396146607168,0.8400000000000001
adult,rf,treeshap,315,0.7504987297926693,0.0028487547299977933,0.8800000000000001
adult,rf,treeshap,316,0.9634028407783989,0.012302594732516048,0.9199999999999999
adult,rf,treeshap,317,0.7819691350255631,0.012528966085560755,0.86
adult,rf,treeshap,318,0.6438199233785229,0.01096188325823777,1.0
adult,rf,treeshap,319,0.6028696323348599,0.017000120900808824,0.9199999999999999
adult,rf,treeshap,320,0.9784260756097666,0.01063419582695635,1.0
adult,rf,treeshap,321,0.9291901032094515,0.009606694829689566,0.86
adult,rf,treeshap,322,0.9408527006755076,0.008951743216288888,0.9199999999999999
adult,rf,treeshap,323,0.9291608267514813,0.011856801424718677,0.86
adult,rf,treeshap,324,0.5528023387689175,0.0024147933497580265,0.9199999999999999
adult,rf,treeshap,325,0.9546909923059058,0.012184859715977048,1.0
adult,rf,treeshap,326,0.9220870851144289,0.007460970881801643,0.8400000000000001
adult,rf,treeshap,327,0.9273044450550163,0.004823320124114794,1.0
adult,rf,treeshap,328,0.5611862822632036,0.01075732563641052,1.0
adult,rf,treeshap,329,0.5490067369395956,0.024286425897371622,0.7999999999999999
adult,rf,treeshap,330,0.9424475748073393,0.00977079131514258,0.8400000000000001
adult,rf,treeshap,331,0.9908764073012033,0.0065626608832516364,0.8799999999999999
adult,rf,treeshap,332,0.8249904651202391,0.006781098820072051,1.0
adult,rf,treeshap,333,0.6706100498554001,0.009992415407669375,0.9199999999999999
adult,rf,treeshap,334,0.952954635808946,0.012625568603501058,1.0
adult,rf,treeshap,335,0.7102455867849159,0.008756900950266933,0.8800000000000001
adult,rf,treeshap,336,0.6084955734451687,0.011692334766138734,1.0
adult,rf,treeshap,337,0.9844612826472054,0.007605996494423506,1.0
adult,rf,treeshap,338,0.7236650575074087,0.010843738967444283,1.0
adult,rf,treeshap,339,0.5561081263099827,0.012608547419118876,0.8799999999999999
adult,rf,treeshap,340,0.9663565734493877,0.005158757385117618,0.7999999999999999
adult,rf,treeshap,341,0.9291156615146979,0.01241105476235016,1.0
adult,rf,treeshap,342,0.7452400453123386,0.009763324957889674,1.0
adult,rf,treeshap,343,0.8304225058348818,0.004462360877210081,0.9199999999999999
adult,rf,treeshap,344,0.9615468490851782,0.0069988478862719194,1.0
adult,rf,treeshap,345,0.7393070601815757,0.01488980018027386,1.0
adult,rf,treeshap,346,0.744589136476048,0.012391374588435533,0.9199999999999999
adult,rf,treeshap,347,0.5348705894160739,0.0030048953161200265,0.86
adult,rf,treeshap,348,0.8266084656177497,0.008389454849714872,0.8800000000000001
adult,rf,treeshap,349,0.5951341683712599,0.012063831182730356,0.9199999999999999
adult,rf,treeshap,350,0.9921798393919075,0.006529350066998396,0.9199999999999999
adult,rf,treeshap,351,0.9560460898880276,0.007296859569774106,0.86
adult,rf,treeshap,352,0.5857460031603352,0.010045631672865207,0.7599999999999999
adult,rf,treeshap,353,0.8388265184485189,0.0024944728473238476,0.8800000000000001
adult,rf,treeshap,354,0.9093257050321764,0.009327961742252144,0.9199999999999999
adult,rf,treeshap,355,0.5570883131336553,0.013830976319451294,0.8799999999999999
adult,rf,treeshap,356,0.6532738230029185,0.009216710684056273,1.0
adult,rf,treeshap,357,0.6739172087434314,0.007464186930943639,0.86
adult,rf,treeshap,358,0.5155614017686423,0.011457898784920872,1.0
adult,rf,treeshap,359,0.6277035835501537,0.009751135486506635,0.86
adult,rf,treeshap,360,0.6882338268725124,0.010256574520029482,0.9199999999999999
adult,rf,treeshap,361,0.8314583469485572,0.013451686030027,1.0
adult,rf,treeshap,362,0.9760275859880526,0.008355806627672657,0.8800000000000001
adult,rf,treeshap,363,0.96999543243011,0.005636373912406567,0.8799999999999999
adult,rf,treeshap,364,0.9949048187864962,0.0077439500975377,1.0
adult,rf,treeshap,365,0.7549067724773767,0.013419150453562567,1.0
adult,rf,treeshap,366,0.5808645130602406,0.011383150611622761,0.8799999999999999
adult,rf,treeshap,367,0.9610147896677791,0.008192615698314198,1.0
adult,rf,treeshap,368,0.9351639213058563,0.009259326056231032,1.0
adult,rf,treeshap,369,0.9440268843033117,0.005986980024514921,0.8799999999999999
adult,rf,treeshap,370,0.7420362856883045,0.016710315588757574,1.0
adult,rf,treeshap,371,0.9545867252075635,0.010918952095334555,1.0
adult,rf,treeshap,372,0.680996002862512,0.016881999388577817,0.9199999999999999
adult,rf,treeshap,373,0.8596912901937408,0.006835785217158552,0.86
adult,rf,treeshap,374,0.6519749923979943,0.013308778552404532,0.8799999999999999
adult,rf,treeshap,375,0.9478406706006972,0.010421451164927098,0.9199999999999999
adult,rf,treeshap,376,0.6563760349775333,0.01184823909327426,0.9199999999999999
adult,rf,treeshap,377,0.9275021942743352,0.0094456080272185,1.0
adult,rf,treeshap,378,0.7067940630283551,0.00993584343762044,0.86
adult,rf,treeshap,379,0.660479615173227,0.004976523486094009,0.82
adult,rf,treeshap,380,0.7264060763222279,0.009834494826270634,1.0
adult,rf,treeshap,381,0.9419518881633866,0.0062352178825045845,1.0
adult,rf,treeshap,382,0.9454437679134845,0.006301196521501851,1.0
adult,rf,treeshap,383,0.9653908367603243,0.008799183687570156,0.9199999999999999
adult,rf,treeshap,384,0.955299314671094,0.011077890512029342,0.9199999999999999
adult,rf,treeshap,385,0.5663608381435623,0.0026253433545004867,1.0
adult,rf,treeshap,386,0.6781341368289822,0.009982351974694104,0.8800000000000001
adult,rf,treeshap,387,0.5199705754911914,0.0024195307981763614,0.7999999999999999
adult,rf,treeshap,388,0.9674396067956245,0.015708180922928028,0.7799999999999999
adult,rf,treeshap,389,0.5147880951050043,0.01706727410205988,0.8399999999999999
adult,rf,treeshap,390,0.7454755535183704,0.013822505415472586,0.9199999999999999
adult,rf,treeshap,391,0.9832936362983332,0.007982667908325025,1.0
adult,rf,treeshap,392,0.7141555690738548,0.011989728066272631,1.0
adult,rf,treeshap,393,0.9576976549248675,0.013200397267943531,1.0
adult,rf,treeshap,394,0.9736037541093028,0.005980173722998083,0.9199999999999999
adult,rf,treeshap,395,0.5453315504844294,0.016256676387601643,0.8400000000000001
adult,rf,treeshap,396,0.9563149628741614,0.009735144985678068,0.8400000000000001
adult,rf,treeshap,397,0.9531046863944761,0.011905316831944623,0.8400000000000001
adult,rf,treeshap,398,0.9753894973992061,0.00759198608565792,1.0
adult,rf,treeshap,399,0.6809571508606542,0.011132209928773507,1.0
adult,rf,treeshap,400,0.810650464745,0.008585269330644962,1.0
adult,rf,treeshap,401,0.9718013747038133,0.007618206432595365,1.0
adult,rf,treeshap,402,0.6101038008904643,0.012032358098249651,0.82
adult,rf,treeshap,403,0.8062600169555019,0.011988140994174779,1.0
adult,rf,treeshap,404,0.957273707215266,0.00831837289287285,0.9199999999999999
adult,rf,treeshap,405,0.5975300252625504,0.011911253325522564,1.0
adult,rf,treeshap,406,0.8021177723574766,0.01293351015036115,0.9199999999999999
adult,rf,treeshap,407,0.6494143675020572,0.013076082954311175,0.7999999999999999
adult,rf,treeshap,408,0.965628950672458,0.006984371921518906,0.9199999999999999
adult,rf,treeshap,409,0.7187999467051885,0.009706478374139293,1.0
adult,rf,treeshap,410,0.7354376630873789,0.010469090294988659,1.0
adult,rf,treeshap,411,0.9940681448473022,0.0058215416062583625,0.8800000000000001
adult,rf,treeshap,412,0.8990255394000737,0.005842339202690838,0.8800000000000001
adult,rf,treeshap,413,0.9552046573722184,0.009906393502562394,0.7799999999999999
adult,rf,treeshap,414,0.9497367261421383,0.004945140761868805,0.9199999999999999
adult,rf,treeshap,415,0.8925164738013844,0.009633684293742006,0.9199999999999999
adult,rf,treeshap,416,0.9357763047822246,0.010088362554908414,0.86
adult,rf,treeshap,417,0.995933814287685,0.006354239264985351,0.8799999999999999
adult,rf,treeshap,418,0.7145931115937657,0.014660514094128274,1.0
adult,rf,treeshap,419,0.9931095211658292,0.006823211555136988,0.9200000000000002
adult,rf,treeshap,420,0.9677495558494872,0.007927290558684907,0.9199999999999999
adult,rf,treeshap,421,0.7018972322681859,0.012329425645214998,1.0
adult,rf,treeshap,422,0.8202835648966993,0.006745620927715579,1.0
adult,rf,treeshap,423,0.8143710819462953,0.007714924044172733,0.9199999999999999
adult,rf,treeshap,424,0.9951906750423258,0.005035465414381823,1.0
adult,rf,treeshap,425,0.9341082755549224,0.005554839761609309,0.86
adult,rf,treeshap,426,0.9892372794298204,0.007622666325902139,0.8799999999999999
adult,rf,treeshap,427,0.58008542567392,0.011589734736190849,0.8799999999999999
adult,rf,treeshap,428,0.9731499122641998,0.010034055357474925,1.0
adult,rf,treeshap,429,0.7265462134050491,0.01098012605458687,0.9199999999999999
adult,rf,treeshap,430,0.9878813412508581,0.011698373240760618,0.9200000000000002
adult,rf,treeshap,431,0.8345277920082094,0.013865494773228626,0.8800000000000001
adult,rf,treeshap,432,0.9768289550894022,0.008719205275658504,0.8799999999999999
adult,rf,treeshap,433,0.9755896192130213,0.007178637761630968,0.9199999999999999
adult,rf,treeshap,434,0.7208213327019706,0.011972521188632457,1.0
adult,rf,treeshap,435,0.992796934197657,0.005501032034662456,0.9200000000000002
adult,rf,treeshap,436,0.9778458349460127,0.0067805727558454265,0.86
adult,rf,treeshap,437,0.9489673829681425,0.009841263223659746,0.8800000000000001
adult,rf,treeshap,438,0.8286383172779349,0.008623576061841276,1.0
adult,rf,treeshap,439,0.6978859647520357,0.011328585808713099,1.0
adult,rf,treeshap,440,0.5740165837931765,0.020512247561119024,0.8399999999999999
adult,rf,treeshap,441,0.9580248778377065,0.01007326834211475,0.8800000000000001
adult,rf,treeshap,442,0.9917975400974737,0.006536295782154644,0.8799999999999999
adult,rf,treeshap,443,0.9639712823731333,0.006970435365388439,0.86
adult,rf,treeshap,444,0.6835960353154975,0.012052486709604127,1.0
adult,rf,treeshap,445,0.9493118530066293,0.00985324635477658,1.0
adult,rf,treeshap,446,0.7724504301111202,0.011778515574613957,0.8800000000000001
adult,rf,treeshap,447,0.8174684633497318,0.015495679379416871,1.0
adult,rf,treeshap,448,0.7830305113173462,0.00911606072680582,0.8800000000000001
adult,rf,treeshap,449,0.7141097691651519,0.013067339357391683,1.0
adult,rf,treeshap,450,0.84217861237861,0.011043530974837568,0.8800000000000001
adult,rf,treeshap,451,0.7514381327746638,0.01334419105576412,1.0
adult,rf,treeshap,452,0.7664430977123041,0.016460135764501893,0.9200000000000002
adult,rf,treeshap,453,0.9903698728201557,0.007148216985243039,0.9199999999999999
adult,rf,treeshap,454,0.8201652188510643,0.009813053162787688,0.8799999999999999
adult,rf,treeshap,455,0.81345591911292,0.02506962939987256,0.9199999999999999
adult,rf,treeshap,456,0.9299958258656025,0.014881624404519678,1.0
adult,rf,treeshap,457,0.6775645259320877,0.007926308968553508,1.0
adult,rf,treeshap,458,0.690947572087468,0.008765661444978035,0.9199999999999999
adult,rf,treeshap,459,0.9375898724509251,0.005380440823620214,0.9200000000000002
adult,rf,treeshap,460,0.9870569105952043,0.007493106507703073,0.9199999999999999
adult,rf,treeshap,461,0.9912535153082999,0.00627041835339881,0.8799999999999999
adult,rf,treeshap,462,0.9943335222275944,0.004330464875481055,1.0
adult,rf,treeshap,463,0.7666757630482737,0.009927995476056495,1.0
adult,rf,treeshap,464,0.9683205042146579,0.010271320537434292,0.9199999999999999
adult,rf,treeshap,465,0.9926038824498804,0.0068869798811620475,1.0
adult,rf,treeshap,466,0.7380418671500697,0.009409905456432277,0.9199999999999999
adult,rf,treeshap,467,0.9955583564120996,0.007659445293808909,0.8800000000000001
adult,rf,treeshap,468,0.9897246932334591,0.0055698694478005795,1.0
adult,rf,treeshap,469,0.9815236719281044,0.010450211562100575,0.8799999999999999
adult,rf,treeshap,470,0.9675421455154627,0.008524298545133924,0.9199999999999999
adult,rf,treeshap,471,0.6387498565996352,0.010503321825316214,0.8400000000000001
adult,rf,treeshap,472,0.7178788905019251,0.011000004089565474,1.0
adult,rf,treeshap,473,0.7549893977481539,0.010972690934538898,1.0
adult,rf,treeshap,474,0.9898228241696219,0.00796502887878936,0.9199999999999999
adult,rf,treeshap,475,0.6319210857645021,0.012433868769169187,1.0
adult,rf,treeshap,476,0.9680367659440522,0.011787362887720199,1.0
adult,rf,treeshap,477,0.9589265634796182,0.007427603842720343,1.0
adult,rf,treeshap,478,0.8291344355619579,0.013002885756165705,0.9199999999999999
adult,rf,treeshap,479,0.9615073391494242,0.005488361387683938,0.8400000000000001
adult,rf,treeshap,480,0.9873886887186492,0.007934094430765093,1.0
adult,rf,treeshap,481,0.9842049911930386,0.010111184931440698,1.0
adult,rf,treeshap,482,0.9546687957871549,0.010594617613468693,0.86
adult,rf,treeshap,483,0.8784832865859513,0.005686349708247329,0.86
adult,rf,treeshap,484,0.6578339236672639,0.01208421282591332,0.9199999999999999
adult,rf,treeshap,485,0.9950380047071141,0.006626408182983434,0.8800000000000001
adult,rf,treeshap,486,0.8312686410342305,0.0035266390051031937,0.8400000000000001
adult,rf,treeshap,487,0.7204985964553697,0.008854421053659634,0.9199999999999999
adult,rf,treeshap,488,0.5895875716120683,0.014535761824485682,0.8400000000000001
adult,rf,treeshap,489,0.9312869937853716,0.012227459929834539,0.8800000000000001
adult,rf,treeshap,490,0.9500676796699322,0.008768239423914581,0.8400000000000001
adult,rf,treeshap,491,0.8222595267226472,0.0027596297784844293,1.0
adult,rf,treeshap,492,0.8769328749423358,0.00770869624687176,1.0
adult,rf,treeshap,493,0.9766858845805281,0.006790130803292271,1.0
adult,rf,treeshap,494,0.9841687177983539,0.010627794177633931,0.9199999999999999
adult,rf,treeshap,495,0.9618329594331971,0.005781221996760566,0.9199999999999999
adult,rf,treeshap,496,0.9947619338294356,0.00574566239842933,0.9199999999999999
adult,rf,treeshap,497,0.7806090582594,0.010713633353210406,1.0
adult,rf,treeshap,498,0.8140443861755797,0.0075000315247834015,0.9200000000000002
adult,rf,treeshap,499,0.9479608948425838,0.011773579605130258,0.82
adult,rf,lime,0,0.8393984474758535,0.2667368248569213,0.72
adult,rf,lime,1,0.9905270914730394,0.10015998179459795,0.8400000000000001
adult,rf,lime,2,0.983478845229075,0.13259637179927208,0.76
adult,rf,lime,3,0.5481441647376257,0.06868419499025258,0.6799999999999999
adult,rf,lime,4,0.9923987039096185,0.21493911310006975,0.86
adult,rf,lime,5,0.7318220484078306,0.21992000988086224,0.9199999999999999
adult,rf,lime,6,0.9236498477148147,0.2718703745016299,0.9199999999999999
adult,rf,lime,7,0.5159628099311763,0.21037297803286648,0.86
adult,rf,lime,8,0.7107749623034049,0.07516509669069116,0.8400000000000001
adult,rf,lime,9,0.5760545370526495,0.10856485181470055,0.7999999999999999
adult,rf,lime,10,0.5306809280633406,0.2187280239033077,0.8400000000000001
adult,rf,lime,11,0.993779884763088,0.11107024189514703,0.8400000000000001
adult,rf,lime,12,0.9637255538478172,0.11928718287734963,0.7199999999999999
adult,rf,lime,13,0.6813785422548855,0.056296956768736806,0.9200000000000002
adult,rf,lime,14,0.6045854854228511,0.1424161690001442,0.74
adult,rf,lime,15,0.6831425876343119,0.12775991961655608,0.7999999999999999
adult,rf,lime,16,0.9642516578097597,0.20160593100928859,0.7799999999999999
adult,rf,lime,17,0.9608472467697687,0.1859377509554021,0.7999999999999999
adult,rf,lime,18,0.9892593789958644,0.13044425239316537,0.9199999999999999
adult,rf,lime,19,0.9638534706601544,0.20852456093027594,0.76
adult,rf,lime,20,0.9623553394545914,0.30030435909609987,0.6999999999999998
adult,rf,lime,21,0.9884269715599341,0.1074137165915452,0.78
adult,rf,lime,22,0.9573218282704534,0.09296916419726298,0.6599999999999999
adult,rf,lime,23,0.9592023615432257,0.06287150003758302,0.6799999999999999
adult,rf,lime,24,0.7081616997336477,0.13043924377807292,0.7799999999999999
adult,rf,lime,25,0.9829095763347688,0.2742100816187163,0.82
adult,rf,lime,26,0.7187328144267544,0.11915871682536616,1.0
adult,rf,lime,27,0.7142573490505308,0.1573456052509128,0.9200000000000002
adult,rf,lime,28,0.9482966695339728,0.1255126611972328,0.72
adult,rf,lime,29,0.9920409967683375,0.2572642754217086,0.6799999999999999
adult,rf,lime,30,0.928981450344698,0.28348550733386013,0.68
adult,rf,lime,31,0.7765157733652931,0.08173922059030292,0.86
adult,rf,lime,32,0.8185154844601511,0.07761555742727655,0.82
adult,rf,lime,33,0.6775937025233882,0.05933284755559032,0.9200000000000002
adult,rf,lime,34,0.8257967536208305,0.19432644965145407,0.58
adult,rf,lime,35,0.7906010762556136,0.21544623334484891,0.8400000000000001
adult,rf,lime,36,0.8495358039881065,0.16277782846351307,0.6799999999999999
adult,rf,lime,37,0.7346096798405686,0.1882868893908265,0.8399999999999999
adult,rf,lime,38,0.596247334789259,0.0956802357459825,0.9200000000000002
adult,rf,lime,39,0.6837557787026773,0.0670156119120392,0.86
adult,rf,lime,40,0.7099287993788959,0.24779043630732012,0.7999999999999999
adult,rf,lime,41,0.977376867284072,0.10544347291421141,0.86
adult,rf,lime,42,0.6694882416764015,0.08500816091593877,0.8399999999999999
adult,rf,lime,43,0.964507658444924,0.0579524107391558,0.74
adult,rf,lime,44,0.9154653542126411,0.24926974889514353,0.7
adult,rf,lime,45,0.9574964718565173,0.27237330197800635,0.82
adult,rf,lime,46,0.9740198568622283,0.10555478308943012,0.86
adult,rf,lime,47,0.8677336027262312,0.1920360524743282,0.6999999999999998
adult,rf,lime,48,0.8863578935314351,0.10108896946041779,0.8
adult,rf,lime,49,0.7220559369676698,0.12148240265699461,0.6399999999999999
adult,rf,lime,50,0.8508791466510489,0.27743945426473915,0.6600000000000001
adult,rf,lime,51,0.665485369253562,0.08309121705681355,0.82
adult,rf,lime,52,0.6884432844756269,0.10014462502861254,0.7999999999999999
adult,rf,lime,53,0.8437271645752975,0.0435261695220337,0.76
adult,rf,lime,54,0.7078518089443031,0.14479701564188407,0.7999999999999999
adult,rf,lime,55,0.7688953882743433,0.2178910026845633,0.8400000000000001
adult,rf,lime,56,0.682820325077176,0.19386947449097003,1.0
adult,rf,lime,57,0.9298462894524198,0.21904056156794038,0.74
adult,rf,lime,58,0.9374939272812182,0.10685808489061555,0.6199999999999999
adult,rf,lime,59,0.9942681967446297,0.20209403069154908,0.8400000000000001
adult,rf,lime,60,0.9769585272583802,0.3096992606082132,0.6400000000000001
adult,rf,lime,61,0.9840639189447125,0.1114349770028078,0.8400000000000001
adult,rf,lime,62,0.5652409657996872,0.08584212850469586,0.8400000000000001
adult,rf,lime,63,0.9592420006162176,0.05330346594948132,0.72
adult,rf,lime,64,0.9249228363626688,0.19262363674765803,0.72
adult,rf,lime,65,0.6706960772352082,0.21620790200925333,0.86
adult,rf,lime,66,0.6816614615992569,0.2715240699334226,0.8399999999999999
adult,rf,lime,67,0.568571248667583,0.19161519581356912,0.9200000000000002
adult,rf,lime,68,0.9851342896525335,0.1381866183543201,0.9199999999999999
adult,rf,lime,69,0.7479373814055418,0.13576021761616064,0.7799999999999999
adult,rf,lime,70,0.966279121100228,0.27488475809260193,0.6600000000000001
adult,rf,lime,71,0.7469412756799976,0.05345684512714155,0.86
adult,rf,lime,72,0.9524676759233872,0.14726755614742193,0.74
adult,rf,lime,73,0.8233082092256232,0.05814760465642832,0.72
adult,rf,lime,74,0.7614196874557196,0.13020595938272095,0.7
adult,rf,lime,75,0.9840388678797014,0.16340160131034587,0.9199999999999999
adult,rf,lime,76,0.8351013794549674,0.1737956870678694,0.86
adult,rf,lime,77,0.7346804432700946,0.15963726052140736,0.7999999999999999
adult,rf,lime,78,0.6747808100966486,0.07249306816272605,0.82
adult,rf,lime,79,0.99100047592966,0.2011083943721481,0.7999999999999999
adult,rf,lime,80,0.5713626363061797,0.1757439637752487,0.7799999999999999
adult,rf,lime,81,0.7789522564771094,0.09141286359923728,0.62
adult,rf,lime,82,0.9766417928211295,0.13479069582500602,0.7199999999999999
adult,rf,lime,83,0.985731470394118,0.058519377895818736,0.8799999999999999
adult,rf,lime,84,0.9663704312720032,0.13885774803524653,0.7999999999999999
adult,rf,lime,85,0.7819080461958154,0.14221931585684222,0.7799999999999999
adult,rf,lime,86,0.9457654842775917,0.23300222194111297,0.7999999999999999
adult,rf,lime,87,0.9547496318873371,0.22649437420937524,0.6799999999999999
adult,rf,lime,88,0.522977225007824,0.08286822862008358,0.7999999999999999
adult,rf,lime,89,0.6830105386951094,0.1619926628026478,0.8400000000000001
adult,rf,lime,90,0.9590472903899403,0.1670489333271814,0.8400000000000001
adult,rf,lime,91,0.6262486333744768,0.06263282469133424,0.6999999999999998
adult,rf,lime,92,0.9300301021088915,0.0505890217256757,0.7999999999999999
adult,rf,lime,93,0.7821393529044179,0.03444612812960801,0.74
adult,rf,lime,94,0.609073341869639,0.18572627829374133,0.6799999999999999
adult,rf,lime,95,0.9945307128498445,0.2607917606442952,0.9199999999999999
adult,rf,lime,96,0.8697883663397539,0.19165825655377433,0.8400000000000001
adult,rf,lime,97,0.9920609967683376,0.18665720855182621,0.9199999999999999
adult,rf,lime,98,0.5595803419738743,0.08300024333577305,0.9200000000000002
adult,rf,lime,99,0.8062752200620735,0.15974280250352546,0.8400000000000001
adult,hgb,treeshap,0,0.8425726308559603,0.01830580503463075,0.7999999999999999
adult,hgb,treeshap,1,0.9964728020618707,0.018756019282978542,1.0
adult,hgb,treeshap,2,0.9816229276819562,0.06254890958474024,0.9199999999999999
adult,hgb,treeshap,3,0.9790433915134373,0.0013254304678523843,0.8800000000000001
adult,hgb,treeshap,4,0.9974811300550632,0.036838079089204556,1.0
adult,hgb,treeshap,5,0.8812606385909187,0.005576239364861735,1.0
adult,hgb,treeshap,6,0.9527977899590325,0.023816929729545633,0.8400000000000001
adult,hgb,treeshap,7,0.7149007112189648,0.009284360416195625,0.8400000000000001
adult,hgb,treeshap,8,0.7023373528786578,0.02087452714325888,0.8400000000000001
adult,hgb,treeshap,9,0.6283814146164884,0.014232696686402369,0.86
adult,hgb,treeshap,10,0.5660656365676198,0.010526631630925598,0.9199999999999999
adult,hgb,treeshap,11,0.9983364281182293,0.018147062654077617,0.86
adult,hgb,treeshap,12,0.9778610414391256,0.012070503952194778,0.7799999999999999
adult,hgb,treeshap,13,0.7227023645359035,0.013181905731341481,0.9200000000000002
adult,hgb,treeshap,14,0.5790174091421562,0.006155483738744194,1.0
adult,hgb,treeshap,15,0.7698465581080287,0.005101009942728552,0.9199999999999999
adult,hgb,treeshap,16,0.9855726654630963,0.04722390903759899,0.7999999999999999
adult,hgb,treeshap,17,0.9810615481806042,0.022154099409492867,0.82
adult,hgb,treeshap,18,0.9956416088979829,0.013825577864003513,1.0
adult,hgb,treeshap,19,0.998227541770985,0.002234525677633159,0.8400000000000001
adult,hgb,treeshap,20,0.9800347917223929,0.02147450548358465,0.8800000000000001
adult,hgb,treeshap,21,0.9883019897809989,0.01391467121969081,0.8800000000000001
adult,hgb,treeshap,22,0.9774274502356844,0.04742445464286571,0.8399999999999999
adult,hgb,treeshap,23,0.9831928169865873,0.04404814329304385,0.8799999999999999
adult,hgb,treeshap,24,0.7187139407030183,0.004562471378412369,0.86
adult,hgb,treeshap,25,0.99852452415029,0.006433253702011421,0.8400000000000001
adult,hgb,treeshap,26,0.8169515378401053,0.017223250266530266,0.9199999999999999
adult,hgb,treeshap,27,0.7192651823275495,0.015582231629784893,1.0
adult,hgb,treeshap,28,0.9932556511061474,0.036996750342873974,0.82
adult,hgb,treeshap,29,0.9927459198922934,0.017368750556851942,0.86
adult,hgb,treeshap,30,0.9656262881045358,0.0268610348035343,0.86
adult,hgb,treeshap,31,0.9311576096382519,0.015010711904005603,1.0
adult,hgb,treeshap,32,0.9697839220163731,0.0030307270559786215,0.86
adult,hgb,treeshap,33,0.8704782209728362,0.004560661355037632,0.8800000000000001
adult,hgb,treeshap,34,0.9502392114661526,0.04763954078950994,1.0
adult,hgb,treeshap,35,0.9597613854399425,0.062223495653985994,0.9200000000000002
adult,hgb,treeshap,36,0.9616598183591532,0.019331203312121126,1.0
adult,hgb,treeshap,37,0.8105578192535272,0.0038193073604378958,0.86
adult,hgb,treeshap,38,0.6932733998888568,0.023854456214231434,0.86
adult,hgb,treeshap,39,0.8363606929094984,0.006533844777415587,1.0
adult,hgb,treeshap,40,0.6958906703813644,0.005312289680497573,0.9199999999999999
adult,hgb,treeshap,41,0.9937800718887143,0.022902940584995313,0.9199999999999999
adult,hgb,treeshap,42,0.652615042118711,0.010586073263763929,0.86
adult,hgb,treeshap,43,0.9866941939303745,0.029326875819131404,1.0
adult,hgb,treeshap,44,0.9806840500770834,0.04694274073974647,0.8400000000000001
adult,hgb,treeshap,45,0.9980614111286545,0.0036755894921650656,0.86
adult,hgb,treeshap,46,0.989953426316721,0.14015747705481463,0.82
adult,hgb,treeshap,47,0.8643399160089382,0.018031669719699273,1.0
adult,hgb,treeshap,48,0.9461038314359668,0.02362416595483041,0.8800000000000001
adult,hgb,treeshap,49,0.7742785155090657,0.017830004285926293,0.82
adult,hgb,treeshap,50,0.9350941915814339,0.03720632812267333,0.8800000000000001
adult,hgb,treeshap,51,0.5829145567060335,0.004955736468447491,1.0
adult,hgb,treeshap,52,0.8495002371143606,0.020878450043347874,0.8800000000000001
adult,hgb,treeshap,53,0.8242780328700151,0.015864733250772645,0.9199999999999999
adult,hgb,treeshap,54,0.6707764466816126,0.01194623955641716,0.8400000000000001
adult,hgb,treeshap,55,0.9193272147996113,0.011173903585157019,1.0
adult,hgb,treeshap,56,0.6734799624403036,0.003543826776609804,0.8399999999999999
adult,hgb,treeshap,57,0.9534558800258063,0.01349231483937996,0.7999999999999999
adult,hgb,treeshap,58,0.9796239182015839,0.026958185203295515,1.0
adult,hgb,treeshap,59,0.9985871331858519,0.00559085503033141,1.0
adult,hgb,treeshap,60,0.9929242491400248,0.0308814590124733,1.0
adult,hgb,treeshap,61,0.9975473735632189,0.04009284099332722,0.7799999999999999
adult,hgb,treeshap,62,0.5465829074008769,0.002888576279360011,0.9200000000000002
adult,hgb,treeshap,63,0.9697180597095019,0.020114247664912766,0.9199999999999999
adult,hgb,treeshap,64,0.9670226138945012,0.018786810896077144,0.7
adult,hgb,treeshap,65,0.9855202053248856,0.0019635590543438664,0.9200000000000002
adult,hgb,treeshap,66,0.9918669515939642,0.0007853764021141796,0.86
adult,hgb,treeshap,67,0.5557458179707183,0.008969476969017065,1.0
adult,hgb,treeshap,68,0.9980745039471828,0.013606929942998947,0.9199999999999999
adult,hgb,treeshap,69,0.880247053139475,0.0072857269950585835,1.0
adult,hgb,treeshap,70,0.9840382084136413,0.03161402724834894,1.0
adult,hgb,treeshap,71,0.7877686704172503,0.016020892305765422,0.9199999999999999
adult,hgb,treeshap,72,0.9688961013308015,0.021618509258865437,1.0
adult,hgb,treeshap,73,0.8173613130652944,0.012271421950497241,0.9200000000000002
adult,hgb,treeshap,74,0.9420413903449566,0.014750222007793412,1.0
adult,hgb,treeshap,75,0.9954488791127144,0.01848145478406682,1.0
adult,hgb,treeshap,76,0.9945393178747428,0.0003098653078239533,1.0
adult,hgb,treeshap,77,0.7713746081371011,0.0037810093078152196,0.9199999999999999
adult,hgb,treeshap,78,0.7190775723927422,0.02215548168249204,0.9199999999999999
adult,hgb,treeshap,79,0.9931586643824367,0.00969102722977977,1.0
adult,hgb,treeshap,80,0.5529592892773876,0.0079010803232894,0.8800000000000001
adult,hgb,treeshap,81,0.9054920528442689,0.027159319309687846,0.8399999999999999
adult,hgb,treeshap,82,0.995920653922718,0.01953525515639387,0.86
adult,hgb,treeshap,83,0.9946817578064996,0.012395309872794025,1.0
adult,hgb,treeshap,84,0.9929799812345689,0.021936601238578213,0.8400000000000001
adult,hgb,treeshap,85,0.9882060579725159,0.009807885660264248,0.8400000000000001
adult,hgb,treeshap,86,0.9775352011311089,0.05889681399624447,0.8799999999999999
adult,hgb,treeshap,87,0.9828693326552174,0.0227187255264113,0.7999999999999999
adult,hgb,treeshap,88,0.7449206090472069,0.017798204535194317,0.8400000000000001
adult,hgb,treeshap,89,0.7494277265434063,0.024691383579297566,1.0
adult,hgb,treeshap,90,0.9947160469218181,0.025340183194871413,1.0
adult,hgb,treeshap,91,0.8160840851242472,0.003532654419209136,0.78
adult,hgb,treeshap,92,0.986758256044203,0.009175063269634243,1.0
adult,hgb,treeshap,93,0.8027804670112918,0.027181977078829633,0.7999999999999999
adult,hgb,treeshap,94,0.9899948072641427,0.0016065054068572504,0.9199999999999999
adult,hgb,treeshap,95,0.9977287866463487,0.02655038849631608,1.0
adult,hgb,treeshap,96,0.9434837269334915,0.02788102003723192,0.86
adult,hgb,treeshap,97,0.9939122072644395,0.030595129145945643,0.8799999999999999
adult,hgb,treeshap,98,0.6371429168179128,0.008053063684073103,0.9200000000000002
adult,hgb,treeshap,99,0.9311277899024646,0.033262921109288746,1.0
adult,hgb,treeshap,100,0.6448713567822142,0.005635999898076394,1.0
adult,hgb,treeshap,101,0.9841249735127928,0.02187458131542086,0.9199999999999999
adult,hgb,treeshap,102,0.8582246700589564,0.0169896926751415,0.8400000000000001
adult,hgb,treeshap,103,0.9545831688846503,0.026881079223326054,1.0
adult,hgb,treeshap,104,0.9668406517427248,0.029173817301440308,1.0
adult,hgb,treeshap,105,0.9936597321845155,0.016537557790973656,0.9199999999999999
adult,hgb,treeshap,106,0.7881304522015172,0.025791622332330233,0.8400000000000001
adult,hgb,treeshap,107,0.9808603123022609,0.04733465745448162,0.7999999999999999
adult,hgb,treeshap,108,0.6592330964914517,0.00729915970407391,1.0
adult,hgb,treeshap,109,0.960867769493705,0.01420438407173985,0.9199999999999999
adult,hgb,treeshap,110,0.5631850754447114,0.005407666567014191,0.8799999999999999
adult,hgb,treeshap,111,0.994550196078605,0.00034625007016120257,1.0
adult,hgb,treeshap,112,0.9777297990433155,0.04983235340422798,0.8400000000000001
adult,hgb,treeshap,113,0.9985966065495369,0.0069990282372767165,1.0
adult,hgb,treeshap,114,0.9981607379079861,0.03405865155181542,0.8800000000000001
adult,hgb,treeshap,115,0.7781305231229247,0.009471251587109264,1.0
adult,hgb,treeshap,116,0.869235658015862,0.037855650186384926,0.86
adult,hgb,treeshap,117,0.9220657879395506,0.01208831589222703,0.9200000000000002
adult,hgb,treeshap,118,0.9819910784705425,0.006921024953075894,0.86
adult,hgb,treeshap,119,0.9924734809346122,0.016283931166836574,0.9199999999999999
adult,hgb,treeshap,120,0.9987668868826856,0.008106348830094978,1.0
adult,hgb,treeshap,121,0.9727082389602227,0.03844193472139157,0.7799999999999999
adult,hgb,treeshap,122,0.995024711413747,0.01627613436647035,0.9200000000000002
adult,hgb,treeshap,123,0.6468997720008923,0.0051453313886036245,0.86
adult,hgb,treeshap,124,0.9400637212006646,0.013996769245152918,0.9199999999999999
adult,hgb,treeshap,125,0.9978769543713849,0.049546945862478986,1.0
adult,hgb,treeshap,126,0.74945407680292,0.006026518272423287,0.9199999999999999
adult,hgb,treeshap,127,0.9743913008732056,0.03430901022582966,0.8399999999999999
adult,hgb,treeshap,128,0.9582163832442623,0.031207829181823188,0.9199999999999999
adult,hgb,treeshap,129,0.9936099990379541,0.05079268486422883,0.9199999999999999
adult,hgb,treeshap,130,0.8315296803316847,0.011515801197546138,0.9200000000000002
adult,hgb,treeshap,131,0.8186828202104734,0.017167544156724945,1.0
adult,hgb,treeshap,132,0.9606493461149592,0.03454366211175919,1.0
adult,hgb,treeshap,133,0.9544082581285969,0.019276270847005117,0.9200000000000002
adult,hgb,treeshap,134,0.5636038492587689,0.011846032583915145,0.9199999999999999
adult,hgb,treeshap,135,0.5513576870388615,0.0111703081960558,0.82
adult,hgb,treeshap,136,0.5480380632822366,0.008748779434630927,0.9199999999999999
adult,hgb,treeshap,137,0.5701114130137325,0.009732422367014548,1.0
adult,hgb,treeshap,138,0.9947281491165674,0.0005251203740957999,0.8800000000000001
adult,hgb,treeshap,139,0.9514034374969134,0.02230744179351729,0.86
adult,hgb,treeshap,140,0.9846955282934656,0.016506092427793106,0.9199999999999999
adult,hgb,treeshap,141,0.9832688438911663,0.030386500301248787,0.86
adult,hgb,treeshap,142,0.8586383784578157,0.008704113674600777,0.86
adult,hgb,treeshap,143,0.9235491873111098,0.0738136903139448,0.86
adult,hgb,treeshap,144,0.9889787931084623,0.021793534748194232,1.0
adult,hgb,treeshap,145,0.8021778255518542,0.010966563852294997,0.8799999999999999
adult,hgb,treeshap,146,0.7668608109183519,0.006886620714547931,0.82
adult,hgb,treeshap,147,0.9287538437387663,0.013947879480419645,0.8799999999999999
adult,hgb,treeshap,148,0.9721766084793904,0.002200547862822866,1.0
adult,hgb,treeshap,149,0.5462937392383489,0.0063549768436230725,1.0
adult,hgb,treeshap,150,0.7661945909521782,0.002599489286370771,0.8800000000000001
adult,hgb,treeshap,151,0.9877003807925739,0.025409785905397442,0.9199999999999999
adult,hgb,treeshap,152,0.9985431802197698,0.01705221255417544,0.9199999999999999
adult,hgb,treeshap,153,0.6139114301982748,0.011800578014344643,0.8400000000000001
adult,hgb,treeshap,154,0.8878770573778845,0.00671123957630082,0.8800000000000001
adult,hgb,treeshap,155,0.9799947993148803,0.02913088669234798,0.8800000000000001
adult,hgb,treeshap,156,0.9569301467810201,0.024005765670244705,0.8800000000000001
adult,hgb,treeshap,157,0.9959982839721052,0.02438826983347897,0.9200000000000002
adult,hgb,treeshap,158,0.9915621655362251,0.01989020990601953,0.7799999999999999
adult,hgb,treeshap,159,0.998061342986848,0.04370435716040788,1.0
adult,hgb,treeshap,160,0.5926067556772915,0.00672676831910568,0.8399999999999999
adult,hgb,treeshap,161,0.6364773522318464,0.007788060433718491,1.0
adult,hgb,treeshap,162,0.876615746508208,0.032920059040746685,0.8800000000000001
adult,hgb,treeshap,163,0.6699578867033104,0.017071579626891542,0.86
adult,hgb,treeshap,164,0.9764466515597527,0.020456487357520814,1.0
adult,hgb,treeshap,165,0.9564440162109824,0.04051003970636502,0.8799999999999999
adult,hgb,treeshap,166,0.987657061624715,0.008004553588209395,1.0
adult,hgb,treeshap,167,0.7803553858493791,0.013877674520572869,1.0
adult,hgb,treeshap,168,0.9158309200869439,0.014008443866430631,0.9199999999999999
adult,hgb,treeshap,169,0.5325230738694666,0.00474814104261545,1.0
adult,hgb,treeshap,170,0.9911694046474896,0.024645304067207663,1.0
adult,hgb,treeshap,171,0.608571971018381,0.017162387375339372,0.7999999999999999
adult,hgb,treeshap,172,0.5352065466603284,0.01011371095990532,0.7599999999999999
adult,hgb,treeshap,173,0.9943211819858796,0.025505319227958956,0.86
adult,hgb,treeshap,174,0.581245296329986,0.017207558878941653,0.86
adult,hgb,treeshap,175,0.534798184928191,0.009065741544752592,0.9199999999999999
adult,hgb,treeshap,176,0.703308441090894,0.011534060168424842,1.0
adult,hgb,treeshap,177,0.9910299528338907,0.08380322762009951,0.9199999999999999
adult,hgb,treeshap,178,0.9985577542794932,0.014131491833879961,0.9199999999999999
adult,hgb,treeshap,179,0.8516757375965522,0.027082070296312266,0.8800000000000001
adult,hgb,treeshap,180,0.9171753280938881,0.020667977671838145,0.8
adult,hgb,treeshap,181,0.9885987615224275,0.0027872459836437713,0.86
adult,hgb,treeshap,182,0.5753491608373531,0.005890841750203379,0.8799999999999999
adult,hgb,treeshap,183,0.9870121496732167,0.008608275408813038,0.7999999999999999
adult,hgb,treeshap,184,0.7277383707383064,0.007166936061645979,0.8800000000000001
adult,hgb,treeshap,185,0.9759366153554458,0.03013819525585737,0.8399999999999999
adult,hgb,treeshap,186,0.5852557470677595,0.0063178150380448495,0.86
adult,hgb,treeshap,187,0.6352095381279931,0.00891132934364669,0.9199999999999999
adult,hgb,treeshap,188,0.9491322064889157,0.008069437582745254,0.8399999999999999
adult,hgb,treeshap,189,0.9820747981909334,0.009018812797818798,0.9199999999999999
adult,hgb,treeshap,190,0.9616711447793657,0.039101843699520855,0.86
adult,hgb,treeshap,191,0.7995548468501874,0.007605282459281604,1.0
adult,hgb,treeshap,192,0.9878867110593449,0.01645314500303352,0.82
adult,hgb,treeshap,193,0.9697683462640407,0.020253367262000332,1.0
adult,hgb,treeshap,194,0.9798765321395594,0.03889232998303549,0.86
adult,hgb,treeshap,195,0.9975571670942346,0.012859276999933278,0.8400000000000001
adult,hgb,treeshap,196,0.7644313758714224,0.016532329827677827,0.8800000000000001
adult,hgb,treeshap,197,0.9758117044643395,0.01750665804664453,0.8400000000000001
adult,hgb,treeshap,198,0.9211316455563819,0.09624404342235027,0.8799999999999999
adult,hgb,treeshap,199,0.9600438011011487,0.006637696195397114,0.8399999999999999
adult,hgb,treeshap,200,0.5286876309306461,0.005940470540492626,0.9199999999999999
adult,hgb,treeshap,201,0.6936434056911478,0.004297449032541145,0.9199999999999999
adult,hgb,treeshap,202,0.8028245161201385,0.02052843461295384,1.0
adult,hgb,treeshap,203,0.9763789504507882,0.001970677312101543,1.0
adult,hgb,treeshap,204,0.8868826312504112,0.034344416825526025,0.7999999999999999
adult,hgb,treeshap,205,0.9708587432866347,0.04288327066590103,0.9199999999999999
adult,hgb,treeshap,206,0.5526978718589396,0.015109390646878884,0.8
adult,hgb,treeshap,207,0.9951911874821275,0.0008749518962686276,0.8800000000000001
adult,hgb,treeshap,208,0.9099025791770792,0.03078630225900114,0.8800000000000001
adult,hgb,treeshap,209,0.9813233356822127,0.023928368965847824,0.86
adult,hgb,treeshap,210,0.9843566119585525,0.011570542684718355,0.86
adult,hgb,treeshap,211,0.7976844024654401,0.014741842210759915,1.0
adult,hgb,treeshap,212,0.904827956571785,0.027109541626755607,0.7799999999999999
adult,hgb,treeshap,213,0.9752905663167859,0.03331660146609161,0.82
adult,hgb,treeshap,214,0.982261874577039,0.010882045710933097,0.86
adult,hgb,treeshap,215,0.7589851129662213,0.021561729603352453,0.86
adult,hgb,treeshap,216,0.9268329381204559,0.08000582256040245,0.82
adult,hgb,treeshap,217,0.6281003492059737,0.003939904894875723,1.0
adult,hgb,treeshap,218,0.9796034555583333,0.054532328679776754,0.9199999999999999
adult,hgb,treeshap,219,0.9771471263664797,0.01105200200932277,1.0
adult,hgb,treeshap,220,0.9738737526121074,0.05319081685446103,0.82
adult,hgb,treeshap,221,0.9357313679736775,0.010639794043696527,1.0
adult,hgb,treeshap,222,0.9748522150713248,0.057110800514931226,0.86
adult,hgb,treeshap,223,0.6287632294245696,0.016038106468693414,0.9200000000000002
adult,hgb,treeshap,224,0.6568960047966443,0.022150805350862113,0.9199999999999999
adult,hgb,treeshap,225,0.80027828033391,0.0041023416820431535,0.7999999999999999
adult,hgb,treeshap,226,0.992906386239321,0.023389703530721895,0.9200000000000002
adult,hgb,treeshap,227,0.9284405036020044,0.011831037837067293,1.0
adult,hgb,treeshap,228,0.9946809290415025,0.00037731249629913144,1.0
adult,hgb,treeshap,229,0.939970089590045,0.03733504900607154,1.0
adult,hgb,treeshap,230,0.9787604230670276,0.016757598813095465,0.86
adult,hgb,treeshap,231,0.7111557946096276,0.009396288564394673,0.9199999999999999
adult,hgb,treeshap,232,0.8363190477444796,0.005315827544688623,1.0
adult,hgb,treeshap,233,0.9748845976555722,0.015172046908234704,0.8800000000000001
adult,hgb,treeshap,234,0.591484924501457,0.011267055954931715,0.86
adult,hgb,treeshap,235,0.7143092120828227,0.013879252990851798,0.86
adult,hgb,treeshap,236,0.8731592458194937,0.005841477883073987,0.82
adult,hgb,treeshap,237,0.7516127083451332,0.021962563173124616,1.0
adult,hgb,treeshap,238,0.9892775775831485,0.015686513299042915,0.9200000000000002
adult,hgb,treeshap,239,0.9878367106747072,0.07458718502490513,0.7399999999999999
adult,hgb,treeshap,240,0.9881455529846322,0.01080651898694085,1.0
adult,hgb,treeshap,241,0.567922573537498,0.0256538078469708,0.7999999999999999
adult,hgb,treeshap,242,0.9661032216727918,0.00276316492715889,0.82
adult,hgb,treeshap,243,0.9324989188039583,0.02038783054892368,0.74
adult,hgb,treeshap,244,0.992916925319399,0.020319840042939186,1.0
adult,hgb,treeshap,245,0.99331806310066,0.03187507711829629,0.78
adult,hgb,treeshap,246,0.9750594438272351,0.013149489965031846,0.9199999999999999
adult,hgb,treeshap,247,0.9330372971069675,0.02241527336678395,0.8400000000000001
adult,hgb,treeshap,248,0.8252983893399225,0.009348853913179744,0.9199999999999999
adult,hgb,treeshap,249,0.6200547478716937,0.019535732051322086,0.8399999999999999
adult,hgb,treeshap,250,0.9853447995511868,0.017406376084576403,0.86
adult,hgb,treeshap,251,0.9830658584816547,0.0010496502084436088,1.0
adult,hgb,treeshap,252,0.981755310601461,0.022726988249692104,0.7199999999999999
adult,hgb,treeshap,253,0.9148146022463599,0.014624250997480437,0.8400000000000001
adult,hgb,treeshap,254,0.950664340653175,0.026390002534194545,1.0
adult,hgb,treeshap,255,0.8560446511224018,0.010876346253487212,0.86
adult,hgb,treeshap,256,0.9943920931644067,0.0004098482500806133,0.9199999999999999
adult,hgb,treeshap,257,0.7607085395797016,0.022793022184745437,0.8799999999999999
adult,hgb,treeshap,258,0.981956821746923,0.0009808955885857173,1.0
adult,hgb,treeshap,259,0.6743984039409725,0.00943723043118716,1.0
adult,hgb,treeshap,260,0.9903580715827148,0.01312266256634087,0.7599999999999999
adult,hgb,treeshap,261,0.6696940351534602,0.016545895108801334,0.9199999999999999
adult,hgb,treeshap,262,0.9918596493113163,0.04865907202467912,0.7999999999999999
adult,hgb,treeshap,263,0.562731565771727,0.015272059871736188,1.0
adult,hgb,treeshap,264,0.5428613104312341,0.006929164250920494,0.86
adult,hgb,treeshap,265,0.9883661387655854,0.02947908315809289,0.9199999999999999
adult,hgb,treeshap,266,0.9891249113105849,0.05866680510030142,0.78
adult,hgb,treeshap,267,0.780470766394685,0.016762767540318357,0.9199999999999999
adult,hgb,treeshap,268,0.6175307978851211,0.01874676271503206,0.8799999999999999
adult,hgb,treeshap,269,0.7230854255260507,0.023990271127917517,0.8400000000000001
adult,hgb,treeshap,270,0.6774289832731479,0.013182226788413742,0.8800000000000001
adult,hgb,treeshap,271,0.6059220504658926,0.005294717107142022,1.0
adult,hgb,treeshap,272,0.98790327555933,0.006371790102555841,0.9200000000000002
adult,hgb,treeshap,273,0.9814672744940914,0.0011524841794157137,0.9199999999999999
adult,hgb,treeshap,274,0.5729885820194947,0.008015999169750487,0.9199999999999999
adult,hgb,treeshap,275,0.965979277720335,0.02892671874990005,1.0
adult,hgb,treeshap,276,0.790132723498026,0.015184171209398523,1.0
adult,hgb,treeshap,277,0.565613320351568,0.009759046382806225,0.86
adult,hgb,treeshap,278,0.9863044431032325,0.05515773302817162,0.9199999999999999
adult,hgb,treeshap,279,0.5831051977556285,0.010048073891336329,0.86
adult,hgb,treeshap,280,0.9891506637282852,0.014602429493955738,0.8400000000000001
adult,hgb,treeshap,281,0.9964633870725317,0.016034923757048403,1.0
adult,hgb,treeshap,282,0.6996746588839239,0.01855470066790088,0.86
adult,hgb,treeshap,283,0.6320937612704413,0.009006910049981776,0.86
adult,hgb,treeshap,284,0.991330553843845,0.025750656269205807,0.7999999999999999
adult,hgb,treeshap,285,0.9362712519612344,0.019478294328913792,0.7199999999999999
adult,hgb,treeshap,286,0.7216681458107331,0.008159114077099572,0.8800000000000001
adult,hgb,treeshap,287,0.9900262737955334,0.011027258097110249,0.9199999999999999
adult,hgb,treeshap,288,0.6143638948592345,0.002241899911929579,1.0
adult,hgb,treeshap,289,0.844326974386042,0.011205966524748256,0.8800000000000001
adult,hgb,treeshap,290,0.7908322197722235,0.006907957966253875,1.0
adult,hgb,treeshap,291,0.9736170038573025,0.023425216528486614,0.86
adult,hgb,treeshap,292,0.954456555413316,0.01635173343068852,0.8400000000000001
adult,hgb,treeshap,293,0.8217405121973267,0.007423951275137064,1.0
adult,hgb,treeshap,294,0.9064746380492972,0.022528795757817965,1.0
adult,hgb,treeshap,295,0.9966572220635804,0.02416248396685705,1.0
adult,hgb,treeshap,296,0.9774587452657352,0.06657725524288105,0.7599999999999999
adult,hgb,treeshap,297,0.9137282334062842,0.03731094825366621,0.8799999999999999
adult,hgb,treeshap,298,0.7454514036088415,0.02435150154030641,1.0
adult,hgb,treeshap,299,0.9868978548579481,0.008271681090292526,1.0
adult,hgb,treeshap,300,0.8340627175874495,0.004087671322514863,1.0
adult,hgb,treeshap,301,0.8956518119663281,0.02512651484889239,1.0
adult,hgb,treeshap,302,0.8210865632603006,0.03177362342366441,0.9199999999999999
adult,hgb,treeshap,303,0.8753297802963462,0.029827265489106525,0.76
adult,hgb,treeshap,304,0.9848433740022167,0.01551217450609954,0.86
adult,hgb,treeshap,305,0.9865072157427054,0.024586827648649168,0.86
adult,hgb,treeshap,306,0.9437259215351379,0.01878964448943632,0.86
adult,hgb,treeshap,307,0.9890726842407103,0.02286570133053234,1.0
adult,hgb,treeshap,308,0.9869094140632777,0.06815332400306029,1.0
adult,hgb,treeshap,309,0.9987160121758538,0.011001151499806072,0.86
adult,hgb,treeshap,310,0.7594913276973287,0.006271655485503347,0.9199999999999999
adult,hgb,treeshap,311,0.9897577816869239,0.026037825524493408,0.9199999999999999
adult,hgb,treeshap,312,0.8202011156542905,0.029250706283071914,0.78
adult,hgb,treeshap,313,0.8418487136442924,0.002378929095952942,1.0
adult,hgb,treeshap,314,0.9642021213934463,0.026979891091990615,0.8800000000000001
adult,hgb,treeshap,315,0.9720734845118214,0.001629962835557719,0.8399999999999999
adult,hgb,treeshap,316,0.9961924356239159,0.03148176971608885,1.0
adult,hgb,treeshap,317,0.9797166421837533,0.010844924827422275,1.0
adult,hgb,treeshap,318,0.5855680214908577,0.0030845550189420035,1.0
adult,hgb,treeshap,319,0.731271695077358,0.024519509610830048,0.9200000000000002
adult,hgb,treeshap,320,0.9966656166078101,0.13498724440035093,0.7599999999999999
adult,hgb,treeshap,321,0.954504862835107,0.024629422851380922,0.9199999999999999
adult,hgb,treeshap,322,0.97715184713731,0.04151980474242545,0.82
adult,hgb,treeshap,323,0.9792757309290222,0.03862292740411477,0.9200000000000002
adult,hgb,treeshap,324,0.9301025111657706,0.0017428745945389235,0.9199999999999999
adult,hgb,treeshap,325,0.9669803894327875,0.061233899378972945,0.8399999999999999
adult,hgb,treeshap,326,0.9306421134352727,0.03813396771645272,0.7999999999999999
adult,hgb,treeshap,327,0.9387756907822326,0.027025667428073774,0.8399999999999999
adult,hgb,treeshap,328,0.7138153413718658,0.016849652790159153,0.8799999999999999
adult,hgb,treeshap,329,0.5698480937795104,0.016218679211823073,0.74
adult,hgb,treeshap,330,0.9856119045957874,0.0470682635354025,0.7399999999999999
adult,hgb,treeshap,331,0.9929435019240206,0.0106099711005887,1.0
adult,hgb,treeshap,332,0.8228719377374617,0.02036677096144557,0.7999999999999999
adult,hgb,treeshap,333,0.7089943809468356,0.008242929365379403,0.9199999999999999
adult,hgb,treeshap,334,0.9850233206584231,0.04773393748176069,0.8800000000000001
adult,hgb,treeshap,335,0.7136983703806765,0.005965401645461221,0.8799999999999999
adult,hgb,treeshap,336,0.6394801251519591,0.005533868977760981,1.0
adult,hgb,treeshap,337,0.9895120626820614,0.020501657251047356,0.82
adult,hgb,treeshap,338,0.7915255150037277,0.012158342184865889,1.0
adult,hgb,treeshap,339,0.5721839300075716,0.0071500722494028945,1.0
adult,hgb,treeshap,340,0.9881426176394367,0.013750493642214145,0.8800000000000001
adult,hgb,treeshap,341,0.9444002043795715,0.06006163159057787,0.8400000000000001
adult,hgb,treeshap,342,0.9681196213974168,0.013070299885455272,0.82
adult,hgb,treeshap,343,0.9390899246599578,0.023559353837963037,0.9199999999999999
adult,hgb,treeshap,344,0.9719632263324458,0.012783922706562145,0.9200000000000002
adult,hgb,treeshap,345,0.7809148666236736,0.0093037062810708,1.0
adult,hgb,treeshap,346,0.8677605446633369,0.02147580286358619,1.0
adult,hgb,treeshap,347,0.9928457328805577,0.0005868176502078493,1.0
adult,hgb,treeshap,348,0.8373872493708696,0.017273780960674,0.8799999999999999
adult,hgb,treeshap,349,0.6776265711410305,0.0097955283245581,0.9199999999999999
adult,hgb,treeshap,350,0.99826416611656,0.009350489413603058,0.8800000000000001
adult,hgb,treeshap,351,0.975807616444183,0.027498930410773448,0.8800000000000001
adult,hgb,treeshap,352,0.5474779546217375,0.0053137893693065985,0.8800000000000001
adult,hgb,treeshap,353,0.9947415259065678,0.0007530159775941403,0.9199999999999999
adult,hgb,treeshap,354,0.9002698747248494,0.0657441746771994,0.86
adult,hgb,treeshap,355,0.622328459813975,0.009134806163117348,0.8800000000000001
adult,hgb,treeshap,356,0.7387322048562778,0.0020152776301143316,1.0
adult,hgb,treeshap,357,0.8050939041948716,0.01975536492674501,0.8400000000000001
adult,hgb,treeshap,358,0.6952919079327795,0.008347266735921899,1.0
adult,hgb,treeshap,359,0.6500402514696295,0.0033631143038655997,1.0
adult,hgb,treeshap,360,0.6780532851157715,0.007034973874699313,0.8400000000000001
adult,hgb,treeshap,361,0.8817820554631803,0.01843556058805418,1.0
adult,hgb,treeshap,362,0.99788332359885,0.009312784066801583,0.74
adult,hgb,treeshap,363,0.9965217118705118,0.018151966429306277,0.8400000000000001
adult,hgb,treeshap,364,0.9987093168178396,0.008164394692033228,0.9200000000000002
adult,hgb,treeshap,365,0.7985913783572371,0.006670304511155356,0.8799999999999999
adult,hgb,treeshap,366,0.6791079306273636,0.022700083524047288,0.9199999999999999
adult,hgb,treeshap,367,0.9850052786459663,0.018652844021062598,0.74
adult,hgb,treeshap,368,0.9743280020058378,0.042777509372667444,1.0
adult,hgb,treeshap,369,0.9795781126270366,0.01886061678669204,0.9199999999999999
adult,hgb,treeshap,370,0.746867246964251,0.007997776657367117,0.9200000000000002
adult,hgb,treeshap,371,0.985781916553331,0.05454839309294446,0.7999999999999999
adult,hgb,treeshap,372,0.812545170239968,0.012985882966388806,0.8799999999999999
adult,hgb,treeshap,373,0.8967637774116499,0.02196106921173835,1.0
adult,hgb,treeshap,374,0.6228270029935029,0.011537473521369135,0.86
adult,hgb,treeshap,375,0.9900272128713121,0.014527447035737828,1.0
adult,hgb,treeshap,376,0.703044505697723,0.007360028969206622,0.7999999999999999
adult,hgb,treeshap,377,0.9436616702896263,0.01497207017216895,0.8800000000000001
adult,hgb,treeshap,378,0.7253324524434361,0.006398328484978455,0.9199999999999999
adult,hgb,treeshap,379,0.9297725783604708,0.002540516596596931,1.0
adult,hgb,treeshap,380,0.7813002132025476,0.00885466294705084,1.0
adult,hgb,treeshap,381,0.9743038121239967,0.13019493760687983,0.7
adult,hgb,treeshap,382,0.9796383678065996,0.0188931831360456,1.0
adult,hgb,treeshap,383,0.9363544554147296,0.18725237279719664,0.7599999999999999
adult,hgb,treeshap,384,0.9631842392543293,0.01919541943901426,0.7999999999999999
adult,hgb,treeshap,385,0.9818177675893205,0.000731889371736627,0.8800000000000001
adult,hgb,treeshap,386,0.7255373839979248,0.008078535683897825,0.8800000000000001
adult,hgb,treeshap,387,0.9884677177096028,0.0006065025844794736,0.9199999999999999
adult,hgb,treeshap,388,0.9921779478435143,0.031182624202164222,0.8400000000000001
adult,hgb,treeshap,389,0.6171749539234372,0.04922831731758526,0.9199999999999999
adult,hgb,treeshap,390,0.71445151835604,0.03165109652842535,0.8
adult,hgb,treeshap,391,0.9939556034016483,0.01768346829356582,0.8800000000000001
adult,hgb,treeshap,392,0.8739987248876029,0.02708443352418133,0.8799999999999999
adult,hgb,treeshap,393,0.9697310175309501,0.03188610829176253,0.7999999999999999
adult,hgb,treeshap,394,0.9813218810983596,0.022071150415567176,0.8800000000000001
adult,hgb,treeshap,395,0.8833551525996339,0.009953379123859185,1.0
adult,hgb,treeshap,396,0.9901219285748863,0.029424782084947254,0.8400000000000001
adult,hgb,treeshap,397,0.9888757492006268,0.02893750808616835,0.82
adult,hgb,treeshap,398,0.9987179742992554,0.011103694971876243,0.86
adult,hgb,treeshap,399,0.6501084072598022,0.00798059864544809,1.0
adult,hgb,treeshap,400,0.995203866770862,0.003840204867917252,1.0
adult,hgb,treeshap,401,0.9863728751471621,0.0221310041430387,0.82
adult,hgb,treeshap,402,0.635703748786492,0.00688290854625162,0.9199999999999999
adult,hgb,treeshap,403,0.9421955158016544,0.01532079862221225,1.0
adult,hgb,treeshap,404,0.9903755960408714,0.01683981037533422,1.0
adult,hgb,treeshap,405,0.7929694738182055,0.011599530607294684,0.86
adult,hgb,treeshap,406,0.6168091746048202,0.046428961456511764,0.72
adult,hgb,treeshap,407,0.8250518410195922,0.01986135886433238,0.9199999999999999
adult,hgb,treeshap,408,0.9820420143977557,0.01970105402523714,1.0
adult,hgb,treeshap,409,0.8017087376591381,0.02468088808201352,0.9200000000000002
adult,hgb,treeshap,410,0.9126651668407341,0.013890306333716018,0.8799999999999999
adult,hgb,treeshap,411,0.9987714857316481,0.007869800470709953,0.8800000000000001
adult,hgb,treeshap,412,0.9700448721729289,0.010148811068932062,1.0
adult,hgb,treeshap,413,0.9699799880740526,0.006486404237671883,0.9199999999999999
adult,hgb,treeshap,414,0.9901734830223508,0.012972582878790773,0.82
adult,hgb,treeshap,415,0.9731560783352042,0.08920495977556053,0.7999999999999999
adult,hgb,treeshap,416,0.9513470298117369,0.011057677307098168,0.9200000000000002
adult,hgb,treeshap,417,0.9966069533439856,0.036863830099135186,1.0
adult,hgb,treeshap,418,0.7871170801209305,0.010981849423157053,1.0
adult,hgb,treeshap,419,0.997923179517086,0.011033188746856437,0.8799999999999999
adult,hgb,treeshap,420,0.9741002453588081,0.013624222722176227,0.7799999999999999
adult,hgb,treeshap,421,0.7644392644834873,0.0049447845737459195,0.9199999999999999
adult,hgb,treeshap,422,0.7775062094439712,0.01706934091485679,0.8400000000000001
adult,hgb,treeshap,423,0.8891075172587252,0.027281201031524538,0.9199999999999999
adult,hgb,treeshap,424,0.9987473366821107,0.012393311400476725,0.9199999999999999
adult,hgb,treeshap,425,0.9766704901039513,0.04370791128448803,0.8800000000000001
adult,hgb,treeshap,426,0.9930441062329278,0.023561026296931464,1.0
adult,hgb,treeshap,427,0.5546817326365374,0.012189755502882482,0.86
adult,hgb,treeshap,428,0.9921180732214834,0.010102384286470922,1.0
adult,hgb,treeshap,429,0.7560113674838006,0.007721497229064456,0.8800000000000001
adult,hgb,treeshap,430,0.9936997331692368,0.019102161839006593,1.0
adult,hgb,treeshap,431,0.9728829100417805,0.003955901652800242,0.9199999999999999
adult,hgb,treeshap,432,0.9914892424923177,0.02551668702485299,0.9199999999999999
adult,hgb,treeshap,433,0.9834108903112533,0.0336075648914711,0.6799999999999999
adult,hgb,treeshap,434,0.8019116410369971,0.007501998930823817,0.9199999999999999
adult,hgb,treeshap,435,0.997102681279005,0.027785778650585735,0.9199999999999999
adult,hgb,treeshap,436,0.993125398363999,0.03465450643988821,1.0
adult,hgb,treeshap,437,0.9609145259543155,0.030855589837543995,0.7599999999999999
adult,hgb,treeshap,438,0.9391432524401434,0.019869558156070832,0.9199999999999999
adult,hgb,treeshap,439,0.7474129697703149,0.015280885346348638,1.0
adult,hgb,treeshap,440,0.645498737204004,0.019643177369675913,0.8800000000000001
adult,hgb,treeshap,441,0.9628648736015852,0.02491701034984506,1.0
adult,hgb,treeshap,442,0.9954958452609949,0.016087277691973156,0.9199999999999999
adult,hgb,treeshap,443,0.9786067357743701,0.009216068907990538,0.7399999999999999
adult,hgb,treeshap,444,0.6555218018101974,0.018922244883531447,0.8800000000000001
adult,hgb,treeshap,445,0.9408464572204259,0.03527963283050306,1.0
adult,hgb,treeshap,446,0.8900186195403788,0.023179666116249664,0.9199999999999999
adult,hgb,treeshap,447,0.8462612840191708,0.033304718996627236,0.8400000000000001
adult,hgb,treeshap,448,0.9634206640009049,0.08712034664697721,1.0
adult,hgb,treeshap,449,0.8167838874783916,0.00450879508002211,1.0
adult,hgb,treeshap,450,0.9644499403788702,0.009020579824548625,0.9199999999999999
adult,hgb,treeshap,451,0.9688057757359134,0.0020641765320542627,1.0
adult,hgb,treeshap,452,0.6651921017868222,0.018039711828191307,0.9199999999999999
adult,hgb,treeshap,453,0.9956890754666821,0.031161860721421908,0.9199999999999999
adult,hgb,treeshap,454,0.960416745272538,0.010377741247546313,1.0
adult,hgb,treeshap,455,0.8735155591474333,0.01464785073534658,0.82
adult,hgb,treeshap,456,0.9596539525316988,0.032764214142535386,0.9200000000000002
adult,hgb,treeshap,457,0.6846102245185028,0.008020799105730725,0.8799999999999999
adult,hgb,treeshap,458,0.6517645175972643,0.0052276600058849265,0.86
adult,hgb,treeshap,459,0.9690604573073877,0.01818758190310843,0.8800000000000001
adult,hgb,treeshap,460,0.9946074642716483,0.024528920768455365,0.9199999999999999
adult,hgb,treeshap,461,0.9928395212633105,0.019921092918999128,1.0
adult,hgb,treeshap,462,0.9987690864233049,0.009890534238632398,0.9199999999999999
adult,hgb,treeshap,463,0.9623837859011675,0.003891294150312641,0.8799999999999999
adult,hgb,treeshap,464,0.9982769397301963,0.0139526828569283,0.8400000000000001
adult,hgb,treeshap,465,0.9987181778283439,0.010386073180315814,1.0
adult,hgb,treeshap,466,0.8989645374498352,0.010190591844935204,0.9199999999999999
adult,hgb,treeshap,467,0.9986794683555063,0.010136120302347451,1.0
adult,hgb,treeshap,468,0.9966027689927082,0.04076144189640396,0.7799999999999999
adult,hgb,treeshap,469,0.9900128761041838,0.018054660182864724,0.76
adult,hgb,treeshap,470,0.9940746571517206,0.03869416331010345,0.9199999999999999
adult,hgb,treeshap,471,0.7420558294094745,0.010542627783946323,0.9200000000000002
adult,hgb,treeshap,472,0.5923888855942294,0.039212388074715276,1.0
adult,hgb,treeshap,473,0.897074799786991,0.010087837390697074,0.8400000000000001
adult,hgb,treeshap,474,0.9986009494191984,0.010386317706138959,0.8399999999999999
adult,hgb,treeshap,475,0.9327761015313876,0.016021967787465008,0.9199999999999999
adult,hgb,treeshap,476,0.9825904930779934,0.014176840223011133,0.6399999999999999
adult,hgb,treeshap,477,0.9715339218121903,0.011692618308034364,0.9199999999999999
adult,hgb,treeshap,478,0.9758845205069016,0.003291649126644147,0.9199999999999999
adult,hgb,treeshap,479,0.9864846935003874,0.017555932202854785,1.0
adult,hgb,treeshap,480,0.9948122212285124,0.020348567552001207,0.82
adult,hgb,treeshap,481,0.991091676324678,0.017631992520463213,0.9200000000000002
adult,hgb,treeshap,482,0.9879513234515527,0.021731564330531583,0.9199999999999999
adult,hgb,treeshap,483,0.9946769538079534,0.0007252232217794807,1.0
adult,hgb,treeshap,484,0.6787899714470432,0.005736378286256061,0.86
adult,hgb,treeshap,485,0.9985077073016193,0.024409206500300762,0.86
adult,hgb,treeshap,486,0.9948852771711728,0.0009199441399276864,0.86
adult,hgb,treeshap,487,0.7580494278977994,0.012495783097233648,1.0
adult,hgb,treeshap,488,0.5796680116954269,0.0066349703947562455,0.8400000000000001
adult,hgb,treeshap,489,0.9846253340516903,0.014375169017235456,0.9199999999999999
adult,hgb,treeshap,490,0.9501853730813714,0.07093079427069005,0.76
adult,hgb,treeshap,491,0.9940927930254411,0.0008732482241844419,0.8400000000000001
adult,hgb,treeshap,492,0.8978171858267918,0.014741392287689892,0.86
adult,hgb,treeshap,493,0.9863374949962408,0.026519209481322803,0.9199999999999999
adult,hgb,treeshap,494,0.993551029643801,0.02611145811067639,0.8400000000000001
adult,hgb,treeshap,495,0.9812624701794291,0.031214484125353104,0.86
adult,hgb,treeshap,496,0.9987630360650768,0.006765842171318148,0.8800000000000001
adult,hgb,treeshap,497,0.9732105505341548,0.002795557274861915,0.9199999999999999
adult,hgb,treeshap,498,0.9174165399552656,0.02454208663609836,1.0
adult,hgb,treeshap,499,0.9709269042433217,0.021537798579078116,0.8400000000000001
adult,hgb,lime,0,0.8425726308559603,0.1950898976026879,0.6399999999999999
adult,hgb,lime,1,0.9964728020618707,0.22707614597173442,0.5999999999999999
adult,hgb,lime,2,0.9816229276819562,0.1267604944066958,0.6199999999999999
adult,hgb,lime,3,0.9790433915134373,0.05037058120058335,0.7199999999999999
adult,hgb,lime,4,0.9974811300550632,0.17399590434856926,0.6199999999999999
adult,hgb,lime,5,0.8812606385909187,0.1480689645755835,0.48
adult,hgb,lime,6,0.9527977899590325,0.21047111956123055,0.6599999999999999
adult,hgb,lime,7,0.7149007112189648,0.2001142130179041,0.6399999999999999
adult,hgb,lime,8,0.7023373528786578,0.08824866603409398,0.58
adult,hgb,lime,9,0.6283814146164884,0.22100546064847904,0.6399999999999999
adult,hgb,lime,10,0.5660656365676198,0.17476929498595994,0.6
adult,hgb,lime,11,0.9983364281182293,0.22094273754866478,0.6199999999999999
adult,hgb,lime,12,0.9778610414391256,0.13099924890240433,0.7199999999999999
adult,hgb,lime,13,0.7227023645359035,0.06398723275089291,0.6399999999999999
adult,hgb,lime,14,0.5790174091421562,0.1689114944087372,0.6799999999999999
adult,hgb,lime,15,0.7698465581080287,0.11569037592813891,0.6199999999999999
adult,hgb,lime,16,0.9855726654630963,0.1407890808093526,0.62
adult,hgb,lime,17,0.9810615481806042,0.1738912864317832,0.5800000000000001
adult,hgb,lime,18,0.9956416088979829,0.13667266886901164,0.5800000000000001
adult,hgb,lime,19,0.998227541770985,0.2593275504064476,0.6199999999999999
adult,hgb,lime,20,0.9800347917223929,0.17030640517833429,0.5000000000000001
adult,hgb,lime,21,0.9883019897809989,0.2261750094560009,0.5799999999999998
adult,hgb,lime,22,0.9774274502356844,0.12946280784122755,0.5999999999999999
adult,hgb,lime,23,0.9831928169865873,0.07848535280664337,0.6199999999999999
adult,hgb,lime,24,0.7187139407030183,0.14495344829952383,0.58
adult,hgb,lime,25,0.99852452415029,0.15687322642994705,0.6
adult,hgb,lime,26,0.8169515378401053,0.12537305873357596,0.5599999999999999
adult,hgb,lime,27,0.7192651823275495,0.18519859422845142,0.56
adult,hgb,lime,28,0.9932556511061474,0.13684807253099973,0.5
adult,hgb,lime,29,0.9927459198922934,0.28438930991189615,0.6399999999999999
adult,hgb,lime,30,0.9656262881045358,0.19722347795195783,0.72
adult,hgb,lime,31,0.9311576096382519,0.21087914931065121,0.6399999999999999
adult,hgb,lime,32,0.9697839220163731,0.11221355496433616,0.74
adult,hgb,lime,33,0.8704782209728362,0.059651550938186526,0.6799999999999999
adult,hgb,lime,34,0.9502392114661526,0.1708450365963765,0.6399999999999999
adult,hgb,lime,35,0.9597613854399425,0.20356097317481625,0.72
adult,hgb,lime,36,0.9616598183591532,0.08574156517595577,0.7399999999999999
adult,hgb,lime,37,0.8105578192535272,0.20415583095668655,0.6799999999999999
adult,hgb,lime,38,0.6932733998888568,0.10201637862870139,0.62
adult,hgb,lime,39,0.8363606929094984,0.18129810465758367,0.5799999999999998
adult,hgb,lime,40,0.6958906703813644,0.178015136344032,0.6
adult,hgb,lime,41,0.9937800718887143,0.22615660518864922,0.5599999999999999
adult,hgb,lime,42,0.652615042118711,0.15218547620919587,0.7999999999999999
adult,hgb,lime,43,0.9866941939303745,0.06202715009521209,0.6199999999999999
adult,hgb,lime,44,0.9806840500770834,0.20484276143828128,0.6
adult,hgb,lime,45,0.9980614111286545,0.1522288647833765,0.6399999999999999
adult,hgb,lime,46,0.989953426316721,0.09259203285762452,0.5399999999999999
adult,hgb,lime,47,0.8643399160089382,0.18215588703806118,0.6199999999999999
adult,hgb,lime,48,0.9461038314359668,0.09552485480419182,0.58
adult,hgb,lime,49,0.7742785155090657,0.18793929793745667,0.7
adult,hgb,lime,50,0.9350941915814339,0.18316025714288364,0.6
adult,hgb,lime,51,0.5829145567060335,0.21585519767802985,0.6199999999999999
adult,hgb,lime,52,0.8495002371143606,0.1381020298824408,0.72
adult,hgb,lime,53,0.8242780328700151,0.061810212830586964,0.6
adult,hgb,lime,54,0.6707764466816126,0.16241426202411036,0.58
adult,hgb,lime,55,0.9193272147996113,0.13378105632539639,0.54
adult,hgb,lime,56,0.6734799624403036,0.16853029000633257,0.58
adult,hgb,lime,57,0.9534558800258063,0.19508382723292583,0.6599999999999999
adult,hgb,lime,58,0.9796239182015839,0.1075461001996929,0.5
adult,hgb,lime,59,0.9985871331858519,0.2574132328744787,0.7
adult,hgb,lime,60,0.9929242491400248,0.18928710011189653,0.6399999999999999
adult,hgb,lime,61,0.9975473735632189,0.22094676801463053,0.6199999999999999
adult,hgb,lime,62,0.5465829074008769,0.13643071132410434,0.6599999999999999
adult,hgb,lime,63,0.9697180597095019,0.061225505723086604,0.64
adult,hgb,lime,64,0.9670226138945012,0.1485091838695377,0.6
adult,hgb,lime,65,0.9855202053248856,0.15022714173040297,0.5399999999999999
adult,hgb,lime,66,0.9918669515939642,0.20257888864001283,0.5800000000000001
adult,hgb,lime,67,0.5557458179707183,0.1903984114099384,0.6799999999999999
adult,hgb,lime,68,0.9980745039471828,0.1325200724724498,0.56
adult,hgb,lime,69,0.880247053139475,0.23184258056206097,0.48
adult,hgb,lime,70,0.9840382084136413,0.1519176720693366,0.54
adult,hgb,lime,71,0.7877686704172503,0.18381107236950034,0.64
adult,hgb,lime,72,0.9688961013308015,0.1370785806777537,0.6799999999999999
adult,hgb,lime,73,0.8173613130652944,0.05889310461159791,0.6799999999999999
adult,hgb,lime,74,0.9420413903449566,0.14220922664607727,0.6599999999999999
adult,hgb,lime,75,0.9954488791127144,0.1301451087546962,0.54
adult,hgb,lime,76,0.9945393178747428,0.11033553722395817,0.6399999999999999
adult,hgb,lime,77,0.7713746081371011,0.16867433124730824,0.72
adult,hgb,lime,78,0.7190775723927422,0.09759559950658903,0.5599999999999999
adult,hgb,lime,79,0.9931586643824367,0.26475755352957964,0.6399999999999999
adult,hgb,lime,80,0.5529592892773876,0.141044644462489,0.6399999999999999
adult,hgb,lime,81,0.9054920528442689,0.16659585058444293,0.6199999999999999
adult,hgb,lime,82,0.995920653922718,0.10832137804755637,0.64
adult,hgb,lime,83,0.9946817578064996,0.06596740172004745,0.6399999999999999
adult,hgb,lime,84,0.9929799812345689,0.1477017908964703,0.72
adult,hgb,lime,85,0.9882060579725159,0.10165439397685228,0.6599999999999999
adult,hgb,lime,86,0.9775352011311089,0.16040042093228202,0.6399999999999999
adult,hgb,lime,87,0.9828693326552174,0.19798110306326477,0.6599999999999999
adult,hgb,lime,88,0.7449206090472069,0.11054162131021816,0.7999999999999999
adult,hgb,lime,89,0.7494277265434063,0.2531903673935868,0.5199999999999999
adult,hgb,lime,90,0.9947160469218181,0.1654243814359745,0.64
adult,hgb,lime,91,0.8160840851242472,0.15731668550364797,0.6599999999999999
adult,hgb,lime,92,0.986758256044203,0.10622707001772924,0.6399999999999999
adult,hgb,lime,93,0.8027804670112918,0.06863062813272758,0.6599999999999999
adult,hgb,lime,94,0.9899948072641427,0.17330469763055112,0.6599999999999999
adult,hgb,lime,95,0.9977287866463487,0.14499384500557932,0.6
adult,hgb,lime,96,0.9434837269334915,0.10953416348036227,0.6
adult,hgb,lime,97,0.9939122072644395,0.1850099627071602,0.6399999999999999
adult,hgb,lime,98,0.6371429168179128,0.10727021554528915,0.6399999999999999
adult,hgb,lime,99,0.9311277899024646,0.26336493996203925,0.5599999999999998
adult,mlp,ig,0,0.8508611666008961,0.05248504358669326,0.8400000000000001
adult,mlp,ig,1,0.9987380176147207,0.013585986725101917,0.86
adult,mlp,ig,2,0.9995251967213937,0.02917994921545297,0.9199999999999999
adult,mlp,ig,3,0.8862991513003966,0.01725484786671494,0.86
adult,mlp,ig,4,0.9990805954957853,0.020399418481874987,1.0
adult,mlp,ig,5,0.8808628725256981,0.04188051715425689,0.74
adult,mlp,ig,6,0.9264430797853942,0.09140196209377527,0.7199999999999999
adult,mlp,ig,7,0.664373086025005,0.05795443550024493,0.9199999999999999
adult,mlp,ig,8,0.790850978183288,0.08475218851072697,0.8399999999999999
adult,mlp,ig,9,0.5851905083328888,0.11447634598475775,0.7999999999999999
adult,mlp,ig,10,0.6527368284733227,0.14854973200832755,0.7
adult,mlp,ig,11,0.9999904705098164,0.026647624074944032,1.0
adult,mlp,ig,12,0.9471039764856248,0.07421390651182413,0.8400000000000001
adult,mlp,ig,13,0.7903426113736978,0.05591250968726147,0.72
adult,mlp,ig,14,0.5526358785968521,0.0661130901480742,0.8800000000000001
adult,mlp,ig,15,0.7926127141958073,0.041596421594803146,0.7799999999999999
adult,mlp,ig,16,0.9998544369481686,0.028985223755629397,0.7599999999999999
adult,mlp,ig,17,0.9967728290509502,0.05385114445793848,0.86
adult,mlp,ig,18,0.9994119738216364,0.027832605136696942,1.0
adult,mlp,ig,19,0.9987494940796301,0.02914772011608946,0.8799999999999999
adult,mlp,ig,20,0.9967191183641532,0.06556576093710154,0.7599999999999999
adult,mlp,ig,21,0.9964804803469273,0.020040552411276336,0.9199999999999999
adult,mlp,ig,22,0.9970692962149021,0.02120392449566777,0.9200000000000002
adult,mlp,ig,23,0.9923859993888593,0.01708022942847154,0.7999999999999999
adult,mlp,ig,24,0.7517949380532186,0.0715279149026744,0.7399999999999999
adult,mlp,ig,25,0.9997986104591836,0.018174677277205453,0.7999999999999999
adult,mlp,ig,26,0.8401258469726857,0.0594956664543016,0.8399999999999999
adult,mlp,ig,27,0.6936780914172194,0.07304223921193065,0.7999999999999999
adult,mlp,ig,28,0.9987028485817714,0.06771606902001215,0.86
adult,mlp,ig,29,0.9985993027895173,0.019025591969944244,1.0
adult,mlp,ig,30,0.830286305290646,0.031903070951330825,0.8400000000000001
adult,mlp,ig,31,0.9742195830410637,0.0311452354542896,1.0
adult,mlp,ig,32,0.9474946639987174,0.07904016342186748,0.7799999999999999
adult,mlp,ig,33,0.6008280366252488,0.02817372353169567,0.9199999999999999
adult,mlp,ig,34,0.9920762762735024,0.02524136456067594,0.9199999999999999
adult,mlp,ig,35,0.9788441675498027,0.04420816560611929,0.8399999999999999
adult,mlp,ig,36,0.9953392174802357,0.03441318203480248,0.8400000000000001
adult,mlp,ig,37,0.810339224056402,0.06592654456657454,0.7999999999999999
adult,mlp,ig,38,0.6878670477488662,0.0711298569615233,0.7799999999999999
adult,mlp,ig,39,0.8442388713355056,0.10223654823258155,0.7599999999999999
adult,mlp,ig,40,0.70582999425529,0.06133062176084114,0.72
adult,mlp,ig,41,0.9957434932187148,0.023521152552564373,0.9200000000000002
adult,mlp,ig,42,0.6515060059845047,0.04107322648542289,0.8400000000000001
adult,mlp,ig,43,0.9969526655247849,0.06923816504644997,0.86
adult,mlp,ig,44,0.9892440384992065,0.03707040527546701,1.0
adult,mlp,ig,45,0.9958286583179813,0.038989261296408784,0.8399999999999999
adult,mlp,ig,46,0.9981330760079299,0.05816569729477927,0.9199999999999999
adult,mlp,ig,47,0.8664336342038437,0.048819751348519014,0.86
adult,mlp,ig,48,0.8835615816381083,0.11479618615119969,0.6799999999999999
adult,mlp,ig,49,0.8248388866766463,0.1155947120159988,0.82
adult,mlp,ig,50,0.7510869543047269,0.07118500673781225,0.76
adult,mlp,ig,51,0.6605644212373132,0.024463864418340586,0.72
adult,mlp,ig,52,0.696097610088126,0.07769662847926373,0.8400000000000001
adult,mlp,ig,53,0.9187745768785923,0.13217006626857253,0.7999999999999999
adult,mlp,ig,54,0.7233697709549977,0.05737695843319768,0.74
adult,mlp,ig,55,0.9351679311418666,0.03660244589843453,0.86
adult,mlp,ig,56,0.6712372599709925,0.04192994656743232,0.7599999999999999
adult,mlp,ig,57,0.9175223726766595,0.0463737043775021,0.86
adult,mlp,ig,58,0.995899349350166,0.05183537006412098,0.8399999999999999
adult,mlp,ig,59,0.9999346185243644,0.03291236730399272,0.7999999999999999
adult,mlp,ig,60,0.9993572345397659,0.025153208388510206,1.0
adult,mlp,ig,61,0.9999897713937893,0.027600430538798015,1.0
adult,mlp,ig,62,0.5447628682894681,0.050144523776287975,1.0
adult,mlp,ig,63,0.9821767812786076,0.05092324087421629,1.0
adult,mlp,ig,64,0.9534118496158885,0.16121878781260113,0.76
adult,mlp,ig,65,0.9999999999999881,0.0001852462031664004,0.78
adult,mlp,ig,66,0.9936056962748223,0.0046951195018432035,0.8
adult,mlp,ig,67,0.531802159205446,0.09732673410378401,0.8399999999999999
adult,mlp,ig,68,0.9971725093774925,0.022141736802315792,1.0
adult,mlp,ig,69,0.8212066908572737,0.04208701977964924,0.7999999999999999
adult,mlp,ig,70,0.9997917646692127,0.02043885930193723,0.7999999999999999
adult,mlp,ig,71,0.7990098845611897,0.0885515292885618,0.7799999999999999
adult,mlp,ig,72,0.9914090447528494,0.04211938742195309,0.86
adult,mlp,ig,73,0.7972850436627696,0.05301054781052916,0.8400000000000001
adult,mlp,ig,74,0.9185111425640603,0.047307687543514776,0.7999999999999999
adult,mlp,ig,75,0.9971387010023613,0.04969685594502482,0.86
adult,mlp,ig,76,0.9958183773572887,0.006374853875169562,0.8400000000000001
adult,mlp,ig,77,0.804573613363534,0.040685137531962234,0.86
adult,mlp,ig,78,0.6946579354448201,0.44110814525961817,0.7
adult,mlp,ig,79,0.9992643969480834,0.02234309071191254,0.9200000000000002
adult,mlp,ig,80,0.5371688222892722,0.08980749203518834,0.72
adult,mlp,ig,81,0.9407469610248033,0.06084902277365001,0.7999999999999999
adult,mlp,ig,82,0.9972081054071179,0.0203394208274148,0.9200000000000002
adult,mlp,ig,83,0.9986883157542067,0.028981597883992016,0.9199999999999999
adult,mlp,ig,84,0.9984278287769406,0.03591167700453701,0.8800000000000001
adult,mlp,ig,85,0.9724262666861205,0.018128287454594494,1.0
adult,mlp,ig,86,0.9896512828883275,0.04144184512730842,0.9199999999999999
adult,mlp,ig,87,0.9875303770820345,0.039877863761397014,0.86
adult,mlp,ig,88,0.7266447982718734,0.05502252016688003,0.86
adult,mlp,ig,89,0.7370174153223299,0.04809661217266148,0.82
adult,mlp,ig,90,0.99963965059678,0.01834868187897043,1.0
adult,mlp,ig,91,0.7448964124187875,0.10495254868592563,0.7999999999999999
adult,mlp,ig,92,0.950399107219672,0.05055966407759893,0.82
adult,mlp,ig,93,0.8305299161056563,0.23588089465532236,0.74
adult,mlp,ig,94,0.9999999999999956,0.0006538315823853003,0.72
adult,mlp,ig,95,0.9997161108980939,0.029015671807129273,1.0
adult,mlp,ig,96,0.976076366393138,0.08063245174778744,0.8400000000000001
adult,mlp,ig,97,0.9985580531591068,0.019926291085683112,1.0
adult,mlp,ig,98,0.6094637470896855,0.07752663170058371,0.82
adult,mlp,ig,99,0.9493342912445932,0.016731724553323724,0.86
adult,mlp,ig,100,0.5491439349676902,0.022010107805710555,0.8400000000000001
adult,mlp,ig,101,0.9935481513725957,0.06342181927497226,0.8800000000000001
adult,mlp,ig,102,0.9588638310499864,0.1282815035120226,0.7799999999999999
adult,mlp,ig,103,0.9989470346774372,0.023759198603444887,0.9199999999999999
adult,mlp,ig,104,0.9499013591849579,0.07348981163942714,0.86
adult,mlp,ig,105,0.9973369235777831,0.016899954613427637,0.86
adult,mlp,ig,106,0.8766332377969457,0.060135137992973986,0.8399999999999999
adult,mlp,ig,107,0.9912535651073737,0.04125693731063329,0.9199999999999999
adult,mlp,ig,108,0.6639302804977049,0.03683950236643929,0.7799999999999999
adult,mlp,ig,109,0.8314930549374964,0.0300783633325572,0.9199999999999999
adult,mlp,ig,110,0.6251563329426938,0.06739373536136672,0.9200000000000002
adult,mlp,ig,111,0.9907156064432365,0.007592148008683353,0.7599999999999999
adult,mlp,ig,112,0.9919612441681451,0.06878047351881167,0.6799999999999999
adult,mlp,ig,113,0.9998349063333795,0.015708692417601533,0.9200000000000002
adult,mlp,ig,114,0.9999644231544803,0.02211063089947607,0.8799999999999999
adult,mlp,ig,115,0.7511813958061062,0.0708193553648796,0.8799999999999999
adult,mlp,ig,116,0.9247048567209075,0.17778939259442839,0.6000000000000001
adult,mlp,ig,117,0.9187644687873752,0.030958114871037834,0.86
adult,mlp,ig,118,0.994774987268831,0.030632372774763716,0.8799999999999999
adult,mlp,ig,119,0.9978882713541489,0.03351094590096193,0.9199999999999999
adult,mlp,ig,120,0.9999643440594713,0.016108903225201643,1.0
adult,mlp,ig,121,0.9863120636743729,0.07289005792028225,0.86
adult,mlp,ig,122,0.9973705305307912,0.04379006791698303,0.76
adult,mlp,ig,123,0.6729289493334292,0.050433892115283485,0.7999999999999999
adult,mlp,ig,124,0.9608508196295718,0.16242519005966094,0.6799999999999999
adult,mlp,ig,125,0.9989854163369015,0.020147826449808504,1.0
adult,mlp,ig,126,0.7159757001822297,0.047951650513465394,0.86
adult,mlp,ig,127,0.9977966850004771,0.047853550937306144,0.9199999999999999
adult,mlp,ig,128,0.9882926702893975,0.024910807770122667,0.9199999999999999
adult,mlp,ig,129,0.9999567522372033,0.028887055013037455,0.7999999999999999
adult,mlp,ig,130,0.9032109273402644,0.08333593131025707,0.7
adult,mlp,ig,131,0.8167033648893594,0.031356717822344726,0.8400000000000001
adult,mlp,ig,132,0.9771712414630322,0.03687368479478592,0.7999999999999999
adult,mlp,ig,133,0.9445185697750201,0.022623435890696042,0.9199999999999999
adult,mlp,ig,134,0.56194536910803,0.14283295670915186,0.7599999999999999
adult,mlp,ig,135,0.6223623590069169,0.030877281981416815,0.7999999999999999
adult,mlp,ig,136,0.5783738367040849,0.06628496815795759,0.86
adult,mlp,ig,137,0.5491066531229594,0.07836680956555797,0.8400000000000001
adult,mlp,ig,138,0.9987128028595113,0.011098590501664396,0.72
adult,mlp,ig,139,0.9632791770704522,0.05569591497472004,0.86
adult,mlp,ig,140,0.9812974971004333,0.029853213923696442,0.86
adult,mlp,ig,141,0.9958220605844211,0.03778525839927993,0.86
adult,mlp,ig,142,0.8926529669549994,0.03983999379961267,0.86
adult,mlp,ig,143,0.7668164343867028,0.058910832844442984,0.86
adult,mlp,ig,144,0.998525191423199,0.013336655474711856,0.9199999999999999
adult,mlp,ig,145,0.7715587641787126,0.02067478472355755,0.7399999999999999
adult,mlp,ig,146,0.7932376905309578,0.02263588058567545,0.7799999999999999
adult,mlp,ig,147,0.9033546517103248,0.04120974064973293,0.72
adult,mlp,ig,148,0.9383644959108771,0.026351561525058242,1.0
adult,mlp,ig,149,0.5433867868704957,0.07922885101268784,0.7799999999999999
adult,mlp,ig,150,0.7702535900123789,0.04821472096368851,0.7799999999999999
adult,mlp,ig,151,0.9993909439665938,0.01377289762836309,1.0
adult,mlp,ig,152,0.9999699799490444,0.026465186236847238,0.9199999999999999
adult,mlp,ig,153,0.6412407559396895,0.11643934604581285,0.6799999999999999
adult,mlp,ig,154,0.9430024065945215,0.1281571659439097,0.76
adult,mlp,ig,155,0.9930076071077354,0.024832955998428496,0.9199999999999999
adult,mlp,ig,156,0.9804134673372212,0.06078782612576794,0.9199999999999999
adult,mlp,ig,157,0.9995156250654865,0.031557048953552935,0.9199999999999999
adult,mlp,ig,158,0.9988425344931633,0.03041121916182221,0.86
adult,mlp,ig,159,0.9999712062554533,0.013019181949397107,1.0
adult,mlp,ig,160,0.6246102669324409,0.08329635656817391,0.72
adult,mlp,ig,161,0.550734771764544,0.03683625344002195,0.86
adult,mlp,ig,162,0.9188354861527619,0.028205375847056624,1.0
adult,mlp,ig,163,0.7165829757229479,0.16500831353334688,0.7
adult,mlp,ig,164,0.9846162378838924,0.022189114960865508,0.8800000000000001
adult,mlp,ig,165,0.9499744155911355,0.1664285009248776,0.6399999999999999
adult,mlp,ig,166,0.9684712961565255,0.022958378804959878,0.9199999999999999
adult,mlp,ig,167,0.8093258905899907,0.07581605368899047,0.9199999999999999
adult,mlp,ig,168,0.6496016858386756,0.029529977828332,0.9199999999999999
adult,mlp,ig,169,0.5393560600891577,0.07812628513192732,0.7399999999999999
adult,mlp,ig,170,0.9985245528160892,0.06272271364161619,0.9199999999999999
adult,mlp,ig,171,0.7253001557194689,0.057015699042172074,0.86
adult,mlp,ig,172,0.5325796606554011,0.035440249821255376,1.0
adult,mlp,ig,173,0.9992449768950292,0.03696091138102542,0.9199999999999999
adult,mlp,ig,174,0.5363706543677903,0.06724955788947062,0.9199999999999999
adult,mlp,ig,175,0.5405236782462333,0.08919956605345403,0.74
adult,mlp,ig,176,0.6271426609416249,0.15172854462452123,0.6799999999999999
adult,mlp,ig,177,0.999941503782947,0.04536362532190785,0.82
adult,mlp,ig,178,0.9996621978559755,0.01617352597899957,0.82
adult,mlp,ig,179,0.861780873278352,0.030287543961689423,0.86
adult,mlp,ig,180,0.8973784687163736,0.08406701603946387,0.9199999999999999
adult,mlp,ig,181,0.9951333223994817,0.032935322628792285,0.9199999999999999
adult,mlp,ig,182,0.6599952054160964,0.05207356943451624,0.9200000000000002
adult,mlp,ig,183,0.9216934911053192,0.03253461062204044,0.76
adult,mlp,ig,184,0.7547009180165164,0.03628914583719545,0.9200000000000002
adult,mlp,ig,185,0.9697944006268807,0.05626027549789436,0.7999999999999999
adult,mlp,ig,186,0.5537019019474376,0.054065834788169176,0.8800000000000001
adult,mlp,ig,187,0.6388140810450282,0.05753094546822024,0.8400000000000001
adult,mlp,ig,188,0.973890149135609,0.06234949636162024,0.8399999999999999
adult,mlp,ig,189,0.9921042857333914,0.019511532263690512,0.9199999999999999
adult,mlp,ig,190,0.9672386173609032,0.1795004851462284,0.6599999999999999
adult,mlp,ig,191,0.8414573006153786,0.05430602447780897,0.8400000000000001
adult,mlp,ig,192,0.9931711647748415,0.04693663644960766,0.9199999999999999
adult,mlp,ig,193,0.9954560060261158,0.0566401543855497,0.9199999999999999
adult,mlp,ig,194,0.9964800028900479,0.019123765196570774,1.0
adult,mlp,ig,195,0.9989385415942416,0.023068693370558058,0.8799999999999999
adult,mlp,ig,196,0.9287100723748803,0.07099232474456263,0.8399999999999999
adult,mlp,ig,197,0.9843583980676744,0.06109668219629649,0.8400000000000001
adult,mlp,ig,198,0.9882709775405992,0.06790977936385012,0.66
adult,mlp,ig,199,0.9491068635340717,0.0510009417684939,0.8800000000000001
adult,mlp,ig,200,0.5256758034522728,0.10516060433199892,0.8800000000000001
adult,mlp,ig,201,0.7082354009516283,0.07886269922741962,0.7000000000000001
adult,mlp,ig,202,0.8348877777388248,0.053783999668226556,0.7999999999999999
adult,mlp,ig,203,0.9209883657195157,0.035670007933958914,1.0
adult,mlp,ig,204,0.8542786887636259,0.04208664978580834,0.7
adult,mlp,ig,205,0.993200913994416,0.04695456005492249,0.86
adult,mlp,ig,206,0.5229664663861593,0.06306584808184967,1.0
adult,mlp,ig,207,0.9999999999999997,0.0003283203673213331,0.8799999999999999
adult,mlp,ig,208,0.9836304816071364,0.028091137018219192,1.0
adult,mlp,ig,209,0.9915208517728742,0.04876655538976549,0.7999999999999999
adult,mlp,ig,210,0.9920025847903402,0.04541847747588501,0.86
adult,mlp,ig,211,0.5759674804469073,0.04514408193260111,0.7999999999999999
adult,mlp,ig,212,0.6181468636628162,0.11772298243330392,0.7999999999999999
adult,mlp,ig,213,0.9870421806492959,0.08767617655257953,0.7999999999999999
adult,mlp,ig,214,0.9973666551239869,0.02617480079413892,0.9200000000000002
adult,mlp,ig,215,0.9335589666745843,0.06704917329453774,0.72
adult,mlp,ig,216,0.6335439395347,0.029755448467560397,0.9200000000000002
adult,mlp,ig,217,0.6455981811434629,0.026431425365990635,0.8799999999999999
adult,mlp,ig,218,0.9860002324849286,0.02031715832738601,0.8799999999999999
adult,mlp,ig,219,0.9844463525866919,0.0342169828705563,0.8400000000000001
adult,mlp,ig,220,0.9990750778659627,0.032552479058428396,0.8799999999999999
adult,mlp,ig,221,0.7465888683537765,0.03002870734180474,0.82
adult,mlp,ig,222,0.9718680195288345,0.18470584005989443,0.7
adult,mlp,ig,223,0.5765406168055646,0.10066381991948481,0.8400000000000001
adult,mlp,ig,224,0.5889252370103822,0.057042094680233135,0.86
adult,mlp,ig,225,0.8656926929563493,0.04887738827714916,0.9199999999999999
adult,mlp,ig,226,0.9989628935371618,0.013987831644775794,1.0
adult,mlp,ig,227,0.9538347046937409,0.06025066640015686,0.8400000000000001
adult,mlp,ig,228,0.9962569458219835,0.005952483702456157,0.7999999999999999
adult,mlp,ig,229,0.954738860237905,0.07086071730773202,0.86
adult,mlp,ig,230,0.9885269885331903,0.04672611502965085,1.0
adult,mlp,ig,231,0.733960697628297,0.1378564047378541,0.7999999999999999
adult,mlp,ig,232,0.7286671787270815,0.09973280323538058,0.7999999999999999
adult,mlp,ig,233,0.9802188392678035,0.031145965188533076,1.0
adult,mlp,ig,234,0.6316451084929925,0.06135947347052484,0.86
adult,mlp,ig,235,0.5637529686962269,0.09626011356856079,0.6999999999999998
adult,mlp,ig,236,0.8746382816779199,0.015170329883885336,0.9199999999999999
adult,mlp,ig,237,0.7703780738924438,0.11107160879288769,0.7199999999999999
adult,mlp,ig,238,0.9962400012052047,0.03387015575820895,0.8800000000000001
adult,mlp,ig,239,0.9991821308711171,0.05033031714581804,0.7999999999999999
adult,mlp,ig,240,0.9708650425877547,0.017117091469198598,1.0
adult,mlp,ig,241,0.590955308267153,0.1105795949580839,0.8799999999999999
adult,mlp,ig,242,0.6910778132018219,0.05397241220577231,0.8399999999999999
adult,mlp,ig,243,0.9055087584833746,0.14242815487616323,0.68
adult,mlp,ig,244,0.9991457892820709,0.0424253736099498,0.9199999999999999
adult,mlp,ig,245,0.9985019923663737,0.022740422274492245,1.0
adult,mlp,ig,246,0.9950155807922206,0.06267794211568167,0.7999999999999999
adult,mlp,ig,247,0.9247752058572409,0.07284145272395437,0.82
adult,mlp,ig,248,0.8379251640596976,0.04023502561798353,0.86
adult,mlp,ig,249,0.7738452443045567,0.046907658524913076,0.8800000000000001
adult,mlp,ig,250,0.9956177892434553,0.019574336000921733,0.9200000000000002
adult,mlp,ig,251,0.7923740098714963,0.014064003726915963,0.72
adult,mlp,ig,252,0.9963166920970622,0.09849690715126314,0.76
adult,mlp,ig,253,0.8575930724487909,0.11606979726060374,0.7999999999999999
adult,mlp,ig,254,0.9619351446772555,0.04031976782483837,0.9199999999999999
adult,mlp,ig,255,0.8558942704949878,0.02403236305083678,0.9199999999999999
adult,mlp,ig,256,0.9939137842605061,0.009221091984695784,0.72
adult,mlp,ig,257,0.7318514311042046,0.026659376857304684,0.9200000000000002
adult,mlp,ig,258,0.8312823057754326,0.023691741945359723,0.86
adult,mlp,ig,259,0.7384409147307596,0.06742124685513207,0.9199999999999999
adult,mlp,ig,260,0.9975230785960907,0.03249862485180299,0.7199999999999999
adult,mlp,ig,261,0.6118547818392777,0.04444669874474694,0.82
adult,mlp,ig,262,0.9988002378733318,0.06504641996584204,0.8400000000000001
adult,mlp,ig,263,0.6223454322429955,0.06026547461612353,0.86
adult,mlp,ig,264,0.5416846797064363,0.08646462825882517,0.72
adult,mlp,ig,265,0.9997665055084275,0.061179990574255605,0.86
adult,mlp,ig,266,0.9998713801682836,0.02413268516957745,0.8400000000000001
adult,mlp,ig,267,0.9073186292527305,0.042734650441018096,0.7999999999999999
adult,mlp,ig,268,0.8796539642362337,0.06200554393456292,0.8
adult,mlp,ig,269,0.6097380057363159,0.17323543037797684,0.7399999999999999
adult,mlp,ig,270,0.8481268663229802,0.03826193400584332,1.0
adult,mlp,ig,271,0.5943130339229684,0.028950408286964047,1.0
adult,mlp,ig,272,0.938943752745719,0.01992058693367582,0.9199999999999999
adult,mlp,ig,273,0.8026205563244865,0.016848977194594772,0.8
adult,mlp,ig,274,0.5474437844172437,0.055760348674354865,0.9199999999999999
adult,mlp,ig,275,0.9685124426123188,0.08991458418399412,0.9199999999999999
adult,mlp,ig,276,0.8689658375491411,0.05898101319988813,0.8
adult,mlp,ig,277,0.5590536388037414,0.06694811936600087,0.9199999999999999
adult,mlp,ig,278,0.9999404653584252,0.011698550998160195,0.86
adult,mlp,ig,279,0.5707286890237768,0.06384709390537202,0.7799999999999999
adult,mlp,ig,280,0.979627414814041,0.04372498649890488,0.9199999999999999
adult,mlp,ig,281,0.9990489488154118,0.021091904524873306,0.8400000000000001
adult,mlp,ig,282,0.7493507903609539,0.05207465859077054,0.82
adult,mlp,ig,283,0.6592557297157822,0.043456890615389154,0.8400000000000001
adult,mlp,ig,284,0.9995666932014,0.03460724162402218,0.9199999999999999
adult,mlp,ig,285,0.97052457014673,0.058457828942572676,1.0
adult,mlp,ig,286,0.7749706197916826,0.04309329191032085,0.9199999999999999
adult,mlp,ig,287,0.9956201140031169,0.0210255956610782,0.9199999999999999
adult,mlp,ig,288,0.688824273963132,0.07492460956337266,0.8400000000000001
adult,mlp,ig,289,0.7797968745861903,0.04092215264039045,0.7
adult,mlp,ig,290,0.7748259498149889,0.0687139434560009,0.9199999999999999
adult,mlp,ig,291,0.9860351688360163,0.04800101177321758,0.7599999999999999
adult,mlp,ig,292,0.886236703825244,0.044574629232186025,0.7799999999999999
adult,mlp,ig,293,0.8021097115988113,0.06357081295439748,0.76
adult,mlp,ig,294,0.9254536608822053,0.028553810579508676,0.8800000000000001
adult,mlp,ig,295,0.9999379779720294,0.01573074071855418,1.0
adult,mlp,ig,296,0.9791244333410436,0.20890057675024887,0.6799999999999998
adult,mlp,ig,297,0.9398587427000831,0.06949783376645846,0.86
adult,mlp,ig,298,0.8309929015228794,0.010700586132664669,0.8
adult,mlp,ig,299,0.9441389724681256,0.015535847470419917,0.82
adult,mlp,ig,300,0.7595909667045649,0.05438864005630817,0.86
adult,mlp,ig,301,0.8632681200569177,0.08733084395875268,0.7599999999999999
adult,mlp,ig,302,0.9035796126314792,0.056085185126710235,0.8400000000000001
adult,mlp,ig,303,0.5913102848484585,0.04458006968587025,0.86
adult,mlp,ig,304,0.9930722082927008,0.02187202592088633,0.8800000000000001
adult,mlp,ig,305,0.9935048187869215,0.022027430561875838,0.9200000000000002
adult,mlp,ig,306,0.9409803039084336,0.06300921782554203,1.0
adult,mlp,ig,307,0.9972658796672059,0.01761228029316997,0.8800000000000001
adult,mlp,ig,308,0.9999134424692461,0.019437258465263896,0.86
adult,mlp,ig,309,0.9999905969428973,0.029479958546619778,0.8399999999999999
adult,mlp,ig,310,0.7920170778288094,0.047049881496337376,0.9200000000000002
adult,mlp,ig,311,0.9909802609742387,0.009134161411861741,0.8800000000000001
adult,mlp,ig,312,0.8387450142417592,0.03514513242334316,0.8800000000000001
adult,mlp,ig,313,0.8412235642186001,0.09820288450625692,0.7999999999999999
adult,mlp,ig,314,0.9882077470683568,0.03248930234119596,1.0
adult,mlp,ig,315,0.9982089095880695,0.005651043343864126,0.82
adult,mlp,ig,316,0.9995829582603193,0.021209535324713036,0.9199999999999999
adult,mlp,ig,317,0.9471471019643966,0.03984574971421284,0.7599999999999999
adult,mlp,ig,318,0.5918186078743766,0.05306353684115239,0.8799999999999999
adult,mlp,ig,319,0.8182816396681926,0.028704643743582836,1.0
adult,mlp,ig,320,0.9999995684532971,0.04174970008838308,0.9200000000000002
adult,mlp,ig,321,0.9916171096145856,0.03497613255200904,0.9200000000000002
adult,mlp,ig,322,0.998277806744081,0.09119772336007659,0.8400000000000001
adult,mlp,ig,323,0.9796485659155417,0.03761967920464071,0.9199999999999999
adult,mlp,ig,324,0.7202635566919576,0.031055340301428758,0.8400000000000001
adult,mlp,ig,325,0.9541160011361356,0.26389146382048634,0.76
adult,mlp,ig,326,0.9687340131983886,0.050217273231436765,0.86
adult,mlp,ig,327,0.9771714997041133,0.026669409861508342,0.9200000000000002
adult,mlp,ig,328,0.6779966660756412,0.03407138235096541,0.86
adult,mlp,ig,329,0.5479131566573489,0.04456915733259503,0.76
adult,mlp,ig,330,0.9951606627740566,0.04941599972754296,0.9200000000000002
adult,mlp,ig,331,0.9975444757187049,0.013262164924308428,0.9199999999999999
adult,mlp,ig,332,0.8577348831599945,0.06491377478579508,0.7399999999999999
adult,mlp,ig,333,0.7583461438047,0.1353317021834689,0.86
adult,mlp,ig,334,0.9965527119732854,0.060140998629190534,0.74
adult,mlp,ig,335,0.7510807636419375,0.06721595858840934,0.7799999999999999
adult,mlp,ig,336,0.7072015772667128,0.11863479174874403,0.7799999999999999
adult,mlp,ig,337,0.998069417129264,0.04638865613262,0.8400000000000001
adult,mlp,ig,338,0.808247244832698,0.047794009548705496,0.86
adult,mlp,ig,339,0.5725919267203258,0.09665052756052006,0.64
adult,mlp,ig,340,0.9898381059636874,0.03169063588317855,0.86
adult,mlp,ig,341,0.9197572679630406,0.05453518194773932,0.9199999999999999
adult,mlp,ig,342,0.7114428258654625,0.07915781804223854,0.72
adult,mlp,ig,343,0.9786000550800006,0.03819387120676543,0.8400000000000001
adult,mlp,ig,344,0.9901668754807329,0.029594708251923896,1.0
adult,mlp,ig,345,0.6825955929194519,0.045567227436364655,0.9199999999999999
adult,mlp,ig,346,0.8554879992688212,0.05628448117198981,0.86
adult,mlp,ig,347,0.9648102700694954,0.007458525798466509,0.8400000000000001
adult,mlp,ig,348,0.8288874347297028,0.09960998194655857,0.74
adult,mlp,ig,349,0.6020843796855722,0.04325136073759628,0.8800000000000001
adult,mlp,ig,350,0.9999414795310713,0.024481231734846176,0.8800000000000001
adult,mlp,ig,351,0.9876738712015449,0.01725206776089383,0.9200000000000002
adult,mlp,ig,352,0.5235622462347093,0.058936041853667964,0.8400000000000001
adult,mlp,ig,353,0.9971708029932514,0.0057460553370216605,0.76
adult,mlp,ig,354,0.8823543605500243,0.07229418068666771,0.82
adult,mlp,ig,355,0.6418346892795371,0.1158024716239916,0.82
adult,mlp,ig,356,0.7936231857562556,0.04206882093852771,0.8400000000000001
adult,mlp,ig,357,0.7319737257707005,0.029237308692633746,1.0
adult,mlp,ig,358,0.6649151232421031,0.058085500870455276,0.8399999999999999
adult,mlp,ig,359,0.5582886314104983,0.06303625959726045,0.8400000000000001
adult,mlp,ig,360,0.741720597338458,0.08581775012373538,0.8400000000000001
adult,mlp,ig,361,0.9130608233830924,0.0691467023004334,1.0
adult,mlp,ig,362,0.9979556849321092,0.0265108044181408,0.86
adult,mlp,ig,363,0.9988610059937827,0.0341535191795469,0.8800000000000001
adult,mlp,ig,364,0.9998408290897732,0.02135725420970025,0.86
adult,mlp,ig,365,0.8803663173256912,0.029581465347982006,0.8399999999999999
adult,mlp,ig,366,0.6173161115524526,0.1189853263020677,0.8800000000000001
adult,mlp,ig,367,0.9892196426784222,0.061400125147980766,1.0
adult,mlp,ig,368,0.9862276419234416,0.0365338624489292,0.8400000000000001
adult,mlp,ig,369,0.9887567817355786,0.03319928626420854,0.8
adult,mlp,ig,370,0.6508428301569511,0.04046112972659466,0.7999999999999999
adult,mlp,ig,371,0.9949850447738589,0.13182418840717036,0.78
adult,mlp,ig,372,0.9441362461640068,0.04031283145604303,0.86
adult,mlp,ig,373,0.8472943433694183,0.047524216984493384,0.7999999999999999
adult,mlp,ig,374,0.6813189280035986,0.08040514855899306,0.7999999999999999
adult,mlp,ig,375,0.9985070312841753,0.05560571842149131,0.82
adult,mlp,ig,376,0.7452741743571949,0.06609218361549574,0.7999999999999999
adult,mlp,ig,377,0.9311922115758234,0.0421598830307206,0.9199999999999999
adult,mlp,ig,378,0.862686346676767,0.020370461850246935,0.9199999999999999
adult,mlp,ig,379,0.6678808176167315,0.04851290806211761,0.7999999999999999
adult,mlp,ig,380,0.814475200454455,0.02613543882914482,0.86
adult,mlp,ig,381,0.9983261702020944,0.028632941352665364,0.9200000000000002
adult,mlp,ig,382,0.9923344813754597,0.02399273880344277,0.86
adult,mlp,ig,383,0.9927692975434088,0.01842999838686199,0.86
adult,mlp,ig,384,0.9931062543539401,0.05223422383866638,0.72
adult,mlp,ig,385,0.9065189174103075,0.015810668735439792,0.9199999999999999
adult,mlp,ig,386,0.7285891266912694,0.10658901536200571,0.8399999999999999
adult,mlp,ig,387,0.8538356484596209,0.005808674282921644,0.7799999999999999
adult,mlp,ig,388,0.9995625554862351,0.03191793083090455,0.9199999999999999
adult,mlp,ig,389,0.8524018497296687,0.025666740204245087,0.7799999999999999
adult,mlp,ig,390,0.7914722757342104,0.05077370093031275,0.9199999999999999
adult,mlp,ig,391,0.9983004785044945,0.016132202474827162,0.9200000000000002
adult,mlp,ig,392,0.8665599234786923,0.05724025296432966,0.7999999999999999
adult,mlp,ig,393,0.9778937331977572,0.15266787580002994,0.8400000000000001
adult,mlp,ig,394,0.9986264056485386,0.05107039564442406,0.7199999999999999
adult,mlp,ig,395,0.8475603293200443,0.04711050609566736,1.0
adult,mlp,ig,396,0.9991066395142699,0.03746656077465382,0.8
adult,mlp,ig,397,0.9944329444726673,0.06930751550479042,0.8400000000000001
adult,mlp,ig,398,0.9999880225050777,0.030784076545804284,0.9199999999999999
adult,mlp,ig,399,0.6826509096315181,0.10507631585300847,0.7599999999999999
adult,mlp,ig,400,0.9616755658034508,0.00988478685087879,0.8799999999999999
adult,mlp,ig,401,0.9934720866390997,0.026840319860084838,0.9200000000000002
adult,mlp,ig,402,0.5826315191376391,0.07406440476647447,0.7999999999999999
adult,mlp,ig,403,0.982502873173323,0.0712957395262126,0.7799999999999999
adult,mlp,ig,404,0.9987877147915087,0.0461848170232223,0.76
adult,mlp,ig,405,0.6570979722843303,0.14527765907221046,0.6399999999999999
adult,mlp,ig,406,0.8780409897731797,0.08190839803069883,0.7799999999999999
adult,mlp,ig,407,0.9399037969047395,0.033539036604775974,0.9199999999999999
adult,mlp,ig,408,0.9909321142801577,0.020537881328682284,0.9199999999999999
adult,mlp,ig,409,0.8157535848538024,0.04801891293851168,0.7999999999999999
adult,mlp,ig,410,0.7900989705215556,0.0763465604260063,0.7799999999999999
adult,mlp,ig,411,0.999855896846794,0.014310085982160103,1.0
adult,mlp,ig,412,0.9571484430227599,0.028299518076345898,0.7999999999999999
adult,mlp,ig,413,0.9792870798181561,0.039158272018174345,0.8799999999999999
adult,mlp,ig,414,0.9886184829252548,0.021676845998611305,0.8800000000000001
adult,mlp,ig,415,0.9905308842215147,0.1028046106616678,0.74
adult,mlp,ig,416,0.9681691860379349,0.03342494488387049,0.9199999999999999
adult,mlp,ig,417,0.999968280708455,0.012783000628954655,1.0
adult,mlp,ig,418,0.973990837110575,0.012905329120130427,0.86
adult,mlp,ig,419,0.9991009322843606,0.01608455654208707,0.9200000000000002
adult,mlp,ig,420,0.9854078493142191,0.03899209169286255,0.8400000000000001
adult,mlp,ig,421,0.674103154053977,0.0811257252352634,0.76
adult,mlp,ig,422,0.8243120136202092,0.05043499211852287,0.86
adult,mlp,ig,423,0.8159008056672091,0.06263345836965128,0.82
adult,mlp,ig,424,0.9999867957939269,0.02177078305224356,0.86
adult,mlp,ig,425,0.9414336758438587,0.12586572457154244,0.78
adult,mlp,ig,426,0.9967182727323713,0.0186924198515257,0.9199999999999999
adult,mlp,ig,427,0.5354262307732023,0.06123955951487792,0.9199999999999999
adult,mlp,ig,428,0.9978455693866838,0.021959303500303284,1.0
adult,mlp,ig,429,0.7654161917737661,0.028385155568926512,0.86
adult,mlp,ig,430,0.9987284989939283,0.023623544575876898,0.8800000000000001
adult,mlp,ig,431,0.9589131831872029,0.057498057927828805,0.8399999999999999
adult,mlp,ig,432,0.997177611856564,0.016425945963151833,0.8
adult,mlp,ig,433,0.991057663508324,0.025979697131261026,0.86
adult,mlp,ig,434,0.7544756654702512,0.0469066748677438,0.7999999999999999
adult,mlp,ig,435,0.9990053823533153,0.028197750977272174,0.9199999999999999
adult,mlp,ig,436,0.9987204716463445,0.020987634991869397,1.0
adult,mlp,ig,437,0.9796055524184968,0.044201628456831066,0.86
adult,mlp,ig,438,0.9134846114296217,0.04885264497363373,1.0
adult,mlp,ig,439,0.787011046827766,0.01980701107107896,0.8399999999999999
adult,mlp,ig,440,0.5591319708646127,0.01550614798849903,0.9199999999999999
adult,mlp,ig,441,0.981899225232483,0.06534850214165222,0.8
adult,mlp,ig,442,0.9978084311785185,0.017737615737522305,0.7999999999999999
adult,mlp,ig,443,0.9854053292882579,0.03847382681699296,0.9199999999999999
adult,mlp,ig,444,0.6752057029876259,0.07082969338598932,0.8400000000000001
adult,mlp,ig,445,0.9932686099963721,0.04844445766316918,0.7999999999999999
adult,mlp,ig,446,0.9509840231394193,0.06550128629714302,0.7999999999999999
adult,mlp,ig,447,0.8977203136260424,0.06344095822634177,0.7999999999999999
adult,mlp,ig,448,0.9909005887392521,0.037999449909058014,0.86
adult,mlp,ig,449,0.662361666357107,0.07264294522149439,0.7599999999999999
adult,mlp,ig,450,0.854697904911154,0.03781540121855609,0.9199999999999999
adult,mlp,ig,451,0.8869056844239364,0.05798448971844006,0.9199999999999999
adult,mlp,ig,452,0.7919092393745112,0.08906339530030905,0.7999999999999999
adult,mlp,ig,453,0.9957448070482806,0.01885961106924161,0.82
adult,mlp,ig,454,0.9929241090275246,0.02117185313895431,0.8400000000000001
adult,mlp,ig,455,0.8180966947681283,0.13086820403813226,0.72
adult,mlp,ig,456,0.9703985658758066,0.04950511091649312,0.8399999999999999
adult,mlp,ig,457,0.6420008923461771,0.11314770430977461,0.7799999999999999
adult,mlp,ig,458,0.6842871367615398,0.07513787798438032,0.66
adult,mlp,ig,459,0.9920924972687226,0.04411765099677911,0.86
adult,mlp,ig,460,0.9995301828676568,0.024598718874154102,1.0
adult,mlp,ig,461,0.9983790110634049,0.011956099737409076,0.9199999999999999
adult,mlp,ig,462,0.9999777663281784,0.02532674692921899,0.9199999999999999
adult,mlp,ig,463,0.9348274656579847,0.03992281345002202,1.0
adult,mlp,ig,464,0.9967803018254348,0.03516752307700932,0.7999999999999999
adult,mlp,ig,465,0.9999816384231481,0.02911589358822353,0.8400000000000001
adult,mlp,ig,466,0.8808348781085137,0.034794363723996136,0.8400000000000001
adult,mlp,ig,467,0.9999829392314918,0.025613739232408506,0.8800000000000001
adult,mlp,ig,468,0.9997835880124881,0.029577497627998772,1.0
adult,mlp,ig,469,0.9954428839568372,0.02865104357584758,0.8400000000000001
adult,mlp,ig,470,0.9997299309214901,0.02597974890447219,0.8399999999999999
adult,mlp,ig,471,0.7098746409093715,0.08211527766973814,0.76
adult,mlp,ig,472,0.9759103566498833,0.034191885781405085,0.8
adult,mlp,ig,473,0.8870227496536982,0.030877848108671335,1.0
adult,mlp,ig,474,0.9999982515479994,0.02851123493836616,1.0
adult,mlp,ig,475,0.930433020801512,0.037454499607312286,0.8800000000000001
adult,mlp,ig,476,0.9936289991096474,0.03456191825879773,0.86
adult,mlp,ig,477,0.963132078809358,0.04771850531623234,0.78
adult,mlp,ig,478,0.9720938773988269,0.03157453345024863,1.0
adult,mlp,ig,479,0.9987637923320418,0.008518022664936842,0.9199999999999999
adult,mlp,ig,480,0.9983829775619274,0.026225557261769894,0.9199999999999999
adult,mlp,ig,481,0.9990528520411834,0.02452773723774082,0.8800000000000001
adult,mlp,ig,482,0.9951811140565926,0.03572821428485062,0.6799999999999999
adult,mlp,ig,483,0.9989016665342083,0.013456612054113526,0.8399999999999999
adult,mlp,ig,484,0.6827610703720854,0.05060658942764751,0.8400000000000001
adult,mlp,ig,485,0.9999931129792484,0.016172349696135013,0.86
adult,mlp,ig,486,0.9968758473612664,0.007440102416752636,0.7999999999999999
adult,mlp,ig,487,0.7880731395553712,0.10002098801395687,0.7599999999999999
adult,mlp,ig,488,0.5502909142537569,0.06228683540069202,0.8399999999999999
adult,mlp,ig,489,0.9751550430166184,0.03081783019740425,1.0
adult,mlp,ig,490,0.9523902898556397,0.05990740314144016,0.9199999999999999
adult,mlp,ig,491,0.9978334101414884,0.005565823201813425,0.7799999999999999
adult,mlp,ig,492,0.8621608755330208,0.060267163353848296,0.9199999999999999
adult,mlp,ig,493,0.9965425630742188,0.029059316826198556,0.9200000000000002
adult,mlp,ig,494,0.9996073319515297,0.031195014437405688,0.9199999999999999
adult,mlp,ig,495,0.9716300049569254,0.03635028800364137,0.7999999999999999
adult,mlp,ig,496,0.9995744632186503,0.019860765447660356,1.0
adult,mlp,ig,497,0.9207947663795268,0.03981235310895259,1.0
adult,mlp,ig,498,0.6011918759956975,0.08148755455812629,0.76
adult,mlp,ig,499,0.9932292373462384,0.032551471930419296,1.0
adult,mlp,lime,0,0.8508611666008961,0.1515716559759589,0.7399999999999999
adult,mlp,lime,1,0.9987380176147207,0.22585628738671704,0.5599999999999998
adult,mlp,lime,2,0.9995251967213937,0.060422389075011296,0.6799999999999999
adult,mlp,lime,3,0.8862991513003966,0.07249319008351451,0.8
adult,mlp,lime,4,0.9990805954957853,0.19872501118005936,0.52
adult,mlp,lime,5,0.8808628725256981,0.17101205979100986,0.6599999999999999
adult,mlp,lime,6,0.9264430797853942,0.48525123265981307,0.74
adult,mlp,lime,7,0.664373086025005,0.1695465519350995,0.6599999999999999
adult,mlp,lime,8,0.790850978183288,0.09420641701709742,0.8
adult,mlp,lime,9,0.5851905083328888,0.15132657722285892,0.6799999999999999
adult,mlp,lime,10,0.6527368284733227,0.14284682987556518,0.7599999999999999
adult,mlp,lime,11,0.9999904705098164,0.21701822804342008,0.6199999999999999
adult,mlp,lime,12,0.9471039764856248,0.11407146254288314,0.72
adult,mlp,lime,13,0.7903426113736978,0.12154493479264572,0.78
adult,mlp,lime,14,0.5526358785968521,0.13581393652839235,0.6799999999999999
adult,mlp,lime,15,0.7926127141958073,0.1167823477442621,0.6799999999999999
adult,mlp,lime,16,0.9998544369481686,0.4600839503461236,0.64
adult,mlp,lime,17,0.9967728290509502,0.22118062413704975,0.5399999999999999
adult,mlp,lime,18,0.9994119738216364,0.18373840552541587,0.52
adult,mlp,lime,19,0.9987494940796301,0.28089522881834095,0.5599999999999999
adult,mlp,lime,20,0.9967191183641532,0.1781769684819572,0.6599999999999999
adult,mlp,lime,21,0.9964804803469273,0.2294898040288278,0.7
adult,mlp,lime,22,0.9970692962149021,0.13550630946463293,0.52
adult,mlp,lime,23,0.9923859993888593,0.09245689869059392,0.6399999999999999
adult,mlp,lime,24,0.7517949380532186,0.164243309349677,0.6599999999999999
adult,mlp,lime,25,0.9997986104591836,0.22293852771746214,0.5999999999999999
adult,mlp,lime,26,0.8401258469726857,0.3711180587875119,0.7199999999999999
adult,mlp,lime,27,0.6936780914172194,0.18586881412355094,0.6599999999999999
adult,mlp,lime,28,0.9987028485817714,0.12778204512408176,0.6799999999999999
adult,mlp,lime,29,0.9985993027895173,0.28911796419154034,0.5999999999999999
adult,mlp,lime,30,0.830286305290646,0.15279513591963312,0.6399999999999999
adult,mlp,lime,31,0.9742195830410637,0.1564708945747384,0.7799999999999999
adult,mlp,lime,32,0.9474946639987174,0.10319923614631077,0.74
adult,mlp,lime,33,0.6008280366252488,0.07140065310921151,0.82
adult,mlp,lime,34,0.9920762762735024,0.21538641977543127,0.58
adult,mlp,lime,35,0.9788441675498027,0.1669058635904156,0.64
adult,mlp,lime,36,0.9953392174802357,0.4516338603676725,0.7
adult,mlp,lime,37,0.810339224056402,0.1985178653632257,0.7
adult,mlp,lime,38,0.6878670477488662,0.1438006583839334,0.7199999999999999
adult,mlp,lime,39,0.8442388713355056,0.10294299691924602,0.72
adult,mlp,lime,40,0.70582999425529,0.1374253900639456,0.7599999999999999
adult,mlp,lime,41,0.9957434932187148,0.20828735700085177,0.7599999999999999
adult,mlp,lime,42,0.6515060059845047,0.10320244560435321,0.8399999999999999
adult,mlp,lime,43,0.9969526655247849,0.09219795307830769,0.6399999999999999
adult,mlp,lime,44,0.9892440384992065,0.15982277140120027,0.7
adult,mlp,lime,45,0.9958286583179813,0.21372796113986792,0.5999999999999999
adult,mlp,lime,46,0.9981330760079299,0.3310441242602823,0.6599999999999999
adult,mlp,lime,47,0.8664336342038437,0.22383662491873912,0.7999999999999999
adult,mlp,lime,48,0.8835615816381083,0.11033746261275845,0.7
adult,mlp,lime,49,0.8248388866766463,0.15708320018840083,0.6799999999999999
adult,mlp,lime,50,0.7510869543047269,0.1362990531036774,0.8400000000000001
adult,mlp,lime,51,0.6605644212373132,0.14811333196375753,0.7
adult,mlp,lime,52,0.696097610088126,0.07751258294087349,0.8799999999999999
adult,mlp,lime,53,0.9187745768785923,0.06132622822482614,0.74
adult,mlp,lime,54,0.7233697709549977,0.18167877492115136,0.7
adult,mlp,lime,55,0.9351679311418666,0.20187229970284404,0.6599999999999999
adult,mlp,lime,56,0.6712372599709925,0.4089975505656851,0.7599999999999999
adult,mlp,lime,57,0.9175223726766595,0.2113177878988617,0.7199999999999999
adult,mlp,lime,58,0.995899349350166,0.1056738195820115,0.76
adult,mlp,lime,59,0.9999346185243644,0.26561957804852954,0.6199999999999999
adult,mlp,lime,60,0.9993572345397659,0.14996688743528563,0.7
adult,mlp,lime,61,0.9999897713937893,0.21701823536885745,0.6199999999999999
adult,mlp,lime,62,0.5447628682894681,0.1375446093653696,0.8399999999999999
adult,mlp,lime,63,0.9821767812786076,0.09250055279435898,0.8
adult,mlp,lime,64,0.9534118496158885,0.20774319795065477,0.58
adult,mlp,lime,65,0.9999999999999881,0.18037945760516028,0.7
adult,mlp,lime,66,0.9936056962748223,0.42814602620945375,0.82
adult,mlp,lime,67,0.531802159205446,0.1980646809449773,0.7599999999999999
adult,mlp,lime,68,0.9971725093774925,0.17675977214569671,0.7
adult,mlp,lime,69,0.8212066908572737,0.24350746259902611,0.6399999999999999
adult,mlp,lime,70,0.9997917646692127,0.16427676220871135,0.6599999999999999
adult,mlp,lime,71,0.7990098845611897,0.15642502813590153,0.76
adult,mlp,lime,72,0.9914090447528494,0.11473176874530222,0.7399999999999999
adult,mlp,lime,73,0.7972850436627696,0.07741100712451732,0.6599999999999999
adult,mlp,lime,74,0.9185111425640603,0.15324831658360605,0.86
adult,mlp,lime,75,0.9971387010023613,0.1825540198622697,0.58
adult,mlp,lime,76,0.9958183773572887,0.42774396066614584,0.6799999999999999
adult,mlp,lime,77,0.804573613363534,0.16994459453213506,0.6599999999999999
adult,mlp,lime,78,0.6946579354448201,0.1052109009727491,0.72
adult,mlp,lime,79,0.9992643969480834,0.29269793378213327,0.58
adult,mlp,lime,80,0.5371688222892722,0.12703073730411896,0.72
adult,mlp,lime,81,0.9407469610248033,0.11909940005848374,0.7999999999999999
adult,mlp,lime,82,0.9972081054071179,0.06537563606748287,0.6599999999999999
adult,mlp,lime,83,0.9986883157542067,0.09134625588465739,0.72
adult,mlp,lime,84,0.9984278287769406,0.15164981986989368,0.58
adult,mlp,lime,85,0.9724262666861205,0.13430763893013453,0.74
adult,mlp,lime,86,0.9896512828883275,0.4890667734625269,0.64
adult,mlp,lime,87,0.9875303770820345,0.20273694139291465,0.7799999999999999
adult,mlp,lime,88,0.7266447982718734,0.10604337233347594,0.86
adult,mlp,lime,89,0.7370174153223299,0.2264484218045556,0.74
adult,mlp,lime,90,0.99963965059678,0.1443490530696705,0.7999999999999999
adult,mlp,lime,91,0.7448964124187875,0.09228408239135533,0.86
adult,mlp,lime,92,0.950399107219672,0.08227575730066228,0.7599999999999999
adult,mlp,lime,93,0.8305299161056563,0.07768396085123508,0.7599999999999999
adult,mlp,lime,94,0.9999999999999956,0.1941153448035593,0.6399999999999999
adult,mlp,lime,95,0.9997161108980939,0.25214592528920743,0.52
adult,mlp,lime,96,0.976076366393138,0.47537645248035676,0.64
adult,mlp,lime,97,0.9985580531591068,0.21139406001472627,0.6799999999999999
adult,mlp,lime,98,0.6094637470896855,0.12255777276158109,0.7799999999999999
adult,mlp,lime,99,0.9493342912445932,0.27894225681405704,0.6799999999999999
adult,mlp,kshap,0,0.8508611666008961,0.02796558027910323,0.8400000000000001
adult,mlp,kshap,1,0.9987380176147207,0.007682835653964992,0.9199999999999999
adult,mlp,kshap,2,0.9995251967213937,0.01915517407371914,0.9199999999999999
adult,mlp,kshap,3,0.8862991513003966,0.0074762541171453645,0.8400000000000001
adult,mlp,kshap,4,0.9990805954957853,0.011996906798842355,1.0
adult,mlp,kshap,5,0.8808628725256981,0.025349516092080804,0.82
adult,mlp,kshap,6,0.9264430797853942,0.03373900519556017,0.8799999999999999
adult,mlp,kshap,7,0.664373086025005,0.033059607697765836,0.8799999999999999
adult,mlp,kshap,8,0.790850978183288,0.06466703302028487,0.7799999999999999
adult,mlp,kshap,9,0.5851905083328888,0.139952689215179,0.7999999999999999
adult,mlp,kshap,10,0.6527368284733227,0.09604718265340728,0.7399999999999999
adult,mlp,kshap,11,0.9999904705098164,0.03409203969219399,0.86
adult,mlp,kshap,12,0.9471039764856248,0.10030564260933161,0.72
adult,mlp,kshap,13,0.7903426113736978,0.044707669011441964,0.82
adult,mlp,kshap,14,0.5526358785968521,0.04893924085060308,0.8400000000000001
adult,mlp,kshap,15,0.7926127141958073,0.023028596239041077,0.9199999999999999
adult,mlp,kshap,16,0.9998544369481686,0.04489468511827521,0.9199999999999999
adult,mlp,kshap,17,0.9967728290509502,0.01098789841901604,0.9199999999999999
adult,mlp,kshap,18,0.9994119738216364,0.01435908677410025,0.9199999999999999
adult,mlp,kshap,19,0.9987494940796301,0.023638062482091216,0.8799999999999999
adult,mlp,kshap,20,0.9967191183641532,0.05124426579243746,0.7
adult,mlp,kshap,21,0.9964804803469273,0.014830468665678276,0.8799999999999999
adult,mlp,kshap,22,0.9970692962149021,0.025936719943379982,0.86
adult,mlp,kshap,23,0.9923859993888593,0.011583786518678751,0.8800000000000001
adult,mlp,kshap,24,0.7517949380532186,0.06263254627634007,0.7999999999999999
adult,mlp,kshap,25,0.9997986104591836,0.010855203649857925,1.0
adult,mlp,kshap,26,0.8401258469726857,0.03605338137328373,0.8400000000000001
adult,mlp,kshap,27,0.6936780914172194,0.05729726317462602,0.7999999999999999
adult,mlp,kshap,28,0.9987028485817714,0.03326964165174906,0.74
adult,mlp,kshap,29,0.9985993027895173,0.011586822507517858,1.0
adult,mlp,kshap,30,0.830286305290646,0.01562285408110875,0.9199999999999999
adult,mlp,kshap,31,0.9742195830410637,0.03960520606389706,0.82
adult,mlp,kshap,32,0.9474946639987174,0.054703957029666794,0.76
adult,mlp,kshap,33,0.6008280366252488,0.017659489418151764,0.8400000000000001
adult,mlp,kshap,34,0.9920762762735024,0.023554245427332754,0.86
adult,mlp,kshap,35,0.9788441675498027,0.03629474444193315,0.6799999999999999
adult,mlp,kshap,36,0.9953392174802357,0.03633095360876004,0.8800000000000001
adult,mlp,kshap,37,0.810339224056402,0.048497218629652394,0.86
adult,mlp,kshap,38,0.6878670477488662,0.04695483682898338,0.7799999999999999
adult,mlp,kshap,39,0.8442388713355056,0.03153752443673119,0.7799999999999999
adult,mlp,kshap,40,0.70582999425529,0.0723377108347425,0.9199999999999999
adult,mlp,kshap,41,0.9957434932187148,0.02779335426908225,0.86
adult,mlp,kshap,42,0.6515060059845047,0.07239826191248988,0.74
adult,mlp,kshap,43,0.9969526655247849,0.03804197305063184,0.8799999999999999
adult,mlp,kshap,44,0.9892440384992065,0.04340314093315012,0.7999999999999999
adult,mlp,kshap,45,0.9958286583179813,0.025449959075301898,0.8800000000000001
adult,mlp,kshap,46,0.9981330760079299,0.025359513823275726,0.8800000000000001
adult,mlp,kshap,47,0.8664336342038437,0.054617362972546823,0.8400000000000001
adult,mlp,kshap,48,0.8835615816381083,0.06717516686645109,0.8399999999999999
adult,mlp,kshap,49,0.8248388866766463,0.06551851812611675,0.8800000000000001
adult,mlp,kshap,50,0.7510869543047269,0.04206191650140312,0.8
adult,mlp,kshap,51,0.6605644212373132,0.06174360096241127,0.7599999999999999
adult,mlp,kshap,52,0.696097610088126,0.05944584303710232,0.78
adult,mlp,kshap,53,0.9187745768785923,0.10259274225774928,0.6999999999999998
adult,mlp,kshap,54,0.7233697709549977,0.10369600527243894,0.7599999999999999
adult,mlp,kshap,55,0.9351679311418666,0.042449654057585606,0.8400000000000001
adult,mlp,kshap,56,0.6712372599709925,0.06809648746069485,0.7799999999999999
adult,mlp,kshap,57,0.9175223726766595,0.02201853854426028,0.7999999999999999
adult,mlp,kshap,58,0.995899349350166,0.023902528195586248,1.0
adult,mlp,kshap,59,0.9999346185243644,0.01730789841161151,1.0
adult,mlp,kshap,60,0.9993572345397659,0.02924238883427821,1.0
adult,mlp,kshap,61,0.9999897713937893,0.029358284885751873,0.9200000000000002
adult,mlp,kshap,62,0.5447628682894681,0.05987990523071163,0.7599999999999999
adult,mlp,kshap,63,0.9821767812786076,0.03253483530551782,1.0
adult,mlp,kshap,64,0.9534118496158885,0.07442388497201535,0.9199999999999999
adult,mlp,kshap,65,0.9999999999999881,0.000567314453247092,0.8399999999999999
adult,mlp,kshap,66,0.9936056962748223,0.0012920794168660432,0.82
adult,mlp,kshap,67,0.531802159205446,0.16962906275563738,0.72
adult,mlp,kshap,68,0.9971725093774925,0.010606161569303607,0.9199999999999999
adult,mlp,kshap,69,0.8212066908572737,0.08421330727760279,0.86
adult,mlp,kshap,70,0.9997917646692127,0.019042709341229425,1.0
adult,mlp,kshap,71,0.7990098845611897,0.07947040539328643,0.7999999999999999
adult,mlp,kshap,72,0.9914090447528494,0.026100267797611876,0.8400000000000001
adult,mlp,kshap,73,0.7972850436627696,0.022259020890619263,0.9200000000000002
adult,mlp,kshap,74,0.9185111425640603,0.06834802747365853,0.9200000000000002
adult,mlp,kshap,75,0.9971387010023613,0.059122607458934384,0.86
adult,mlp,kshap,76,0.9958183773572887,0.0006012031627943282,0.8400000000000001
adult,mlp,kshap,77,0.804573613363534,0.025034698249674192,0.9200000000000002
adult,mlp,kshap,78,0.6946579354448201,0.4481697164411882,0.7799999999999999
adult,mlp,kshap,79,0.9992643969480834,0.014105339220290558,0.9199999999999999
adult,mlp,kshap,80,0.5371688222892722,0.0816113748445304,0.86
adult,mlp,kshap,81,0.9407469610248033,0.08882280070298576,0.7599999999999999
adult,mlp,kshap,82,0.9972081054071179,0.01889774620828444,1.0
adult,mlp,kshap,83,0.9986883157542067,0.018504446137228903,1.0
adult,mlp,kshap,84,0.9984278287769406,0.015826388666532742,0.86
adult,mlp,kshap,85,0.9724262666861205,0.006537547479614547,1.0
adult,mlp,kshap,86,0.9896512828883275,0.014751739879350745,0.86
adult,mlp,kshap,87,0.9875303770820345,0.057559416815552766,0.8399999999999999
adult,mlp,kshap,88,0.7266447982718734,0.07403264664723375,1.0
adult,mlp,kshap,89,0.7370174153223299,0.03401906785478315,0.86
adult,mlp,kshap,90,0.99963965059678,0.021227834521422073,0.9199999999999999
adult,mlp,kshap,91,0.7448964124187875,0.0943969675259998,0.8400000000000001
adult,mlp,kshap,92,0.950399107219672,0.016551477045331886,1.0
adult,mlp,kshap,93,0.8305299161056563,0.12283167792402028,0.86
adult,mlp,kshap,94,0.9999999999999956,0.0021502253208363076,0.86
adult,mlp,kshap,95,0.9997161108980939,0.014718010529382708,0.9199999999999999
adult,mlp,kshap,96,0.976076366393138,0.016869567831021115,0.9199999999999999
adult,mlp,kshap,97,0.9985580531591068,0.008971055298991337,1.0
adult,mlp,kshap,98,0.6094637470896855,0.12995032244128368,0.8400000000000001
adult,mlp,kshap,99,0.9493342912445932,0.012421924061956857,0.9199999999999999
credit_g,logreg,linshap,0,0.5430095661728701,0.0,1.0
credit_g,logreg,linshap,1,0.5617294904145749,2.220446049250313e-16,1.0
credit_g,logreg,linshap,2,0.9484179473309886,-2.220446049250313e-16,1.0
credit_g,logreg,linshap,3,0.7635444374069895,-2.220446049250313e-16,1.0
credit_g,logreg,linshap,4,0.5704494911280966,-2.220446049250313e-16,1.0
credit_g,logreg,linshap,5,0.9018169445069798,0.0,1.0
credit_g,logreg,linshap,6,0.585071575741214,0.0,1.0
credit_g,logreg,linshap,7,0.5626951100703235,0.0,1.0
credit_g,logreg,linshap,8,0.7358019437205605,0.0,1.0
credit_g,logreg,linshap,9,0.5155011390050706,-2.220446049250313e-16,1.0
credit_g,logreg,linshap,10,0.6563038169197922,0.0,1.0
credit_g,logreg,linshap,11,0.9328290152448137,0.0,1.0
credit_g,logreg,linshap,12,0.9826303266893811,0.0,1.0
credit_g,logreg,linshap,13,0.9555856994107883,0.0,1.0
credit_g,logreg,linshap,14,0.9624832087810627,2.220446049250313e-16,1.0
credit_g,logreg,linshap,15,0.8687385821486664,0.0,1.0
credit_g,logreg,linshap,16,0.6705326606345612,2.220446049250313e-16,1.0
credit_g,logreg,linshap,17,0.9084341222812826,0.0,1.0
credit_g,logreg,linshap,18,0.906709452034135,2.220446049250313e-16,1.0
credit_g,logreg,linshap,19,0.9095907639777397,0.0,1.0
credit_g,logreg,linshap,20,0.6113914569497325,-2.220446049250313e-16,1.0
credit_g,logreg,linshap,21,0.822867600424592,2.220446049250313e-16,1.0
credit_g,logreg,linshap,22,0.9474128993265527,-2.220446049250313e-16,1.0
credit_g,logreg,linshap,23,0.8169598702920602,0.0,1.0
credit_g,logreg,linshap,24,0.5035768393159965,0.0,1.0
credit_g,logreg,linshap,25,0.5224116205234509,0.0,1.0
credit_g,logreg,linshap,26,0.9276041554759742,-2.220446049250313e-16,1.0
credit_g,logreg,linshap,27,0.5327578690349601,0.0,1.0
credit_g,logreg,linshap,28,0.8638467921728765,2.220446049250313e-16,1.0
credit_g,logreg,linshap,29,0.6777494897935346,0.0,1.0
credit_g,logreg,linshap,30,0.6796570935959779,2.220446049250313e-16,1.0
credit_g,logreg,linshap,31,0.6373400065447111,-2.220446049250313e-16,1.0
credit_g,logreg,linshap,32,0.822824616643851,0.0,1.0
credit_g,logreg,linshap,33,0.6739370840525635,0.0,1.0
credit_g,logreg,linshap,34,0.9710047697421841,0.0,1.0
credit_g,logreg,linshap,35,0.9587448844284381,2.220446049250313e-16,1.0
credit_g,logreg,linshap,36,0.798781688054693,0.0,1.0
credit_g,logreg,linshap,37,0.6554356471743501,-2.220446049250313e-16,1.0
credit_g,logreg,linshap,38,0.8513530379581112,0.0,1.0
credit_g,logreg,linshap,39,0.6151502570370648,0.0,1.0
credit_g,logreg,linshap,40,0.9128362560435038,0.0,1.0
credit_g,logreg,linshap,41,0.5403066748845387,0.0,1.0
credit_g,logreg,linshap,42,0.7382441379803971,2.220446049250313e-16,1.0
credit_g,logreg,linshap,43,0.7812521731648109,0.0,1.0
credit_g,logreg,linshap,44,0.8342618590071871,0.0,1.0
credit_g,logreg,linshap,45,0.7823827996263827,0.0,1.0
credit_g,logreg,linshap,46,0.7517727053394081,0.0,1.0
credit_g,logreg,linshap,47,0.5800074451466888,0.0,1.0
credit_g,logreg,linshap,48,0.7256973655680548,-2.220446049250313e-16,1.0
credit_g,logreg,linshap,49,0.9354933405352753,0.0,1.0
credit_g,logreg,linshap,50,0.879117970924493,2.220446049250313e-16,1.0
credit_g,logreg,linshap,51,0.9905441015327197,0.0,1.0
credit_g,logreg,linshap,52,0.9303466989197038,-2.220446049250313e-16,1.0
credit_g,logreg,linshap,53,0.8830866890666866,2.220446049250313e-16,1.0
credit_g,logreg,linshap,54,0.5930500833536244,0.0,1.0
credit_g,logreg,linshap,55,0.9114356033173625,2.220446049250313e-16,1.0
credit_g,logreg,linshap,56,0.9464848152651267,2.220446049250313e-16,1.0
credit_g,logreg,linshap,57,0.6956374761102787,2.220446049250313e-16,1.0
credit_g,logreg,linshap,58,0.6510154165193162,2.220446049250313e-16,1.0
credit_g,logreg,linshap,59,0.915365339760176,2.220446049250313e-16,1.0
credit_g,logreg,linshap,60,0.8801801091708409,0.0,1.0
credit_g,logreg,linshap,61,0.9340341740880496,-2.220446049250313e-16,1.0
credit_g,logreg,linshap,62,0.8435573272577483,2.220446049250313e-16,1.0
credit_g,logreg,linshap,63,0.5786027090931035,0.0,1.0
credit_g,logreg,linshap,64,0.8664006143452548,-2.220446049250313e-16,1.0
credit_g,logreg,linshap,65,0.8850631471921412,0.0,1.0
credit_g,logreg,linshap,66,0.6065318815898602,0.0,1.0
credit_g,logreg,linshap,67,0.6621525135076037,0.0,1.0
credit_g,logreg,linshap,68,0.6811492920171647,0.0,1.0
credit_g,logreg,linshap,69,0.9412837747402045,0.0,1.0
credit_g,logreg,linshap,70,0.7117849439572069,0.0,1.0
credit_g,logreg,linshap,71,0.7094267420720164,0.0,1.0
credit_g,logreg,linshap,72,0.9705688411876128,-2.220446049250313e-16,1.0
credit_g,logreg,linshap,73,0.9549023418414958,2.220446049250313e-16,1.0
credit_g,logreg,linshap,74,0.8537195701216378,2.220446049250313e-16,1.0
credit_g,logreg,linshap,75,0.9134644336517723,2.220446049250313e-16,1.0
credit_g,logreg,linshap,76,0.988575956444594,0.0,1.0
credit_g,logreg,linshap,77,0.8959153608673367,0.0,1.0
credit_g,logreg,linshap,78,0.865857529554898,0.0,1.0
credit_g,logreg,linshap,79,0.8631107268178766,2.220446049250313e-16,1.0
credit_g,logreg,linshap,80,0.7818333101701637,0.0,1.0
credit_g,logreg,linshap,81,0.9832940830681768,0.0,1.0
credit_g,logreg,linshap,82,0.8414913555312324,0.0,1.0
credit_g,logreg,linshap,83,0.7781319643632765,0.0,1.0
credit_g,logreg,linshap,84,0.9057278750519668,-2.220446049250313e-16,1.0
credit_g,logreg,linshap,85,0.9105533259640047,0.0,1.0
credit_g,logreg,linshap,86,0.6142637511744116,2.220446049250313e-16,1.0
credit_g,logreg,linshap,87,0.7715678535149176,0.0,1.0
credit_g,logreg,linshap,88,0.8392328943311214,0.0,1.0
credit_g,logreg,linshap,89,0.682421130502849,2.220446049250313e-16,1.0
credit_g,logreg,linshap,90,0.8238625327721254,2.220446049250313e-16,1.0
credit_g,logreg,linshap,91,0.688710022431151,0.0,1.0
credit_g,logreg,linshap,92,0.7608952875675672,2.220446049250313e-16,1.0
credit_g,logreg,linshap,93,0.5653789511289711,0.0,1.0
credit_g,logreg,linshap,94,0.8521616070098412,2.220446049250313e-16,1.0
credit_g,logreg,linshap,95,0.7544301165062787,0.0,1.0
credit_g,logreg,linshap,96,0.76189378935783,-2.220446049250313e-16,1.0
credit_g,logreg,linshap,97,0.6409610488093638,0.0,1.0
credit_g,logreg,linshap,98,0.841558639631408,0.0,1.0
credit_g,logreg,linshap,99,0.5385441999440417,0.0,1.0
credit_g,logreg,linshap,100,0.551826382581025,2.220446049250313e-16,1.0
credit_g,logreg,linshap,101,0.7009167858985674,0.0,1.0
credit_g,logreg,linshap,102,0.938438569509551,0.0,1.0
credit_g,logreg,linshap,103,0.9425658638973499,0.0,1.0
credit_g,logreg,linshap,104,0.7012044010896413,2.220446049250313e-16,1.0
credit_g,logreg,linshap,105,0.9753425761689316,-2.220446049250313e-16,1.0
credit_g,logreg,linshap,106,0.8310102537488169,0.0,1.0
credit_g,logreg,linshap,107,0.6901979181317941,2.220446049250313e-16,1.0
credit_g,logreg,linshap,108,0.7143505435501049,0.0,1.0
credit_g,logreg,linshap,109,0.7023155759178663,0.0,1.0
credit_g,logreg,linshap,110,0.8918075456895742,0.0,1.0
credit_g,logreg,linshap,111,0.7932638712742869,0.0,1.0
credit_g,logreg,linshap,112,0.8785235868961656,0.0,1.0
credit_g,logreg,linshap,113,0.9478584597933184,0.0,1.0
credit_g,logreg,linshap,114,0.9832299023025743,2.220446049250313e-16,1.0
credit_g,logreg,linshap,115,0.7909806526927015,-2.220446049250313e-16,1.0
credit_g,logreg,linshap,116,0.5740036877572816,0.0,1.0
credit_g,logreg,linshap,117,0.6077762065291583,2.220446049250313e-16,1.0
credit_g,logreg,linshap,118,0.9044434381807396,2.220446049250313e-16,1.0
credit_g,logreg,linshap,119,0.8262134805734209,0.0,1.0
credit_g,logreg,linshap,120,0.569142835679852,2.220446049250313e-16,1.0
credit_g,logreg,linshap,121,0.5991257262724448,0.0,1.0
credit_g,logreg,linshap,122,0.6107999772060961,0.0,1.0
credit_g,logreg,linshap,123,0.7645871335793051,2.220446049250313e-16,1.0
credit_g,logreg,linshap,124,0.9506508583853115,2.220446049250313e-16,1.0
credit_g,logreg,linshap,125,0.8039771165205671,2.220446049250313e-16,1.0
credit_g,logreg,linshap,126,0.9467039353145571,0.0,1.0
credit_g,logreg,linshap,127,0.9538224256771481,0.0,1.0
credit_g,logreg,linshap,128,0.6942511754235096,0.0,1.0
credit_g,logreg,linshap,129,0.6471261641186101,0.0,1.0
credit_g,logreg,linshap,130,0.5256404182652903,0.0,1.0
credit_g,logreg,linshap,131,0.690888843392628,2.220446049250313e-16,1.0
credit_g,logreg,linshap,132,0.7564803107458854,0.0,1.0
credit_g,logreg,linshap,133,0.9217480474358453,0.0,1.0
credit_g,logreg,linshap,134,0.9171016976240762,2.220446049250313e-16,1.0
credit_g,logreg,linshap,135,0.9455953092812589,0.0,1.0
credit_g,logreg,linshap,136,0.5850464905675858,0.0,1.0
credit_g,logreg,linshap,137,0.8809068033466229,2.220446049250313e-16,1.0
credit_g,logreg,linshap,138,0.7039990401801568,0.0,1.0
credit_g,logreg,linshap,139,0.7051880210845315,0.0,1.0
credit_g,logreg,linshap,140,0.6798325592933249,0.0,1.0
credit_g,logreg,linshap,141,0.7448098201318947,0.0,1.0
credit_g,logreg,linshap,142,0.6552738433287004,-2.220446049250313e-16,1.0
credit_g,logreg,linshap,143,0.8612935733378105,0.0,1.0
credit_g,logreg,linshap,144,0.9386278868475826,2.220446049250313e-16,1.0
credit_g,logreg,linshap,145,0.6375746204732079,2.220446049250313e-16,1.0
credit_g,logreg,linshap,146,0.9494413025222773,-2.220446049250313e-16,1.0
credit_g,logreg,linshap,147,0.5260225086113541,0.0,1.0
credit_g,logreg,linshap,148,0.519132048114355,2.220446049250313e-16,1.0
credit_g,logreg,linshap,149,0.7199747221204983,0.0,1.0
credit_g,logreg,linshap,150,0.7097681272202743,-2.220446049250313e-16,1.0
credit_g,logreg,linshap,151,0.7792284745068147,0.0,1.0
credit_g,logreg,linshap,152,0.8433928666602275,0.0,1.0
credit_g,logreg,linshap,153,0.7795305944596314,0.0,1.0
credit_g,logreg,linshap,154,0.5558025133038915,0.0,1.0
credit_g,logreg,linshap,155,0.5972373777486619,0.0,1.0
credit_g,logreg,linshap,156,0.9594017912752705,0.0,1.0
credit_g,logreg,linshap,157,0.5348600911460212,2.220446049250313e-16,1.0
credit_g,logreg,linshap,158,0.5037872915446207,0.0,1.0
credit_g,logreg,linshap,159,0.9174159938259268,0.0,1.0
credit_g,logreg,linshap,160,0.8330033160307554,0.0,1.0
credit_g,logreg,linshap,161,0.8923465067376289,0.0,1.0
credit_g,logreg,linshap,162,0.885127381245763,0.0,1.0
credit_g,logreg,linshap,163,0.5731700682449291,0.0,1.0
credit_g,logreg,linshap,164,0.9656407837430031,2.220446049250313e-16,1.0
credit_g,logreg,linshap,165,0.6972584464667171,-2.220446049250313e-16,1.0
credit_g,logreg,linshap,166,0.573918960582539,-2.220446049250313e-16,1.0
credit_g,logreg,linshap,167,0.8903796808011984,0.0,1.0
credit_g,logreg,linshap,168,0.9402150878600569,0.0,1.0
credit_g,logreg,linshap,169,0.9064491831808809,0.0,1.0
credit_g,logreg,linshap,170,0.8503345844115767,0.0,1.0
credit_g,logreg,linshap,171,0.5747521180536259,-2.220446049250313e-16,1.0
credit_g,logreg,linshap,172,0.6410805606990001,-2.220446049250313e-16,1.0
credit_g,logreg,linshap,173,0.7220836254851427,2.220446049250313e-16,1.0
credit_g,logreg,linshap,174,0.5144250241079645,2.220446049250313e-16,1.0
credit_g,logreg,linshap,175,0.5018887629880664,0.0,1.0
credit_g,logreg,linshap,176,0.5091574026657939,-2.220446049250313e-16,1.0
credit_g,logreg,linshap,177,0.9218757841035977,0.0,1.0
credit_g,logreg,linshap,178,0.6280818932985351,0.0,1.0
credit_g,logreg,linshap,179,0.7099606432581977,0.0,1.0
credit_g,logreg,linshap,180,0.9266468606732332,2.220446049250313e-16,1.0
credit_g,logreg,linshap,181,0.8560922791561898,-2.220446049250313e-16,1.0
credit_g,logreg,linshap,182,0.9496318541617628,0.0,1.0
credit_g,logreg,linshap,183,0.6024260720344674,2.220446049250313e-16,1.0
credit_g,logreg,linshap,184,0.6057867599539425,0.0,1.0
credit_g,logreg,linshap,185,0.5563427388926764,2.220446049250313e-16,1.0
credit_g,logreg,linshap,186,0.8751014860165787,0.0,1.0
credit_g,logreg,linshap,187,0.5114188288154596,0.0,1.0
credit_g,logreg,linshap,188,0.9227968824666333,-2.220446049250313e-16,1.0
credit_g,logreg,linshap,189,0.6864668817621574,-2.220446049250313e-16,1.0
credit_g,logreg,linshap,190,0.9640586958215028,2.220446049250313e-16,1.0
credit_g,logreg,linshap,191,0.5717566589888422,2.220446049250313e-16,1.0
credit_g,logreg,linshap,192,0.854619439827113,0.0,1.0
credit_g,logreg,linshap,193,0.7179296960552228,-2.220446049250313e-16,1.0
credit_g,logreg,linshap,194,0.5538244988461991,0.0,1.0
credit_g,logreg,linshap,195,0.6199981774741736,-2.220446049250313e-16,1.0
credit_g,logreg,linshap,196,0.5813390817065814,0.0,1.0
credit_g,logreg,linshap,197,0.6386027415847354,-2.220446049250313e-16,1.0
credit_g,logreg,linshap,198,0.8824696482413577,0.0,1.0
credit_g,logreg,linshap,199,0.8452640976042914,2.220446049250313e-16,1.0
credit_g,logreg,linshap,200,0.6126053758586305,-2.220446049250313e-16,1.0
credit_g,logreg,linshap,201,0.9662075477271517,0.0,1.0
credit_g,logreg,linshap,202,0.7933041441414158,-2.220446049250313e-16,1.0
credit_g,logreg,linshap,203,0.6740040856011231,0.0,1.0
credit_g,logreg,linshap,204,0.5022669777780294,0.0,1.0
credit_g,logreg,linshap,205,0.8326696019768536,-2.220446049250313e-16,1.0
credit_g,logreg,linshap,206,0.5343816290024758,0.0,1.0
credit_g,logreg,linshap,207,0.9187040898193052,2.220446049250313e-16,1.0
credit_g,logreg,linshap,208,0.9551611915002084,-2.220446049250313e-16,1.0
credit_g,logreg,linshap,209,0.6256037709289939,-2.220446049250313e-16,1.0
credit_g,logreg,linshap,210,0.8122418006931269,-2.220446049250313e-16,1.0
credit_g,logreg,linshap,211,0.930598063979789,0.0,1.0
credit_g,logreg,linshap,212,0.5355668830823112,0.0,1.0
credit_g,logreg,linshap,213,0.9373354010855566,0.0,1.0
credit_g,logreg,linshap,214,0.5587902889961375,0.0,1.0
credit_g,logreg,linshap,215,0.7879929795530565,0.0,1.0
credit_g,logreg,linshap,216,0.7156426859652503,2.220446049250313e-16,1.0
credit_g,logreg,linshap,217,0.8286586551623529,0.0,1.0
credit_g,logreg,linshap,218,0.7492486339944918,0.0,1.0
credit_g,logreg,linshap,219,0.6357597539544227,-2.220446049250313e-16,1.0
credit_g,logreg,linshap,220,0.9084531587449559,0.0,1.0
credit_g,logreg,linshap,221,0.8505747414845362,-2.220446049250313e-16,1.0
credit_g,logreg,linshap,222,0.6796809423692393,2.220446049250313e-16,1.0
credit_g,logreg,linshap,223,0.5003787550629331,0.0,1.0
credit_g,logreg,linshap,224,0.9822637605779594,0.0,1.0
credit_g,logreg,linshap,225,0.8005899768569712,-2.220446049250313e-16,1.0
credit_g,logreg,linshap,226,0.8672035685434414,2.220446049250313e-16,1.0
credit_g,logreg,linshap,227,0.7613328990156143,2.220446049250313e-16,1.0
credit_g,logreg,linshap,228,0.899182636281519,0.0,1.0
credit_g,logreg,linshap,229,0.6732665506263155,2.220446049250313e-16,1.0
credit_g,logreg,linshap,230,0.7763150381708265,0.0,1.0
credit_g,logreg,linshap,231,0.5009784986568729,-2.220446049250313e-16,1.0
credit_g,logreg,linshap,232,0.5554916396493793,0.0,1.0
credit_g,logreg,linshap,233,0.5489306526392013,0.0,1.0
credit_g,logreg,linshap,234,0.8793391925716685,0.0,1.0
credit_g,logreg,linshap,235,0.7648833025254903,0.0,1.0
credit_g,logreg,linshap,236,0.9253353042828231,2.220446049250313e-16,1.0
credit_g,logreg,linshap,237,0.7912871106244397,2.220446049250313e-16,1.0
credit_g,logreg,linshap,238,0.6857962115066139,0.0,1.0
credit_g,logreg,linshap,239,0.859501590258786,0.0,1.0
credit_g,logreg,linshap,240,0.6267686213905007,0.0,1.0
credit_g,logreg,linshap,241,0.5716814537174254,-2.220446049250313e-16,1.0
credit_g,logreg,linshap,242,0.5943256304564418,0.0,1.0
credit_g,logreg,linshap,243,0.7723636471322273,0.0,1.0
credit_g,logreg,linshap,244,0.8124098589904569,0.0,1.0
credit_g,logreg,linshap,245,0.7433464948629152,0.0,1.0
credit_g,logreg,linshap,246,0.7669371787878269,0.0,1.0
credit_g,logreg,linshap,247,0.6716673409617174,0.0,1.0
credit_g,logreg,linshap,248,0.9742795943438944,2.220446049250313e-16,1.0
credit_g,logreg,linshap,249,0.975592322017963,-2.220446049250313e-16,1.0
credit_g,logreg,linshap,250,0.9408832059923492,0.0,1.0
credit_g,logreg,linshap,251,0.5850820541414459,2.220446049250313e-16,1.0
credit_g,logreg,linshap,252,0.7084857350456573,0.0,1.0
credit_g,logreg,linshap,253,0.7612654797032518,0.0,1.0
credit_g,logreg,linshap,254,0.9349879965989686,0.0,1.0
credit_g,logreg,linshap,255,0.5081462151249332,2.220446049250313e-16,1.0
credit_g,logreg,linshap,256,0.8075688709124534,-2.220446049250313e-16,1.0
credit_g,logreg,linshap,257,0.9424036361965967,2.220446049250313e-16,1.0
credit_g,logreg,linshap,258,0.5295457087660286,0.0,1.0
credit_g,logreg,linshap,259,0.8953102638088095,2.220446049250313e-16,1.0
credit_g,logreg,linshap,260,0.930513100021493,-2.220446049250313e-16,1.0
credit_g,logreg,linshap,261,0.6037889800677433,2.220446049250313e-16,1.0
credit_g,logreg,linshap,262,0.7421186487757617,2.220446049250313e-16,1.0
credit_g,logreg,linshap,263,0.9772976974024218,-2.220446049250313e-16,1.0
credit_g,logreg,linshap,264,0.6466787773845467,0.0,1.0
credit_g,logreg,linshap,265,0.907412124743991,2.220446049250313e-16,1.0
credit_g,logreg,linshap,266,0.6981941922319462,-2.220446049250313e-16,1.0
credit_g,logreg,linshap,267,0.6665663661899311,0.0,1.0
credit_g,logreg,linshap,268,0.7303534637911062,0.0,1.0
credit_g,logreg,linshap,269,0.5275310918997236,0.0,1.0
credit_g,logreg,linshap,270,0.7969808361262326,0.0,1.0
credit_g,logreg,linshap,271,0.9654662267012556,0.0,1.0
credit_g,logreg,linshap,272,0.9748379783984629,-2.220446049250313e-16,1.0
credit_g,logreg,linshap,273,0.638924684574507,-2.220446049250313e-16,1.0
credit_g,logreg,linshap,274,0.6045353241598235,-2.220446049250313e-16,1.0
credit_g,logreg,linshap,275,0.9001480434402727,0.0,1.0
credit_g,logreg,linshap,276,0.9075556188774755,0.0,1.0
credit_g,logreg,linshap,277,0.8857145273562793,2.220446049250313e-16,1.0
credit_g,logreg,linshap,278,0.8353086911271836,-2.220446049250313e-16,1.0
credit_g,logreg,linshap,279,0.6293620205979316,0.0,1.0
credit_g,logreg,linshap,280,0.7716046163104322,-2.220446049250313e-16,1.0
credit_g,logreg,linshap,281,0.7967982199942543,2.220446049250313e-16,1.0
credit_g,logreg,linshap,282,0.5219234627488336,0.0,1.0
credit_g,logreg,linshap,283,0.7640956895083755,0.0,1.0
credit_g,logreg,linshap,284,0.8957224788907203,2.220446049250313e-16,1.0
credit_g,logreg,linshap,285,0.8563747217891237,0.0,1.0
credit_g,logreg,linshap,286,0.5615598103001735,2.220446049250313e-16,1.0
credit_g,logreg,linshap,287,0.9415405580503184,2.220446049250313e-16,1.0
credit_g,logreg,linshap,288,0.7859662141845002,2.220446049250313e-16,1.0
credit_g,logreg,linshap,289,0.7935841431896017,-2.220446049250313e-16,1.0
credit_g,logreg,linshap,290,0.5225621577885187,0.0,1.0
credit_g,logreg,linshap,291,0.7452923833232041,0.0,1.0
credit_g,logreg,linshap,292,0.6438107291787012,-2.220446049250313e-16,1.0
credit_g,logreg,linshap,293,0.8226586129376698,-2.220446049250313e-16,1.0
credit_g,logreg,linshap,294,0.76348252558529,2.220446049250313e-16,1.0
credit_g,logreg,linshap,295,0.7339334567374113,0.0,1.0
credit_g,logreg,linshap,296,0.575831677641485,0.0,1.0
credit_g,logreg,linshap,297,0.6122426493807033,2.220446049250313e-16,1.0
credit_g,logreg,linshap,298,0.7105287509760647,0.0,1.0
credit_g,logreg,linshap,299,0.6399877879352753,0.0,1.0
credit_g,logreg,lime,0,0.5430095661728701,0.08178449312056224,0.7799999999999999
credit_g,logreg,lime,1,0.5617294904145749,0.019642450300706216,0.8400000000000001
credit_g,logreg,lime,2,0.9484179473309886,0.02487706693525915,0.86
credit_g,logreg,lime,3,0.7635444374069895,0.02782200252699707,0.9199999999999999
credit_g,logreg,lime,4,0.5704494911280966,0.0314838119837455,0.9200000000000002
credit_g,logreg,lime,5,0.9018169445069798,0.03314542031313705,0.7999999999999999
credit_g,logreg,lime,6,0.585071575741214,0.029290674923571514,0.8399999999999999
credit_g,logreg,lime,7,0.5626951100703235,0.025326653661209897,0.8799999999999999
credit_g,logreg,lime,8,0.7358019437205605,0.04330561862911464,0.7799999999999999
credit_g,logreg,lime,9,0.5155011390050706,0.04652520421285833,0.8400000000000001
credit_g,logreg,lime,10,0.6563038169197922,0.022961339520782387,0.8399999999999999
credit_g,logreg,lime,11,0.9328290152448137,0.01275762272282388,0.8399999999999999
credit_g,logreg,lime,12,0.9826303266893811,0.011851631555407471,0.9199999999999999
credit_g,logreg,lime,13,0.9555856994107883,0.024199903497183484,1.0
credit_g,logreg,lime,14,0.9624832087810627,0.027634411585020002,0.82
credit_g,logreg,lime,15,0.8687385821486664,0.018896424082819996,0.82
credit_g,logreg,lime,16,0.6705326606345612,0.052811729511608396,0.9199999999999999
credit_g,logreg,lime,17,0.9084341222812826,0.01943299005198873,1.0
credit_g,logreg,lime,18,0.906709452034135,0.05885401812424007,0.7599999999999999
credit_g,logreg,lime,19,0.9095907639777397,0.032651262685777005,0.8400000000000001
credit_g,logreg,lime,20,0.6113914569497325,0.03862760693154654,0.82
credit_g,logreg,lime,21,0.822867600424592,0.013824797047419457,0.8400000000000001
credit_g,logreg,lime,22,0.9474128993265527,0.01857988218714013,1.0
credit_g,logreg,lime,23,0.8169598702920602,0.03210764250283282,0.9199999999999999
credit_g,logreg,lime,24,0.5035768393159965,0.028877043586348683,0.8799999999999999
credit_g,logreg,lime,25,0.5224116205234509,0.039422041604802116,0.86
credit_g,logreg,lime,26,0.9276041554759742,0.033733006513858355,1.0
credit_g,logreg,lime,27,0.5327578690349601,0.024767160878434447,0.86
credit_g,logreg,lime,28,0.8638467921728765,0.037050281112932515,0.8400000000000001
credit_g,logreg,lime,29,0.6777494897935346,0.055882617255656575,0.8400000000000001
credit_g,logreg,lime,30,0.6796570935959779,0.13264279263867673,0.82
credit_g,logreg,lime,31,0.6373400065447111,0.01085447699697828,0.8400000000000001
credit_g,logreg,lime,32,0.822824616643851,0.034019659869572116,0.9199999999999999
credit_g,logreg,lime,33,0.6739370840525635,0.03022659772392733,0.9199999999999999
credit_g,logreg,lime,34,0.9710047697421841,0.027168020441918905,0.86
credit_g,logreg,lime,35,0.9587448844284381,0.026793010608153645,0.86
credit_g,logreg,lime,36,0.798781688054693,0.04329389581415444,0.8
credit_g,logreg,lime,37,0.6554356471743501,0.028228590492921368,0.9199999999999999
credit_g,logreg,lime,38,0.8513530379581112,0.0800010431999556,0.7599999999999999
credit_g,logreg,lime,39,0.6151502570370648,0.06913238489468632,0.86
credit_g,logreg,lime,40,0.9128362560435038,0.06488735083667552,0.86
credit_g,logreg,lime,41,0.5403066748845387,0.036287602006442654,1.0
credit_g,logreg,lime,42,0.7382441379803971,0.041200122683978435,0.86
credit_g,logreg,lime,43,0.7812521731648109,0.013693393776695095,0.9199999999999999
credit_g,logreg,lime,44,0.8342618590071871,0.044687531932602,0.7999999999999999
credit_g,logreg,lime,45,0.7823827996263827,0.012121161490746601,1.0
credit_g,logreg,lime,46,0.7517727053394081,0.011078023980609863,0.9200000000000002
credit_g,logreg,lime,47,0.5800074451466888,0.015156356159530482,1.0
credit_g,logreg,lime,48,0.7256973655680548,0.05290383294253753,0.9199999999999999
credit_g,logreg,lime,49,0.9354933405352753,0.03234829258199723,0.86
credit_g,logreg,lime,50,0.879117970924493,0.06533122426761773,0.7199999999999999
credit_g,logreg,lime,51,0.9905441015327197,0.013121511014420273,0.7999999999999999
credit_g,logreg,lime,52,0.9303466989197038,0.030418534001079855,0.86
credit_g,logreg,lime,53,0.8830866890666866,0.06296775464682036,0.7999999999999999
credit_g,logreg,lime,54,0.5930500833536244,0.05335323947428472,0.8799999999999999
credit_g,logreg,lime,55,0.9114356033173625,0.03287546858580492,0.8800000000000001
credit_g,logreg,lime,56,0.9464848152651267,0.01653791827212836,0.8400000000000001
credit_g,logreg,lime,57,0.6956374761102787,0.012019426202921069,0.8799999999999999
credit_g,logreg,lime,58,0.6510154165193162,0.0714760939863035,0.7999999999999999
credit_g,logreg,lime,59,0.915365339760176,0.04660461985422626,0.76
credit_g,logreg,lime,60,0.8801801091708409,0.051146868776402066,0.82
credit_g,logreg,lime,61,0.9340341740880496,0.020859306474504402,0.86
credit_g,logreg,lime,62,0.8435573272577483,0.013690290577907938,0.8400000000000001
credit_g,logreg,lime,63,0.5786027090931035,0.05258926001887809,0.8400000000000001
credit_g,logreg,lime,64,0.8664006143452548,0.022814485324962774,0.82
credit_g,logreg,lime,65,0.8850631471921412,0.05850680336837066,0.8800000000000001
credit_g,logreg,lime,66,0.6065318815898602,0.04793732436404774,0.86
credit_g,logreg,lime,67,0.6621525135076037,0.044136554993992605,0.9199999999999999
credit_g,logreg,lime,68,0.6811492920171647,0.03237793364168806,0.9199999999999999
credit_g,logreg,lime,69,0.9412837747402045,0.05032437890181851,0.9199999999999999
credit_g,logreg,lime,70,0.7117849439572069,0.02725901870433023,0.76
credit_g,logreg,lime,71,0.7094267420720164,0.014848997515269913,0.9199999999999999
credit_g,logreg,lime,72,0.9705688411876128,0.019220787399614636,0.8799999999999999
credit_g,logreg,lime,73,0.9549023418414958,0.028461681215018353,0.9199999999999999
credit_g,logreg,lime,74,0.8537195701216378,0.014491954071394142,0.8400000000000001
credit_g,logreg,lime,75,0.9134644336517723,0.04751651491330122,0.8399999999999999
credit_g,logreg,lime,76,0.988575956444594,0.03151767923674009,0.9200000000000002
credit_g,logreg,lime,77,0.8959153608673367,0.011837797311878062,0.9199999999999999
credit_g,logreg,lime,78,0.865857529554898,0.028708577540393798,0.9199999999999999
credit_g,logreg,lime,79,0.8631107268178766,0.08519403442936768,0.7799999999999999
credit_g,logreg,lime,80,0.7818333101701637,0.05635391705323456,0.7799999999999999
credit_g,logreg,lime,81,0.9832940830681768,0.023297050331331115,0.8400000000000001
credit_g,logreg,lime,82,0.8414913555312324,0.02638181301260012,1.0
credit_g,logreg,lime,83,0.7781319643632765,0.06046692295145761,0.8400000000000001
credit_g,logreg,lime,84,0.9057278750519668,0.06208018359393963,0.8400000000000001
credit_g,logreg,lime,85,0.9105533259640047,0.012683982409446792,0.8800000000000001
credit_g,logreg,lime,86,0.6142637511744116,0.02610153404083726,0.8
credit_g,logreg,lime,87,0.7715678535149176,0.02635414268262526,0.9199999999999999
credit_g,logreg,lime,88,0.8392328943311214,0.03568666493707351,0.8399999999999999
credit_g,logreg,lime,89,0.682421130502849,0.049374239254122765,0.9199999999999999
credit_g,logreg,lime,90,0.8238625327721254,0.02008678281407905,1.0
credit_g,logreg,lime,91,0.688710022431151,0.03701747867693039,0.8400000000000001
credit_g,logreg,lime,92,0.7608952875675672,0.023841504416114212,0.82
credit_g,logreg,lime,93,0.5653789511289711,0.03942204401498517,0.8400000000000001
credit_g,logreg,lime,94,0.8521616070098412,0.04077032673720282,0.9199999999999999
credit_g,logreg,lime,95,0.7544301165062787,0.01858084745301114,0.86
credit_g,logreg,lime,96,0.76189378935783,0.038941586083046764,0.8400000000000001
credit_g,logreg,lime,97,0.6409610488093638,0.02303534208271185,0.8800000000000001
credit_g,logreg,lime,98,0.841558639631408,0.04980005299136003,0.7999999999999999
credit_g,logreg,lime,99,0.5385441999440417,0.0824687123781539,0.8400000000000001
credit_g,rf,treeshap,0,0.5947835701285238,0.013390388350937088,0.6599999999999999
credit_g,rf,treeshap,1,0.6360304050069617,0.014010757987350742,0.86
credit_g,rf,treeshap,2,0.8641210996322023,0.018482757533596184,0.7799999999999999
credit_g,rf,treeshap,3,0.740196712716331,0.0189729892064332,1.0
credit_g,rf,treeshap,4,0.5583101241347859,0.015461578606086768,0.82
credit_g,rf,treeshap,5,0.8063796947517601,0.030864703644836622,0.86
credit_g,rf,treeshap,6,0.6697295812797212,0.018254497274008963,1.0
credit_g,rf,treeshap,7,0.5721009891214446,0.009338894946171017,0.7999999999999999
credit_g,rf,treeshap,8,0.7176663206807211,0.009625360274835515,0.9199999999999999
credit_g,rf,treeshap,9,0.5782829231414176,0.010469854748083818,0.7999999999999999
credit_g,rf,treeshap,10,0.5845501822874388,0.026086424810662145,1.0
credit_g,rf,treeshap,11,0.7445794104116515,0.021011778087854815,0.82
credit_g,rf,treeshap,12,0.846945991960121,0.012150104842077125,0.8799999999999999
credit_g,rf,treeshap,13,0.8571953535685065,0.009345731998463114,0.7399999999999999
credit_g,rf,treeshap,14,0.7830462956757518,0.014947849914393685,0.86
credit_g,rf,treeshap,15,0.6773966912162563,0.038355742558204065,0.7999999999999999
credit_g,rf,treeshap,16,0.6164941577245309,0.01852102224381902,1.0
credit_g,rf,treeshap,17,0.8040420405850777,0.011558091836007867,0.9200000000000002
credit_g,rf,treeshap,18,0.8531231108849765,0.006968741023495206,0.8400000000000001
credit_g,rf,treeshap,19,0.8947200028404543,0.009499042834622218,0.8400000000000001
credit_g,rf,treeshap,20,0.6479705860656748,0.019788304448704608,0.9199999999999999
credit_g,rf,treeshap,21,0.5768423599568854,0.020900290940040422,0.7999999999999999
credit_g,rf,treeshap,22,0.8446371499429428,0.006337487557675714,1.0
credit_g,rf,treeshap,23,0.6822630060958227,0.03475807983717105,0.8400000000000001
credit_g,rf,treeshap,24,0.7088355684746662,0.017192818546711286,0.82
credit_g,rf,treeshap,25,0.5453405962151976,0.007473061502174749,1.0
credit_g,rf,treeshap,26,0.7552265081260267,0.010692677062578482,0.8800000000000001
credit_g,rf,treeshap,27,0.6614058286797384,0.01982979340933544,0.82
credit_g,rf,treeshap,28,0.8264032925938178,0.008479133607644185,1.0
credit_g,rf,treeshap,29,0.6820710996801924,0.06777044972929613,0.8400000000000001
credit_g,rf,treeshap,30,0.6813160437423182,0.11269989389800528,0.7999999999999999
credit_g,rf,treeshap,31,0.5740531740732104,0.0254706800554636,0.9199999999999999
credit_g,rf,treeshap,32,0.570994068843708,0.03153407592464941,0.86
credit_g,rf,treeshap,33,0.6827833068945142,0.03443180502708265,0.7999999999999999
credit_g,rf,treeshap,34,0.8175863812719045,0.013822561000275124,0.74
credit_g,rf,treeshap,35,0.833421199568042,0.03141596659239032,0.9199999999999999
credit_g,rf,treeshap,36,0.8011737459682011,0.00904868880905596,0.9199999999999999
credit_g,rf,treeshap,37,0.5492463631302239,0.022425370734652228,0.8400000000000001
credit_g,rf,treeshap,38,0.8110520570012035,0.048091111626954786,0.8400000000000001
credit_g,rf,treeshap,39,0.6626446129169659,0.02296620100522806,0.82
credit_g,rf,treeshap,40,0.8569416012142194,0.006092761882650621,0.8400000000000001
credit_g,rf,treeshap,41,0.5709246407213939,0.014354444486996853,0.7399999999999999
credit_g,rf,treeshap,42,0.7327480670442428,0.037202325940726255,0.7999999999999999
credit_g,rf,treeshap,43,0.5847040996464614,0.017873469969328815,1.0
credit_g,rf,treeshap,44,0.7032299233530362,0.04498852481722582,0.8
credit_g,rf,treeshap,45,0.7486091632200037,0.022423558923300058,0.86
credit_g,rf,treeshap,46,0.6895303296820966,0.01366767752201914,0.9199999999999999
credit_g,rf,treeshap,47,0.7151713033487336,0.01448505524399235,1.0
credit_g,rf,treeshap,48,0.7296851678150271,0.013304630654162763,0.7999999999999999
credit_g,rf,treeshap,49,0.7954883579107124,0.01284373695465546,0.8800000000000001
credit_g,rf,treeshap,50,0.7401737837129821,0.029701163639575312,0.7999999999999999
credit_g,rf,treeshap,51,0.9332614932308039,0.012601730824870705,0.9199999999999999
credit_g,rf,treeshap,52,0.9058457344567179,0.004392585923106651,0.8800000000000001
credit_g,rf,treeshap,53,0.7312297202041149,0.025955045737547033,1.0
credit_g,rf,treeshap,54,0.5214284616068067,0.007004208016115343,0.72
credit_g,rf,treeshap,55,0.8224334564827321,0.008340107485025783,0.8400000000000001
credit_g,rf,treeshap,56,0.8751885565534675,0.008593470156742944,0.9199999999999999
credit_g,rf,treeshap,57,0.7143820384470676,0.01367922829973267,0.8800000000000001
credit_g,rf,treeshap,58,0.6979960550626011,0.039428654673380414,1.0
credit_g,rf,treeshap,59,0.8298966637620273,0.02147435544006393,0.8400000000000001
credit_g,rf,treeshap,60,0.8451180114974826,0.005391046353934059,0.82
credit_g,rf,treeshap,61,0.9379007364214974,0.0063242442130475585,0.82
credit_g,rf,treeshap,62,0.6533986773339253,0.03271286913582272,0.8400000000000001
credit_g,rf,treeshap,63,0.6086815698705645,0.01909279696091648,0.9199999999999999
credit_g,rf,treeshap,64,0.7152165613893383,0.03580194197091302,0.82
credit_g,rf,treeshap,65,0.8770049050591325,0.00544307617986628,0.7999999999999999
credit_g,rf,treeshap,66,0.5167844636465728,0.0065066345271078685,0.7999999999999999
credit_g,rf,treeshap,67,0.7512601992347842,0.04081382076484663,0.7599999999999999
credit_g,rf,treeshap,68,0.7593796687312053,0.009603548064799794,0.8400000000000001
credit_g,rf,treeshap,69,0.8993978339603453,0.00479993178775473,0.86
credit_g,rf,treeshap,70,0.7239454059745771,0.010801150586943975,0.9199999999999999
credit_g,rf,treeshap,71,0.5368595400271748,0.02081768427360353,0.74
credit_g,rf,treeshap,72,0.9319566132479125,0.0060395935733483785,0.8399999999999999
credit_g,rf,treeshap,73,0.8583623361469828,0.00939264146484553,1.0
credit_g,rf,treeshap,74,0.5726635379870071,0.018064379577757306,1.0
credit_g,rf,treeshap,75,0.8591915050976338,0.013340735365390932,0.7999999999999999
credit_g,rf,treeshap,76,0.9070419236579307,0.009145325996151366,0.86
credit_g,rf,treeshap,77,0.7444815593297593,0.018860734001721946,0.7999999999999999
credit_g,rf,treeshap,78,0.640615988997455,0.014618882508984021,0.9199999999999999
credit_g,rf,treeshap,79,0.7248112783665939,0.06284315994923051,0.6799999999999999
credit_g,rf,treeshap,80,0.5856154952494151,0.009922730664273849,0.8400000000000001
credit_g,rf,treeshap,81,0.8942356553129087,0.009495595258943168,1.0
credit_g,rf,treeshap,82,0.7807113124402202,0.007763558810404136,0.6599999999999999
credit_g,rf,treeshap,83,0.6615467775994495,0.062001383400178134,0.8399999999999999
credit_g,rf,treeshap,84,0.8589176600994509,0.007592580988546649,0.9199999999999999
credit_g,rf,treeshap,85,0.7503779208660541,0.00956566772770917,1.0
credit_g,rf,treeshap,86,0.5316956352408346,0.025079135322355284,0.9199999999999999
credit_g,rf,treeshap,87,0.7818530995875592,0.008956145678211014,0.7199999999999999
credit_g,rf,treeshap,88,0.6793769706438514,0.013353555175087073,0.86
credit_g,rf,treeshap,89,0.5106796064314603,0.02567677485704145,0.78
credit_g,rf,treeshap,90,0.6152552125478904,0.011936330068209045,0.9200000000000002
credit_g,rf,treeshap,91,0.6472674858052534,0.06461652036786325,0.7999999999999999
credit_g,rf,treeshap,92,0.5172836379696497,0.013855300948748317,0.7799999999999999
credit_g,rf,treeshap,93,0.6110562210371979,0.019675562390550683,0.6799999999999999
credit_g,rf,treeshap,94,0.7959360907346973,0.012622472543937668,0.74
credit_g,rf,treeshap,95,0.7237885266167777,0.024385198448439782,0.8399999999999999
credit_g,rf,treeshap,96,0.6780987885019493,0.01698167618452051,0.74
credit_g,rf,treeshap,97,0.5238880525514773,0.02182378641902627,1.0
credit_g,rf,treeshap,98,0.7826914445522688,0.01077549555284707,0.9200000000000002
credit_g,rf,treeshap,99,0.6181099793484766,0.059792919439231595,0.86
credit_g,rf,treeshap,100,0.6141264628776718,0.03306291603475553,1.0
credit_g,rf,treeshap,101,0.5163611484093259,0.015463889539237385,0.9199999999999999
credit_g,rf,treeshap,102,0.8436590166659425,0.009197693616280533,0.9199999999999999
credit_g,rf,treeshap,103,0.8410841240265053,0.014958413833396245,1.0
credit_g,rf,treeshap,104,0.7135225607110651,0.05877196332907053,0.86
credit_g,rf,treeshap,105,0.8968585062022653,0.008477493538136649,0.8
credit_g,rf,treeshap,106,0.7779789680535223,0.010354282771527501,0.9199999999999999
credit_g,rf,treeshap,107,0.5763945726074057,0.023949167734353294,0.8800000000000001
credit_g,rf,treeshap,108,0.6535428484784143,0.012237671768630443,0.7999999999999999
credit_g,rf,treeshap,109,0.5842506814693393,0.021151893561186852,0.6399999999999999
credit_g,rf,treeshap,110,0.8058657785782986,0.016751677264497333,1.0
credit_g,rf,treeshap,111,0.5206088872873412,0.041746801286471014,0.6599999999999999
credit_g,rf,treeshap,112,0.8329767983533245,0.007155598079631842,0.8800000000000001
credit_g,rf,treeshap,113,0.8938882281157339,0.005103654664788904,0.7799999999999999
credit_g,rf,treeshap,114,0.9192951578309609,0.008197082368568864,0.8400000000000001
credit_g,rf,treeshap,115,0.7269199025119673,0.013922649754865013,0.82
credit_g,rf,treeshap,116,0.5326593017584859,0.011628039358636988,0.9199999999999999
credit_g,rf,treeshap,117,0.626759260287914,0.012566448040127631,0.7199999999999999
credit_g,rf,treeshap,118,0.7577735862403185,0.014529017708211023,0.86
credit_g,rf,treeshap,119,0.6256141451878261,0.018171253287582623,1.0
credit_g,rf,treeshap,120,0.6219653167834491,0.03506446534426677,0.7999999999999999
credit_g,rf,treeshap,121,0.519725340337901,0.016957056060358133,0.8400000000000001
credit_g,rf,treeshap,122,0.55609676426676,0.013078588123683232,0.8800000000000001
credit_g,rf,treeshap,123,0.7013381335504728,0.023191672988864043,0.82
credit_g,rf,treeshap,124,0.8816092687190874,0.004584028091708547,0.82
credit_g,rf,treeshap,125,0.5530892335231621,0.04052927507749993,0.8400000000000001
credit_g,rf,treeshap,126,0.863704776663765,0.008803980368688125,1.0
credit_g,rf,treeshap,127,0.7626567084966862,0.041449589898876704,1.0
credit_g,rf,treeshap,128,0.7975355902188672,0.009615824095793535,0.8399999999999999
credit_g,rf,treeshap,129,0.610216043958323,0.015246794060410851,0.8799999999999999
credit_g,rf,treeshap,130,0.5623642783816999,0.08032796265190201,0.82
credit_g,rf,treeshap,131,0.5886995288546512,0.02692911308953483,0.9199999999999999
credit_g,rf,treeshap,132,0.7282400810679042,0.012214638143022372,0.8399999999999999
credit_g,rf,treeshap,133,0.832108805402938,0.011669077725848909,0.86
credit_g,rf,treeshap,134,0.831100572927878,0.012993826398675523,0.8400000000000001
credit_g,rf,treeshap,135,0.9445942635192696,0.004840290597343255,0.9199999999999999
credit_g,rf,treeshap,136,0.6612213115979909,0.03869898811048067,0.7999999999999999
credit_g,rf,treeshap,137,0.7413919523648989,0.008656969021602734,0.8399999999999999
credit_g,rf,treeshap,138,0.6700719400259704,0.028220504501504706,0.8399999999999999
credit_g,rf,treeshap,139,0.6911408484707907,0.021778729979638145,0.9199999999999999
credit_g,rf,treeshap,140,0.6508457239913283,0.01412496055386614,0.72
credit_g,rf,treeshap,141,0.70478051592196,0.0230356530189878,1.0
credit_g,rf,treeshap,142,0.6175536804297097,0.01456540124074357,0.9199999999999999
credit_g,rf,treeshap,143,0.9073882229981278,0.007572632566134274,0.74
credit_g,rf,treeshap,144,0.7976401311308654,0.03807838928511453,0.9199999999999999
credit_g,rf,treeshap,145,0.6731738028156983,0.03083982846106781,0.86
credit_g,rf,treeshap,146,0.8837773423981444,0.0067526698613887826,0.7399999999999999
credit_g,rf,treeshap,147,0.5572381905030277,0.011775387333914589,0.76
credit_g,rf,treeshap,148,0.5539533853588892,0.014522453624213005,0.9199999999999999
credit_g,rf,treeshap,149,0.6013195388449504,0.02458748787243281,0.86
credit_g,rf,treeshap,150,0.5694857549905474,0.021788530799477512,0.8400000000000001
credit_g,rf,treeshap,151,0.5309611844592641,0.009263768325575628,0.86
credit_g,rf,treeshap,152,0.6622209007731074,0.024720202711569828,0.8400000000000001
credit_g,rf,treeshap,153,0.6768166792983863,0.037943938173291,0.86
credit_g,rf,treeshap,154,0.5257119745908306,0.02091447290391457,1.0
credit_g,rf,treeshap,155,0.570550631990221,0.032840233223053183,0.74
credit_g,rf,treeshap,156,0.8609483505249358,0.017283192362161914,0.7799999999999999
credit_g,rf,treeshap,157,0.6785444401668093,0.02741478349183546,0.8400000000000001
credit_g,rf,treeshap,158,0.5405689343981206,0.024599221411594763,0.8400000000000001
credit_g,rf,treeshap,159,0.7450860381159756,0.041754107972777454,0.7799999999999999
credit_g,rf,treeshap,160,0.5296244365229942,0.009601975123827544,0.9199999999999999
credit_g,rf,treeshap,161,0.730972630486014,0.015728986555485158,0.86
credit_g,rf,treeshap,162,0.7727236944721504,0.027842859144491028,0.86
credit_g,rf,treeshap,163,0.577593138438786,0.012396905488412657,0.7799999999999999
credit_g,rf,treeshap,164,0.8751065893162142,0.009417186633000396,0.86
credit_g,rf,treeshap,165,0.7004622448794653,0.011882180050584723,1.0
credit_g,rf,treeshap,166,0.5339893904569617,0.011238322233981135,0.86
credit_g,rf,treeshap,167,0.8601584236328635,0.012885443010349662,0.8800000000000001
credit_g,rf,treeshap,168,0.863630121434731,0.011574203680310147,0.8799999999999999
credit_g,rf,treeshap,169,0.7335926484151016,0.017482457801415885,0.7999999999999999
credit_g,rf,treeshap,170,0.6912989500942647,0.037496718385470196,0.9200000000000002
credit_g,rf,treeshap,171,0.726184780189769,0.010051925504408588,0.86
credit_g,rf,treeshap,172,0.7054496027866406,0.05913450470806958,0.7
credit_g,rf,treeshap,173,0.5976984928498061,0.019869375800876887,0.78
credit_g,rf,treeshap,174,0.6028228673074425,0.03426113468829972,1.0
credit_g,rf,treeshap,175,0.6303301225705809,0.03456286231257144,0.8400000000000001
credit_g,rf,treeshap,176,0.5725672635899687,0.009124656785760576,0.58
credit_g,rf,treeshap,177,0.9018976324531518,0.0048959085388398105,0.8400000000000001
credit_g,rf,treeshap,178,0.6229252762524613,0.016932613432894095,0.74
credit_g,rf,treeshap,179,0.7091175237902062,0.06801440679630344,0.7599999999999999
credit_g,rf,treeshap,180,0.8804901171277866,0.007567536439562206,0.72
credit_g,rf,treeshap,181,0.6681738740660721,0.007991461763157792,0.8399999999999999
credit_g,rf,treeshap,182,0.8469471202416334,0.008500043626703757,0.9199999999999999
credit_g,rf,treeshap,183,0.541495037453763,0.008411125733776559,0.9199999999999999
credit_g,rf,treeshap,184,0.656613792129564,0.008753080211597486,0.8799999999999999
credit_g,rf,treeshap,185,0.624853177229728,0.028857843153352603,0.74
credit_g,rf,treeshap,186,0.8594110746886425,0.011684940275867861,0.74
credit_g,rf,treeshap,187,0.6266657684351163,0.010541038655085044,0.7799999999999999
credit_g,rf,treeshap,188,0.9219129276442863,0.005963094209996966,0.8400000000000001
credit_g,rf,treeshap,189,0.5555562316494485,0.02844556914248597,1.0
credit_g,rf,treeshap,190,0.7727267193793141,0.028988998391271892,0.8400000000000001
credit_g,rf,treeshap,191,0.7500178268636778,0.01460486538739425,0.7
credit_g,rf,treeshap,192,0.7269798925901568,0.021734945006603446,0.8799999999999999
credit_g,rf,treeshap,193,0.6474728950852411,0.03628418297644331,0.8800000000000001
credit_g,rf,treeshap,194,0.5816537666410524,0.016035913205233343,0.8399999999999999
credit_g,rf,treeshap,195,0.5861132522092369,0.0370839093237505,0.86
credit_g,rf,treeshap,196,0.6657120724857484,0.04812275065831062,0.86
credit_g,rf,treeshap,197,0.6771604140638315,0.019788894150423397,0.7999999999999999
credit_g,rf,treeshap,198,0.7717500055314495,0.012031967961163348,0.6199999999999999
credit_g,rf,treeshap,199,0.7383386150736735,0.017567723463418616,0.8800000000000001
credit_g,rf,treeshap,200,0.5175411808335827,0.007571406509256362,0.7999999999999999
credit_g,rf,treeshap,201,0.8422949391567599,0.011078217375383614,0.7999999999999999
credit_g,rf,treeshap,202,0.6986420460111783,0.01479259609088257,0.86
credit_g,rf,treeshap,203,0.5561408081335175,0.03286789009959512,0.82
credit_g,rf,treeshap,204,0.6486199107932054,0.053766722439254844,0.9200000000000002
credit_g,rf,treeshap,205,0.7483918876021096,0.035767895617498824,0.9199999999999999
credit_g,rf,treeshap,206,0.5844197936374981,0.014437590537674794,0.7599999999999999
credit_g,rf,treeshap,207,0.8985450761451206,0.007367474404493146,0.9199999999999999
credit_g,rf,treeshap,208,0.888722798506447,0.008406467755470381,0.86
credit_g,rf,treeshap,209,0.6751467982695439,0.036244995907258826,0.8800000000000001
credit_g,rf,treeshap,210,0.7267012958058298,0.012767880707784451,0.7799999999999999
credit_g,rf,treeshap,211,0.8292099734908197,0.015363389649909687,0.6799999999999999
credit_g,rf,treeshap,212,0.7025165633021746,0.0170574836921904,0.86
credit_g,rf,treeshap,213,0.8781345307135584,0.01122214896308038,0.7599999999999999
credit_g,rf,treeshap,214,0.5333337609346103,0.016280626306018897,0.8399999999999999
credit_g,rf,treeshap,215,0.5762236661040094,0.0056300605514222335,0.7999999999999999
credit_g,rf,treeshap,216,0.5874204725458884,0.013245891902252893,0.8800000000000001
credit_g,rf,treeshap,217,0.7432170793533347,0.04864972340900375,0.86
credit_g,rf,treeshap,218,0.7211644947408475,0.009513980041084613,0.86
credit_g,rf,treeshap,219,0.5307783304975106,0.009026610420553638,0.6199999999999999
credit_g,rf,treeshap,220,0.8062883861268089,0.026916828291910222,0.8400000000000001
credit_g,rf,treeshap,221,0.6897982562263589,0.04413649561886912,0.8399999999999999
credit_g,rf,treeshap,222,0.741605984713004,0.01793024841994595,0.7999999999999999
credit_g,rf,treeshap,223,0.6332903715081223,0.016963340263439597,0.9199999999999999
credit_g,rf,treeshap,224,0.8659990711935348,0.010740215091450067,0.86
credit_g,rf,treeshap,225,0.6826548875462859,0.01560569460626926,0.7999999999999999
credit_g,rf,treeshap,226,0.7803605967318031,0.017241764570439466,0.8
credit_g,rf,treeshap,227,0.6565609467744941,0.028905298935825163,0.86
credit_g,rf,treeshap,228,0.872759544303029,0.01072915216852377,0.7199999999999999
credit_g,rf,treeshap,229,0.7351086626972849,0.011931851322579456,0.9199999999999999
credit_g,rf,treeshap,230,0.5267185076904175,0.02141139519711399,0.78
credit_g,rf,treeshap,231,0.5310728639668978,0.01774929154275351,0.8799999999999999
credit_g,rf,treeshap,232,0.6910903004982349,0.030181150253893785,0.86
credit_g,rf,treeshap,233,0.5905430821790393,0.020846458896433218,0.82
credit_g,rf,treeshap,234,0.7380062455911612,0.04526138167535587,1.0
credit_g,rf,treeshap,235,0.7593511317470203,0.013838167344841112,0.82
credit_g,rf,treeshap,236,0.8667287163692666,0.019724340118670525,0.78
credit_g,rf,treeshap,237,0.521965982869911,0.020086338790217484,0.9199999999999999
credit_g,rf,treeshap,238,0.6740313256682582,0.02401562403556967,0.9199999999999999
credit_g,rf,treeshap,239,0.5459954159092011,0.02129998409148981,0.8800000000000001
credit_g,rf,treeshap,240,0.6456943806730384,0.03055038531452714,1.0
credit_g,rf,treeshap,241,0.5094606881688291,0.016214716468494705,0.7799999999999999
credit_g,rf,treeshap,242,0.5264213513906236,0.01591808625017832,0.9199999999999999
credit_g,rf,treeshap,243,0.8577049136086149,0.007335224532499907,0.9199999999999999
credit_g,rf,treeshap,244,0.5840121001815716,0.015109728882836349,1.0
credit_g,rf,treeshap,245,0.6740544651053955,0.01725193810720571,0.9199999999999999
credit_g,rf,treeshap,246,0.7926476576981548,0.03009222157000835,0.7599999999999999
credit_g,rf,treeshap,247,0.5746452319580544,0.0180444485557405,1.0
credit_g,rf,treeshap,248,0.897472710712508,0.009089135487339361,0.8800000000000001
credit_g,rf,treeshap,249,0.7260489563496131,0.0556169953967508,1.0
credit_g,rf,treeshap,250,0.7879536822452085,0.01394939263242867,1.0
credit_g,rf,treeshap,251,0.5743339785182668,0.015021912186322539,0.76
credit_g,rf,treeshap,252,0.697452799469653,0.015558920048296287,1.0
credit_g,rf,treeshap,253,0.7037516884976063,0.046572274277671744,0.72
credit_g,rf,treeshap,254,0.7756033803177118,0.0197359866303618,0.9199999999999999
credit_g,rf,treeshap,255,0.5912254559487247,0.007903467903323191,0.7999999999999999
credit_g,rf,treeshap,256,0.7325397849596471,0.015410509528052452,0.9199999999999999
credit_g,rf,treeshap,257,0.8051985151347882,0.00868337578172651,0.8799999999999999
credit_g,rf,treeshap,258,0.6064920861917131,0.015808327496176444,0.64
credit_g,rf,treeshap,259,0.5657227340061987,0.014411881399882587,0.7999999999999999
credit_g,rf,treeshap,260,0.8570380153209174,0.006820921719981499,0.9199999999999999
credit_g,rf,treeshap,261,0.6116318336024098,0.0302028934936871,0.82
credit_g,rf,treeshap,262,0.8052384150768468,0.011314955236011004,0.9199999999999999
credit_g,rf,treeshap,263,0.9244907739843627,0.0051297747836471785,0.7999999999999999
credit_g,rf,treeshap,264,0.7117356359027712,0.02353289070420317,0.9199999999999999
credit_g,rf,treeshap,265,0.8947463891889139,0.0057224312515584685,0.7
credit_g,rf,treeshap,266,0.6417785398801613,0.015123805768917586,0.86
credit_g,rf,treeshap,267,0.6611829800727346,0.03608905016256936,0.8400000000000001
credit_g,rf,treeshap,268,0.6180844267932575,0.025932157817300072,0.8799999999999999
credit_g,rf,treeshap,269,0.5420139872352919,0.02366900666115923,0.8400000000000001
credit_g,rf,treeshap,270,0.5125118557163084,0.009248599714712369,1.0
credit_g,rf,treeshap,271,0.83621433739495,0.01271267296199241,1.0
credit_g,rf,treeshap,272,0.860894502829159,0.018335217595001452,0.9199999999999999
credit_g,rf,treeshap,273,0.6841162221941456,0.03928637692812964,0.8800000000000001
credit_g,rf,treeshap,274,0.5097331047681986,0.008606489225564062,0.9199999999999999
credit_g,rf,treeshap,275,0.7168421651984491,0.034324025805363534,0.8800000000000001
credit_g,rf,treeshap,276,0.8306604088509421,0.012222687541955102,0.7599999999999999
credit_g,rf,treeshap,277,0.8759055203149163,0.0055432961070659426,0.86
credit_g,rf,treeshap,278,0.8190458115177371,0.009530132519084411,0.7599999999999999
credit_g,rf,treeshap,279,0.5202961285604408,0.022849910908973592,0.8399999999999999
credit_g,rf,treeshap,280,0.7498304594325869,0.041916720669385676,0.72
credit_g,rf,treeshap,281,0.7657941511252414,0.13903556481970514,0.6
credit_g,rf,treeshap,282,0.5957745331124492,0.025717283369346644,1.0
credit_g,rf,treeshap,283,0.64609174151471,0.03787967870881148,0.86
credit_g,rf,treeshap,284,0.8065438607271178,0.005933338421076462,0.9199999999999999
credit_g,rf,treeshap,285,0.7897850748167782,0.007282515997235173,0.9200000000000002
credit_g,rf,treeshap,286,0.5458404349382795,0.030368591349906993,0.8400000000000001
credit_g,rf,treeshap,287,0.7643272831273963,0.04366291713670534,0.8800000000000001
credit_g,rf,treeshap,288,0.7208244540633353,0.01621950438680153,0.9199999999999999
credit_g,rf,treeshap,289,0.7945959481443572,0.007934901419546336,0.8399999999999999
credit_g,rf,treeshap,290,0.6388230059245981,0.026949530767722107,0.9199999999999999
credit_g,rf,treeshap,291,0.5228747358185583,0.014980349393541426,0.9200000000000002
credit_g,rf,treeshap,292,0.5448291898991283,0.029188196822505175,0.86
credit_g,rf,treeshap,293,0.6302133859568003,0.03098381037161424,0.8
credit_g,rf,treeshap,294,0.5171186393475823,0.023273810482408286,0.9199999999999999
credit_g,rf,treeshap,295,0.6860823934994386,0.04927067177250455,0.86
credit_g,rf,treeshap,296,0.5868418930258883,0.04811177230419317,0.82
credit_g,rf,treeshap,297,0.6611835404320697,0.04601464341387229,0.7999999999999999
credit_g,rf,treeshap,298,0.5562374035999896,0.007455124356399834,0.8799999999999999
credit_g,rf,treeshap,299,0.7122489724210668,0.045067203916668186,0.8400000000000001
credit_g,rf,lime,0,0.5947835701285237,0.07389955743364562,0.6599999999999998
credit_g,rf,lime,1,0.6360304050069617,0.030613423849259802,0.7199999999999999
credit_g,rf,lime,2,0.8641210996322023,0.03874335841096843,0.8400000000000001
credit_g,rf,lime,3,0.740196712716331,0.03049762900660924,0.8399999999999999
credit_g,rf,lime,4,0.5583101241347859,0.032931985070098535,0.6799999999999999
credit_g,rf,lime,5,0.8063796947517601,0.07933485118520633,0.7799999999999999
credit_g,rf,lime,6,0.669729581279721,0.037427588184928084,0.78
credit_g,rf,lime,7,0.5721009891214446,0.04217659673644414,0.86
credit_g,rf,lime,8,0.7176663206807211,0.05761908033189067,0.7599999999999999
credit_g,rf,lime,9,0.5782829231414176,0.09139599049694735,0.76
credit_g,rf,lime,10,0.5845501822874388,0.01580167450378478,0.9199999999999999
credit_g,rf,lime,11,0.7445794104116515,0.03373773904609256,0.72
credit_g,rf,lime,12,0.8469459919601208,0.03319861541546698,0.74
credit_g,rf,lime,13,0.8571953535685065,0.03774242331249966,0.7599999999999999
credit_g,rf,lime,14,0.7830462956757518,0.03811362954897324,0.7999999999999999
credit_g,rf,lime,15,0.6773966912162563,0.06905183551461391,0.86
credit_g,rf,lime,16,0.616494157724531,0.05475920839318482,0.72
credit_g,rf,lime,17,0.8040420405850777,0.028912269779722832,0.8399999999999999
credit_g,rf,lime,18,0.8531231108849763,0.061314359951128106,0.7999999999999999
credit_g,rf,lime,19,0.8947200028404543,0.05021066794745632,0.8400000000000001
credit_g,rf,lime,20,0.6479705860656748,0.05755389404288369,0.74
credit_g,rf,lime,21,0.5768423599568854,0.032159903185358885,0.5999999999999999
credit_g,rf,lime,22,0.8446371499429428,0.027789263889646976,0.86
credit_g,rf,lime,23,0.6822630060958227,0.05994935517223432,0.7799999999999999
credit_g,rf,lime,24,0.7088355684746662,0.02657399264814475,0.74
credit_g,rf,lime,25,0.5453405962151976,0.05726052018751948,0.7799999999999999
credit_g,rf,lime,26,0.7552265081260267,0.04411633268200588,0.6399999999999999
credit_g,rf,lime,27,0.6614058286797384,0.02676899859366899,0.78
credit_g,rf,lime,28,0.8264032925938178,0.037529833568663684,0.8400000000000001
credit_g,rf,lime,29,0.6820710996801926,0.19326477448440527,0.6399999999999999
credit_g,rf,lime,30,0.6813160437423182,0.17501856103673075,0.6399999999999999
credit_g,rf,lime,31,0.5740531740732104,0.03969111464996189,0.6799999999999999
credit_g,rf,lime,32,0.570994068843708,0.10313174623971766,0.6599999999999999
credit_g,rf,lime,33,0.6827833068945143,0.06077585324290502,0.6399999999999999
credit_g,rf,lime,34,0.8175863812719045,0.03701959368185315,0.6799999999999999
credit_g,rf,lime,35,0.833421199568042,0.08259224502299212,0.66
credit_g,rf,lime,36,0.801173745968201,0.04241241553239683,0.6599999999999999
credit_g,rf,lime,37,0.5492463631302239,0.059156701321494864,0.74
credit_g,rf,lime,38,0.8110520570012035,0.1918433634965142,0.9199999999999999
credit_g,rf,lime,39,0.6626446129169659,0.19010058524914464,0.7999999999999999
credit_g,rf,lime,40,0.8569416012142194,0.03514914046878348,0.7799999999999999
credit_g,rf,lime,41,0.5709246407213939,0.07504788466181578,0.7999999999999999
credit_g,rf,lime,42,0.7327480670442428,0.11800277571842255,0.76
credit_g,rf,lime,43,0.5847040996464614,0.022694068485883734,0.86
credit_g,rf,lime,44,0.7032299233530362,0.07283161504231184,0.8799999999999999
credit_g,rf,lime,45,0.7486091632200037,0.032373384276701445,0.7199999999999999
credit_g,rf,lime,46,0.6895303296820966,0.019312445944133172,0.74
credit_g,rf,lime,47,0.7151713033487336,0.02125439213763458,0.8400000000000001
credit_g,rf,lime,48,0.7296851678150271,0.061930797614507704,0.7999999999999999
credit_g,rf,lime,49,0.7954883579107124,0.03988489978022025,0.74
credit_g,rf,lime,50,0.7401737837129821,0.05157388271041863,0.86
credit_g,rf,lime,51,0.9332614932308039,0.02347080679335356,0.7599999999999999
credit_g,rf,lime,52,0.9058457344567177,0.03560189085189425,0.6799999999999999
credit_g,rf,lime,53,0.7312297202041149,0.11496017998179742,0.6599999999999999
credit_g,rf,lime,54,0.5214284616068067,0.054593415727563155,0.78
credit_g,rf,lime,55,0.822433456482732,0.05867024677543087,0.7
credit_g,rf,lime,56,0.8751885565534676,0.017011489695546778,0.8400000000000001
credit_g,rf,lime,57,0.7143820384470676,0.03261717301033806,0.6799999999999999
credit_g,rf,lime,58,0.697996055062601,0.11372445127434838,0.72
credit_g,rf,lime,59,0.8298966637620271,0.16507145159956382,0.7399999999999999
credit_g,rf,lime,60,0.8451180114974823,0.041569386937062136,0.6599999999999999
credit_g,rf,lime,61,0.9379007364214974,0.030393895653490488,0.7
credit_g,rf,lime,62,0.6533986773339253,0.05127953085352621,0.7199999999999999
credit_g,rf,lime,63,0.6086815698705645,0.10965194438715675,0.82
credit_g,rf,lime,64,0.7152165613893383,0.026515899092753203,0.7599999999999999
credit_g,rf,lime,65,0.8770049050591325,0.05728062889640828,0.64
credit_g,rf,lime,66,0.5167844636465728,0.04464714827819949,0.7399999999999999
credit_g,rf,lime,67,0.7512601992347842,0.11671975191236472,0.9199999999999999
credit_g,rf,lime,68,0.7593796687312052,0.04594161528014984,0.6799999999999999
credit_g,rf,lime,69,0.8993978339603454,0.07466568353055825,0.6999999999999998
credit_g,rf,lime,70,0.7239454059745771,0.03475775561118244,0.72
credit_g,rf,lime,71,0.5368595400271748,0.08886147934611743,0.6399999999999999
credit_g,rf,lime,72,0.9319566132479125,0.03154050519936846,0.78
credit_g,rf,lime,73,0.8583623361469828,0.024602153301003904,0.7999999999999999
credit_g,rf,lime,74,0.5726635379870071,0.03814013282076589,0.7799999999999999
credit_g,rf,lime,75,0.859191505097634,0.07037603638764534,0.72
credit_g,rf,lime,76,0.9070419236579307,0.032030082410346994,0.74
credit_g,rf,lime,77,0.7444815593297593,0.027010281825346594,0.8799999999999999
credit_g,rf,lime,78,0.6406159889974551,0.04397313295097516,0.7599999999999999
credit_g,rf,lime,79,0.7248112783665939,0.17819074112213973,0.7799999999999999
credit_g,rf,lime,80,0.5856154952494151,0.05559294769290113,0.7599999999999999
credit_g,rf,lime,81,0.8942356553129087,0.03476530129812061,0.7599999999999999
credit_g,rf,lime,82,0.7807113124402202,0.045760267379118647,0.82
credit_g,rf,lime,83,0.6615467775994492,0.1955888441676381,0.6399999999999999
credit_g,rf,lime,84,0.8589176600994509,0.04210705586470953,0.76
credit_g,rf,lime,85,0.7503779208660541,0.033239287605240087,0.6799999999999999
credit_g,rf,lime,86,0.5316956352408346,0.04179962137223503,0.7999999999999999
credit_g,rf,lime,87,0.7818530995875592,0.02795513767498059,0.86
credit_g,rf,lime,88,0.6793769706438514,0.04841592918273496,0.6599999999999999
credit_g,rf,lime,89,0.5106796064314603,0.08819028598999645,0.74
credit_g,rf,lime,90,0.6152552125478904,0.07764038367987458,0.62
credit_g,rf,lime,91,0.6472674858052534,0.1148814396200043,0.7799999999999999
credit_g,rf,lime,92,0.5172836379696497,0.04109208711141077,0.58
credit_g,rf,lime,93,0.6110562210371979,0.04132149026141474,0.6399999999999999
credit_g,rf,lime,94,0.7959360907346972,0.037620047994029404,0.7
credit_g,rf,lime,95,0.7237885266167777,0.03061728928343954,0.86
credit_g,rf,lime,96,0.6780987885019493,0.04227263505328638,0.7199999999999999
credit_g,rf,lime,97,0.5238880525514773,0.08407540992840712,0.8399999999999999
credit_g,rf,lime,98,0.7826914445522688,0.040471065501877845,0.7799999999999999
credit_g,rf,lime,99,0.6181099793484766,0.25922398425696613,0.8400000000000001
credit_g,hgb,treeshap,0,0.5967966461525603,0.11836898336622803,0.56
credit_g,hgb,treeshap,1,0.6271996801214386,0.09922870280696294,0.76
credit_g,hgb,treeshap,2,0.8445199023338384,0.1661200176689721,0.6599999999999999
credit_g,hgb,treeshap,3,0.7526663214039575,0.052037869456310504,0.86
credit_g,hgb,treeshap,4,0.6542444041615207,0.07816829412576087,0.7
credit_g,hgb,treeshap,5,0.8853605507009628,0.08280416870338192,0.82
credit_g,hgb,treeshap,6,0.7625546917132963,0.0961314081036061,0.8400000000000001
credit_g,hgb,treeshap,7,0.7412237814288891,0.05807160901566666,0.7599999999999999
credit_g,hgb,treeshap,8,0.8118764597754135,0.09591475788139991,0.7399999999999999
credit_g,hgb,treeshap,9,0.5454977016854475,0.10064952815525108,0.52
credit_g,hgb,treeshap,10,0.5544051373122412,0.0766148110762972,0.9199999999999999
credit_g,hgb,treeshap,11,0.8992370826708397,0.09106896458227154,0.86
credit_g,hgb,treeshap,12,0.9339104672984,0.14161477530656508,0.58
credit_g,hgb,treeshap,13,0.9425260968540513,0.09818697627141693,0.78
credit_g,hgb,treeshap,14,0.860319465299576,0.15621009623256588,0.6599999999999999
credit_g,hgb,treeshap,15,0.6666366402338524,0.26722519895404073,0.54
credit_g,hgb,treeshap,16,0.622986794288343,0.14409470446375505,0.6
credit_g,hgb,treeshap,17,0.8464396199213677,0.10159184006139932,0.6399999999999999
credit_g,hgb,treeshap,18,0.9150087092888313,0.08123824336519525,0.7
credit_g,hgb,treeshap,19,0.9442117419783331,0.06758886060863534,0.7999999999999999
credit_g,hgb,treeshap,20,0.7213519789547661,0.10437759637533084,0.6199999999999999
credit_g,hgb,treeshap,21,0.716689692299832,0.055224147247617594,1.0
credit_g,hgb,treeshap,22,0.9565444368207485,0.06829463929116453,0.7
credit_g,hgb,treeshap,23,0.7139659670707321,0.11754625008823838,0.7199999999999999
credit_g,hgb,treeshap,24,0.8373353150662008,0.06925284003680865,0.68
credit_g,hgb,treeshap,25,0.6631660994132941,0.07580976161693032,0.72
credit_g,hgb,treeshap,26,0.8827918417992906,0.06263828605640143,0.7799999999999999
credit_g,hgb,treeshap,27,0.7452858683370918,0.10861497226638905,0.6599999999999999
credit_g,hgb,treeshap,28,0.9224636670930414,0.08167019398120134,0.6599999999999999
credit_g,hgb,treeshap,29,0.6608177577254634,0.2071131098301352,0.6399999999999999
credit_g,hgb,treeshap,30,0.7382839896751772,0.49921381245279584,0.5999999999999999
credit_g,hgb,treeshap,31,0.6318472803682446,0.12121111771322646,0.7599999999999999
credit_g,hgb,treeshap,32,0.7318370793103386,0.062414572035197735,0.7399999999999999
credit_g,hgb,treeshap,33,0.7957914002735619,0.14951057598220707,0.72
credit_g,hgb,treeshap,34,0.8110839920409149,0.11812501004970088,0.76
credit_g,hgb,treeshap,35,0.8865523992768193,0.0872594151056798,0.8399999999999999
credit_g,hgb,treeshap,36,0.8961778365100355,0.09261482154709277,0.54
credit_g,hgb,treeshap,37,0.7945317205800659,0.060066244952703185,0.82
credit_g,hgb,treeshap,38,0.8650330873418275,0.26513672777422914,0.7599999999999999
credit_g,hgb,treeshap,39,0.5885515606656986,0.15134809781335112,0.5599999999999999
credit_g,hgb,treeshap,40,0.8489052147808925,0.1077908775983556,0.5000000000000001
credit_g,hgb,treeshap,41,0.6793599787129347,0.15709413883060164,0.7
credit_g,hgb,treeshap,42,0.7449251678739832,0.14327695146603892,0.76
credit_g,hgb,treeshap,43,0.679018627030605,0.11103483506174927,0.8
credit_g,hgb,treeshap,44,0.8412523714621702,0.17123987939638852,0.76
credit_g,hgb,treeshap,45,0.8862230901095632,0.12710330776007872,0.62
credit_g,hgb,treeshap,46,0.7819753696176601,0.07814353137163921,0.7799999999999999
credit_g,hgb,treeshap,47,0.6687953228780952,0.040471541453944715,0.86
credit_g,hgb,treeshap,48,0.786590917596298,0.1399344256144266,0.7
credit_g,hgb,treeshap,49,0.9354497634018287,0.0720601841807822,0.8799999999999999
credit_g,hgb,treeshap,50,0.7964128727084863,0.2426191034713545,0.6
credit_g,hgb,treeshap,51,0.9592870268466072,0.09525609544464797,0.7999999999999999
credit_g,hgb,treeshap,52,0.9201446711368886,0.08740365327133404,0.5599999999999999
credit_g,hgb,treeshap,53,0.8341246265245698,0.07252568017273864,0.6399999999999999
credit_g,hgb,treeshap,54,0.6914486633582804,0.06504464236682828,0.58
credit_g,hgb,treeshap,55,0.9327573186680856,0.08053733373333993,0.6799999999999999
credit_g,hgb,treeshap,56,0.9357545443612072,0.06687463523235626,0.8
credit_g,hgb,treeshap,57,0.8645111108240714,0.06899037570546263,0.9200000000000002
credit_g,hgb,treeshap,58,0.6488932690060343,0.11547894564397598,0.6199999999999999
credit_g,hgb,treeshap,59,0.9205310710046891,0.09080304374071735,0.6999999999999998
credit_g,hgb,treeshap,60,0.8692247956314549,0.09846773524994068,0.6599999999999999
credit_g,hgb,treeshap,61,0.9446737320228371,0.058383844394761075,0.7
credit_g,hgb,treeshap,62,0.5920974374663042,0.06369284128449682,0.6599999999999999
credit_g,hgb,treeshap,63,0.7344940555475477,0.08112103164624895,0.6799999999999999
credit_g,hgb,treeshap,64,0.8423880129532897,0.058085671286075224,0.74
credit_g,hgb,treeshap,65,0.9255099888688285,0.11953951709672384,0.76
credit_g,hgb,treeshap,66,0.5955059049901025,0.06444104979126253,0.7999999999999999
credit_g,hgb,treeshap,67,0.6854244028697447,0.17024318906934466,0.58
credit_g,hgb,treeshap,68,0.8583933765452277,0.10402034275646899,0.8
credit_g,hgb,treeshap,69,0.9208695165395049,0.1040264134158908,0.5399999999999999
credit_g,hgb,treeshap,70,0.7602990629140873,0.10067292193339195,0.74
credit_g,hgb,treeshap,71,0.6399098276226856,0.18577986652718348,0.74
credit_g,hgb,treeshap,72,0.9464674154492382,0.06847616205867868,0.7399999999999999
credit_g,hgb,treeshap,73,0.8489931811333079,0.10484517593648801,0.8
credit_g,hgb,treeshap,74,0.7542028281705822,0.09424485140528238,0.86
credit_g,hgb,treeshap,75,0.8995706003609631,0.11938146034009378,0.6399999999999999
credit_g,hgb,treeshap,76,0.967722503536218,0.08379526631168077,0.9199999999999999
credit_g,hgb,treeshap,77,0.9122587640848426,0.10275846316529136,0.76
credit_g,hgb,treeshap,78,0.7166789135098478,0.08767009245632962,0.8399999999999999
credit_g,hgb,treeshap,79,0.753702193385377,0.3062967401841654,0.5
credit_g,hgb,treeshap,80,0.691924459634355,0.06760656311635871,0.6799999999999999
credit_g,hgb,treeshap,81,0.8712908190562556,0.1281335546293787,0.6399999999999999
credit_g,hgb,treeshap,82,0.8147545425484296,0.09427286614902441,0.5599999999999998
credit_g,hgb,treeshap,83,0.7233820470794516,0.12432153125234924,0.6799999999999999
credit_g,hgb,treeshap,84,0.9065953737542861,0.05501513466231067,0.6399999999999999
credit_g,hgb,treeshap,85,0.9279635088765724,0.11097713082541782,0.64
credit_g,hgb,treeshap,86,0.5800623252301806,0.12374139211272106,0.82
credit_g,hgb,treeshap,87,0.8200796013975526,0.06701933834059359,0.54
credit_g,hgb,treeshap,88,0.7894709184214711,0.1199680802341545,0.7599999999999999
credit_g,hgb,treeshap,89,0.630356105940767,0.06244300286906823,0.6799999999999999
credit_g,hgb,treeshap,90,0.6917800014341842,0.17724640020225324,0.5999999999999999
credit_g,hgb,treeshap,91,0.7402168611919013,0.5330475671951891,0.34
credit_g,hgb,treeshap,92,0.6132185290797006,0.13197948120720449,0.58
credit_g,hgb,treeshap,93,0.652488261862688,0.10089340701704708,0.6
credit_g,hgb,treeshap,94,0.7649409380635259,0.12663009645215362,0.52
credit_g,hgb,treeshap,95,0.7657292499474992,0.10075735168093014,0.6999999999999998
credit_g,hgb,treeshap,96,0.6094978631406357,0.07404950686235012,0.6399999999999999
credit_g,hgb,treeshap,97,0.56693968372145,0.1384223084297419,0.86
credit_g,hgb,treeshap,98,0.8045706383239025,0.09197871585728268,0.6399999999999999
credit_g,hgb,treeshap,99,0.6375301735622259,0.33800446859839217,0.72
credit_g,hgb,treeshap,100,0.5979789289426904,0.1624615263755762,0.6399999999999999
credit_g,hgb,treeshap,101,0.6776646557227795,0.13635442410174936,0.8400000000000001
credit_g,hgb,treeshap,102,0.9202329849213179,0.0738571291202963,0.62
credit_g,hgb,treeshap,103,0.8844276770555884,0.1270301471551898,0.76
credit_g,hgb,treeshap,104,0.8071091824975829,0.3100882054913803,0.5800000000000001
credit_g,hgb,treeshap,105,0.9538432629828819,0.04100707647414148,0.7799999999999999
credit_g,hgb,treeshap,106,0.7781995674271189,0.08220080758833814,0.7399999999999999
credit_g,hgb,treeshap,107,0.6018879382309436,0.10577212208982589,0.7799999999999999
credit_g,hgb,treeshap,108,0.6183295313733247,0.11833835430062456,0.6199999999999999
credit_g,hgb,treeshap,109,0.5944391417082026,0.15948181762594305,0.5799999999999998
credit_g,hgb,treeshap,110,0.8352922253747181,0.06603678144922154,0.7199999999999999
credit_g,hgb,treeshap,111,0.5989399854261986,0.14056013269340983,0.6799999999999999
credit_g,hgb,treeshap,112,0.9121921354172668,0.07015751648308322,0.7799999999999999
credit_g,hgb,treeshap,113,0.9238665413262579,0.07557750449898692,0.6599999999999999
credit_g,hgb,treeshap,114,0.933371181293434,0.1338885820623179,0.7799999999999999
credit_g,hgb,treeshap,115,0.7607767886017457,0.10792461897009975,0.5
credit_g,hgb,treeshap,116,0.701562263109334,0.07372807218619981,0.7399999999999999
credit_g,hgb,treeshap,117,0.6866282048010728,0.16672991751252442,0.62
credit_g,hgb,treeshap,118,0.8683255428927475,0.1586457320743978,0.7399999999999999
credit_g,hgb,treeshap,119,0.7922862337248997,0.14503319772455892,0.8399999999999999
credit_g,hgb,treeshap,120,0.6911514843190958,0.37228730379344677,0.62
credit_g,hgb,treeshap,121,0.6600879778664858,0.08843681226200051,0.74
credit_g,hgb,treeshap,122,0.6265865084159126,0.09461520496728504,0.86
credit_g,hgb,treeshap,123,0.812495390723585,0.08500829466092452,0.7199999999999999
credit_g,hgb,treeshap,124,0.9161104970086249,0.1094311011848097,0.48
credit_g,hgb,treeshap,125,0.7059853580371792,0.09850306619084148,0.7399999999999999
credit_g,hgb,treeshap,126,0.9331670867978404,0.04545400465907701,0.76
credit_g,hgb,treeshap,127,0.8560041175516909,0.13152966552449707,0.6399999999999999
credit_g,hgb,treeshap,128,0.8651668770100629,0.05193369939462689,0.7599999999999999
credit_g,hgb,treeshap,129,0.6216038228941743,0.0741482004454721,0.8400000000000001
credit_g,hgb,treeshap,130,0.6063641337924133,0.23549174677837537,0.6999999999999998
credit_g,hgb,treeshap,131,0.6333965721240984,0.0689799182873223,0.7999999999999999
credit_g,hgb,treeshap,132,0.824595414446218,0.14022442864141849,0.7
credit_g,hgb,treeshap,133,0.9000920744174108,0.1236473323497227,0.6199999999999999
credit_g,hgb,treeshap,134,0.9513602501007432,0.09528828285196356,0.9199999999999999
credit_g,hgb,treeshap,135,0.9598153495972491,0.06914775601193468,0.7599999999999999
credit_g,hgb,treeshap,136,0.797075225866069,0.22448847564726981,0.58
credit_g,hgb,treeshap,137,0.7658659206870102,0.15922480960261398,0.72
credit_g,hgb,treeshap,138,0.6722157086922416,0.16547665176425197,1.0
credit_g,hgb,treeshap,139,0.8111016186969507,0.04424647487887001,0.7799999999999999
credit_g,hgb,treeshap,140,0.734686344977687,0.09216713218715122,0.7
credit_g,hgb,treeshap,141,0.8278028377331648,0.06545127735049161,0.82
credit_g,hgb,treeshap,142,0.7272709468866133,0.15852693906488435,0.7999999999999999
credit_g,hgb,treeshap,143,0.9520905338328932,0.05716069840987181,0.74
credit_g,hgb,treeshap,144,0.8820064743771603,0.16205571514263184,0.7799999999999999
credit_g,hgb,treeshap,145,0.7441989258081454,0.24336058910471015,0.5199999999999999
credit_g,hgb,treeshap,146,0.9321505848162552,0.10932122549193735,0.5999999999999999
credit_g,hgb,treeshap,147,0.6597848495778885,0.07930146838810614,0.5799999999999998
credit_g,hgb,treeshap,148,0.5591384431614742,0.06503629825242585,0.7999999999999999
credit_g,hgb,treeshap,149,0.5807978292386933,0.07988114632122179,0.6599999999999999
credit_g,hgb,treeshap,150,0.5747953327334053,0.05581904412764638,0.8400000000000001
credit_g,hgb,treeshap,151,0.5936005528650002,0.0960424376201392,0.72
credit_g,hgb,treeshap,152,0.7384003427464477,0.15324204361829374,0.86
credit_g,hgb,treeshap,153,0.7798913247118098,0.21316886089518905,0.7199999999999999
credit_g,hgb,treeshap,154,0.6552904883331199,0.08136367039243664,0.82
credit_g,hgb,treeshap,155,0.5955001215004405,0.09239515538954546,0.76
credit_g,hgb,treeshap,156,0.8174872521482062,0.08569983012673643,0.9200000000000002
credit_g,hgb,treeshap,157,0.6506999741365951,0.14898759485616453,0.62
credit_g,hgb,treeshap,158,0.5987731750721647,0.12930936844896623,0.72
credit_g,hgb,treeshap,159,0.8418583934033027,0.11118411872232181,0.7399999999999999
credit_g,hgb,treeshap,160,0.6764093624845461,0.0731995891533922,0.72
credit_g,hgb,treeshap,161,0.8180304155338366,0.0563674954666018,0.74
credit_g,hgb,treeshap,162,0.8914210354253329,0.12572453782063753,0.76
credit_g,hgb,treeshap,163,0.5762301034108589,0.10954266019343173,0.7
credit_g,hgb,treeshap,164,0.9598082133564189,0.08765394403003268,0.9199999999999999
credit_g,hgb,treeshap,165,0.7117170781015756,0.04580978880511677,0.8399999999999999
credit_g,hgb,treeshap,166,0.5462339085687558,0.07408166971164931,0.7599999999999999
credit_g,hgb,treeshap,167,0.9316592322443326,0.08041116832558315,0.6399999999999999
credit_g,hgb,treeshap,168,0.9478727933574336,0.05438267562753274,0.86
credit_g,hgb,treeshap,169,0.8780832785452681,0.05720656456499307,0.76
credit_g,hgb,treeshap,170,0.7542376284347738,0.3059015136287109,0.5999999999999999
credit_g,hgb,treeshap,171,0.8003767507268783,0.05354499243083688,0.6799999999999999
credit_g,hgb,treeshap,172,0.6777837451986489,0.33043089189060204,0.5200000000000001
credit_g,hgb,treeshap,173,0.6232351648224165,0.1780533927519965,0.6599999999999999
credit_g,hgb,treeshap,174,0.6465011025618698,0.1594940277874516,0.72
credit_g,hgb,treeshap,175,0.7053286863249724,0.21024711068599733,0.5999999999999999
credit_g,hgb,treeshap,176,0.5834770916474034,0.12186244930235524,0.78
credit_g,hgb,treeshap,177,0.8983908046279835,0.10598827702993585,0.5799999999999998
credit_g,hgb,treeshap,178,0.6587105562791447,0.1311508272619426,0.6599999999999999
credit_g,hgb,treeshap,179,0.7585117713703546,0.290434427515996,0.7399999999999999
credit_g,hgb,treeshap,180,0.809330400006349,0.06493083194415628,0.74
credit_g,hgb,treeshap,181,0.7568993022046945,0.09411313416639755,0.6399999999999999
credit_g,hgb,treeshap,182,0.8263578994221122,0.08093128347167533,0.7999999999999999
credit_g,hgb,treeshap,183,0.542569265089268,0.1330924133034428,0.7399999999999999
credit_g,hgb,treeshap,184,0.6170217947493253,0.07089480838312556,0.62
credit_g,hgb,treeshap,185,0.600068185650581,0.1170206052798004,0.6599999999999999
credit_g,hgb,treeshap,186,0.8777944932899866,0.10106822364075485,0.86
credit_g,hgb,treeshap,187,0.6706193010143635,0.1491404484334934,0.6
credit_g,hgb,treeshap,188,0.9384146617612632,0.04064339128338068,0.7199999999999999
credit_g,hgb,treeshap,189,0.6047124771383605,0.10340770638878938,0.7799999999999999
credit_g,hgb,treeshap,190,0.873710871975133,0.05088140090867699,0.8800000000000001
credit_g,hgb,treeshap,191,0.8506896411074303,0.08993638881394583,0.6
credit_g,hgb,treeshap,192,0.7328207873787771,0.18179084728471318,0.7599999999999999
credit_g,hgb,treeshap,193,0.5843509408845317,0.310510971944548,0.5800000000000001
credit_g,hgb,treeshap,194,0.5636746593539815,0.09001124704459418,0.56
credit_g,hgb,treeshap,195,0.6256377290004087,0.2087995400720235,0.7599999999999999
credit_g,hgb,treeshap,196,0.7635198122306877,0.23513040350489223,0.4600000000000001
credit_g,hgb,treeshap,197,0.6343675235422783,0.12556772991250553,0.6599999999999999
credit_g,hgb,treeshap,198,0.7532693378056294,0.06326940052554375,0.7
credit_g,hgb,treeshap,199,0.8267282379084756,0.16682619875296356,0.74
credit_g,hgb,treeshap,200,0.7036025985596078,0.04711656254657437,0.8399999999999999
credit_g,hgb,treeshap,201,0.936281098080087,0.11073163665228736,0.76
credit_g,hgb,treeshap,202,0.700021316011066,0.1865980392582154,0.54
credit_g,hgb,treeshap,203,0.5732020019976625,0.09441283560060931,0.6
credit_g,hgb,treeshap,204,0.5306114779904971,0.18081032596372337,0.7
credit_g,hgb,treeshap,205,0.7198688747021806,0.17156072523872934,0.52
credit_g,hgb,treeshap,206,0.5510750350861701,0.08192370220585832,0.82
credit_g,hgb,treeshap,207,0.9425394388292269,0.06670643850321212,0.8400000000000001
credit_g,hgb,treeshap,208,0.9523958556669992,0.0644830379039778,0.8
credit_g,hgb,treeshap,209,0.775601103422942,0.17685292058872637,0.62
credit_g,hgb,treeshap,210,0.7601071007676062,0.0870386860683684,0.5399999999999999
credit_g,hgb,treeshap,211,0.8985705667370997,0.07870650508971955,0.6399999999999999
credit_g,hgb,treeshap,212,0.746446300934939,0.13961359017390085,0.7
credit_g,hgb,treeshap,213,0.8665558892118137,0.06457041597051061,0.58
credit_g,hgb,treeshap,214,0.5856389836642774,0.10989987355994102,0.8400000000000001
credit_g,hgb,treeshap,215,0.7076384636338693,0.07216688765146151,0.6799999999999999
credit_g,hgb,treeshap,216,0.6633650752280073,0.11644624347357002,1.0
credit_g,hgb,treeshap,217,0.7978242323125802,0.28239373152245817,0.6799999999999999
credit_g,hgb,treeshap,218,0.8551783995265337,0.08055990749067998,0.7
credit_g,hgb,treeshap,219,0.6110967541929295,0.07047773088004416,0.6999999999999998
credit_g,hgb,treeshap,220,0.8578243951981157,0.27453977701594556,0.7
credit_g,hgb,treeshap,221,0.8772986612664635,0.2041459087592301,0.5199999999999999
credit_g,hgb,treeshap,222,0.5727579584715158,0.14137937276360601,0.86
credit_g,hgb,treeshap,223,0.7313008280170133,0.17822425814063048,0.6599999999999999
credit_g,hgb,treeshap,224,0.9325108068735798,0.08318845845214096,1.0
credit_g,hgb,treeshap,225,0.6205701389449036,0.07711702396453113,0.7599999999999999
credit_g,hgb,treeshap,226,0.8488119405904955,0.08510479677629501,0.72
credit_g,hgb,treeshap,227,0.6763820887605626,0.14649198491583315,0.86
credit_g,hgb,treeshap,228,0.9230696969538463,0.04618029185521366,0.6799999999999999
credit_g,hgb,treeshap,229,0.8113556542972388,0.09678448000438744,0.6599999999999999
credit_g,hgb,treeshap,230,0.6373811995291786,0.22639556055153975,0.6599999999999999
credit_g,hgb,treeshap,231,0.5862855726269542,0.1297924403285149,0.7799999999999999
credit_g,hgb,treeshap,232,0.6189517678117394,0.043636230263244924,0.7
credit_g,hgb,treeshap,233,0.6383347249553988,0.09189999226254864,0.76
credit_g,hgb,treeshap,234,0.88522343264293,0.12299100742009672,0.6599999999999999
credit_g,hgb,treeshap,235,0.7851868111954126,0.1309174411068541,0.6599999999999999
credit_g,hgb,treeshap,236,0.9306325176200833,0.06361682687450221,0.7
credit_g,hgb,treeshap,237,0.7006939034575572,0.08762456298076327,0.8400000000000001
credit_g,hgb,treeshap,238,0.8078190753108041,0.08004340760855977,0.86
credit_g,hgb,treeshap,239,0.5710895304256917,0.12696946531323727,0.72
credit_g,hgb,treeshap,240,0.6424859624443331,0.20677258368630658,0.74
credit_g,hgb,treeshap,241,0.6115716223098012,0.12594825023495537,0.8
credit_g,hgb,treeshap,242,0.6246934699137003,0.08089382895565689,0.72
credit_g,hgb,treeshap,243,0.9224179513635689,0.06142901635744269,0.6799999999999999
credit_g,hgb,treeshap,244,0.6360816981140496,0.12033587428062376,0.8400000000000001
credit_g,hgb,treeshap,245,0.6846544616549162,0.16242165185190882,0.54
credit_g,hgb,treeshap,246,0.7862392673521807,0.17865111277626478,0.74
credit_g,hgb,treeshap,247,0.5536347725134056,0.09387651336680314,0.6799999999999999
credit_g,hgb,treeshap,248,0.940351114451617,0.14778499688328872,0.6199999999999999
credit_g,hgb,treeshap,249,0.7867269711792005,0.15070174177495388,0.78
credit_g,hgb,treeshap,250,0.9037287632398303,0.13337738227842078,0.7
credit_g,hgb,treeshap,251,0.6892791824496632,0.15273420797805692,0.72
credit_g,hgb,treeshap,252,0.8090922144532253,0.05093212994274432,0.6999999999999998
credit_g,hgb,treeshap,253,0.7298309265791522,0.2269248783584329,0.7399999999999999
credit_g,hgb,treeshap,254,0.8880719973530831,0.13168824178028837,0.74
credit_g,hgb,treeshap,255,0.7004572547808163,0.09254359901236575,0.7999999999999999
credit_g,hgb,treeshap,256,0.8499135912762885,0.08332793729445043,0.8800000000000001
credit_g,hgb,treeshap,257,0.9299006531597722,0.06523200031960064,0.7
credit_g,hgb,treeshap,258,0.6508739597985143,0.2084146416406275,0.5599999999999999
credit_g,hgb,treeshap,259,0.719122324148602,0.0529354524923209,0.7799999999999999
credit_g,hgb,treeshap,260,0.8383298420595786,0.10327076426794102,0.4
credit_g,hgb,treeshap,261,0.6780400836520943,0.2856458190479957,0.6399999999999999
credit_g,hgb,treeshap,262,0.8077526087014917,0.04633043301460282,0.7399999999999999
credit_g,hgb,treeshap,263,0.9388713800833765,0.051041000751854804,0.76
credit_g,hgb,treeshap,264,0.6869366552073206,0.11530324695265715,0.7799999999999999
credit_g,hgb,treeshap,265,0.9353331621644596,0.03714100147546284,0.6799999999999999
credit_g,hgb,treeshap,266,0.5787656627367215,0.056148435294403165,0.7999999999999999
credit_g,hgb,treeshap,267,0.6221356515086576,0.1743160407329858,0.7799999999999999
credit_g,hgb,treeshap,268,0.6118834054496729,0.14282401860677996,0.86
credit_g,hgb,treeshap,269,0.6583771821365225,0.04169800598468054,0.86
credit_g,hgb,treeshap,270,0.5839098218812707,0.08201442820866678,0.86
credit_g,hgb,treeshap,271,0.9490868229689073,0.04364540174443088,0.86
credit_g,hgb,treeshap,272,0.8329094778390018,0.06325213160226739,0.7
credit_g,hgb,treeshap,273,0.739152458998344,0.23904455486218523,0.7000000000000002
credit_g,hgb,treeshap,274,0.6352616386207522,0.10656461850500276,0.74
credit_g,hgb,treeshap,275,0.8934144687191619,0.28800447954263986,0.54
credit_g,hgb,treeshap,276,0.776114968062396,0.1678725645231911,0.54
credit_g,hgb,treeshap,277,0.893461541767343,0.06218087885802537,0.6199999999999999
credit_g,hgb,treeshap,278,0.8596880487958378,0.08342051523518546,0.5599999999999998
credit_g,hgb,treeshap,279,0.5595474550494703,0.10360166064569754,0.7999999999999999
credit_g,hgb,treeshap,280,0.7658812598111413,0.31291516225479654,0.5199999999999999
credit_g,hgb,treeshap,281,0.7984033403206318,0.2808343241482504,0.7599999999999999
credit_g,hgb,treeshap,282,0.6189728723540756,0.14587925154978443,0.6799999999999999
credit_g,hgb,treeshap,283,0.8480871303081976,0.13311834797620603,0.78
credit_g,hgb,treeshap,284,0.8387417134382478,0.0728642862543456,0.6599999999999999
credit_g,hgb,treeshap,285,0.8706678562849977,0.05644946230642878,0.6799999999999999
credit_g,hgb,treeshap,286,0.6775706544337756,0.06943626334225372,0.9199999999999999
credit_g,hgb,treeshap,287,0.9006547562446722,0.2489418696137934,0.58
credit_g,hgb,treeshap,288,0.9051472608948083,0.0876989650063571,0.7
credit_g,hgb,treeshap,289,0.8499848985649325,0.08671821283433157,0.6199999999999999
credit_g,hgb,treeshap,290,0.6533193566591959,0.17582138271439174,0.6799999999999999
credit_g,hgb,treeshap,291,0.5863754667572524,0.08590669319254585,0.7799999999999999
credit_g,hgb,treeshap,292,0.6590418174921832,0.1377337492217221,0.8399999999999999
credit_g,hgb,treeshap,293,0.6112168582181559,0.21153435408070054,0.7
credit_g,hgb,treeshap,294,0.6989727118364426,0.1078834573745091,0.7
credit_g,hgb,treeshap,295,0.8041638741588848,0.24123887586607984,0.52
credit_g,hgb,treeshap,296,0.6102574528809483,0.19931871646278532,0.6599999999999999
credit_g,hgb,treeshap,297,0.767195200446421,0.11371550781216455,0.72
credit_g,hgb,treeshap,298,0.7437013062784479,0.0600250894586466,0.74
credit_g,hgb,treeshap,299,0.6066497243412239,0.23593044922995987,0.7
credit_g,hgb,lime,0,0.5967966461525603,0.2804663145993612,0.5399999999999999
credit_g,hgb,lime,1,0.6271996801214386,0.17787717422175642,0.7
credit_g,hgb,lime,2,0.8445199023338384,0.19242781229862982,0.6799999999999999
credit_g,hgb,lime,3,0.7526663214039575,0.1390846093845235,0.76
credit_g,hgb,lime,4,0.6542444041615207,0.10143260844953461,0.7999999999999999
credit_g,hgb,lime,5,0.8853605507009628,0.24412211935849215,0.54
credit_g,hgb,lime,6,0.7625546917132963,0.15298513206118847,0.6
credit_g,hgb,lime,7,0.7412237814288891,0.17105026889650843,0.7799999999999999
credit_g,hgb,lime,8,0.8118764597754135,0.15056664595634606,0.8400000000000001
credit_g,hgb,lime,9,0.5454977016854475,0.2524000908159184,0.72
credit_g,hgb,lime,10,0.5544051373122412,0.19499635659877623,0.7
credit_g,hgb,lime,11,0.8992370826708397,0.14907656786742918,0.82
credit_g,hgb,lime,12,0.9339104672984,0.2757423254257061,0.5400000000000001
credit_g,hgb,lime,13,0.9425260968540513,0.25200858627372225,0.5399999999999999
credit_g,hgb,lime,14,0.860319465299576,0.19385470832937912,0.6399999999999999
credit_g,hgb,lime,15,0.6666366402338524,0.21881988513709694,0.6599999999999999
credit_g,hgb,lime,16,0.622986794288343,0.2146526659171052,0.6199999999999999
credit_g,hgb,lime,17,0.8464396199213677,0.16986844662577616,0.7399999999999999
credit_g,hgb,lime,18,0.9150087092888313,0.20069181121431878,0.58
credit_g,hgb,lime,19,0.9442117419783331,0.2709912310730642,0.64
credit_g,hgb,lime,20,0.7213519789547661,0.2477818048808107,0.5200000000000001
credit_g,hgb,lime,21,0.716689692299832,0.133891254954416,0.7
credit_g,hgb,lime,22,0.9565444368207485,0.18192272088101835,0.6599999999999999
credit_g,hgb,lime,23,0.7139659670707321,0.17798009514682656,0.5000000000000001
credit_g,hgb,lime,24,0.8373353150662008,0.10676873058901215,0.7599999999999999
credit_g,hgb,lime,25,0.6631660994132941,0.15490818533858497,0.6199999999999999
credit_g,hgb,lime,26,0.8827918417992906,0.22680433240858322,0.6199999999999999
credit_g,hgb,lime,27,0.7452858683370918,0.18168394277829714,0.6399999999999999
credit_g,hgb,lime,28,0.9224636670930414,0.17348012370102395,0.6799999999999998
credit_g,hgb,lime,29,0.6608177577254634,0.3755533520107903,0.56
credit_g,hgb,lime,30,0.7382839896751772,0.3778827349058931,0.6
credit_g,hgb,lime,31,0.6318472803682446,0.17916761537495396,0.82
credit_g,hgb,lime,32,0.7318370793103386,0.1699926485372718,0.5999999999999999
credit_g,hgb,lime,33,0.7957914002735619,0.1501363864630587,0.6199999999999999
credit_g,hgb,lime,34,0.8110839920409149,0.11621472062918625,0.7
credit_g,hgb,lime,35,0.8865523992768193,0.22414263912889232,0.58
credit_g,hgb,lime,36,0.8961778365100355,0.19374136252472418,0.6399999999999999
credit_g,hgb,lime,37,0.7945317205800659,0.1898094289891722,0.7799999999999999
credit_g,hgb,lime,38,0.8650330873418275,0.277846205565614,0.6599999999999999
credit_g,hgb,lime,39,0.5885515606656986,0.32929631018154293,0.74
credit_g,hgb,lime,40,0.8489052147808925,0.2195875554765696,0.6399999999999999
credit_g,hgb,lime,41,0.6793599787129347,0.20918318739586894,0.5200000000000001
credit_g,hgb,lime,42,0.7449251678739832,0.2069141044141809,0.5999999999999999
credit_g,hgb,lime,43,0.679018627030605,0.09798264941669166,0.78
credit_g,hgb,lime,44,0.8412523714621702,0.20301547150656396,0.74
credit_g,hgb,lime,45,0.8862230901095632,0.12370529913967354,0.7399999999999999
credit_g,hgb,lime,46,0.7819753696176601,0.150547427473825,0.7
credit_g,hgb,lime,47,0.6687953228780952,0.14144656200227934,0.7599999999999999
credit_g,hgb,lime,48,0.786590917596298,0.25368557032348094,0.54
credit_g,hgb,lime,49,0.9354497634018287,0.2172679063542663,0.72
credit_g,hgb,lime,50,0.7964128727084863,0.23179446692235195,0.6
credit_g,hgb,lime,51,0.9592870268466072,0.11849855303445023,0.7599999999999999
credit_g,hgb,lime,52,0.9201446711368886,0.23646584440785878,0.5399999999999999
credit_g,hgb,lime,53,0.8341246265245698,0.18207042535308582,0.6599999999999999
credit_g,hgb,lime,54,0.6914486633582804,0.13523301018235245,0.74
credit_g,hgb,lime,55,0.9327573186680856,0.2862953214572912,0.4600000000000001
credit_g,hgb,lime,56,0.9357545443612072,0.18497592464734347,0.6200000000000001
credit_g,hgb,lime,57,0.8645111108240714,0.16413621246429688,0.6799999999999999
credit_g,hgb,lime,58,0.6488932690060343,0.1898692573180888,0.6799999999999999
credit_g,hgb,lime,59,0.9205310710046891,0.3098841401237449,0.6
credit_g,hgb,lime,60,0.8692247956314549,0.3554994837317643,0.5000000000000001
credit_g,hgb,lime,61,0.9446737320228371,0.19807446305367704,0.6599999999999999
credit_g,hgb,lime,62,0.5920974374663042,0.21444857932412043,0.7
credit_g,hgb,lime,63,0.7344940555475477,0.18897678118408834,0.72
credit_g,hgb,lime,64,0.8423880129532897,0.14297959185590692,0.6599999999999999
credit_g,hgb,lime,65,0.9255099888688285,0.2229181956538563,0.54
credit_g,hgb,lime,66,0.5955059049901025,0.16113622869942557,0.6399999999999999
credit_g,hgb,lime,67,0.6854244028697447,0.3317686388659904,0.6199999999999999
credit_g,hgb,lime,68,0.8583933765452277,0.10937444725830936,0.6799999999999999
credit_g,hgb,lime,69,0.9208695165395049,0.3426590691990391,0.6799999999999999
credit_g,hgb,lime,70,0.7602990629140873,0.2102274028387502,0.6599999999999999
credit_g,hgb,lime,71,0.6399098276226856,0.26812836640786875,0.7199999999999999
credit_g,hgb,lime,72,0.9464674154492382,0.17567408894053727,0.6199999999999999
credit_g,hgb,lime,73,0.8489931811333079,0.16912328780343755,0.7799999999999999
credit_g,hgb,lime,74,0.7542028281705822,0.10366208366978003,0.6799999999999999
credit_g,hgb,lime,75,0.8995706003609631,0.2731995489151736,0.5000000000000001
credit_g,hgb,lime,76,0.967722503536218,0.1937584761339448,0.6599999999999999
credit_g,hgb,lime,77,0.9122587640848426,0.15895667029246696,0.6599999999999999
credit_g,hgb,lime,78,0.7166789135098478,0.19526661924800204,0.72
credit_g,hgb,lime,79,0.753702193385377,0.34563738749828266,0.5399999999999999
credit_g,hgb,lime,80,0.691924459634355,0.21610944291677903,0.48
credit_g,hgb,lime,81,0.8712908190562556,0.2471250494408509,0.8400000000000001
credit_g,hgb,lime,82,0.8147545425484296,0.20304564148378168,0.6399999999999999
credit_g,hgb,lime,83,0.7233820470794516,0.25359841583436016,0.6399999999999999
credit_g,hgb,lime,84,0.9065953737542861,0.15655909998726913,0.7799999999999999
credit_g,hgb,lime,85,0.9279635088765724,0.18570045079352826,0.5599999999999999
credit_g,hgb,lime,86,0.5800623252301806,0.21493765856927793,0.7
credit_g,hgb,lime,87,0.8200796013975526,0.2641541794685225,0.6199999999999999
credit_g,hgb,lime,88,0.7894709184214711,0.1082023115118581,0.7
credit_g,hgb,lime,89,0.630356105940767,0.20648780934064537,0.7
credit_g,hgb,lime,90,0.6917800014341842,0.36069226776434415,0.4600000000000001
credit_g,hgb,lime,91,0.7402168611919013,0.2923354631697682,0.7
credit_g,hgb,lime,92,0.6132185290797006,0.12312615106519986,0.7
credit_g,hgb,lime,93,0.652488261862688,0.15355273221863341,0.5599999999999999
credit_g,hgb,lime,94,0.7649409380635259,0.1891338636452049,0.6799999999999999
credit_g,hgb,lime,95,0.7657292499474992,0.19604379512392212,0.6
credit_g,hgb,lime,96,0.6094978631406357,0.19551183456549226,0.86
credit_g,hgb,lime,97,0.56693968372145,0.2731261883779712,0.6599999999999999
credit_g,hgb,lime,98,0.8045706383239025,0.17689945051410394,0.58
credit_g,hgb,lime,99,0.6375301735622259,0.4086452917694402,0.6399999999999999
credit_g,mlp,ig,0,0.5403639723898508,0.17899653725128517,0.42000000000000004
credit_g,mlp,ig,1,0.5717851109129333,0.10325593978985093,0.7999999999999999
credit_g,mlp,ig,2,0.9418417778710022,0.1781973377970445,0.6799999999999999
credit_g,mlp,ig,3,0.7934359734164383,0.17097857549250883,0.7399999999999999
credit_g,mlp,ig,4,0.6157307552781852,0.11295959216594986,0.6999999999999998
credit_g,mlp,ig,5,0.9233499850422733,0.15742317091965563,0.7199999999999999
credit_g,mlp,ig,6,0.6850309006495756,0.182851813963245,0.7
credit_g,mlp,ig,7,0.59459931795262,0.12135933284960354,0.5599999999999999
credit_g,mlp,ig,8,0.7821602068090094,0.13900959642371702,0.5199999999999999
credit_g,mlp,ig,9,0.6278482432367677,0.22164746682144099,0.44000000000000006
credit_g,mlp,ig,10,0.6517794005205655,0.15308363853494666,0.66
credit_g,mlp,ig,11,0.8729203017629708,0.21288841196929364,0.5200000000000001
credit_g,mlp,ig,12,0.944571373907614,0.2240143066163125,0.6199999999999999
credit_g,mlp,ig,13,0.9309111163660247,0.20003353168324178,0.6
credit_g,mlp,ig,14,0.9181701794247725,0.17684910246826635,0.6200000000000001
credit_g,mlp,ig,15,0.8143486843303084,0.2788099484625711,0.5800000000000001
credit_g,mlp,ig,16,0.635677566494022,0.16588102899057677,0.52
credit_g,mlp,ig,17,0.8933075427823198,0.14620270741614516,0.5799999999999998
credit_g,mlp,ig,18,0.89461637741271,0.1427822649841497,0.4600000000000001
credit_g,mlp,ig,19,0.9074707424062449,0.21133770045235,0.6599999999999999
credit_g,mlp,ig,20,0.7503808124399022,0.12113456683506951,0.7199999999999999
credit_g,mlp,ig,21,0.7206601256022157,0.16350152285080954,0.72
credit_g,mlp,ig,22,0.9520634805164925,0.15504357665417356,0.74
credit_g,mlp,ig,23,0.7704004725364583,0.1658645496904384,0.6
credit_g,mlp,ig,24,0.6969354753718641,0.19310605773893263,0.58
credit_g,mlp,ig,25,0.5866521740838615,0.14167302011915672,0.7999999999999999
credit_g,mlp,ig,26,0.7383722067405971,0.1797726878860919,0.6599999999999999
credit_g,mlp,ig,27,0.5871842577409772,0.10315605437654851,0.74
credit_g,mlp,ig,28,0.8517833038375814,0.09105054296415427,0.6799999999999999
credit_g,mlp,ig,29,0.6890126060262004,0.1380425157543519,0.6399999999999999
credit_g,mlp,ig,30,0.596844792190129,0.22954243250651785,0.52
credit_g,mlp,ig,31,0.5917945020180897,0.2741234866310891,0.5800000000000002
credit_g,mlp,ig,32,0.7627569068950496,0.2738674871681901,0.5399999999999999
credit_g,mlp,ig,33,0.6661780211644177,0.3516206164717727,0.58
credit_g,mlp,ig,34,0.9322367582948253,0.11848768112231445,0.7799999999999999
credit_g,mlp,ig,35,0.9394507515865451,0.374410811078702,0.5399999999999999
credit_g,mlp,ig,36,0.8430287690982402,0.12972609222564857,0.7399999999999999
credit_g,mlp,ig,37,0.6450418000292275,0.23942482670076015,0.5800000000000001
credit_g,mlp,ig,38,0.94666022912956,0.20500420787263096,0.5600000000000002
credit_g,mlp,ig,39,0.7220046449462615,0.2015049008493095,0.5799999999999998
credit_g,mlp,ig,40,0.9193636346993875,0.1301169397949371,0.5
credit_g,mlp,ig,41,0.5426884377375141,0.1944192101758535,0.5999999999999999
credit_g,mlp,ig,42,0.7366430758690287,0.14948826461273357,0.52
credit_g,mlp,ig,43,0.6958389651897006,0.19063335915562052,0.7
credit_g,mlp,ig,44,0.7896470396906319,0.22615092345941,0.6799999999999999
credit_g,mlp,ig,45,0.7661264579045068,0.22230625728347708,0.6399999999999999
credit_g,mlp,ig,46,0.6486369469809682,0.14467605997505273,0.6799999999999999
credit_g,mlp,ig,47,0.5714574443327652,0.10095917273582466,0.9200000000000002
credit_g,mlp,ig,48,0.7130490555287607,0.20719881419684272,0.58
credit_g,mlp,ig,49,0.9707522930045679,0.13329003423424568,0.64
credit_g,mlp,ig,50,0.8157795880610397,0.16796446306716284,0.5999999999999999
credit_g,mlp,ig,51,0.9764628398312205,0.12183228634513021,0.7199999999999999
credit_g,mlp,ig,52,0.9479167477272314,0.1703507215545852,0.6199999999999999
credit_g,mlp,ig,53,0.836136846262107,0.16422406951923585,0.74
credit_g,mlp,ig,54,0.5690564151822689,0.16078576927593458,0.52
credit_g,mlp,ig,55,0.9191017049648108,0.16420265537254952,0.6199999999999999
credit_g,mlp,ig,56,0.9005499032296003,0.15955378333723158,0.7000000000000001
credit_g,mlp,ig,57,0.8397048677540566,0.10350663531718585,0.7399999999999999
credit_g,mlp,ig,58,0.669390370676177,0.1618829219336284,0.5999999999999999
credit_g,mlp,ig,59,0.9060395518930278,0.12135216753676181,0.72
credit_g,mlp,ig,60,0.909214869404743,0.20934554221468082,0.6199999999999999
credit_g,mlp,ig,61,0.9658255859446541,0.1993008424442625,0.62
credit_g,mlp,ig,62,0.6845327617796384,0.2493901031320458,0.5599999999999999
credit_g,mlp,ig,63,0.636308583383943,0.1696658283792557,0.6399999999999999
credit_g,mlp,ig,64,0.8190492338385406,0.1719592877461531,0.7200000000000001
credit_g,mlp,ig,65,0.9222461896359551,0.07402412324330021,0.6399999999999999
credit_g,mlp,ig,66,0.5606132023670336,0.23143051434422113,0.6
credit_g,mlp,ig,67,0.7384602717312979,0.2122561944372412,0.5599999999999999
credit_g,mlp,ig,68,0.7709234198036616,0.23274563956698446,0.6
credit_g,mlp,ig,69,0.9377458603461049,0.1045040630907822,0.7199999999999999
credit_g,mlp,ig,70,0.8615765325494655,0.1861585505739487,0.7
credit_g,mlp,ig,71,0.6991698922895659,0.17929843339103013,0.6399999999999999
credit_g,mlp,ig,72,0.975761939505451,0.11384339451938552,0.7599999999999999
credit_g,mlp,ig,73,0.9488477917955624,0.15867744520779825,0.7799999999999999
credit_g,mlp,ig,74,0.7277385343006421,0.22704213638200588,0.6799999999999999
credit_g,mlp,ig,75,0.8926659432548592,0.1982213672330959,0.58
credit_g,mlp,ig,76,0.9727929306887699,0.16110337312651402,0.58
credit_g,mlp,ig,77,0.7770443026912057,0.1589183365415101,0.5800000000000001
credit_g,mlp,ig,78,0.6983749934833237,0.15552604955822547,0.7999999999999999
credit_g,mlp,ig,79,0.7251061641174701,0.21841402493991002,0.5599999999999999
credit_g,mlp,ig,80,0.7901550757709883,0.15084989782756764,0.6399999999999999
credit_g,mlp,ig,81,0.9627850975497841,0.21020446803612236,0.8400000000000001
credit_g,mlp,ig,82,0.7847792497833468,0.19743767754431796,0.5999999999999999
credit_g,mlp,ig,83,0.8117723121112472,0.2569787063400708,0.6199999999999999
credit_g,mlp,ig,84,0.9408200134013756,0.16662171270306825,0.6199999999999999
credit_g,mlp,ig,85,0.7905430237667409,0.16341512010991122,0.7599999999999999
credit_g,mlp,ig,86,0.5507904434171581,0.20067271383951413,0.7
credit_g,mlp,ig,87,0.7600749066046878,0.09094626724398758,0.62
credit_g,mlp,ig,88,0.7887693757353392,0.12405488968972966,0.8400000000000001
credit_g,mlp,ig,89,0.6030709503625431,0.11545242401851752,0.7399999999999999
credit_g,mlp,ig,90,0.7525730944225261,0.22706597193849587,0.6799999999999999
credit_g,mlp,ig,91,0.585751223349302,0.3585897125646902,0.43999999999999995
credit_g,mlp,ig,92,0.6773469553764165,0.17794866600816517,0.6399999999999999
credit_g,mlp,ig,93,0.5573748242232639,0.2500483342783433,0.6
credit_g,mlp,ig,94,0.8468033981941347,0.22330141076282584,0.56
credit_g,mlp,ig,95,0.6988007227313919,0.18207170511569015,0.7599999999999999
credit_g,mlp,ig,96,0.7402248699440545,0.19664761715421375,0.7
credit_g,mlp,ig,97,0.655125384799056,0.16565926973355083,0.6599999999999999
credit_g,mlp,ig,98,0.8386821520476919,0.10358190192006522,0.7
credit_g,mlp,ig,99,0.6222624100692846,0.20899432981786548,0.72
credit_g,mlp,ig,100,0.5389417198114776,0.251176135905663,0.6
credit_g,mlp,ig,101,0.7313467865030048,0.1728558409379165,0.72
credit_g,mlp,ig,102,0.9171568644147658,0.12353166739823518,0.7999999999999999
credit_g,mlp,ig,103,0.9420488050206757,0.09313981472450439,0.6599999999999999
credit_g,mlp,ig,104,0.6390589139014873,0.2683155663542852,0.42000000000000004
credit_g,mlp,ig,105,0.9723159459313223,0.16045084300199053,0.62
credit_g,mlp,ig,106,0.8060849134117726,0.11703922106910025,0.7599999999999999
credit_g,mlp,ig,107,0.6387984686334978,0.20262385688475193,0.6599999999999999
credit_g,mlp,ig,108,0.720034077704606,0.146200447692031,0.52
credit_g,mlp,ig,109,0.5734037424004417,0.16635997022388072,0.6
credit_g,mlp,ig,110,0.8908412630162221,0.2722995461230674,0.58
credit_g,mlp,ig,111,0.5864684932812623,0.2316197013982676,0.5599999999999998
credit_g,mlp,ig,112,0.8765968141289298,0.1052862398448362,0.7599999999999999
credit_g,mlp,ig,113,0.9640494892671093,0.07645106880910313,0.5799999999999998
credit_g,mlp,ig,114,0.9782668925764149,0.09632986527134757,0.86
credit_g,mlp,ig,115,0.6954034457481321,0.19484705593256513,0.48
credit_g,mlp,ig,116,0.659228077084265,0.1386304789471119,0.56
credit_g,mlp,ig,117,0.5439107903970282,0.08173097812058128,0.6000000000000001
credit_g,mlp,ig,118,0.8824932655709381,0.24111264938662347,0.5800000000000001
credit_g,mlp,ig,119,0.642066955736652,0.19425930759291776,0.6199999999999999
credit_g,mlp,ig,120,0.6353658131319724,0.36950726868218764,0.44000000000000006
credit_g,mlp,ig,121,0.5767612542345073,0.19653015843651467,0.58
credit_g,mlp,ig,122,0.610655041582308,0.17223722735074654,0.5800000000000001
credit_g,mlp,ig,123,0.8114525054065943,0.1605707893067434,0.6399999999999999
credit_g,mlp,ig,124,0.9677196163664961,0.157949238616931,0.7999999999999999
credit_g,mlp,ig,125,0.7000787187246278,0.24003409430880074,0.5199999999999999
credit_g,mlp,ig,126,0.9081553342224886,0.17235507353431478,0.6199999999999999
credit_g,mlp,ig,127,0.9071940884988251,0.25335483641741174,0.6399999999999999
credit_g,mlp,ig,128,0.6843730704230434,0.0900944193784341,0.6599999999999999
credit_g,mlp,ig,129,0.5905464378615212,0.1340978433066411,0.7799999999999999
credit_g,mlp,ig,130,0.5756029310503699,0.3245618275946547,0.7
credit_g,mlp,ig,131,0.5769499577495856,0.1917275484557205,0.6399999999999999
credit_g,mlp,ig,132,0.7687959881546018,0.19696840314523834,0.58
credit_g,mlp,ig,133,0.9332810399703279,0.1585717739894763,0.6599999999999999
credit_g,mlp,ig,134,0.8801074354601572,0.17479383510624713,0.7799999999999999
credit_g,mlp,ig,135,0.9708773982737796,0.13656809868781994,0.6799999999999999
credit_g,mlp,ig,136,0.6092006222168258,0.17300656433472683,0.6799999999999999
credit_g,mlp,ig,137,0.833870668798513,0.20289541737589945,0.7599999999999999
credit_g,mlp,ig,138,0.7307383549758149,0.1796360659412437,0.6399999999999999
credit_g,mlp,ig,139,0.7395717706902737,0.12931074177832147,0.7199999999999999
credit_g,mlp,ig,140,0.7494678051773125,0.08388264579671478,0.6399999999999999
credit_g,mlp,ig,141,0.6929398133103483,0.1679630746922296,0.6599999999999999
credit_g,mlp,ig,142,0.5438364626928076,0.15620253337601375,0.6999999999999998
credit_g,mlp,ig,143,0.9086101724848703,0.13758943319563366,0.6399999999999999
credit_g,mlp,ig,144,0.8875693043815177,0.13224238427770163,0.72
credit_g,mlp,ig,145,0.6558809684236293,0.2583195956676311,0.56
credit_g,mlp,ig,146,0.9374424385269574,0.14905960575234523,0.5800000000000001
credit_g,mlp,ig,147,0.6046908788035774,0.14137971534321614,0.5000000000000001
credit_g,mlp,ig,148,0.5574149668755565,0.1325137005278385,0.7799999999999999
credit_g,mlp,ig,149,0.6902128211861884,0.23688990808049926,0.54
credit_g,mlp,ig,150,0.5888145958522504,0.17340226624015265,0.6000000000000001
credit_g,mlp,ig,151,0.6527753244168781,0.1403115327638893,0.6799999999999999
credit_g,mlp,ig,152,0.7653178093766699,0.16672552117108064,0.5999999999999999
credit_g,mlp,ig,153,0.7742699579752423,0.2938929114633355,0.5599999999999999
credit_g,mlp,ig,154,0.5353102532406367,0.16726195282436862,0.6599999999999999
credit_g,mlp,ig,155,0.6054091310514357,0.33078760624980086,0.5599999999999999
credit_g,mlp,ig,156,0.9594972515158654,0.1444608588146128,0.6599999999999999
credit_g,mlp,ig,157,0.5967534915059665,0.201929691925135,0.6599999999999999
credit_g,mlp,ig,158,0.5406596947772982,0.3020144172398088,0.6199999999999999
credit_g,mlp,ig,159,0.8174559578063839,0.1524170276737642,0.6199999999999999
credit_g,mlp,ig,160,0.7307965322554011,0.191687780519454,0.72
credit_g,mlp,ig,161,0.7316913978046484,0.09224923872080615,0.8400000000000001
credit_g,mlp,ig,162,0.8649196939302335,0.16019497637113866,0.6599999999999999
credit_g,mlp,ig,163,0.5610799521284695,0.11898266548863334,0.6000000000000001
credit_g,mlp,ig,164,0.9663323645730246,0.1810968228776032,0.7
credit_g,mlp,ig,165,0.6582560961399326,0.17638222381755075,0.6599999999999999
credit_g,mlp,ig,166,0.5687393442589392,0.14719253949520805,0.6399999999999999
credit_g,mlp,ig,167,0.9151448815580785,0.2303908363671192,0.6599999999999999
credit_g,mlp,ig,168,0.9133016044756745,0.19014255778866662,0.6799999999999999
credit_g,mlp,ig,169,0.8320328842884326,0.12882426451951456,0.6799999999999999
credit_g,mlp,ig,170,0.8731058949222854,0.2543679171514668,0.5
credit_g,mlp,ig,171,0.5301173654714277,0.10162826137199799,0.78
credit_g,mlp,ig,172,0.6660588593864534,0.16614898387975308,0.6199999999999999
credit_g,mlp,ig,173,0.620859271484416,0.13487572705339412,0.6999999999999998
credit_g,mlp,ig,174,0.5711634938795395,0.3279238306927492,0.45999999999999996
credit_g,mlp,ig,175,0.5945837615201794,0.3700972056508737,0.56
credit_g,mlp,ig,176,0.5789924649796412,0.09555942817470398,0.6399999999999999
credit_g,mlp,ig,177,0.9561627108982209,0.14101742114710825,0.6799999999999999
credit_g,mlp,ig,178,0.65621723770543,0.16151960924269626,0.6599999999999999
credit_g,mlp,ig,179,0.7736551535257251,0.15179403082571297,0.6599999999999999
credit_g,mlp,ig,180,0.9181988907374784,0.1331517294310366,0.5799999999999998
credit_g,mlp,ig,181,0.8396522508800854,0.14229096117819373,0.52
credit_g,mlp,ig,182,0.9200168606600597,0.08276414976413027,0.6799999999999999
credit_g,mlp,ig,183,0.5525287390754141,0.14192479140130465,0.6799999999999999
credit_g,mlp,ig,184,0.7007956277380047,0.11356551377916624,0.6799999999999999
credit_g,mlp,ig,185,0.6035609496207328,0.18225028294904466,0.7399999999999999
credit_g,mlp,ig,186,0.8885132085614472,0.14529364836940295,0.7
credit_g,mlp,ig,187,0.5905695204413082,0.13944789068786556,0.7399999999999999
credit_g,mlp,ig,188,0.9450177316487643,0.0983589249880733,0.6799999999999999
credit_g,mlp,ig,189,0.5882177288740651,0.21614157852006732,0.58
credit_g,mlp,ig,190,0.8771521638452817,0.11615181202486935,0.8399999999999999
credit_g,mlp,ig,191,0.6720965404943399,0.1552021096093812,0.72
credit_g,mlp,ig,192,0.7866304861819593,0.1525015720798697,0.6399999999999999
credit_g,mlp,ig,193,0.6790918748307277,0.3435092809014534,0.4800000000000001
credit_g,mlp,ig,194,0.5539238774142886,0.11463377980631295,0.6
credit_g,mlp,ig,195,0.5972908006446389,0.24917044293817658,0.6399999999999999
credit_g,mlp,ig,196,0.662433569473724,0.18885958871467223,0.76
credit_g,mlp,ig,197,0.7363172594229521,0.14182759731180605,0.7
credit_g,mlp,ig,198,0.8795362772617683,0.15678374161669806,0.5599999999999999
credit_g,mlp,ig,199,0.7856296662085382,0.11793506474274573,0.6
credit_g,mlp,ig,200,0.6336109133840071,0.07132788291839032,0.5999999999999999
credit_g,mlp,ig,201,0.9465204399943522,0.19693864707583997,0.6
credit_g,mlp,ig,202,0.8088098254987772,0.17103155705449657,0.6399999999999999
credit_g,mlp,ig,203,0.5991320755534897,0.21703379249189436,0.5599999999999999
credit_g,mlp,ig,204,0.5329246025209153,0.2804036342449414,0.52
credit_g,mlp,ig,205,0.830630355277032,0.17556346215440954,0.6199999999999999
credit_g,mlp,ig,206,0.5874656068296528,0.08619728585430231,0.64
credit_g,mlp,ig,207,0.9624459593427239,0.1489450892541091,0.7799999999999999
credit_g,mlp,ig,208,0.9326744590176507,0.1338157448930024,0.74
credit_g,mlp,ig,209,0.6601928607536888,0.17959901663954747,0.5800000000000001
credit_g,mlp,ig,210,0.7713882578724424,0.17536260710148444,0.52
credit_g,mlp,ig,211,0.876008595486244,0.21286543449216144,0.54
credit_g,mlp,ig,212,0.64987313884179,0.1589737680344161,0.56
credit_g,mlp,ig,213,0.9474964497512609,0.10167609346943696,0.48
credit_g,mlp,ig,214,0.6097976354727719,0.1651111171710653,0.6599999999999999
credit_g,mlp,ig,215,0.7237491741297417,0.1609346669117656,0.6799999999999999
credit_g,mlp,ig,216,0.5363501045060117,0.19064096148618181,0.6199999999999999
credit_g,mlp,ig,217,0.8332123794225481,0.22040733679051083,0.5999999999999999
credit_g,mlp,ig,218,0.8647206784838086,0.15108991532299743,0.56
credit_g,mlp,ig,219,0.6027743182240302,0.14630616997544388,0.4600000000000001
credit_g,mlp,ig,220,0.944722259167199,0.0959906134561479,0.7799999999999999
credit_g,mlp,ig,221,0.7192332414055528,0.3627960328101987,0.5
credit_g,mlp,ig,222,0.7049360913025449,0.17801707619656215,0.5999999999999999
credit_g,mlp,ig,223,0.5893056238890596,0.12720238644852633,0.6599999999999999
credit_g,mlp,ig,224,0.9539240811402306,0.1922600821325785,0.6799999999999999
credit_g,mlp,ig,225,0.8262076367268923,0.1628744940030291,0.6399999999999999
credit_g,mlp,ig,226,0.8609354709765471,0.09589913330556299,0.6399999999999999
credit_g,mlp,ig,227,0.7670849160351211,0.12612067141120797,0.6399999999999999
credit_g,mlp,ig,228,0.9039421858642317,0.12110887804139614,0.6799999999999999
credit_g,mlp,ig,229,0.6292905722358217,0.14954784300567103,0.62
credit_g,mlp,ig,230,0.5838919338541013,0.2979494093135807,0.58
credit_g,mlp,ig,231,0.5719906085346956,0.24771141578085631,0.52
credit_g,mlp,ig,232,0.7445285285602904,0.2303499333911786,0.6
credit_g,mlp,ig,233,0.551048189326807,0.10977074281401822,0.7599999999999999
credit_g,mlp,ig,234,0.8234727276912246,0.18209859013445584,0.5999999999999999
credit_g,mlp,ig,235,0.6823899826437324,0.16761840848406118,0.6399999999999999
credit_g,mlp,ig,236,0.8568459045842782,0.25327413637490126,0.6199999999999999
credit_g,mlp,ig,237,0.6878301544127922,0.1844738083816232,0.72
credit_g,mlp,ig,238,0.5621551261966407,0.14623980811682835,0.7599999999999999
credit_g,mlp,ig,239,0.5918517465725872,0.25718660274045835,0.6199999999999999
credit_g,mlp,ig,240,0.6057902484588665,0.2017911911330178,0.7599999999999999
credit_g,mlp,ig,241,0.6234726052488903,0.1283430223553801,0.6399999999999999
credit_g,mlp,ig,242,0.6478516088594868,0.13388891330839336,0.6399999999999999
credit_g,mlp,ig,243,0.8417899920495481,0.11861761704723706,0.5999999999999999
credit_g,mlp,ig,244,0.7277263878578106,0.22227485513977818,0.6799999999999999
credit_g,mlp,ig,245,0.6967339029505757,0.20468383822680558,0.52
credit_g,mlp,ig,246,0.8252416538918645,0.12197024479930274,0.7399999999999999
credit_g,mlp,ig,247,0.6141754197113081,0.16118555905500553,0.6799999999999999
credit_g,mlp,ig,248,0.9783208680923261,0.14429789289766082,0.68
credit_g,mlp,ig,249,0.9300719114451793,0.1841530683460748,0.6599999999999999
credit_g,mlp,ig,250,0.9284860101356595,0.10144724217347445,0.7599999999999999
credit_g,mlp,ig,251,0.5980110071235639,0.08698084980472309,0.7999999999999999
credit_g,mlp,ig,252,0.626606330066623,0.18588078961510557,0.72
credit_g,mlp,ig,253,0.7362983493295298,0.19326504648584586,0.44000000000000006
credit_g,mlp,ig,254,0.8492309287677173,0.23905556653896243,0.5800000000000001
credit_g,mlp,ig,255,0.58374531056734,0.15405806021532287,0.6799999999999998
credit_g,mlp,ig,256,0.8425268528986696,0.10668596044892331,0.82
credit_g,mlp,ig,257,0.9328891074509386,0.14125631199309885,0.6399999999999999
credit_g,mlp,ig,258,0.5758781069482402,0.24608026878177613,0.5
credit_g,mlp,ig,259,0.8044704108779938,0.17093197678930427,0.6399999999999999
credit_g,mlp,ig,260,0.8810194196494491,0.17320627842805203,0.7
credit_g,mlp,ig,261,0.6531417625736905,0.2990619352021415,0.42000000000000004
credit_g,mlp,ig,262,0.7374361732674033,0.17999805172620165,0.6599999999999999
credit_g,mlp,ig,263,0.9652701712552967,0.09662832582239422,0.7
credit_g,mlp,ig,264,0.7802816493275221,0.14874729494130656,0.5800000000000001
credit_g,mlp,ig,265,0.9279940892554481,0.09737399937215996,0.54
credit_g,mlp,ig,266,0.7838668782099587,0.10185561141160737,0.8400000000000001
credit_g,mlp,ig,267,0.7280713430667158,0.235900760645674,0.6599999999999999
credit_g,mlp,ig,268,0.6802078553175421,0.17206829592585893,0.6199999999999999
credit_g,mlp,ig,269,0.5806556027746854,0.19084687105213793,0.7799999999999999
credit_g,mlp,ig,270,0.5948583207513142,0.17386946272786086,0.7599999999999999
credit_g,mlp,ig,271,0.9192127107840466,0.13349811526336097,0.68
credit_g,mlp,ig,272,0.9590326781648779,0.18630398184017471,0.68
credit_g,mlp,ig,273,0.7382927251001146,0.1941460860326849,0.6399999999999999
credit_g,mlp,ig,274,0.5780350795396705,0.16026464607979096,0.6799999999999999
credit_g,mlp,ig,275,0.8058904101916451,0.26086113034212377,0.6
credit_g,mlp,ig,276,0.8222409665568247,0.2179576078403137,0.6199999999999999
credit_g,mlp,ig,277,0.9044026148113158,0.13160378860104005,0.6599999999999999
credit_g,mlp,ig,278,0.822035311339609,0.09845084299426932,0.6199999999999999
credit_g,mlp,ig,279,0.6472554173539101,0.17988538487830164,0.6599999999999999
credit_g,mlp,ig,280,0.7303905125955642,0.40829473897485014,0.52
credit_g,mlp,ig,281,0.8382531141257727,0.43950497070696204,0.5399999999999999
credit_g,mlp,ig,282,0.5848293624077773,0.22061986816493206,0.52
credit_g,mlp,ig,283,0.6415890794605833,0.22069824772164892,0.6599999999999999
credit_g,mlp,ig,284,0.912208937485878,0.1323208163986067,0.6399999999999999
credit_g,mlp,ig,285,0.8261945286985952,0.11007540812516381,0.56
credit_g,mlp,ig,286,0.6545861118154059,0.17597962068234418,0.52
credit_g,mlp,ig,287,0.8802050086790072,0.3044157595943987,0.5599999999999999
credit_g,mlp,ig,288,0.8113645698550525,0.11254144046846348,0.72
credit_g,mlp,ig,289,0.8346722639460926,0.1421993649448383,0.58
credit_g,mlp,ig,290,0.6085038583027711,0.13408982792409696,0.6799999999999999
credit_g,mlp,ig,291,0.5420931110263492,0.19550608206855047,0.6599999999999999
credit_g,mlp,ig,292,0.5869458003370366,0.2216395918796904,0.5599999999999999
credit_g,mlp,ig,293,0.7883757261931917,0.1346132453492077,0.5999999999999999
credit_g,mlp,ig,294,0.5949505855791501,0.3071522090820894,0.5
credit_g,mlp,ig,295,0.6515278862910387,0.2302744182470038,0.54
credit_g,mlp,ig,296,0.5912971908496918,0.1761879874129505,0.52
credit_g,mlp,ig,297,0.6800560193202279,0.22378695736899468,0.6
credit_g,mlp,ig,298,0.7054751392205146,0.13245505958142034,0.6599999999999999
credit_g,mlp,ig,299,0.7520163827908098,0.2646851973424357,0.56
credit_g,mlp,lime,0,0.5403639723898508,0.20487606842171657,0.6599999999999999
credit_g,mlp,lime,1,0.5717851109129333,0.09704990516608891,0.8399999999999999
credit_g,mlp,lime,2,0.9418417778710022,0.19240007366735057,0.6199999999999999
credit_g,mlp,lime,3,0.7934359734164383,0.25827487627455437,0.52
credit_g,mlp,lime,4,0.6157307552781852,0.2206643615911249,0.6399999999999999
credit_g,mlp,lime,5,0.9233499850422733,0.2104051757915132,0.56
credit_g,mlp,lime,6,0.6850309006495756,0.1476445047959245,0.76
credit_g,mlp,lime,7,0.59459931795262,0.20293150496368728,0.66
credit_g,mlp,lime,8,0.7821602068090094,0.1952494481033309,0.5800000000000001
credit_g,mlp,lime,9,0.6278482432367677,0.14734809944725935,0.7599999999999999
credit_g,mlp,lime,10,0.6517794005205655,0.16796657093400058,0.5999999999999999
credit_g,mlp,lime,11,0.8729203017629708,0.17533967805504902,0.54
credit_g,mlp,lime,12,0.944571373907614,0.12108943468026412,0.62
credit_g,mlp,lime,13,0.9309111163660247,0.24269520134356115,0.64
credit_g,mlp,lime,14,0.9181701794247725,0.1822102096184498,0.6199999999999999
credit_g,mlp,lime,15,0.8143486843303084,0.2181181256538296,0.5199999999999999
credit_g,mlp,lime,16,0.635677566494022,0.1558200370648406,0.5999999999999999
credit_g,mlp,lime,17,0.8933075427823198,0.12273899548155742,0.7599999999999999
credit_g,mlp,lime,18,0.89461637741271,0.2985695590917672,0.56
credit_g,mlp,lime,19,0.9074707424062449,0.0826529918379133,0.7399999999999999
credit_g,mlp,lime,20,0.7503808124399022,0.19857632597771102,0.56
credit_g,mlp,lime,21,0.7206601256022157,0.1227583410402856,0.6399999999999999
credit_g,mlp,lime,22,0.9520634805164925,0.15288861155240152,0.6599999999999999
credit_g,mlp,lime,23,0.7704004725364583,0.2132664479561639,0.54
credit_g,mlp,lime,24,0.6969354753718641,0.08763959224303286,0.8400000000000001
credit_g,mlp,lime,25,0.5866521740838615,0.2020247698242874,0.7
credit_g,mlp,lime,26,0.7383722067405971,0.2631433248416233,0.48
credit_g,mlp,lime,27,0.5871842577409772,0.15049118594841215,0.6799999999999999
credit_g,mlp,lime,28,0.8517833038375814,0.19550125174161948,0.6
credit_g,mlp,lime,29,0.6890126060262004,0.1672730617147874,0.6199999999999999
credit_g,mlp,lime,30,0.596844792190129,0.2927599030872814,0.5199999999999999
credit_g,mlp,lime,31,0.5917945020180897,0.12002298287161017,0.6399999999999999
credit_g,mlp,lime,32,0.7627569068950496,0.16353927111899313,0.5399999999999999
credit_g,mlp,lime,33,0.6661780211644177,0.1494261211547212,0.54
credit_g,mlp,lime,34,0.9322367582948253,0.11587927537569764,0.8399999999999999
credit_g,mlp,lime,35,0.9394507515865451,0.1370592186997175,0.5599999999999999
credit_g,mlp,lime,36,0.8430287690982402,0.16831381665425482,0.6399999999999999
credit_g,mlp,lime,37,0.6450418000292275,0.2032588312749779,0.54
credit_g,mlp,lime,38,0.94666022912956,0.37613944506447516,0.34
credit_g,mlp,lime,39,0.7220046449462615,0.23270710206864065,0.6399999999999999
credit_g,mlp,lime,40,0.9193636346993875,0.13701944843467628,0.7
credit_g,mlp,lime,41,0.5426884377375141,0.17434568044571586,0.54
credit_g,mlp,lime,42,0.7366430758690287,0.2664845394637204,0.5199999999999999
credit_g,mlp,lime,43,0.6958389651897006,0.18931983465702307,0.6799999999999999
credit_g,mlp,lime,44,0.7896470396906319,0.23428678261626057,0.6399999999999999
credit_g,mlp,lime,45,0.7661264579045068,0.1416995510193676,0.5799999999999998
credit_g,mlp,lime,46,0.6486369469809682,0.13368895355891652,0.7199999999999999
credit_g,mlp,lime,47,0.5714574443327652,0.15302750987022162,0.6999999999999998
credit_g,mlp,lime,48,0.7130490555287607,0.28947890206603943,0.5
credit_g,mlp,lime,49,0.9707522930045679,0.14633559983028,0.6399999999999999
credit_g,mlp,lime,50,0.8157795880610397,0.1824997188763744,0.6799999999999999
credit_g,mlp,lime,51,0.9764628398312205,0.15269477069024917,0.6399999999999999
credit_g,mlp,lime,52,0.9479167477272314,0.18555234272061338,0.6599999999999999
credit_g,mlp,lime,53,0.836136846262107,0.29361469864648027,0.5599999999999999
credit_g,mlp,lime,54,0.5690564151822689,0.16831321939022137,0.7599999999999999
credit_g,mlp,lime,55,0.9191017049648108,0.22172659091576108,0.58
credit_g,mlp,lime,56,0.9005499032296003,0.15434201548518733,0.5799999999999998
credit_g,mlp,lime,57,0.8397048677540566,0.09403549253695509,0.86
credit_g,mlp,lime,58,0.669390370676177,0.26333104363576165,0.58
credit_g,mlp,lime,59,0.9060395518930278,0.24031491650817183,0.4600000000000001
credit_g,mlp,lime,60,0.909214869404743,0.2739676303872306,0.6
credit_g,mlp,lime,61,0.9658255859446541,0.13883240965101395,0.62
credit_g,mlp,lime,62,0.6845327617796384,0.13189746320905082,0.6599999999999999
credit_g,mlp,lime,63,0.636308583383943,0.25834851624247246,0.5200000000000001
credit_g,mlp,lime,64,0.8190492338385406,0.15943793890471236,0.6199999999999999
credit_g,mlp,lime,65,0.9222461896359551,0.17319584759804463,0.7599999999999999
credit_g,mlp,lime,66,0.5606132023670336,0.19858758859191306,0.6199999999999999
credit_g,mlp,lime,67,0.7384602717312979,0.2982337983616916,0.6599999999999999
credit_g,mlp,lime,68,0.7709234198036616,0.23540735333995833,0.5799999999999998
credit_g,mlp,lime,69,0.9377458603461049,0.15237453264436596,0.5200000000000001
credit_g,mlp,lime,70,0.8615765325494655,0.11909362838122384,0.82
credit_g,mlp,lime,71,0.6991698922895659,0.15215662593202794,0.6799999999999999
credit_g,mlp,lime,72,0.975761939505451,0.13604011740533772,0.6799999999999999
credit_g,mlp,lime,73,0.9488477917955624,0.13082165792458722,0.7599999999999999
credit_g,mlp,lime,74,0.7277385343006421,0.18612292726538726,0.5999999999999999
credit_g,mlp,lime,75,0.8926659432548592,0.1769989384620576,0.72
credit_g,mlp,lime,76,0.9727929306887699,0.17891451042927375,0.7399999999999999
credit_g,mlp,lime,77,0.7770443026912057,0.21347015078233122,0.52
credit_g,mlp,lime,78,0.6983749934833237,0.17639369411152894,0.5999999999999999
credit_g,mlp,lime,79,0.7251061641174701,0.1985923140332364,0.6399999999999999
credit_g,mlp,lime,80,0.7901550757709883,0.15751198557176838,0.82
credit_g,mlp,lime,81,0.9627850975497841,0.16287835575117138,0.7399999999999999
credit_g,mlp,lime,82,0.7847792497833468,0.1697133090089753,0.6799999999999998
credit_g,mlp,lime,83,0.8117723121112472,0.3428668528337475,0.48
credit_g,mlp,lime,84,0.9408200134013756,0.18668379709141436,0.72
credit_g,mlp,lime,85,0.7905430237667409,0.16593361596017286,0.6
credit_g,mlp,lime,86,0.5507904434171581,0.18295899815588323,0.6399999999999999
credit_g,mlp,lime,87,0.7600749066046878,0.16200169297688327,0.7
credit_g,mlp,lime,88,0.7887693757353392,0.1374646605683033,0.7199999999999999
credit_g,mlp,lime,89,0.6030709503625431,0.19948454430742424,0.6599999999999999
credit_g,mlp,lime,90,0.7525730944225261,0.338126886614581,0.54
credit_g,mlp,lime,91,0.585751223349302,0.22747093801050144,0.52
credit_g,mlp,lime,92,0.6773469553764165,0.13857254525848117,0.6399999999999999
credit_g,mlp,lime,93,0.5573748242232639,0.14094478459732662,0.6400000000000001
credit_g,mlp,lime,94,0.8468033981941347,0.14823019882424193,0.8
credit_g,mlp,lime,95,0.6988007227313919,0.18842999710083141,0.6399999999999999
credit_g,mlp,lime,96,0.7402248699440545,0.0961659186482875,0.7399999999999999
credit_g,mlp,lime,97,0.655125384799056,0.1488681901488409,0.6399999999999999
credit_g,mlp,lime,98,0.8386821520476919,0.27526584068402893,0.56
credit_g,mlp,lime,99,0.6222624100692846,0.28740722411721187,0.6199999999999999
credit_g,mlp,kshap,0,0.5403639723898508,0.15411990097368344,0.56
credit_g,mlp,kshap,1,0.5717851109129333,0.11702233429895015,0.78
credit_g,mlp,kshap,2,0.9418417778710022,0.14631496454255344,0.6799999999999999
credit_g,mlp,kshap,3,0.7934359734164383,0.1273868191913221,0.7799999999999999
credit_g,mlp,kshap,4,0.6157307552781852,0.13177073843525555,0.7599999999999999
credit_g,mlp,kshap,5,0.9233499850422733,0.21008663112212655,0.7599999999999999
credit_g,mlp,kshap,6,0.6850309006495756,0.22171046911793013,0.7
credit_g,mlp,kshap,7,0.59459931795262,0.17686606039497987,0.6199999999999999
credit_g,mlp,kshap,8,0.7821602068090094,0.1619678780645314,0.6599999999999999
credit_g,mlp,kshap,9,0.6278482432367677,0.19963435091345594,0.4800000000000001
credit_g,mlp,kshap,10,0.6517794005205655,0.18212458029738288,0.7599999999999999
credit_g,mlp,kshap,11,0.8729203017629708,0.1491348471567614,0.6599999999999999
credit_g,mlp,kshap,12,0.944571373907614,0.21446501845982546,0.7399999999999999
credit_g,mlp,kshap,13,0.9309111163660247,0.07950677099076198,0.7
credit_g,mlp,kshap,14,0.9181701794247725,0.24019864638573174,0.5600000000000002
credit_g,mlp,kshap,15,0.8143486843303084,0.3303076212742855,0.6599999999999999
credit_g,mlp,kshap,16,0.635677566494022,0.2162687936048744,0.4600000000000001
credit_g,mlp,kshap,17,0.8933075427823198,0.1770520936707406,0.58
credit_g,mlp,kshap,18,0.89461637741271,0.19515761773554208,0.6599999999999999
credit_g,mlp,kshap,19,0.9074707424062449,0.2234934425836338,0.5799999999999998
credit_g,mlp,kshap,20,0.7503808124399022,0.15691464664884847,0.74
credit_g,mlp,kshap,21,0.7206601256022157,0.1689600542327282,0.7
credit_g,mlp,kshap,22,0.9520634805164925,0.1603417863839841,0.6799999999999999
credit_g,mlp,kshap,23,0.7704004725364583,0.20183805431354718,0.6
credit_g,mlp,kshap,24,0.6969354753718641,0.18483166655254668,0.6399999999999999
credit_g,mlp,kshap,25,0.5866521740838615,0.10747410885875475,0.76
credit_g,mlp,kshap,26,0.7383722067405971,0.15244355104155594,0.7999999999999999
credit_g,mlp,kshap,27,0.5871842577409772,0.12570313369751018,0.72
credit_g,mlp,kshap,28,0.8517833038375814,0.11574918784253252,0.8400000000000001
credit_g,mlp,kshap,29,0.6890126060262004,0.18432078743814073,0.5999999999999999
credit_g,mlp,kshap,30,0.596844792190129,0.3848185947032533,0.6799999999999999
credit_g,mlp,kshap,31,0.5917945020180897,0.28677904574330315,0.4400000000000001
credit_g,mlp,kshap,32,0.7627569068950496,0.16684098929465407,0.7999999999999999
credit_g,mlp,kshap,33,0.6661780211644177,0.2934280685952203,0.5399999999999999
credit_g,mlp,kshap,34,0.9322367582948253,0.1455819840284972,0.86
credit_g,mlp,kshap,35,0.9394507515865451,0.2574386916642266,0.6199999999999999
credit_g,mlp,kshap,36,0.8430287690982402,0.11683872922846883,0.6599999999999999
credit_g,mlp,kshap,37,0.6450418000292275,0.2183176827163683,0.7
credit_g,mlp,kshap,38,0.94666022912956,0.1893111553026381,0.6199999999999999
credit_g,mlp,kshap,39,0.7220046449462615,0.18577886020015266,0.62
credit_g,mlp,kshap,40,0.9193636346993875,0.15340116103975476,0.7599999999999999
credit_g,mlp,kshap,41,0.5426884377375141,0.1640826497467126,0.6399999999999999
credit_g,mlp,kshap,42,0.7366430758690287,0.14163769943925553,0.6799999999999999
credit_g,mlp,kshap,43,0.6958389651897006,0.12695681931556457,0.7599999999999999
credit_g,mlp,kshap,44,0.7896470396906319,0.35268843754468104,0.48
credit_g,mlp,kshap,45,0.7661264579045068,0.20713586494996572,0.56
credit_g,mlp,kshap,46,0.6486369469809682,0.13708041392464787,0.72
credit_g,mlp,kshap,47,0.5714574443327652,0.12691024073427282,0.8400000000000001
credit_g,mlp,kshap,48,0.7130490555287607,0.22401073243901082,0.6599999999999999
credit_g,mlp,kshap,49,0.9707522930045679,0.2522498202214908,0.74
credit_g,mlp,kshap,50,0.8157795880610397,0.36036113664168856,0.6000000000000001
credit_g,mlp,kshap,51,0.9764628398312205,0.10800307532865627,0.86
credit_g,mlp,kshap,52,0.9479167477272314,0.1655653100129323,0.6000000000000001
credit_g,mlp,kshap,53,0.836136846262107,0.19756158244822153,0.6799999999999999
credit_g,mlp,kshap,54,0.5690564151822689,0.13133126380030213,0.5599999999999999
credit_g,mlp,kshap,55,0.9191017049648108,0.2295599663324227,0.6
credit_g,mlp,kshap,56,0.9005499032296003,0.10827808535682348,0.8400000000000001
credit_g,mlp,kshap,57,0.8397048677540566,0.14110945097453098,0.6599999999999999
credit_g,mlp,kshap,58,0.669390370676177,0.19076421907328345,0.6199999999999999
credit_g,mlp,kshap,59,0.9060395518930278,0.10170696625437103,0.7999999999999999
credit_g,mlp,kshap,60,0.909214869404743,0.2226100886914828,0.54
credit_g,mlp,kshap,61,0.9658255859446541,0.13051990172564243,0.6799999999999999
credit_g,mlp,kshap,62,0.6845327617796384,0.20367840267842718,0.6799999999999999
credit_g,mlp,kshap,63,0.636308583383943,0.2064288761384554,0.7
credit_g,mlp,kshap,64,0.8190492338385406,0.18347661261338266,0.7799999999999999
credit_g,mlp,kshap,65,0.9222461896359551,0.1142857430485732,0.7599999999999999
credit_g,mlp,kshap,66,0.5606132023670336,0.10535628403064767,0.6799999999999999
credit_g,mlp,kshap,67,0.7384602717312979,0.2391508377505841,0.6199999999999999
credit_g,mlp,kshap,68,0.7709234198036616,0.24068278768850737,0.62
credit_g,mlp,kshap,69,0.9377458603461049,0.16274428731499602,0.6799999999999999
credit_g,mlp,kshap,70,0.8615765325494655,0.23992432907818073,0.6199999999999999
credit_g,mlp,kshap,71,0.6991698922895659,0.1637722968293185,0.7799999999999999
credit_g,mlp,kshap,72,0.975761939505451,0.11250970541151128,0.7599999999999999
credit_g,mlp,kshap,73,0.9488477917955624,0.1524596694783693,0.76
credit_g,mlp,kshap,74,0.7277385343006421,0.2708325305490643,0.64
credit_g,mlp,kshap,75,0.8926659432548592,0.16689962055096375,0.6799999999999999
credit_g,mlp,kshap,76,0.9727929306887699,0.0870359274208432,0.76
credit_g,mlp,kshap,77,0.7770443026912057,0.2791482618633724,0.6
credit_g,mlp,kshap,78,0.6983749934833237,0.134419379723702,0.72
credit_g,mlp,kshap,79,0.7251061641174701,0.17351897208699962,0.5599999999999999
credit_g,mlp,kshap,80,0.7901550757709883,0.09832487818541191,0.6
credit_g,mlp,kshap,81,0.9627850975497841,0.13715263273998146,0.8400000000000001
credit_g,mlp,kshap,82,0.7847792497833468,0.1737813820131786,0.6799999999999999
credit_g,mlp,kshap,83,0.8117723121112472,0.26554063879106393,0.5800000000000001
credit_g,mlp,kshap,84,0.9408200134013756,0.1874273168697982,0.5999999999999999
credit_g,mlp,kshap,85,0.7905430237667409,0.14473215164130404,0.8399999999999999
credit_g,mlp,kshap,86,0.5507904434171581,0.19174161737153272,0.7
credit_g,mlp,kshap,87,0.7600749066046878,0.1139820331845034,0.6399999999999999
credit_g,mlp,kshap,88,0.7887693757353392,0.15145309063945778,0.8399999999999999
credit_g,mlp,kshap,89,0.6030709503625431,0.11234873709815807,0.6399999999999999
credit_g,mlp,kshap,90,0.7525730944225261,0.19031847054303008,0.7599999999999999
credit_g,mlp,kshap,91,0.585751223349302,0.20457383973562837,0.76
credit_g,mlp,kshap,92,0.6773469553764165,0.1278921221595093,0.6399999999999999
credit_g,mlp,kshap,93,0.5573748242232639,0.12912071972814732,0.6199999999999999
credit_g,mlp,kshap,94,0.8468033981941347,0.227916831491757,0.5799999999999998
credit_g,mlp,kshap,95,0.6988007227313919,0.2024978100565965,0.6599999999999999
credit_g,mlp,kshap,96,0.7402248699440545,0.15958756600309287,0.6199999999999999
credit_g,mlp,kshap,97,0.655125384799056,0.20832227153937954,0.7999999999999999
credit_g,mlp,kshap,98,0.8386821520476919,0.10716238425574287,0.8399999999999999
credit_g,mlp,kshap,99,0.6222624100692846,0.2956216882696966,0.6799999999999998
bank_marketing,logreg,linshap,0,0.9709654604522008,2.220446049250313e-16,1.0
bank_marketing,logreg,linshap,1,0.9931361566208998,2.220446049250313e-16,1.0
bank_marketing,logreg,linshap,2,0.9844647346092984,2.220446049250313e-16,1.0
bank_marketing,logreg,linshap,3,0.9615013251504434,0.0,1.0
bank_marketing,logreg,linshap,4,0.9809832337417783,0.0,1.0
bank_marketing,logreg,linshap,5,0.9246605427013364,0.0,1.0
bank_marketing,logreg,linshap,6,0.8792070349728591,-2.220446049250313e-16,1.0
bank_marketing,logreg,linshap,7,0.9365173373111867,0.0,1.0
bank_marketing,logreg,linshap,8,0.9908744037771571,0.0,1.0
bank_marketing,logreg,linshap,9,0.9354232314918265,2.220446049250313e-16,1.0
bank_marketing,logreg,linshap,10,0.9759357147775802,0.0,1.0
bank_marketing,logreg,linshap,11,0.9829623628695575,-2.220446049250313e-16,1.0
bank_marketing,logreg,linshap,12,0.987578328929237,2.220446049250313e-16,1.0
bank_marketing,logreg,linshap,13,0.9915013350616212,0.0,1.0
bank_marketing,logreg,linshap,14,0.8559921909662217,0.0,1.0
bank_marketing,logreg,linshap,15,0.9337782968928254,0.0,1.0
bank_marketing,logreg,linshap,16,0.978112265277675,-2.220446049250313e-16,1.0
bank_marketing,logreg,linshap,17,0.8276141733654182,-2.220446049250313e-16,1.0
bank_marketing,logreg,linshap,18,0.8814998426420331,2.220446049250313e-16,1.0
bank_marketing,logreg,linshap,19,0.9849596667214987,2.220446049250313e-16,1.0
bank_marketing,logreg,linshap,20,0.9324716022954369,-2.220446049250313e-16,1.0
bank_marketing,logreg,linshap,21,0.8736363912029821,-2.220446049250313e-16,1.0
bank_marketing,logreg,linshap,22,0.9855088875287248,2.220446049250313e-16,1.0
bank_marketing,logreg,linshap,23,0.9908286275780206,-2.220446049250313e-16,1.0
bank_marketing,logreg,linshap,24,0.7270391601002802,2.220446049250313e-16,1.0
bank_marketing,logreg,linshap,25,0.973292824303085,0.0,1.0
bank_marketing,logreg,linshap,26,0.9570821989038414,0.0,1.0
bank_marketing,logreg,linshap,27,0.8940338828640065,0.0,1.0
bank_marketing,logreg,linshap,28,0.9768100091015676,0.0,1.0
bank_marketing,logreg,linshap,29,0.9071679430634925,0.0,1.0
bank_marketing,logreg,linshap,30,0.9622695010576303,2.220446049250313e-16,1.0
bank_marketing,logreg,linshap,31,0.8807525177105381,0.0,1.0
bank_marketing,logreg,linshap,32,0.9711699211678495,2.220446049250313e-16,1.0
bank_marketing,logreg,linshap,33,0.9901084880628762,0.0,1.0
bank_marketing,logreg,linshap,34,0.9829052267834074,-2.220446049250313e-16,1.0
bank_marketing,logreg,linshap,35,0.9180474823100951,-2.220446049250313e-16,1.0
bank_marketing,logreg,linshap,36,0.9890860467525444,-2.220446049250313e-16,1.0
bank_marketing,logreg,linshap,37,0.9290991206123762,0.0,1.0
bank_marketing,logreg,linshap,38,0.9864992624453233,2.220446049250313e-16,1.0
bank_marketing,logreg,linshap,39,0.8112022052731543,-2.220446049250313e-16,1.0
bank_marketing,logreg,linshap,40,0.9561995722028517,0.0,1.0
bank_marketing,logreg,linshap,41,0.9622721802552711,2.220446049250313e-16,1.0
bank_marketing,logreg,linshap,42,0.9858466651524822,2.220446049250313e-16,1.0
bank_marketing,logreg,linshap,43,0.8512125240559343,0.0,1.0
bank_marketing,logreg,linshap,44,0.9475480305622497,0.0,1.0
bank_marketing,logreg,linshap,45,0.9848865317570217,-2.220446049250313e-16,1.0
bank_marketing,logreg,linshap,46,0.9726382144664851,-2.220446049250313e-16,1.0
bank_marketing,logreg,linshap,47,0.9665593118337308,0.0,1.0
bank_marketing,logreg,linshap,48,0.9665502283476023,2.220446049250313e-16,1.0
bank_marketing,logreg,linshap,49,0.9896644333454667,0.0,1.0
bank_marketing,logreg,linshap,50,0.9825875187264865,2.220446049250313e-16,1.0
bank_marketing,logreg,linshap,51,0.9516421268930122,0.0,1.0
bank_marketing,logreg,linshap,52,0.7793750205744122,0.0,1.0
bank_marketing,logreg,linshap,53,0.994508240800563,0.0,1.0
bank_marketing,logreg,linshap,54,0.6578366390872614,2.220446049250313e-16,1.0
bank_marketing,logreg,linshap,55,0.9741826328158988,-2.220446049250313e-16,1.0
bank_marketing,logreg,linshap,56,0.9756002536276493,-2.220446049250313e-16,1.0
bank_marketing,logreg,linshap,57,0.9800884758507744,0.0,1.0
bank_marketing,logreg,linshap,58,0.9870820575784934,2.220446049250313e-16,1.0
bank_marketing,logreg,linshap,59,0.9753540706253456,0.0,1.0
bank_marketing,logreg,linshap,60,0.9442888902871888,-2.220446049250313e-16,1.0
bank_marketing,logreg,linshap,61,0.9433040532431749,0.0,1.0
bank_marketing,logreg,linshap,62,0.8908677972407448,0.0,1.0
bank_marketing,logreg,linshap,63,0.9351100134644976,0.0,1.0
bank_marketing,logreg,linshap,64,0.9877267938270811,2.220446049250313e-16,1.0
bank_marketing,logreg,linshap,65,0.9494035181065821,-2.220446049250313e-16,1.0
bank_marketing,logreg,linshap,66,0.8697273813064411,2.220446049250313e-16,1.0
bank_marketing,logreg,linshap,67,0.9560011245530593,2.220446049250313e-16,1.0
bank_marketing,logreg,linshap,68,0.9629373563680652,0.0,1.0
bank_marketing,logreg,linshap,69,0.897813207567243,0.0,1.0
bank_marketing,logreg,linshap,70,0.753453992162797,2.220446049250313e-16,1.0
bank_marketing,logreg,linshap,71,0.9489638347160246,0.0,1.0
bank_marketing,logreg,linshap,72,0.8901941690265387,2.220446049250313e-16,1.0
bank_marketing,logreg,linshap,73,0.6743986953629391,0.0,1.0
bank_marketing,logreg,linshap,74,0.9866788710167811,2.220446049250313e-16,1.0
bank_marketing,logreg,linshap,75,0.97837873088287,-2.220446049250313e-16,1.0
bank_marketing,logreg,linshap,76,0.8408142591993073,0.0,1.0
bank_marketing,logreg,linshap,77,0.8049037762840461,2.220446049250313e-16,1.0
bank_marketing,logreg,linshap,78,0.986140441315656,0.0,1.0
bank_marketing,logreg,linshap,79,0.9487509412349604,-2.220446049250313e-16,1.0
bank_marketing,logreg,linshap,80,0.8096310883764651,0.0,1.0
bank_marketing,logreg,linshap,81,0.9362710678998807,0.0,1.0
bank_marketing,logreg,linshap,82,0.9749594568746831,-2.220446049250313e-16,1.0
bank_marketing,logreg,linshap,83,0.9928938354424515,0.0,1.0
bank_marketing,logreg,linshap,84,0.9334596861795678,-2.220446049250313e-16,1.0
bank_marketing,logreg,linshap,85,0.9981674093896353,-2.220446049250313e-16,1.0
bank_marketing,logreg,linshap,86,0.9896539622196157,0.0,1.0
bank_marketing,logreg,linshap,87,0.9946170034497716,0.0,1.0
bank_marketing,logreg,linshap,88,0.8947190339257375,-2.220446049250313e-16,1.0
bank_marketing,logreg,linshap,89,0.8816965379571522,0.0,1.0
bank_marketing,logreg,linshap,90,0.934935319855755,0.0,1.0
bank_marketing,logreg,linshap,91,0.8476251261454253,-2.220446049250313e-16,1.0
bank_marketing,logreg,linshap,92,0.983593091396999,2.220446049250313e-16,1.0
bank_marketing,logreg,linshap,93,0.9924813844568744,-2.220446049250313e-16,1.0
bank_marketing,logreg,linshap,94,0.8952107785130113,-2.220446049250313e-16,1.0
bank_marketing,logreg,linshap,95,0.8772956879486781,0.0,1.0
bank_marketing,logreg,linshap,96,0.506062016846968,2.220446049250313e-16,1.0
bank_marketing,logreg,linshap,97,0.9449111587918504,0.0,1.0
bank_marketing,logreg,linshap,98,0.9701814377189543,0.0,1.0
bank_marketing,logreg,linshap,99,0.9629171976457261,0.0,1.0
bank_marketing,logreg,linshap,100,0.9951826448690724,-2.220446049250313e-16,1.0
bank_marketing,logreg,linshap,101,0.9959720831704534,0.0,1.0
bank_marketing,logreg,linshap,102,0.9616700581971859,0.0,1.0
bank_marketing,logreg,linshap,103,0.9690074509365513,0.0,1.0
bank_marketing,logreg,linshap,104,0.9965817153195629,2.220446049250313e-16,1.0
bank_marketing,logreg,linshap,105,0.9853962365247864,2.220446049250313e-16,1.0
bank_marketing,logreg,linshap,106,0.9880845038029799,0.0,1.0
bank_marketing,logreg,linshap,107,0.7410958535658301,-2.220446049250313e-16,1.0
bank_marketing,logreg,linshap,108,0.6147175097358314,2.220446049250313e-16,1.0
bank_marketing,logreg,linshap,109,0.8704621139491895,2.220446049250313e-16,1.0
bank_marketing,logreg,linshap,110,0.9674845563271168,0.0,1.0
bank_marketing,logreg,linshap,111,0.9880075219247481,0.0,1.0
bank_marketing,logreg,linshap,112,0.9344321938875282,0.0,1.0
bank_marketing,logreg,linshap,113,0.9787898514620599,0.0,1.0
bank_marketing,logreg,linshap,114,0.985159396122563,0.0,1.0
bank_marketing,logreg,linshap,115,0.9741413010819551,-2.220446049250313e-16,1.0
bank_marketing,logreg,linshap,116,0.9623071842634527,-2.220446049250313e-16,1.0
bank_marketing,logreg,linshap,117,0.9874503824701181,0.0,1.0
bank_marketing,logreg,linshap,118,0.9811055795017511,2.220446049250313e-16,1.0
bank_marketing,logreg,linshap,119,0.9418106537824771,0.0,1.0
bank_marketing,logreg,linshap,120,0.9918075261883634,0.0,1.0
bank_marketing,logreg,linshap,121,0.9720962499938807,-2.220446049250313e-16,1.0
bank_marketing,logreg,linshap,122,0.9912758581734489,0.0,1.0
bank_marketing,logreg,linshap,123,0.6482659023584396,0.0,1.0
bank_marketing,logreg,linshap,124,0.6843489365975333,-2.220446049250313e-16,1.0
bank_marketing,logreg,linshap,125,0.8969701240397063,-2.220446049250313e-16,1.0
bank_marketing,logreg,linshap,126,0.9573077583454662,0.0,1.0
bank_marketing,logreg,linshap,127,0.8158940066620224,2.220446049250313e-16,1.0
bank_marketing,logreg,linshap,128,0.9733709245333859,-2.220446049250313e-16,1.0
bank_marketing,logreg,linshap,129,0.9419675340680239,0.0,1.0
bank_marketing,logreg,linshap,130,0.9861394205135114,2.220446049250313e-16,1.0
bank_marketing,logreg,linshap,131,0.9424307937411275,2.220446049250313e-16,1.0
bank_marketing,logreg,linshap,132,0.968428463054207,0.0,1.0
bank_marketing,logreg,linshap,133,0.8984759679484661,2.220446049250313e-16,1.0
bank_marketing,logreg,linshap,134,0.9690668655131773,2.220446049250313e-16,1.0
bank_marketing,logreg,linshap,135,0.8885223851513968,2.220446049250313e-16,1.0
bank_marketing,logreg,linshap,136,0.9848258911721238,-2.220446049250313e-16,1.0
bank_marketing,logreg,linshap,137,0.9841674262930862,0.0,1.0
bank_marketing,logreg,linshap,138,0.9463987766400492,2.220446049250313e-16,1.0
bank_marketing,logreg,linshap,139,0.9566715107949173,0.0,1.0
bank_marketing,logreg,linshap,140,0.9789278702497809,0.0,1.0
bank_marketing,logreg,linshap,141,0.9614849419120969,2.220446049250313e-16,1.0
bank_marketing,logreg,linshap,142,0.9528609639582687,0.0,1.0
bank_marketing,logreg,linshap,143,0.9850514812055262,0.0,1.0
bank_marketing,logreg,linshap,144,0.878573675703952,2.220446049250313e-16,1.0
bank_marketing,logreg,linshap,145,0.9181498188800001,0.0,1.0
bank_marketing,logreg,linshap,146,0.9357455760709479,0.0,1.0
bank_marketing,logreg,linshap,147,0.9187819219563252,0.0,1.0
bank_marketing,logreg,linshap,148,0.9800817319979893,0.0,1.0
bank_marketing,logreg,linshap,149,0.8898090050407825,0.0,1.0
bank_marketing,logreg,linshap,150,0.9347153513526629,0.0,1.0
bank_marketing,logreg,linshap,151,0.939736334314502,2.220446049250313e-16,1.0
bank_marketing,logreg,linshap,152,0.9826424300277627,0.0,1.0
bank_marketing,logreg,linshap,153,0.9683161906501401,2.220446049250313e-16,1.0
bank_marketing,logreg,linshap,154,0.945817821456471,0.0,1.0
bank_marketing,logreg,linshap,155,0.9675327505506186,2.220446049250313e-16,1.0
bank_marketing,logreg,linshap,156,0.7753257764563847,-2.220446049250313e-16,1.0
bank_marketing,logreg,linshap,157,0.7642936225482538,0.0,1.0
bank_marketing,logreg,linshap,158,0.9767724784207916,0.0,1.0
bank_marketing,logreg,linshap,159,0.9153863224328782,-2.220446049250313e-16,1.0
bank_marketing,logreg,linshap,160,0.9489919468004475,0.0,1.0
bank_marketing,logreg,linshap,161,0.6790813738883741,2.220446049250313e-16,1.0
bank_marketing,logreg,linshap,162,0.9475344943901408,-2.220446049250313e-16,1.0
bank_marketing,logreg,linshap,163,0.9200464241131598,0.0,1.0
bank_marketing,logreg,linshap,164,0.9548126034066822,0.0,1.0
bank_marketing,logreg,linshap,165,0.8937642356885054,-2.220446049250313e-16,1.0
bank_marketing,logreg,linshap,166,0.8344375985642876,0.0,1.0
bank_marketing,logreg,linshap,167,0.7478789332165956,-2.220446049250313e-16,1.0
bank_marketing,logreg,linshap,168,0.9232011701012606,0.0,1.0
bank_marketing,logreg,linshap,169,0.9348779231580779,0.0,1.0
bank_marketing,logreg,linshap,170,0.8799377305405589,-2.220446049250313e-16,1.0
bank_marketing,logreg,linshap,171,0.9976545958816511,0.0,1.0
bank_marketing,logreg,linshap,172,0.9925791269035937,2.220446049250313e-16,1.0
bank_marketing,logreg,linshap,173,0.9730552541417732,-2.220446049250313e-16,1.0
bank_marketing,logreg,linshap,174,0.6255082031280417,0.0,1.0
bank_marketing,logreg,linshap,175,0.9807997959798056,0.0,1.0
bank_marketing,logreg,linshap,176,0.9808906405815169,0.0,1.0
bank_marketing,logreg,linshap,177,0.9387748312843505,2.220446049250313e-16,1.0
bank_marketing,logreg,linshap,178,0.9757087130859892,2.220446049250313e-16,1.0
bank_marketing,logreg,linshap,179,0.6822076717941259,0.0,1.0
bank_marketing,logreg,linshap,180,0.9671639789825741,0.0,1.0
bank_marketing,logreg,linshap,181,0.6355190781066268,2.220446049250313e-16,1.0
bank_marketing,logreg,linshap,182,0.917026228657057,-2.220446049250313e-16,1.0
bank_marketing,logreg,linshap,183,0.9606679620265484,-2.220446049250313e-16,1.0
bank_marketing,logreg,linshap,184,0.9068840700884706,2.220446049250313e-16,1.0
bank_marketing,logreg,linshap,185,0.9950312409948834,-2.220446049250313e-16,1.0
bank_marketing,logreg,linshap,186,0.6255046299094028,0.0,1.0
bank_marketing,logreg,linshap,187,0.9928661723486002,0.0,1.0
bank_marketing,logreg,linshap,188,0.8980219327011781,2.220446049250313e-16,1.0
bank_marketing,logreg,linshap,189,0.9580258217588223,0.0,1.0
bank_marketing,logreg,linshap,190,0.9550564024730829,2.220446049250313e-16,1.0
bank_marketing,logreg,linshap,191,0.9602573108503408,0.0,1.0
bank_marketing,logreg,linshap,192,0.7887454082942158,-2.220446049250313e-16,1.0
bank_marketing,logreg,linshap,193,0.986224744720991,2.220446049250313e-16,1.0
bank_marketing,logreg,linshap,194,0.9658465902425668,0.0,1.0
bank_marketing,logreg,linshap,195,0.9945192271844018,-2.220446049250313e-16,1.0
bank_marketing,logreg,linshap,196,0.6994773876972368,-2.220446049250313e-16,1.0
bank_marketing,logreg,linshap,197,0.8050070334439612,2.220446049250313e-16,1.0
bank_marketing,logreg,linshap,198,0.9604619146973088,-2.220446049250313e-16,1.0
bank_marketing,logreg,linshap,199,0.988434935977103,0.0,1.0
bank_marketing,logreg,linshap,200,0.9149850642416654,2.220446049250313e-16,1.0
bank_marketing,logreg,linshap,201,0.9846300609638836,-2.220446049250313e-16,1.0
bank_marketing,logreg,linshap,202,0.9821172342473901,2.220446049250313e-16,1.0
bank_marketing,logreg,linshap,203,0.945484545488698,0.0,1.0
bank_marketing,logreg,linshap,204,0.9247692089289232,-2.220446049250313e-16,1.0
bank_marketing,logreg,linshap,205,0.9594955290843578,0.0,1.0
bank_marketing,logreg,linshap,206,0.9000598574843671,0.0,1.0
bank_marketing,logreg,linshap,207,0.96715839529751,-2.220446049250313e-16,1.0
bank_marketing,logreg,linshap,208,0.9640956561207746,-2.220446049250313e-16,1.0
bank_marketing,logreg,linshap,209,0.9928451893000421,0.0,1.0
bank_marketing,logreg,linshap,210,0.9518704373342693,-2.220446049250313e-16,1.0
bank_marketing,logreg,linshap,211,0.9788718062410237,2.220446049250313e-16,1.0
bank_marketing,logreg,linshap,212,0.9307793189875554,0.0,1.0
bank_marketing,logreg,linshap,213,0.9675543707006369,0.0,1.0
bank_marketing,logreg,linshap,214,0.9552557588147806,-2.220446049250313e-16,1.0
bank_marketing,logreg,linshap,215,0.9057023813404165,0.0,1.0
bank_marketing,logreg,linshap,216,0.9914912899257942,-2.220446049250313e-16,1.0
bank_marketing,logreg,linshap,217,0.9890652928331252,0.0,1.0
bank_marketing,logreg,linshap,218,0.9564034587413142,0.0,1.0
bank_marketing,logreg,linshap,219,0.9513213056799812,0.0,1.0
bank_marketing,logreg,linshap,220,0.9424125049640313,0.0,1.0
bank_marketing,logreg,linshap,221,0.6799105441557789,0.0,1.0
bank_marketing,logreg,linshap,222,0.8260345235242392,-2.220446049250313e-16,1.0
bank_marketing,logreg,linshap,223,0.9793703344809618,0.0,1.0
bank_marketing,logreg,linshap,224,0.8813515673452299,0.0,1.0
bank_marketing,logreg,linshap,225,0.9143048114856203,-2.220446049250313e-16,1.0
bank_marketing,logreg,linshap,226,0.9726677842606298,2.220446049250313e-16,1.0
bank_marketing,logreg,linshap,227,0.9931515319691044,2.220446049250313e-16,1.0
bank_marketing,logreg,linshap,228,0.6989605389597648,0.0,1.0
bank_marketing,logreg,linshap,229,0.9785069462462685,2.220446049250313e-16,1.0
bank_marketing,logreg,linshap,230,0.992025971801892,-2.220446049250313e-16,1.0
bank_marketing,logreg,linshap,231,0.8750834576562283,0.0,1.0
bank_marketing,logreg,linshap,232,0.8807871133650804,0.0,1.0
bank_marketing,logreg,linshap,233,0.9766477655236994,2.220446049250313e-16,1.0
bank_marketing,logreg,linshap,234,0.9556167766325189,2.220446049250313e-16,1.0
bank_marketing,logreg,linshap,235,0.9825601317503281,0.0,1.0
bank_marketing,logreg,linshap,236,0.9362348629307655,-2.220446049250313e-16,1.0
bank_marketing,logreg,linshap,237,0.975509587617481,0.0,1.0
bank_marketing,logreg,linshap,238,0.9647930956958259,-2.220446049250313e-16,1.0
bank_marketing,logreg,linshap,239,0.6110403889879245,-2.220446049250313e-16,1.0
bank_marketing,logreg,linshap,240,0.9454924288585168,0.0,1.0
bank_marketing,logreg,linshap,241,0.9775993623144059,0.0,1.0
bank_marketing,logreg,linshap,242,0.9330926939947745,0.0,1.0
bank_marketing,logreg,linshap,243,0.9736711867407578,0.0,1.0
bank_marketing,logreg,linshap,244,0.6015418839323312,-2.220446049250313e-16,1.0
bank_marketing,logreg,linshap,245,0.5735512791742059,-2.220446049250313e-16,1.0
bank_marketing,logreg,linshap,246,0.9430355088172769,-2.220446049250313e-16,1.0
bank_marketing,logreg,linshap,247,0.9808394478384861,-2.220446049250313e-16,1.0
bank_marketing,logreg,linshap,248,0.9656675912635201,0.0,1.0
bank_marketing,logreg,linshap,249,0.9798019362951559,0.0,1.0
bank_marketing,logreg,linshap,250,0.988482356820459,-2.220446049250313e-16,1.0
bank_marketing,logreg,linshap,251,0.9920447799547965,-2.220446049250313e-16,1.0
bank_marketing,logreg,linshap,252,0.9479398114110925,2.220446049250313e-16,1.0
bank_marketing,logreg,linshap,253,0.613831254358126,0.0,1.0
bank_marketing,logreg,linshap,254,0.8036162521203728,0.0,1.0
bank_marketing,logreg,linshap,255,0.9568821978071025,0.0,1.0
bank_marketing,logreg,linshap,256,0.7380857521081303,-2.220446049250313e-16,1.0
bank_marketing,logreg,linshap,257,0.937851081366787,0.0,1.0
bank_marketing,logreg,linshap,258,0.875259054780259,0.0,1.0
bank_marketing,logreg,linshap,259,0.9479596019793808,-2.220446049250313e-16,1.0
bank_marketing,logreg,linshap,260,0.9610415045313493,0.0,1.0
bank_marketing,logreg,linshap,261,0.9946593358731579,0.0,1.0
bank_marketing,logreg,linshap,262,0.92126389393148,0.0,1.0
bank_marketing,logreg,linshap,263,0.6884231223725545,0.0,1.0
bank_marketing,logreg,linshap,264,0.9472830458797358,2.220446049250313e-16,1.0
bank_marketing,logreg,linshap,265,0.9900403905990537,-2.220446049250313e-16,1.0
bank_marketing,logreg,linshap,266,0.9829767357081675,0.0,1.0
bank_marketing,logreg,linshap,267,0.9304816660775883,-2.220446049250313e-16,1.0
bank_marketing,logreg,linshap,268,0.9934972525383351,0.0,1.0
bank_marketing,logreg,linshap,269,0.8953453525280146,-2.220446049250313e-16,1.0
bank_marketing,logreg,linshap,270,0.8125870102281609,2.220446049250313e-16,1.0
bank_marketing,logreg,linshap,271,0.9148779444941597,2.220446049250313e-16,1.0
bank_marketing,logreg,linshap,272,0.9264782555918563,0.0,1.0
bank_marketing,logreg,linshap,273,0.8193182684125413,2.220446049250313e-16,1.0
bank_marketing,logreg,linshap,274,0.983246214256322,-2.220446049250313e-16,1.0
bank_marketing,logreg,linshap,275,0.9853324079317691,2.220446049250313e-16,1.0
bank_marketing,logreg,linshap,276,0.9459903776825531,-2.220446049250313e-16,1.0
bank_marketing,logreg,linshap,277,0.9688384355878965,2.220446049250313e-16,1.0
bank_marketing,logreg,linshap,278,0.8449569704830644,0.0,1.0
bank_marketing,logreg,linshap,279,0.9278173529198723,-2.220446049250313e-16,1.0
bank_marketing,logreg,linshap,280,0.9342297214299811,2.220446049250313e-16,1.0
bank_marketing,logreg,linshap,281,0.9566252875601882,2.220446049250313e-16,1.0
bank_marketing,logreg,linshap,282,0.966592015213597,2.220446049250313e-16,1.0
bank_marketing,logreg,linshap,283,0.9738908737411445,0.0,1.0
bank_marketing,logreg,linshap,284,0.9931017094249999,0.0,1.0
bank_marketing,logreg,linshap,285,0.9703881197748789,-2.220446049250313e-16,1.0
bank_marketing,logreg,linshap,286,0.9945130128600095,-2.220446049250313e-16,1.0
bank_marketing,logreg,linshap,287,0.9836275415060902,0.0,1.0
bank_marketing,logreg,linshap,288,0.9586015040239999,0.0,1.0
bank_marketing,logreg,linshap,289,0.9852914123797412,-2.220446049250313e-16,1.0
bank_marketing,logreg,linshap,290,0.9817926902328505,-2.220446049250313e-16,1.0
bank_marketing,logreg,linshap,291,0.902130698517577,2.220446049250313e-16,1.0
bank_marketing,logreg,linshap,292,0.9136286319370619,-2.220446049250313e-16,1.0
bank_marketing,logreg,linshap,293,0.9470560044257151,-2.220446049250313e-16,1.0
bank_marketing,logreg,linshap,294,0.9212588474548629,0.0,1.0
bank_marketing,logreg,linshap,295,0.9688321855020587,-2.220446049250313e-16,1.0
bank_marketing,logreg,linshap,296,0.8167539178227827,2.220446049250313e-16,1.0
bank_marketing,logreg,linshap,297,0.620949950933531,2.220446049250313e-16,1.0
bank_marketing,logreg,linshap,298,0.973780062742942,2.220446049250313e-16,1.0
bank_marketing,logreg,linshap,299,0.9264879837254216,0.0,1.0
bank_marketing,logreg,linshap,300,0.9713261534938031,2.220446049250313e-16,1.0
bank_marketing,logreg,linshap,301,0.9434896457041371,-2.220446049250313e-16,1.0
bank_marketing,logreg,linshap,302,0.9598775695461363,-2.220446049250313e-16,1.0
bank_marketing,logreg,linshap,303,0.6929956441557272,2.220446049250313e-16,1.0
bank_marketing,logreg,linshap,304,0.6334056299108616,0.0,1.0
bank_marketing,logreg,linshap,305,0.9870901765532215,2.220446049250313e-16,1.0
bank_marketing,logreg,linshap,306,0.5978966412448844,-2.220446049250313e-16,1.0
bank_marketing,logreg,linshap,307,0.9711928933399149,0.0,1.0
bank_marketing,logreg,linshap,308,0.9549362583080503,-2.220446049250313e-16,1.0
bank_marketing,logreg,linshap,309,0.8987325031841407,0.0,1.0
bank_marketing,logreg,linshap,310,0.977350735564684,0.0,1.0
bank_marketing,logreg,linshap,311,0.9607600565104958,-2.220446049250313e-16,1.0
bank_marketing,logreg,linshap,312,0.8523719230805653,0.0,1.0
bank_marketing,logreg,linshap,313,0.8332850052532658,0.0,1.0
bank_marketing,logreg,linshap,314,0.9760055394741125,0.0,1.0
bank_marketing,logreg,linshap,315,0.7844318596962594,0.0,1.0
bank_marketing,logreg,linshap,316,0.6966905554403218,2.220446049250313e-16,1.0
bank_marketing,logreg,linshap,317,0.9615088501897429,2.220446049250313e-16,1.0
bank_marketing,logreg,linshap,318,0.8873858349850426,-2.220446049250313e-16,1.0
bank_marketing,logreg,linshap,319,0.9074466622062725,-2.220446049250313e-16,1.0
bank_marketing,logreg,linshap,320,0.9639480814521881,-2.220446049250313e-16,1.0
bank_marketing,logreg,linshap,321,0.9765006260256864,-2.220446049250313e-16,1.0
bank_marketing,logreg,linshap,322,0.9602063356120529,0.0,1.0
bank_marketing,logreg,linshap,323,0.5633464454381208,-2.220446049250313e-16,1.0
bank_marketing,logreg,linshap,324,0.9689082600343173,2.220446049250313e-16,1.0
bank_marketing,logreg,linshap,325,0.9751397579165852,0.0,1.0
bank_marketing,logreg,linshap,326,0.9324629912057268,0.0,1.0
bank_marketing,logreg,linshap,327,0.9937236664834159,-2.220446049250313e-16,1.0
bank_marketing,logreg,linshap,328,0.6525345279868405,0.0,1.0
bank_marketing,logreg,linshap,329,0.6243238812445997,0.0,1.0
bank_marketing,logreg,linshap,330,0.7690848555406218,2.220446049250313e-16,1.0
bank_marketing,logreg,linshap,331,0.9658788007649586,0.0,1.0
bank_marketing,logreg,linshap,332,0.6575212826268364,-2.220446049250313e-16,1.0
bank_marketing,logreg,linshap,333,0.9959184625174157,2.220446049250313e-16,1.0
bank_marketing,logreg,linshap,334,0.984842388335377,2.220446049250313e-16,1.0
bank_marketing,logreg,linshap,335,0.9861490527607613,0.0,1.0
bank_marketing,logreg,linshap,336,0.8874990769537427,0.0,1.0
bank_marketing,logreg,linshap,337,0.9806651585368911,-2.220446049250313e-16,1.0
bank_marketing,logreg,linshap,338,0.6975794268349564,0.0,1.0
bank_marketing,logreg,linshap,339,0.8586174124665107,-2.220446049250313e-16,1.0
bank_marketing,logreg,linshap,340,0.9821913250307182,0.0,1.0
bank_marketing,logreg,linshap,341,0.9457802507515964,0.0,1.0
bank_marketing,logreg,linshap,342,0.9853682769978469,2.220446049250313e-16,1.0
bank_marketing,logreg,linshap,343,0.9175875527023696,2.220446049250313e-16,1.0
bank_marketing,logreg,linshap,344,0.9956379878012387,2.220446049250313e-16,1.0
bank_marketing,logreg,linshap,345,0.9792673247571642,2.220446049250313e-16,1.0
bank_marketing,logreg,linshap,346,0.9739545318757582,-2.220446049250313e-16,1.0
bank_marketing,logreg,linshap,347,0.9633778234465445,0.0,1.0
bank_marketing,logreg,linshap,348,0.9334011339812591,2.220446049250313e-16,1.0
bank_marketing,logreg,linshap,349,0.9376959525558114,2.220446049250313e-16,1.0
bank_marketing,logreg,linshap,350,0.9616828246968498,0.0,1.0
bank_marketing,logreg,linshap,351,0.9474243871729067,0.0,1.0
bank_marketing,logreg,linshap,352,0.8733687288006425,0.0,1.0
bank_marketing,logreg,linshap,353,0.9494720658668883,0.0,1.0
bank_marketing,logreg,linshap,354,0.8452785394606062,2.220446049250313e-16,1.0
bank_marketing,logreg,linshap,355,0.9913675627310011,0.0,1.0
bank_marketing,logreg,linshap,356,0.9687476986570062,-2.220446049250313e-16,1.0
bank_marketing,logreg,linshap,357,0.9930315744818211,0.0,1.0
bank_marketing,logreg,linshap,358,0.9776287218774795,0.0,1.0
bank_marketing,logreg,linshap,359,0.9342978720864353,2.220446049250313e-16,1.0
bank_marketing,logreg,linshap,360,0.9916731606467233,0.0,1.0
bank_marketing,logreg,linshap,361,0.9734703330658994,0.0,1.0
bank_marketing,logreg,linshap,362,0.7762007154487113,0.0,1.0
bank_marketing,logreg,linshap,363,0.9394548244993111,0.0,1.0
bank_marketing,logreg,linshap,364,0.9475374452786394,2.220446049250313e-16,1.0
bank_marketing,logreg,linshap,365,0.9749606130803196,-2.220446049250313e-16,1.0
bank_marketing,logreg,linshap,366,0.9739509068800011,-2.220446049250313e-16,1.0
bank_marketing,logreg,linshap,367,0.9955076416067842,-2.220446049250313e-16,1.0
bank_marketing,logreg,linshap,368,0.8930037154985596,2.220446049250313e-16,1.0
bank_marketing,logreg,linshap,369,0.7494894983337723,2.220446049250313e-16,1.0
bank_marketing,logreg,linshap,370,0.963289229969973,-2.220446049250313e-16,1.0
bank_marketing,logreg,linshap,371,0.9792482286047093,0.0,1.0
bank_marketing,logreg,linshap,372,0.9770628805625801,-2.220446049250313e-16,1.0
bank_marketing,logreg,linshap,373,0.6230234719505523,0.0,1.0
bank_marketing,logreg,linshap,374,0.9847179267872747,2.220446049250313e-16,1.0
bank_marketing,logreg,linshap,375,0.520989837869658,0.0,1.0
bank_marketing,logreg,linshap,376,0.9735978734076056,-2.220446049250313e-16,1.0
bank_marketing,logreg,linshap,377,0.9687880225938013,0.0,1.0
bank_marketing,logreg,linshap,378,0.9658187319810244,0.0,1.0
bank_marketing,logreg,linshap,379,0.7303440129132901,0.0,1.0
bank_marketing,logreg,linshap,380,0.9669515519641937,0.0,1.0
bank_marketing,logreg,linshap,381,0.9789949920526778,0.0,1.0
bank_marketing,logreg,linshap,382,0.9683928176152466,-2.220446049250313e-16,1.0
bank_marketing,logreg,linshap,383,0.9845541814883964,-2.220446049250313e-16,1.0
bank_marketing,logreg,linshap,384,0.9527822357648317,0.0,1.0
bank_marketing,logreg,linshap,385,0.9533869788272613,-2.220446049250313e-16,1.0
bank_marketing,logreg,linshap,386,0.9798771544876201,2.220446049250313e-16,1.0
bank_marketing,logreg,linshap,387,0.9473408361815189,0.0,1.0
bank_marketing,logreg,linshap,388,0.9915922513275429,-2.220446049250313e-16,1.0
bank_marketing,logreg,linshap,389,0.8754664959080778,0.0,1.0
bank_marketing,logreg,linshap,390,0.9790693326207183,-2.220446049250313e-16,1.0
bank_marketing,logreg,linshap,391,0.9628632858508078,0.0,1.0
bank_marketing,logreg,linshap,392,0.9930252712912282,-2.220446049250313e-16,1.0
bank_marketing,logreg,linshap,393,0.7803732437670676,0.0,1.0
bank_marketing,logreg,linshap,394,0.5433570227621882,0.0,1.0
bank_marketing,logreg,linshap,395,0.8267519306142976,0.0,1.0
bank_marketing,logreg,linshap,396,0.9616192866053972,2.220446049250313e-16,1.0
bank_marketing,logreg,linshap,397,0.9611160414078344,-2.220446049250313e-16,1.0
bank_marketing,logreg,linshap,398,0.99160403671031,2.220446049250313e-16,1.0
bank_marketing,logreg,linshap,399,0.973943472359909,0.0,1.0
bank_marketing,logreg,linshap,400,0.9748625775744977,2.220446049250313e-16,1.0
bank_marketing,logreg,linshap,401,0.8894963222343888,0.0,1.0
bank_marketing,logreg,linshap,402,0.8955236161220912,2.220446049250313e-16,1.0
bank_marketing,logreg,linshap,403,0.9719519453515408,0.0,1.0
bank_marketing,logreg,linshap,404,0.9857468876680979,-2.220446049250313e-16,1.0
bank_marketing,logreg,linshap,405,0.8909315061752734,0.0,1.0
bank_marketing,logreg,linshap,406,0.91374464816724,0.0,1.0
bank_marketing,logreg,linshap,407,0.9620198847453556,2.220446049250313e-16,1.0
bank_marketing,logreg,linshap,408,0.9490843551223991,-2.220446049250313e-16,1.0
bank_marketing,logreg,linshap,409,0.9949935924143437,0.0,1.0
bank_marketing,logreg,linshap,410,0.958094205976303,-2.220446049250313e-16,1.0
bank_marketing,logreg,linshap,411,0.7726664990714871,-2.220446049250313e-16,1.0
bank_marketing,logreg,linshap,412,0.8964623078744827,0.0,1.0
bank_marketing,logreg,linshap,413,0.9671441400756853,-2.220446049250313e-16,1.0
bank_marketing,logreg,linshap,414,0.5928879427231293,0.0,1.0
bank_marketing,logreg,linshap,415,0.9815474574677587,-2.220446049250313e-16,1.0
bank_marketing,logreg,linshap,416,0.9378598942620261,2.220446049250313e-16,1.0
bank_marketing,logreg,linshap,417,0.9797323176027376,-2.220446049250313e-16,1.0
bank_marketing,logreg,linshap,418,0.9819061394503248,2.220446049250313e-16,1.0
bank_marketing,logreg,linshap,419,0.8986568759176341,-2.220446049250313e-16,1.0
bank_marketing,logreg,linshap,420,0.9351030717598923,0.0,1.0
bank_marketing,logreg,linshap,421,0.8992311387107842,0.0,1.0
bank_marketing,logreg,linshap,422,0.9557702973415525,2.220446049250313e-16,1.0
bank_marketing,logreg,linshap,423,0.9625462853015865,-2.220446049250313e-16,1.0
bank_marketing,logreg,linshap,424,0.9594553053160194,-2.220446049250313e-16,1.0
bank_marketing,logreg,linshap,425,0.9653443688884511,-2.220446049250313e-16,1.0
bank_marketing,logreg,linshap,426,0.9539512337931157,-2.220446049250313e-16,1.0
bank_marketing,logreg,linshap,427,0.8628811117481984,0.0,1.0
bank_marketing,logreg,linshap,428,0.9269414427105724,2.220446049250313e-16,1.0
bank_marketing,logreg,linshap,429,0.9925561627860622,-2.220446049250313e-16,1.0
bank_marketing,logreg,linshap,430,0.9314903215955731,0.0,1.0
bank_marketing,logreg,linshap,431,0.7193787110278953,2.220446049250313e-16,1.0
bank_marketing,logreg,linshap,432,0.9361249902447879,-2.220446049250313e-16,1.0
bank_marketing,logreg,linshap,433,0.9193425124174294,0.0,1.0
bank_marketing,logreg,linshap,434,0.9795043170131346,0.0,1.0
bank_marketing,logreg,linshap,435,0.8016786950029042,2.220446049250313e-16,1.0
bank_marketing,logreg,linshap,436,0.9676060209673507,-2.220446049250313e-16,1.0
bank_marketing,logreg,linshap,437,0.9742963000652789,-2.220446049250313e-16,1.0
bank_marketing,logreg,linshap,438,0.9271379897551558,0.0,1.0
bank_marketing,logreg,linshap,439,0.9511043491383122,-2.220446049250313e-16,1.0
bank_marketing,logreg,linshap,440,0.9472637106086982,-2.220446049250313e-16,1.0
bank_marketing,logreg,linshap,441,0.9545361185412679,-2.220446049250313e-16,1.0
bank_marketing,logreg,linshap,442,0.9953428323673222,0.0,1.0
bank_marketing,logreg,linshap,443,0.9951847792193401,2.220446049250313e-16,1.0
bank_marketing,logreg,linshap,444,0.9631712679670038,0.0,1.0
bank_marketing,logreg,linshap,445,0.9208865785992344,0.0,1.0
bank_marketing,logreg,linshap,446,0.9595336475831615,0.0,1.0
bank_marketing,logreg,linshap,447,0.9792030530399207,0.0,1.0
bank_marketing,logreg,linshap,448,0.9288039092410234,0.0,1.0
bank_marketing,logreg,linshap,449,0.9699613301673102,0.0,1.0
bank_marketing,logreg,linshap,450,0.9836685816461104,2.220446049250313e-16,1.0
bank_marketing,logreg,linshap,451,0.9832992476766004,0.0,1.0
bank_marketing,logreg,linshap,452,0.9732210265215114,2.220446049250313e-16,1.0
bank_marketing,logreg,linshap,453,0.880029301554757,-2.220446049250313e-16,1.0
bank_marketing,logreg,linshap,454,0.9915346169951892,-2.220446049250313e-16,1.0
bank_marketing,logreg,linshap,455,0.9384987292923525,0.0,1.0
bank_marketing,logreg,linshap,456,0.7498667835976092,2.220446049250313e-16,1.0
bank_marketing,logreg,linshap,457,0.8902711148561222,0.0,1.0
bank_marketing,logreg,linshap,458,0.9716799177777247,0.0,1.0
bank_marketing,logreg,linshap,459,0.9714845235566354,0.0,1.0
bank_marketing,logreg,linshap,460,0.986396448812972,0.0,1.0
bank_marketing,logreg,linshap,461,0.9334693234150832,0.0,1.0
bank_marketing,logreg,linshap,462,0.9789134772692151,0.0,1.0
bank_marketing,logreg,linshap,463,0.9682434812801237,0.0,1.0
bank_marketing,logreg,linshap,464,0.7877663284074596,0.0,1.0
bank_marketing,logreg,linshap,465,0.6666752375675122,0.0,1.0
bank_marketing,logreg,linshap,466,0.9822056010222644,2.220446049250313e-16,1.0
bank_marketing,logreg,linshap,467,0.5548626349012852,0.0,1.0
bank_marketing,logreg,linshap,468,0.7685723307270426,-2.220446049250313e-16,1.0
bank_marketing,logreg,linshap,469,0.9626681559390458,0.0,1.0
bank_marketing,logreg,linshap,470,0.9665591297141292,0.0,1.0
bank_marketing,logreg,linshap,471,0.9785830653118243,0.0,1.0
bank_marketing,logreg,linshap,472,0.9966302088038448,0.0,1.0
bank_marketing,logreg,linshap,473,0.9678725902131362,2.220446049250313e-16,1.0
bank_marketing,logreg,linshap,474,0.9648834016917464,0.0,1.0
bank_marketing,logreg,linshap,475,0.864759297941089,-2.220446049250313e-16,1.0
bank_marketing,logreg,linshap,476,0.6023124745631399,2.220446049250313e-16,1.0
bank_marketing,logreg,linshap,477,0.5978382232058633,-2.220446049250313e-16,1.0
bank_marketing,logreg,linshap,478,0.7278560994538779,-2.220446049250313e-16,1.0
bank_marketing,logreg,linshap,479,0.9431684735824382,2.220446049250313e-16,1.0
bank_marketing,logreg,linshap,480,0.7009394421536889,0.0,1.0
bank_marketing,logreg,linshap,481,0.9350493495809834,-2.220446049250313e-16,1.0
bank_marketing,logreg,linshap,482,0.9997036799592058,0.0,1.0
bank_marketing,logreg,linshap,483,0.9682744539903508,0.0,1.0
bank_marketing,logreg,linshap,484,0.7956575691083703,0.0,1.0
bank_marketing,logreg,linshap,485,0.984352538617871,-2.220446049250313e-16,1.0
bank_marketing,logreg,linshap,486,0.9761945677612178,0.0,1.0
bank_marketing,logreg,linshap,487,0.9851219116492176,-2.220446049250313e-16,1.0
bank_marketing,logreg,linshap,488,0.9666378947361804,0.0,1.0
bank_marketing,logreg,linshap,489,0.7170333404379798,2.220446049250313e-16,1.0
bank_marketing,logreg,linshap,490,0.9799006114721378,0.0,1.0
bank_marketing,logreg,linshap,491,0.8173189683563674,2.220446049250313e-16,1.0
bank_marketing,logreg,linshap,492,0.9658162102694197,0.0,1.0
bank_marketing,logreg,linshap,493,0.9676175112338152,-2.220446049250313e-16,1.0
bank_marketing,logreg,linshap,494,0.9399509498295092,-2.220446049250313e-16,1.0
bank_marketing,logreg,linshap,495,0.6040075930419317,2.220446049250313e-16,1.0
bank_marketing,logreg,linshap,496,0.9909317948215861,0.0,1.0
bank_marketing,logreg,linshap,497,0.8214282519021834,0.0,1.0
bank_marketing,logreg,linshap,498,0.9190032536075649,0.0,1.0
bank_marketing,logreg,linshap,499,0.9607604102763085,-2.220446049250313e-16,1.0
bank_marketing,logreg,lime,0,0.9709654604522008,0.23841230804222768,0.7799999999999999
bank_marketing,logreg,lime,1,0.9931361566208998,0.2979652176262191,0.74
bank_marketing,logreg,lime,2,0.9844647346092984,0.2817287325027601,0.86
bank_marketing,logreg,lime,3,0.9615013251504434,0.16902801663784217,0.7199999999999999
bank_marketing,logreg,lime,4,0.9809832337417783,0.19923351950494672,0.6399999999999999
bank_marketing,logreg,lime,5,0.9246605427013364,0.10111531090983306,0.76
bank_marketing,logreg,lime,6,0.8792070349728591,0.14721187910076594,0.7599999999999999
bank_marketing,logreg,lime,7,0.9365173373111867,0.29795888654173497,0.78
bank_marketing,logreg,lime,8,0.9908744037771571,0.5891389045690103,0.7999999999999999
bank_marketing,logreg,lime,9,0.9354232314918265,0.5535670519244519,0.7999999999999999
bank_marketing,logreg,lime,10,0.9759357147775802,0.22479906654792092,0.76
bank_marketing,logreg,lime,11,0.9829623628695575,0.3714721739930529,0.78
bank_marketing,logreg,lime,12,0.987578328929237,0.5580736823718484,0.7999999999999999
bank_marketing,logreg,lime,13,0.9915013350616212,0.11970307058923724,0.76
bank_marketing,logreg,lime,14,0.8559921909662217,0.2628741628660174,0.6599999999999999
bank_marketing,logreg,lime,15,0.9337782968928254,0.09919720831668088,0.7999999999999999
bank_marketing,logreg,lime,16,0.978112265277675,0.3629631895141602,0.78
bank_marketing,logreg,lime,17,0.8276141733654182,0.060745179744240096,0.8400000000000001
bank_marketing,logreg,lime,18,0.8814998426420331,0.12690915033300565,0.8800000000000001
bank_marketing,logreg,lime,19,0.9849596667214987,0.32636823315639985,0.8399999999999999
bank_marketing,logreg,lime,20,0.9324716022954369,0.07030173162124509,0.8400000000000001
bank_marketing,logreg,lime,21,0.8736363912029821,0.36991047276162026,0.6399999999999999
bank_marketing,logreg,lime,22,0.9855088875287248,0.564235559674821,0.6799999999999999
bank_marketing,logreg,lime,23,0.9908286275780206,0.17622717257765097,0.7999999999999999
bank_marketing,logreg,lime,24,0.7270391601002802,0.06227167882082407,0.6399999999999999
bank_marketing,logreg,lime,25,0.973292824303085,0.2455219972522853,0.7999999999999999
bank_marketing,logreg,lime,26,0.9570821989038414,0.3702823962193337,0.7599999999999999
bank_marketing,logreg,lime,27,0.8940338828640065,0.05934230570729737,0.8800000000000001
bank_marketing,logreg,lime,28,0.9768100091015676,0.4226471838314845,0.86
bank_marketing,logreg,lime,29,0.9071679430634925,0.37194595109109363,0.7999999999999999
bank_marketing,logreg,lime,30,0.9622695010576303,0.1721076581883375,0.86
bank_marketing,logreg,lime,31,0.8807525177105381,0.40355019978045514,0.72
bank_marketing,logreg,lime,32,0.9711699211678495,0.4685920986884351,0.7599999999999999
bank_marketing,logreg,lime,33,0.9901084880628762,0.1163245456817954,0.9199999999999999
bank_marketing,logreg,lime,34,0.9829052267834074,0.19174991623211712,0.9199999999999999
bank_marketing,logreg,lime,35,0.9180474823100951,0.408731997416108,0.6599999999999999
bank_marketing,logreg,lime,36,0.9890860467525444,0.5215383496549373,0.7999999999999999
bank_marketing,logreg,lime,37,0.9290991206123762,0.29854372513300476,0.62
bank_marketing,logreg,lime,38,0.9864992624453233,0.4762736014490371,0.6199999999999999
bank_marketing,logreg,lime,39,0.8112022052731543,0.12254747382269415,0.74
bank_marketing,logreg,lime,40,0.9561995722028517,0.15682774620254436,0.7799999999999999
bank_marketing,logreg,lime,41,0.9622721802552711,0.09305246224499353,0.8400000000000001
bank_marketing,logreg,lime,42,0.9858466651524822,0.505476643654519,0.86
bank_marketing,logreg,lime,43,0.8512125240559343,0.0396834598402942,0.7799999999999999
bank_marketing,logreg,lime,44,0.9475480305622497,0.09655008803553233,0.7
bank_marketing,logreg,lime,45,0.9848865317570217,0.2579788374438057,0.86
bank_marketing,logreg,lime,46,0.9726382144664851,0.28618435689697763,0.7
bank_marketing,logreg,lime,47,0.9665593118337308,0.14928768446020002,0.8799999999999999
bank_marketing,logreg,lime,48,0.9665502283476023,0.516851496487404,0.72
bank_marketing,logreg,lime,49,0.9896644333454667,0.4068404561939343,0.8400000000000001
bank_marketing,logreg,lime,50,0.9825875187264865,0.20705452230385923,0.86
bank_marketing,logreg,lime,51,0.9516421268930122,0.11167589096824204,0.8
bank_marketing,logreg,lime,52,0.7793750205744122,0.22643858946797335,0.82
bank_marketing,logreg,lime,53,0.994508240800563,0.18163126251762163,0.8
bank_marketing,logreg,lime,54,0.6578366390872614,0.28359363532555404,0.64
bank_marketing,logreg,lime,55,0.9741826328158988,0.21376206854434632,0.7999999999999999
bank_marketing,logreg,lime,56,0.9756002536276493,0.30500014479633486,0.78
bank_marketing,logreg,lime,57,0.9800884758507744,0.1436369318139039,0.7799999999999999
bank_marketing,logreg,lime,58,0.9870820575784934,0.42156392232704754,0.8399999999999999
bank_marketing,logreg,lime,59,0.9753540706253456,0.35796541708128915,0.72
bank_marketing,logreg,lime,60,0.9442888902871888,0.05099848718627842,0.86
bank_marketing,logreg,lime,61,0.9433040532431749,0.3780465236080215,0.76
bank_marketing,logreg,lime,62,0.8908677972407448,0.534963484245947,0.7199999999999999
bank_marketing,logreg,lime,63,0.9351100134644976,0.033522595803690436,0.8799999999999999
bank_marketing,logreg,lime,64,0.9877267938270811,0.24030687562554554,0.7
bank_marketing,logreg,lime,65,0.9494035181065821,0.2100134805618633,0.7599999999999999
bank_marketing,logreg,lime,66,0.8697273813064411,0.2846016751341047,0.6599999999999999
bank_marketing,logreg,lime,67,0.9560011245530593,0.14288077807715371,0.86
bank_marketing,logreg,lime,68,0.9629373563680652,0.5804622308652332,0.86
bank_marketing,logreg,lime,69,0.897813207567243,0.16529231238083264,0.86
bank_marketing,logreg,lime,70,0.753453992162797,0.050219105618573456,0.9199999999999999
bank_marketing,logreg,lime,71,0.9489638347160246,0.3021160176694899,0.7799999999999999
bank_marketing,logreg,lime,72,0.8901941690265387,0.5840825376825359,0.6799999999999999
bank_marketing,logreg,lime,73,0.6743986953629391,0.026530357271313365,0.9200000000000002
bank_marketing,logreg,lime,74,0.9866788710167811,0.17336077941454398,0.86
bank_marketing,logreg,lime,75,0.97837873088287,0.27317189125173236,0.72
bank_marketing,logreg,lime,76,0.8408142591993073,0.5924922877423676,0.5999999999999999
bank_marketing,logreg,lime,77,0.8049037762840461,0.031138080707526883,0.9199999999999999
bank_marketing,logreg,lime,78,0.986140441315656,0.45937707070848577,0.7
bank_marketing,logreg,lime,79,0.9487509412349604,0.4379244864537968,0.72
bank_marketing,logreg,lime,80,0.8096310883764651,0.2567829925179522,0.7999999999999999
bank_marketing,logreg,lime,81,0.9362710678998807,0.333987402892586,0.72
bank_marketing,logreg,lime,82,0.9749594568746831,0.4953520387169522,0.9199999999999999
bank_marketing,logreg,lime,83,0.9928938354424515,0.2089316040385858,0.74
bank_marketing,logreg,lime,84,0.9334596861795678,0.2708992430542032,0.7599999999999999
bank_marketing,logreg,lime,85,0.9981674093896353,0.21140498902556049,0.8400000000000001
bank_marketing,logreg,lime,86,0.9896539622196157,0.2999463024380985,0.82
bank_marketing,logreg,lime,87,0.9946170034497716,0.18337477384106682,0.86
bank_marketing,logreg,lime,88,0.8947190339257375,0.39509111740377933,0.7799999999999999
bank_marketing,logreg,lime,89,0.8816965379571522,0.12593403626830058,0.9199999999999999
bank_marketing,logreg,lime,90,0.934935319855755,0.10297707212579166,0.8399999999999999
bank_marketing,logreg,lime,91,0.8476251261454253,0.09252384269163016,0.7599999999999999
bank_marketing,logreg,lime,92,0.983593091396999,0.5958982664445254,0.7399999999999999
bank_marketing,logreg,lime,93,0.9924813844568744,0.17349837712899485,0.9199999999999999
bank_marketing,logreg,lime,94,0.8952107785130113,0.2210653781144274,0.86
bank_marketing,logreg,lime,95,0.8772956879486781,0.2744737155806266,0.8400000000000001
bank_marketing,logreg,lime,96,0.506062016846968,0.17879493666500057,0.6399999999999999
bank_marketing,logreg,lime,97,0.9449111587918504,0.19280794060256723,0.7
bank_marketing,logreg,lime,98,0.9701814377189543,0.5544716628150039,0.7999999999999999
bank_marketing,logreg,lime,99,0.9629171976457261,0.40091331156331544,0.6799999999999999
bank_marketing,rf,treeshap,0,0.9362357417272428,0.008034114868353925,0.74
bank_marketing,rf,treeshap,1,0.9874620996518454,0.0024786725326138015,1.0
bank_marketing,rf,treeshap,2,0.9763523940872327,0.012712517416292535,0.8799999999999999
bank_marketing,rf,treeshap,3,0.9517785966358512,0.006120271057565629,0.86
bank_marketing,rf,treeshap,4,0.9780228054232059,0.008526510695341272,0.7799999999999999
bank_marketing,rf,treeshap,5,0.8715990858992922,0.030403318014260883,0.9199999999999999
bank_marketing,rf,treeshap,6,0.7518953453644805,0.002764354845738559,0.9199999999999999
bank_marketing,rf,treeshap,7,0.8882949979335251,0.029864087954037388,0.7799999999999999
bank_marketing,rf,treeshap,8,0.9847555680372139,0.011354575506659303,1.0
bank_marketing,rf,treeshap,9,0.8853647591192704,0.026972229478019805,0.8800000000000001
bank_marketing,rf,treeshap,10,0.9784931206445485,0.0034548640317313417,1.0
bank_marketing,rf,treeshap,11,0.9732235093456865,0.006796804586484462,1.0
bank_marketing,rf,treeshap,12,0.9820194298706209,0.0044663856821186565,1.0
bank_marketing,rf,treeshap,13,0.9820363041243787,0.00897265442709616,1.0
bank_marketing,rf,treeshap,14,0.934190197257009,0.01333466464411548,0.7599999999999999
bank_marketing,rf,treeshap,15,0.9336457723821718,0.018923397907474326,0.9199999999999999
bank_marketing,rf,treeshap,16,0.9553021187506751,0.0040978763548646935,0.8400000000000001
bank_marketing,rf,treeshap,17,0.8918118880047059,0.02972114115460034,0.9199999999999999
bank_marketing,rf,treeshap,18,0.8939922327760461,0.032353082666859656,0.8400000000000001
bank_marketing,rf,treeshap,19,0.9652556925335375,0.004568046819759752,1.0
bank_marketing,rf,treeshap,20,0.7552139805843796,0.0029714694719116252,0.8399999999999999
bank_marketing,rf,treeshap,21,0.7687637027240649,0.019269928615355703,0.9199999999999999
bank_marketing,rf,treeshap,22,0.984165747414256,0.008512508211383163,1.0
bank_marketing,rf,treeshap,23,0.9913392326057096,0.003687170952293206,1.0
bank_marketing,rf,treeshap,24,0.6387579300351789,0.004723776902101462,1.0
bank_marketing,rf,treeshap,25,0.9591453981170334,0.005849251161257563,0.86
bank_marketing,rf,treeshap,26,0.9233462989404956,0.003836463828275738,1.0
bank_marketing,rf,treeshap,27,0.8657037816255325,0.030899237934048474,1.0
bank_marketing,rf,treeshap,28,0.9616827975234784,0.004617560153898692,0.8799999999999999
bank_marketing,rf,treeshap,29,0.9122523679203309,0.01044708912341863,0.8399999999999999
bank_marketing,rf,treeshap,30,0.9202668219077417,0.007501470646330333,0.86
bank_marketing,rf,treeshap,31,0.8019066714039373,0.017747113498938205,0.8800000000000001
bank_marketing,rf,treeshap,32,0.9283233425753318,0.01002403948828512,0.7999999999999999
bank_marketing,rf,treeshap,33,0.9698887326333899,0.0048552280028960615,0.8799999999999999
bank_marketing,rf,treeshap,34,0.9655955507877172,0.0032856650560828538,0.9199999999999999
bank_marketing,rf,treeshap,35,0.8761609928111002,0.028646852343442553,0.8400000000000001
bank_marketing,rf,treeshap,36,0.9802856817142229,0.00812142696779039,1.0
bank_marketing,rf,treeshap,37,0.955627668702981,0.006049653815804357,0.8400000000000001
bank_marketing,rf,treeshap,38,0.9677051311598092,0.009346122849181904,0.8799999999999999
bank_marketing,rf,treeshap,39,0.9091310423468029,0.024624187113565732,0.72
bank_marketing,rf,treeshap,40,0.9580623477670972,0.004339645886627608,1.0
bank_marketing,rf,treeshap,41,0.937106298324853,0.01079832831544203,0.9199999999999999
bank_marketing,rf,treeshap,42,0.9739389742091962,0.0029090385539218833,1.0
bank_marketing,rf,treeshap,43,0.7697891787586056,0.03774612966882618,0.9199999999999999
bank_marketing,rf,treeshap,44,0.8086284479928109,0.004519704508094913,0.78
bank_marketing,rf,treeshap,45,0.971024904523136,0.007361834845262427,1.0
bank_marketing,rf,treeshap,46,0.9519626143647797,0.0058657655090808,1.0
bank_marketing,rf,treeshap,47,0.9576119489330317,0.006078476073450245,0.8400000000000001
bank_marketing,rf,treeshap,48,0.9570144452833045,0.016371116287259846,0.82
bank_marketing,rf,treeshap,49,0.9780934039685494,0.004114870831259054,1.0
bank_marketing,rf,treeshap,50,0.956825910701463,0.009751471414863211,0.7
bank_marketing,rf,treeshap,51,0.9689881150601103,0.009173208839154512,0.82
bank_marketing,rf,treeshap,52,0.8427044510600217,0.009743245161338066,0.82
bank_marketing,rf,treeshap,53,0.9060297972467259,0.01799001246666665,0.8400000000000001
bank_marketing,rf,treeshap,54,0.7210677250299566,0.01993167402651108,0.8400000000000001
bank_marketing,rf,treeshap,55,0.9637517590606036,0.0023670973824941877,1.0
bank_marketing,rf,treeshap,56,0.9562230570944245,0.0028813056461457487,0.9199999999999999
bank_marketing,rf,treeshap,57,0.966025425411831,0.004545656190844127,0.9199999999999999
bank_marketing,rf,treeshap,58,0.9613188013401667,0.00373849937852333,0.86
bank_marketing,rf,treeshap,59,0.962880467341769,0.012266069345879926,0.7999999999999999
bank_marketing,rf,treeshap,60,0.9271350644970898,0.031333242493073676,0.82
bank_marketing,rf,treeshap,61,0.9441466777771031,0.01222979941523561,0.82
bank_marketing,rf,treeshap,62,0.8527291400857469,0.03749440446332475,0.76
bank_marketing,rf,treeshap,63,0.9574851370271199,0.0045027122881291515,0.86
bank_marketing,rf,treeshap,64,0.9849042126091806,0.009318330438288114,1.0
bank_marketing,rf,treeshap,65,0.9462500233708029,0.004596616463839909,1.0
bank_marketing,rf,treeshap,66,0.805114728746218,0.012047409398060482,0.7799999999999999
bank_marketing,rf,treeshap,67,0.9261788168255685,0.006429353188115328,0.9199999999999999
bank_marketing,rf,treeshap,68,0.9665421364465754,0.005180104233140859,1.0
bank_marketing,rf,treeshap,69,0.9445148154700874,0.0063711082721130685,0.8800000000000001
bank_marketing,rf,treeshap,70,0.6086099078895267,0.001859227415753173,0.7599999999999999
bank_marketing,rf,treeshap,71,0.9525150940914935,0.008540148557464655,0.78
bank_marketing,rf,treeshap,72,0.9276416060611383,0.021070078967624917,0.6399999999999999
bank_marketing,rf,treeshap,73,0.5496466543158959,0.002256961952942782,0.9199999999999999
bank_marketing,rf,treeshap,74,0.9633630897535094,0.003766404056812056,0.8800000000000001
bank_marketing,rf,treeshap,75,0.9702546242999432,0.007644143002424775,1.0
bank_marketing,rf,treeshap,76,0.9067693963737785,0.013467033486840863,1.0
bank_marketing,rf,treeshap,77,0.8877642296047602,0.023617933002137215,0.78
bank_marketing,rf,treeshap,78,0.9777377841089374,0.00590312090258982,1.0
bank_marketing,rf,treeshap,79,0.8343044899346221,0.010830519756223955,0.7799999999999999
bank_marketing,rf,treeshap,80,0.7800899360489146,0.027289290341375505,0.9199999999999999
bank_marketing,rf,treeshap,81,0.9469501303278459,0.011240235383487729,0.8800000000000001
bank_marketing,rf,treeshap,82,0.961338447482456,0.005036828904303237,0.9200000000000002
bank_marketing,rf,treeshap,83,0.9869254874889594,0.004378575798987816,1.0
bank_marketing,rf,treeshap,84,0.9184307949137664,0.01044224546737027,1.0
bank_marketing,rf,treeshap,85,0.9781958787331024,0.003824621427074404,0.9199999999999999
bank_marketing,rf,treeshap,86,0.9766742463810119,0.0061959891744507445,0.7599999999999999
bank_marketing,rf,treeshap,87,0.9873893350262497,0.003610969669936792,1.0
bank_marketing,rf,treeshap,88,0.7619449185983503,0.006790227121568071,0.8399999999999999
bank_marketing,rf,treeshap,89,0.9177243737241056,0.017580170599691747,0.76
bank_marketing,rf,treeshap,90,0.9504917282937091,0.008138353598381998,0.9199999999999999
bank_marketing,rf,treeshap,91,0.8757486521774659,0.013788352668736237,0.8400000000000001
bank_marketing,rf,treeshap,92,0.9868331359443132,0.0047447924726780055,1.0
bank_marketing,rf,treeshap,93,0.989159238032428,0.0028834760625284783,1.0
bank_marketing,rf,treeshap,94,0.8536040007582851,0.019202326165504657,0.7199999999999999
bank_marketing,rf,treeshap,95,0.8535777741972614,0.011425715616553922,0.9199999999999999
bank_marketing,rf,treeshap,96,0.6086121497608831,0.001279501740792277,0.86
bank_marketing,rf,treeshap,97,0.8172704942623845,0.027496357848159514,0.86
bank_marketing,rf,treeshap,98,0.9743041329878144,0.006002341085555862,1.0
bank_marketing,rf,treeshap,99,0.9670105928659977,0.011070913894788093,0.8400000000000001
bank_marketing,rf,treeshap,100,0.988348915598886,0.0032825922211919822,1.0
bank_marketing,rf,treeshap,101,0.9908246451189309,0.0029032756544153937,1.0
bank_marketing,rf,treeshap,102,0.9572965393955482,0.005571234529952784,0.7999999999999999
bank_marketing,rf,treeshap,103,0.9214242355649753,0.01309704242313392,0.9199999999999999
bank_marketing,rf,treeshap,104,0.9811784122522612,0.004416827198495232,1.0
bank_marketing,rf,treeshap,105,0.9791191257654775,0.005417916359907515,0.9200000000000002
bank_marketing,rf,treeshap,106,0.9688327850587644,0.012228383090881367,1.0
bank_marketing,rf,treeshap,107,0.7121645310557175,0.0013591320250332384,1.0
bank_marketing,rf,treeshap,108,0.6263353412473888,0.002569638585424583,0.82
bank_marketing,rf,treeshap,109,0.8903663603633319,0.026589519357889335,0.9199999999999999
bank_marketing,rf,treeshap,110,0.9626618721843279,0.004705984647340289,0.86
bank_marketing,rf,treeshap,111,0.979770555033517,0.009525536294963444,1.0
bank_marketing,rf,treeshap,112,0.9465801580013353,0.009683902339943318,0.9199999999999999
bank_marketing,rf,treeshap,113,0.9501140378779633,0.00870347990162812,1.0
bank_marketing,rf,treeshap,114,0.9850878051012893,0.006664807141297913,1.0
bank_marketing,rf,treeshap,115,0.957987391571803,0.008379598770646757,1.0
bank_marketing,rf,treeshap,116,0.9259610461024087,0.009287885373802651,1.0
bank_marketing,rf,treeshap,117,0.9508091383406576,0.005269700311092529,0.9199999999999999
bank_marketing,rf,treeshap,118,0.9716559558021987,0.009868775454639489,1.0
bank_marketing,rf,treeshap,119,0.9357723697900864,0.00459738588924774,0.8399999999999999
bank_marketing,rf,treeshap,120,0.9342869506729429,0.01142948984861325,1.0
bank_marketing,rf,treeshap,121,0.9579185104655604,0.00786317159694927,1.0
bank_marketing,rf,treeshap,122,0.98650533017718,0.004617254562575446,1.0
bank_marketing,rf,treeshap,123,0.8013011602577382,0.011419076248795235,0.9199999999999999
bank_marketing,rf,treeshap,124,0.7482173474361642,0.0027720017107281114,0.9199999999999999
bank_marketing,rf,treeshap,125,0.9114138394411487,0.007759988888518143,0.9199999999999999
bank_marketing,rf,treeshap,126,0.9223607611921137,0.009118668925714779,0.8800000000000001
bank_marketing,rf,treeshap,127,0.868873025366911,0.01424860722890231,0.8799999999999999
bank_marketing,rf,treeshap,128,0.9703459625447841,0.006497093615853822,1.0
bank_marketing,rf,treeshap,129,0.9148888947753331,0.00925599135621391,0.74
bank_marketing,rf,treeshap,130,0.9600776664354257,0.008675793177083113,0.8400000000000001
bank_marketing,rf,treeshap,131,0.8686305696697127,0.00993478021016414,0.7799999999999999
bank_marketing,rf,treeshap,132,0.8861027111135815,0.0247649261520817,0.9199999999999999
bank_marketing,rf,treeshap,133,0.9238076238244742,0.016032036424256213,0.9199999999999999
bank_marketing,rf,treeshap,134,0.9605034825944445,0.006778124838488275,0.82
bank_marketing,rf,treeshap,135,0.7121404047438327,0.0010266245827118547,0.8799999999999999
bank_marketing,rf,treeshap,136,0.9769183221707836,0.006961522691740996,1.0
bank_marketing,rf,treeshap,137,0.9868231295132226,0.0076089294779354555,1.0
bank_marketing,rf,treeshap,138,0.9551453231122782,0.004262803207529253,0.86
bank_marketing,rf,treeshap,139,0.9112878559271322,0.006799618819494868,0.9199999999999999
bank_marketing,rf,treeshap,140,0.9763078570804227,0.01095000564693227,0.9199999999999999
bank_marketing,rf,treeshap,141,0.966299130078091,0.008996752719710677,0.9199999999999999
bank_marketing,rf,treeshap,142,0.9572318689354511,0.007371997618364268,1.0
bank_marketing,rf,treeshap,143,0.9629875790612139,0.005663197162017353,0.7999999999999999
bank_marketing,rf,treeshap,144,0.8806919705734642,0.03346073780798908,0.8400000000000001
bank_marketing,rf,treeshap,145,0.9113446372145413,0.014290774175855114,0.86
bank_marketing,rf,treeshap,146,0.9385224817494985,0.015620392197108202,0.86
bank_marketing,rf,treeshap,147,0.6793138552935162,0.02033167842510919,0.8400000000000001
bank_marketing,rf,treeshap,148,0.9686372934461603,0.004423192430930256,0.9199999999999999
bank_marketing,rf,treeshap,149,0.8795352256279972,0.009745671705897685,0.9199999999999999
bank_marketing,rf,treeshap,150,0.9440541646382886,0.011366568180469772,0.82
bank_marketing,rf,treeshap,151,0.904729194277652,0.008974668325101964,0.8399999999999999
bank_marketing,rf,treeshap,152,0.9758351504730403,0.007509327362063778,0.9199999999999999
bank_marketing,rf,treeshap,153,0.9391809082157755,0.004587123498601242,1.0
bank_marketing,rf,treeshap,154,0.9496883824496198,0.0038336336580521158,0.9200000000000002
bank_marketing,rf,treeshap,155,0.9482335536891835,0.006241584274405909,0.9199999999999999
bank_marketing,rf,treeshap,156,0.68603168831327,0.018770113774790764,0.9199999999999999
bank_marketing,rf,treeshap,157,0.8114597697307113,0.009540202694938715,1.0
bank_marketing,rf,treeshap,158,0.9722261544906022,0.004120032730457246,0.9199999999999999
bank_marketing,rf,treeshap,159,0.9214681543425222,0.01635348991192731,0.8400000000000001
bank_marketing,rf,treeshap,160,0.9557022030623521,0.007251482854697899,0.9199999999999999
bank_marketing,rf,treeshap,161,0.5412383890762416,0.0014922124834043649,0.8799999999999999
bank_marketing,rf,treeshap,162,0.9433962462809129,0.005873765663483965,0.8799999999999999
bank_marketing,rf,treeshap,163,0.9131497094482294,0.015240201048687063,0.7999999999999999
bank_marketing,rf,treeshap,164,0.9435912498499783,0.018451469907927787,0.86
bank_marketing,rf,treeshap,165,0.932574194672183,0.021167700187967875,0.74
bank_marketing,rf,treeshap,166,0.8998152469820271,0.01110664801473571,0.8799999999999999
bank_marketing,rf,treeshap,167,0.5484825999413963,0.0016271271687422484,0.9199999999999999
bank_marketing,rf,treeshap,168,0.9392487647017953,0.01317522053659892,1.0
bank_marketing,rf,treeshap,169,0.8572629792804711,0.034452558821345236,0.7799999999999999
bank_marketing,rf,treeshap,170,0.7283487438843687,0.0023622291792225747,1.0
bank_marketing,rf,treeshap,171,0.9412302313390214,0.006729415824823226,0.86
bank_marketing,rf,treeshap,172,0.974818879720786,0.008853337104554493,0.8799999999999999
bank_marketing,rf,treeshap,173,0.9654578403105851,0.007180875288806177,1.0
bank_marketing,rf,treeshap,174,0.7073988256809269,0.002249536277229125,0.82
bank_marketing,rf,treeshap,175,0.9728598181918935,0.007792873535098166,1.0
bank_marketing,rf,treeshap,176,0.9770641785376439,0.004558479512866698,1.0
bank_marketing,rf,treeshap,177,0.9195545929111285,0.007704404048999414,0.7999999999999999
bank_marketing,rf,treeshap,178,0.949676022831107,0.0061240105749720275,0.9199999999999999
bank_marketing,rf,treeshap,179,0.7155212661473982,0.02057485512580881,0.9199999999999999
bank_marketing,rf,treeshap,180,0.933908790781163,0.013137247280373243,0.7999999999999999
bank_marketing,rf,treeshap,181,0.6150869901453435,0.0035613569882313456,0.8399999999999999
bank_marketing,rf,treeshap,182,0.9532489849289719,0.010749557725648784,0.9199999999999999
bank_marketing,rf,treeshap,183,0.7225552744711006,0.020856179021542354,0.9199999999999999
bank_marketing,rf,treeshap,184,0.9285192210034822,0.036092081360175166,0.7599999999999999
bank_marketing,rf,treeshap,185,0.9802421069191304,0.0077655178537791025,1.0
bank_marketing,rf,treeshap,186,0.7049852607739804,0.002334890495884201,0.9199999999999999
bank_marketing,rf,treeshap,187,0.9828371781453352,0.0027611050994224007,0.9199999999999999
bank_marketing,rf,treeshap,188,0.916487264331819,0.021030925948668733,0.86
bank_marketing,rf,treeshap,189,0.9620993770570838,0.006362056086680723,1.0
bank_marketing,rf,treeshap,190,0.9370774878231597,0.005711331692701771,1.0
bank_marketing,rf,treeshap,191,0.9579361748316171,0.005825973605913859,1.0
bank_marketing,rf,treeshap,192,0.7247565542269454,0.008279853094766532,1.0
bank_marketing,rf,treeshap,193,0.9708241237727829,0.0073452396842128564,0.8799999999999999
bank_marketing,rf,treeshap,194,0.9415446126577602,0.01231867161983935,1.0
bank_marketing,rf,treeshap,195,0.9901502075601583,0.003732255195641132,1.0
bank_marketing,rf,treeshap,196,0.6984696103200078,0.003094011447040357,1.0
bank_marketing,rf,treeshap,197,0.7920955715014009,0.00623602524468192,0.86
bank_marketing,rf,treeshap,198,0.9447075968328618,0.01595782773203358,0.9199999999999999
bank_marketing,rf,treeshap,199,0.9614629747593396,0.006774245018529079,0.8400000000000001
bank_marketing,rf,treeshap,200,0.9166034940057717,0.008214351403312614,0.86
bank_marketing,rf,treeshap,201,0.9679356240265744,0.0035641080583074247,0.8799999999999999
bank_marketing,rf,treeshap,202,0.9331868571946424,0.00795552409079825,0.9199999999999999
bank_marketing,rf,treeshap,203,0.9514255784187462,0.011717293195785294,0.8400000000000001
bank_marketing,rf,treeshap,204,0.918253294126032,0.018252061241818773,0.7799999999999999
bank_marketing,rf,treeshap,205,0.9736166502503092,0.004643119835252785,1.0
bank_marketing,rf,treeshap,206,0.9033297063919818,0.016659046624906138,0.7999999999999999
bank_marketing,rf,treeshap,207,0.954483265123546,0.003907231460302363,0.86
bank_marketing,rf,treeshap,208,0.9643615717558933,0.007894741106014513,0.9199999999999999
bank_marketing,rf,treeshap,209,0.9766130618808354,0.0038881577812486245,0.9199999999999999
bank_marketing,rf,treeshap,210,0.9698102863645222,0.004565506591037716,1.0
bank_marketing,rf,treeshap,211,0.9592997160203394,0.0024921291798871703,0.9199999999999999
bank_marketing,rf,treeshap,212,0.9286217682234298,0.00850539221900326,1.0
bank_marketing,rf,treeshap,213,0.9505912258232785,0.0060986122700470435,0.7599999999999999
bank_marketing,rf,treeshap,214,0.9327052150036188,0.010703730472928719,0.8400000000000001
bank_marketing,rf,treeshap,215,0.9092743785178449,0.008387561082365602,0.86
bank_marketing,rf,treeshap,216,0.9792495007566696,0.0035093897397390217,0.9199999999999999
bank_marketing,rf,treeshap,217,0.9687901875251939,0.007349082228205406,0.8799999999999999
bank_marketing,rf,treeshap,218,0.970328557088831,0.0070872185904701235,0.82
bank_marketing,rf,treeshap,219,0.9621245168439929,0.00683807139996806,1.0
bank_marketing,rf,treeshap,220,0.8991913585596162,0.022240227156548054,0.8
bank_marketing,rf,treeshap,221,0.606432472412545,0.020138131053031527,0.7399999999999999
bank_marketing,rf,treeshap,222,0.8345583066294726,0.003974722856187163,1.0
bank_marketing,rf,treeshap,223,0.9643392017626876,0.0034684071968739127,0.86
bank_marketing,rf,treeshap,224,0.884482564229951,0.025816828697116767,0.6599999999999999
bank_marketing,rf,treeshap,225,0.9228275453018767,0.004962325228937692,1.0
bank_marketing,rf,treeshap,226,0.9746552667482377,0.01131737645776032,0.8799999999999999
bank_marketing,rf,treeshap,227,0.9884136636834462,0.005779259420907179,1.0
bank_marketing,rf,treeshap,228,0.5337357412357037,0.0009877035592011918,0.86
bank_marketing,rf,treeshap,229,0.9715470532975541,0.013296935539267474,0.9199999999999999
bank_marketing,rf,treeshap,230,0.9845334043273679,0.00478521284377198,0.9199999999999999
bank_marketing,rf,treeshap,231,0.7155255805465031,0.002707799108937925,0.7999999999999999
bank_marketing,rf,treeshap,232,0.9166325069812645,0.011746012932410066,0.8400000000000001
bank_marketing,rf,treeshap,233,0.9612238202523165,0.0040943277337254225,0.8799999999999999
bank_marketing,rf,treeshap,234,0.927995533030068,0.007934269819777962,1.0
bank_marketing,rf,treeshap,235,0.9777411988529565,0.005704540692095472,1.0
bank_marketing,rf,treeshap,236,0.8725748911919625,0.016874190241921716,0.8799999999999999
bank_marketing,rf,treeshap,237,0.9069774703860105,0.007910399752603547,0.8800000000000001
bank_marketing,rf,treeshap,238,0.9418181122278885,0.010071135858665259,0.86
bank_marketing,rf,treeshap,239,0.6588227496214104,0.0029208582439569364,1.0
bank_marketing,rf,treeshap,240,0.9394678173893279,0.015814411464648126,0.74
bank_marketing,rf,treeshap,241,0.7281710963625104,0.004421848834058828,0.86
bank_marketing,rf,treeshap,242,0.9277372434196565,0.012579994088187663,0.9199999999999999
bank_marketing,rf,treeshap,243,0.9550632731081452,0.003373031203951049,0.9199999999999999
bank_marketing,rf,treeshap,244,0.6951326232087907,0.014585334488142032,1.0
bank_marketing,rf,treeshap,245,0.5193470848136672,0.0008678073917064433,0.9199999999999999
bank_marketing,rf,treeshap,246,0.9471765453193799,0.0077744626742071166,0.8
bank_marketing,rf,treeshap,247,0.9446340451457591,0.008286805131217712,0.8400000000000001
bank_marketing,rf,treeshap,248,0.9710607688449622,0.005966557004966511,0.86
bank_marketing,rf,treeshap,249,0.9602507203944837,0.005037550142856673,0.86
bank_marketing,rf,treeshap,250,0.9779076193447789,0.004043744491002976,0.8799999999999999
bank_marketing,rf,treeshap,251,0.9886972656696482,0.0024643815740674757,1.0
bank_marketing,rf,treeshap,252,0.9343861854210761,0.009679641358222413,0.8799999999999999
bank_marketing,rf,treeshap,253,0.5320553382243257,0.0011576788283631512,0.8399999999999999
bank_marketing,rf,treeshap,254,0.8875558708916115,0.04438189638312995,0.7999999999999999
bank_marketing,rf,treeshap,255,0.937152971977446,0.011284828184356499,0.9200000000000002
bank_marketing,rf,treeshap,256,0.7215359160202932,0.01336421224713702,0.9199999999999999
bank_marketing,rf,treeshap,257,0.8918957433293724,0.011871334534190203,0.8400000000000001
bank_marketing,rf,treeshap,258,0.8918884994316889,0.016450304439108665,0.7199999999999999
bank_marketing,rf,treeshap,259,0.9325701673732993,0.018565972837354727,1.0
bank_marketing,rf,treeshap,260,0.944251393996837,0.0075770513260244865,0.9199999999999999
bank_marketing,rf,treeshap,261,0.992367170567771,0.004377368778054724,1.0
bank_marketing,rf,treeshap,262,0.9549611097416625,0.008664667903227063,0.8800000000000001
bank_marketing,rf,treeshap,263,0.7489369374522825,0.004931173018174695,0.86
bank_marketing,rf,treeshap,264,0.8744761409743738,0.022018866884021326,1.0
bank_marketing,rf,treeshap,265,0.9724789294867549,0.0070859039548156755,0.86
bank_marketing,rf,treeshap,266,0.9863103024996415,0.0061589319596688785,1.0
bank_marketing,rf,treeshap,267,0.9205494756040062,0.015918830309875842,1.0
bank_marketing,rf,treeshap,268,0.9890345206140007,0.0028836474920890254,1.0
bank_marketing,rf,treeshap,269,0.8432575822773808,0.006024602885028485,0.9199999999999999
bank_marketing,rf,treeshap,270,0.6468276171629029,0.013257065725362671,0.9199999999999999
bank_marketing,rf,treeshap,271,0.8393056984972775,0.004619028171323647,0.9200000000000002
bank_marketing,rf,treeshap,272,0.9388076009800439,0.009268758001884647,1.0
bank_marketing,rf,treeshap,273,0.6707207657037779,0.006781463344398331,0.86
bank_marketing,rf,treeshap,274,0.9539344172563501,0.0094272956499728,0.9199999999999999
bank_marketing,rf,treeshap,275,0.964429222783763,0.003575437615582211,0.7999999999999999
bank_marketing,rf,treeshap,276,0.9432191870699912,0.022083815971727816,0.7399999999999999
bank_marketing,rf,treeshap,277,0.9603244343353401,0.00801117405373264,1.0
bank_marketing,rf,treeshap,278,0.9071692326674166,0.03433557949440014,1.0
bank_marketing,rf,treeshap,279,0.9186259723321554,0.01318057407384976,0.7599999999999999
bank_marketing,rf,treeshap,280,0.9540806327226529,0.0037621050246278154,0.8800000000000001
bank_marketing,rf,treeshap,281,0.9256274080517473,0.017241517415490293,1.0
bank_marketing,rf,treeshap,282,0.9547369355988758,0.004523631074235923,0.86
bank_marketing,rf,treeshap,283,0.9661106516620064,0.005823970232370135,0.86
bank_marketing,rf,treeshap,284,0.980653482106369,0.004997869753274431,1.0
bank_marketing,rf,treeshap,285,0.9525506054631732,0.004078048373289844,1.0
bank_marketing,rf,treeshap,286,0.9800971819723369,0.004493767051599762,1.0
bank_marketing,rf,treeshap,287,0.9630573511077092,0.004518428596788526,0.82
bank_marketing,rf,treeshap,288,0.9433277427181739,0.0038834436693511165,0.86
bank_marketing,rf,treeshap,289,0.9870170892441175,0.006998315389245002,1.0
bank_marketing,rf,treeshap,290,0.9639404206913701,0.007157543623324769,0.8799999999999999
bank_marketing,rf,treeshap,291,0.9290125809222746,0.010100903135368045,0.8800000000000001
bank_marketing,rf,treeshap,292,0.9216844169768613,0.016434115790059045,0.8399999999999999
bank_marketing,rf,treeshap,293,0.9537449861642872,0.004846938066896955,1.0
bank_marketing,rf,treeshap,294,0.9465294142265647,0.008318420866303855,1.0
bank_marketing,rf,treeshap,295,0.9458395461738119,0.004112131058780499,0.9199999999999999
bank_marketing,rf,treeshap,296,0.7675347254957557,0.0022477997064036526,0.86
bank_marketing,rf,treeshap,297,0.860694185485773,0.021445060315532394,0.9199999999999999
bank_marketing,rf,treeshap,298,0.957803022464429,0.005937688671741936,0.86
bank_marketing,rf,treeshap,299,0.9384051783981903,0.004933642490381196,0.9199999999999999
bank_marketing,rf,treeshap,300,0.9649134266053283,0.005541355096897127,0.82
bank_marketing,rf,treeshap,301,0.8759000676000221,0.015366659852938502,0.7599999999999999
bank_marketing,rf,treeshap,302,0.9337482520148587,0.014725569423400642,0.86
bank_marketing,rf,treeshap,303,0.5334105657810567,0.004834189032130842,0.9199999999999999
bank_marketing,rf,treeshap,304,0.630234776011107,0.001536766868202255,0.82
bank_marketing,rf,treeshap,305,0.9668438324060805,0.005440012707890629,0.9199999999999999
bank_marketing,rf,treeshap,306,0.5511278839179858,0.0009650402416383486,0.8400000000000001
bank_marketing,rf,treeshap,307,0.9590360065296053,0.004168161404280446,0.8799999999999999
bank_marketing,rf,treeshap,308,0.9245578563460315,0.007799172969705892,0.9199999999999999
bank_marketing,rf,treeshap,309,0.8931136772657895,0.016771352753814917,0.8400000000000001
bank_marketing,rf,treeshap,310,0.9049742436019,0.011977518199502435,1.0
bank_marketing,rf,treeshap,311,0.9558850247144834,0.006732114292494984,0.82
bank_marketing,rf,treeshap,312,0.8852858560293304,0.015463234951240579,0.7599999999999999
bank_marketing,rf,treeshap,313,0.8295693303274122,0.016393187348933802,0.8400000000000001
bank_marketing,rf,treeshap,314,0.9620754945516501,0.006201417830922984,0.8400000000000001
bank_marketing,rf,treeshap,315,0.858374060519707,0.026508144217497587,0.8400000000000001
bank_marketing,rf,treeshap,316,0.5906832896271874,0.0008336762454028701,1.0
bank_marketing,rf,treeshap,317,0.946959416953393,0.009034682227898827,1.0
bank_marketing,rf,treeshap,318,0.8607315760020455,0.02106693052655717,0.7999999999999999
bank_marketing,rf,treeshap,319,0.9362056076244991,0.017435091591340823,0.8800000000000001
bank_marketing,rf,treeshap,320,0.9652949772105591,0.006099503832845743,0.7599999999999999
bank_marketing,rf,treeshap,321,0.9666368653879301,0.009984520061744773,0.86
bank_marketing,rf,treeshap,322,0.9125191561483639,0.009602559139816336,0.8800000000000001
bank_marketing,rf,treeshap,323,0.5467917870427756,0.0016341667917316727,0.8800000000000001
bank_marketing,rf,treeshap,324,0.9638242635520868,0.013597164262777683,1.0
bank_marketing,rf,treeshap,325,0.9629403711741323,0.0033357516836980405,0.8399999999999999
bank_marketing,rf,treeshap,326,0.967013400844474,0.007331889981450623,0.86
bank_marketing,rf,treeshap,327,0.9882327213329212,0.004150618914298021,1.0
bank_marketing,rf,treeshap,328,0.847464552148676,0.03260460474655036,0.9199999999999999
bank_marketing,rf,treeshap,329,0.5860088337032074,0.004751228362718685,1.0
bank_marketing,rf,treeshap,330,0.5476805609919152,0.001060189411988821,0.8400000000000001
bank_marketing,rf,treeshap,331,0.9409012742980517,0.01456456349998092,0.6599999999999999
bank_marketing,rf,treeshap,332,0.6466628670530156,0.0025523079457231423,1.0
bank_marketing,rf,treeshap,333,0.9616544376709729,0.005102163984243235,0.8800000000000001
bank_marketing,rf,treeshap,334,0.9878663465443536,0.007009341220147847,1.0
bank_marketing,rf,treeshap,335,0.963015206715766,0.008028136098698901,1.0
bank_marketing,rf,treeshap,336,0.9254060473749861,0.011724950030684411,0.9199999999999999
bank_marketing,rf,treeshap,337,0.9841142210360758,0.004860529226962562,0.8799999999999999
bank_marketing,rf,treeshap,338,0.5628214826975272,0.012420479032765441,0.9200000000000002
bank_marketing,rf,treeshap,339,0.5937107747659134,0.001761032682937702,0.7799999999999999
bank_marketing,rf,treeshap,340,0.9516659147172145,0.004583769751129174,1.0
bank_marketing,rf,treeshap,341,0.9191494089857196,0.005251502852656964,0.9199999999999999
bank_marketing,rf,treeshap,342,0.968102079778712,0.0051430717916630675,0.9199999999999999
bank_marketing,rf,treeshap,343,0.5355669771646309,0.0012322348868085697,0.9199999999999999
bank_marketing,rf,treeshap,344,0.9830888358435722,0.00417539204087336,1.0
bank_marketing,rf,treeshap,345,0.9627997844494682,0.0056082374226775755,0.86
bank_marketing,rf,treeshap,346,0.9737009434295381,0.005404909810990732,1.0
bank_marketing,rf,treeshap,347,0.9460817339443963,0.007371018096649862,1.0
bank_marketing,rf,treeshap,348,0.8897087030008851,0.014120373768195527,0.86
bank_marketing,rf,treeshap,349,0.9282271846393879,0.013665706196483107,0.86
bank_marketing,rf,treeshap,350,0.953508840955716,0.011600777990307898,0.8400000000000001
bank_marketing,rf,treeshap,351,0.8869738988646972,0.012690373209154004,1.0
bank_marketing,rf,treeshap,352,0.8432111952444566,0.025175114358484407,1.0
bank_marketing,rf,treeshap,353,0.9527579607198111,0.008292601653749232,0.8799999999999999
bank_marketing,rf,treeshap,354,0.856587969293854,0.021130921634738398,0.8800000000000001
bank_marketing,rf,treeshap,355,0.9785895555525082,0.009020613322002768,0.9199999999999999
bank_marketing,rf,treeshap,356,0.9495355600510378,0.00517962348285983,0.9199999999999999
bank_marketing,rf,treeshap,357,0.9892993780739012,0.0030543802066347325,1.0
bank_marketing,rf,treeshap,358,0.9664102352191817,0.003296040496969743,0.9199999999999999
bank_marketing,rf,treeshap,359,0.9491072984115381,0.007732498257526976,1.0
bank_marketing,rf,treeshap,360,0.9733226856522453,0.0033552070248349386,1.0
bank_marketing,rf,treeshap,361,0.9507678378692452,0.0036441586646087654,0.9199999999999999
bank_marketing,rf,treeshap,362,0.5362604400583015,0.003027941335224993,0.8800000000000001
bank_marketing,rf,treeshap,363,0.94645956606768,0.014778904219138411,0.6999999999999998
bank_marketing,rf,treeshap,364,0.9480106713078073,0.016434397659688793,1.0
bank_marketing,rf,treeshap,365,0.96029846805832,0.007273059514352864,0.8800000000000001
bank_marketing,rf,treeshap,366,0.5187751501564256,0.00256959520114175,0.7799999999999999
bank_marketing,rf,treeshap,367,0.9634809421106969,0.0084502794754856,0.82
bank_marketing,rf,treeshap,368,0.920311360392615,0.013475956131398292,0.7999999999999999
bank_marketing,rf,treeshap,369,0.8187604237629428,0.021435984398308405,1.0
bank_marketing,rf,treeshap,370,0.9357305151545621,0.02229855565522032,1.0
bank_marketing,rf,treeshap,371,0.9518927562222513,0.0065332253250334205,0.8399999999999999
bank_marketing,rf,treeshap,372,0.9708171338126418,0.006873986755836392,1.0
bank_marketing,rf,treeshap,373,0.780079893047621,0.006618667160214309,0.9199999999999999
bank_marketing,rf,treeshap,374,0.9590241710718324,0.003486008940892793,0.9199999999999999
bank_marketing,rf,treeshap,375,0.5405806041141112,0.000828759399948531,0.7999999999999999
bank_marketing,rf,treeshap,376,0.9539916816969157,0.004581048878383287,0.86
bank_marketing,rf,treeshap,377,0.965619961558939,0.004940941629457796,0.8800000000000001
bank_marketing,rf,treeshap,378,0.9512616129871898,0.005220913467232746,0.9199999999999999
bank_marketing,rf,treeshap,379,0.6257840276668862,0.004927526890632139,0.82
bank_marketing,rf,treeshap,380,0.9612576737660097,0.003144923104853703,1.0
bank_marketing,rf,treeshap,381,0.952076832558421,0.004860002803686592,1.0
bank_marketing,rf,treeshap,382,0.9574389056059569,0.003388513497105672,1.0
bank_marketing,rf,treeshap,383,0.9670688475824599,0.007858310006716218,0.7599999999999999
bank_marketing,rf,treeshap,384,0.9410354120973805,0.004683627055321438,1.0
bank_marketing,rf,treeshap,385,0.9064770523636885,0.049075135797501446,0.8800000000000001
bank_marketing,rf,treeshap,386,0.9535045428379296,0.006280712543317968,0.7999999999999999
bank_marketing,rf,treeshap,387,0.9467992902128248,0.005288255876416015,0.72
bank_marketing,rf,treeshap,388,0.9750148090841225,0.005850360583596781,0.82
bank_marketing,rf,treeshap,389,0.9031297555684062,0.01848251152960645,0.8400000000000001
bank_marketing,rf,treeshap,390,0.9640807658645144,0.009741617128836366,0.9199999999999999
bank_marketing,rf,treeshap,391,0.9548552741867979,0.005692411707477474,0.86
bank_marketing,rf,treeshap,392,0.9841557138980536,0.003381362821214262,0.8800000000000001
bank_marketing,rf,treeshap,393,0.5742629324239592,0.0018326169459674801,1.0
bank_marketing,rf,treeshap,394,0.5296341596261618,0.001952484929357512,0.8800000000000001
bank_marketing,rf,treeshap,395,0.8198700423136405,0.006824075191568468,0.9199999999999999
bank_marketing,rf,treeshap,396,0.9408661054102584,0.021006284401363096,0.8399999999999999
bank_marketing,rf,treeshap,397,0.9560100727913774,0.003226997052071745,1.0
bank_marketing,rf,treeshap,398,0.9874391390884982,0.003473225518356715,1.0
bank_marketing,rf,treeshap,399,0.9716641179536298,0.006491333677677291,0.9199999999999999
bank_marketing,rf,treeshap,400,0.9480139048131313,0.012110857083102777,0.9199999999999999
bank_marketing,rf,treeshap,401,0.9033055410756046,0.018543933865616702,0.86
bank_marketing,rf,treeshap,402,0.8858588580149427,0.011291629552962923,0.8400000000000001
bank_marketing,rf,treeshap,403,0.9691050386726457,0.008401251779410424,0.8799999999999999
bank_marketing,rf,treeshap,404,0.9396670072012568,0.005719548179821232,1.0
bank_marketing,rf,treeshap,405,0.8612839132555994,0.015577047363945828,0.8400000000000001
bank_marketing,rf,treeshap,406,0.8348256856505671,0.002977273084019627,0.86
bank_marketing,rf,treeshap,407,0.8120090973619506,0.01974197363009722,0.8800000000000001
bank_marketing,rf,treeshap,408,0.9009292562778446,0.015510037468708715,0.9199999999999999
bank_marketing,rf,treeshap,409,0.9882021190118893,0.00362966620962768,1.0
bank_marketing,rf,treeshap,410,0.9442682322823238,0.013868975332631317,0.86
bank_marketing,rf,treeshap,411,0.8209396631167302,0.019802435593345935,0.86
bank_marketing,rf,treeshap,412,0.937540860495429,0.006448404830231347,0.8400000000000001
bank_marketing,rf,treeshap,413,0.957167711243323,0.01797620750299256,0.8400000000000001
bank_marketing,rf,treeshap,414,0.5687187777372757,0.0024036416173333075,1.0
bank_marketing,rf,treeshap,415,0.9666500709586288,0.006545221130213719,0.7999999999999999
bank_marketing,rf,treeshap,416,0.9140345709857242,0.021117127909809907,0.86
bank_marketing,rf,treeshap,417,0.960021736368249,0.008092787067453089,0.86
bank_marketing,rf,treeshap,418,0.9815168002695623,0.011769453526686346,0.9200000000000002
bank_marketing,rf,treeshap,419,0.9265037203004619,0.02060437728014486,0.86
bank_marketing,rf,treeshap,420,0.8930650055841243,0.013410810806344764,0.8400000000000001
bank_marketing,rf,treeshap,421,0.9007405955529417,0.01328186680755794,0.86
bank_marketing,rf,treeshap,422,0.956370767215833,0.007351896724280715,0.9199999999999999
bank_marketing,rf,treeshap,423,0.9339648270720142,0.004957091148652837,0.9199999999999999
bank_marketing,rf,treeshap,424,0.9593833335531781,0.004421122159645741,0.86
bank_marketing,rf,treeshap,425,0.9524116243002192,0.004995241735183065,0.8799999999999999
bank_marketing,rf,treeshap,426,0.9417338183816121,0.005810118190194502,0.86
bank_marketing,rf,treeshap,427,0.8443218923516541,0.018338812071135857,0.86
bank_marketing,rf,treeshap,428,0.9509128441089871,0.008509113367788368,0.74
bank_marketing,rf,treeshap,429,0.9719320887894778,0.00817466886155549,0.8799999999999999
bank_marketing,rf,treeshap,430,0.9479758670012324,0.02055413150470975,0.7399999999999999
bank_marketing,rf,treeshap,431,0.5476991651577877,0.004194330907334232,0.82
bank_marketing,rf,treeshap,432,0.9585312596644116,0.0068494838869799235,0.82
bank_marketing,rf,treeshap,433,0.8919857880759359,0.015773229060742744,0.8400000000000001
bank_marketing,rf,treeshap,434,0.9586280344501464,0.006765635637043355,0.82
bank_marketing,rf,treeshap,435,0.6990522424173914,0.002744976902481433,1.0
bank_marketing,rf,treeshap,436,0.9500531585072238,0.00940284267720437,1.0
bank_marketing,rf,treeshap,437,0.9363315124636916,0.0076379938310016104,0.8399999999999999
bank_marketing,rf,treeshap,438,0.9243352864976189,0.0048392094161162635,0.9199999999999999
bank_marketing,rf,treeshap,439,0.9569312052145019,0.006808238277526746,1.0
bank_marketing,rf,treeshap,440,0.8941525126000875,0.029418480443051287,0.6599999999999999
bank_marketing,rf,treeshap,441,0.9483013201168357,0.012777050535383028,0.82
bank_marketing,rf,treeshap,442,0.9882556303254135,0.003251874632017482,1.0
bank_marketing,rf,treeshap,443,0.9900255978064113,0.003907189147649981,1.0
bank_marketing,rf,treeshap,444,0.9397843899752069,0.00681853563742274,1.0
bank_marketing,rf,treeshap,445,0.9464529523186567,0.009385739515573865,0.86
bank_marketing,rf,treeshap,446,0.9472522702729151,0.016325350024673613,1.0
bank_marketing,rf,treeshap,447,0.9638711601470717,0.006807248988671133,0.8400000000000001
bank_marketing,rf,treeshap,448,0.9353428383954061,0.011875461036614965,1.0
bank_marketing,rf,treeshap,449,0.9116281176585079,0.00894844878013712,0.9199999999999999
bank_marketing,rf,treeshap,450,0.9667668355787106,0.0035907732467996833,0.82
bank_marketing,rf,treeshap,451,0.9690107001222931,0.007630829272731843,0.9199999999999999
bank_marketing,rf,treeshap,452,0.9598178255049605,0.004082278869306122,0.86
bank_marketing,rf,treeshap,453,0.691195797129916,0.0013400876740552459,0.86
bank_marketing,rf,treeshap,454,0.9770359785221462,0.0046714675882826295,0.9199999999999999
bank_marketing,rf,treeshap,455,0.9438421779980283,0.017911605013824272,0.8800000000000001
bank_marketing,rf,treeshap,456,0.5486316537941054,0.0005317173938035324,1.0
bank_marketing,rf,treeshap,457,0.891022140705347,0.019514185383928684,0.8400000000000001
bank_marketing,rf,treeshap,458,0.9576349987671827,0.011400332763169985,0.86
bank_marketing,rf,treeshap,459,0.9545401924377988,0.01044215010649141,0.9199999999999999
bank_marketing,rf,treeshap,460,0.9719537354434952,0.01494682684877413,0.9199999999999999
bank_marketing,rf,treeshap,461,0.9151815145356442,0.016779187524654682,0.8400000000000001
bank_marketing,rf,treeshap,462,0.9544232824549193,0.006065787323789151,0.8400000000000001
bank_marketing,rf,treeshap,463,0.952007557377686,0.003929327422181439,0.9199999999999999
bank_marketing,rf,treeshap,464,0.6966407188257271,0.00793078179793627,0.9199999999999999
bank_marketing,rf,treeshap,465,0.6157252350350142,0.00307957728831032,0.8400000000000001
bank_marketing,rf,treeshap,466,0.9674530246083322,0.012646813065065432,0.8799999999999999
bank_marketing,rf,treeshap,467,0.5921808748136366,0.001055018426804999,0.7599999999999999
bank_marketing,rf,treeshap,468,0.8454879568136004,0.03071531165265584,0.86
bank_marketing,rf,treeshap,469,0.942811901423345,0.009524817064472502,0.82
bank_marketing,rf,treeshap,470,0.9757437298176749,0.007232156110037025,1.0
bank_marketing,rf,treeshap,471,0.9624026130620861,0.0037879991806523128,0.86
bank_marketing,rf,treeshap,472,0.9898527966933509,0.003703253808019946,1.0
bank_marketing,rf,treeshap,473,0.9792264182885825,0.006405393063860898,0.8799999999999999
bank_marketing,rf,treeshap,474,0.9598018334088618,0.011024329770704888,0.8399999999999999
bank_marketing,rf,treeshap,475,0.7376043121561018,0.008103396482537106,0.86
bank_marketing,rf,treeshap,476,0.6816174246906825,0.003179227139393559,0.9199999999999999
bank_marketing,rf,treeshap,477,0.5413975529678857,0.004245024315398638,1.0
bank_marketing,rf,treeshap,478,0.6766301213276549,0.003659098651181081,0.7599999999999999
bank_marketing,rf,treeshap,479,0.9383696601982707,0.0057263822541442355,0.8800000000000001
bank_marketing,rf,treeshap,480,0.5277588577748598,0.0009262512135765899,0.9199999999999999
bank_marketing,rf,treeshap,481,0.9231326719928129,0.009615861181300644,0.86
bank_marketing,rf,treeshap,482,0.9750384910184113,0.011322196312365862,0.9199999999999999
bank_marketing,rf,treeshap,483,0.943680275188461,0.006576500775140159,0.8799999999999999
bank_marketing,rf,treeshap,484,0.779524044527052,0.010923157128966743,0.8799999999999999
bank_marketing,rf,treeshap,485,0.9735154275208575,0.003072731348188973,1.0
bank_marketing,rf,treeshap,486,0.9597849350137805,0.008916563306041736,0.8399999999999999
bank_marketing,rf,treeshap,487,0.9608230632866084,0.0074239541126857045,0.86
bank_marketing,rf,treeshap,488,0.9616636945120381,0.01195503049109381,0.82
bank_marketing,rf,treeshap,489,0.8329491091016091,0.021955055380409427,0.86
bank_marketing,rf,treeshap,490,0.9530912863452977,0.006386922894640934,1.0
bank_marketing,rf,treeshap,491,0.8451513632478636,0.02781263144918733,0.82
bank_marketing,rf,treeshap,492,0.8483098685962848,0.021663778589333105,0.8
bank_marketing,rf,treeshap,493,0.925440128790556,0.010745572963683059,0.86
bank_marketing,rf,treeshap,494,0.8927198157942007,0.021289940678493657,0.7999999999999999
bank_marketing,rf,treeshap,495,0.6351079477759555,0.0023712088992814406,0.8400000000000001
bank_marketing,rf,treeshap,496,0.9807630098691987,0.00663448519334453,1.0
bank_marketing,rf,treeshap,497,0.6895828001176766,0.0016510578401665033,1.0
bank_marketing,rf,treeshap,498,0.9422404908462335,0.006766023317540837,0.8400000000000001
bank_marketing,rf,treeshap,499,0.9614509904638823,0.00895613890229785,0.7599999999999999
bank_marketing,rf,lime,0,0.9362357417272428,0.08549159920803873,0.9199999999999999
bank_marketing,rf,lime,1,0.9874620996518454,0.05035520057007603,0.9199999999999999
bank_marketing,rf,lime,2,0.9763523940872327,0.046077552502513774,0.9199999999999999
bank_marketing,rf,lime,3,0.9517785966358512,0.09905127222975574,0.9199999999999999
bank_marketing,rf,lime,4,0.9780228054232059,0.07526214448162594,0.82
bank_marketing,rf,lime,5,0.8715990858992922,0.028222294579416607,0.9199999999999999
bank_marketing,rf,lime,6,0.7518953453644805,0.021560973369481373,1.0
bank_marketing,rf,lime,7,0.8882949979335251,0.05688820350267876,0.86
bank_marketing,rf,lime,8,0.9847555680372139,0.13843533002492392,0.7999999999999999
bank_marketing,rf,lime,9,0.8853647591192704,0.10066903407223826,0.8800000000000001
bank_marketing,rf,lime,10,0.9784931206445485,0.08596175084023838,0.82
bank_marketing,rf,lime,11,0.9732235093456865,0.08322731835942676,0.86
bank_marketing,rf,lime,12,0.9820194298706209,0.1466430561420735,0.9199999999999999
bank_marketing,rf,lime,13,0.9820363041243787,0.0724334663897167,0.9199999999999999
bank_marketing,rf,lime,14,0.934190197257009,0.09976569484199482,0.7799999999999999
bank_marketing,rf,lime,15,0.9336457723821718,0.016743746059393994,0.8800000000000001
bank_marketing,rf,lime,16,0.9553021187506751,0.08596782590594976,0.7999999999999999
bank_marketing,rf,lime,17,0.8918118880047059,0.026976153451653273,0.8800000000000001
bank_marketing,rf,lime,18,0.8939922327760461,0.030665577778330233,0.9199999999999999
bank_marketing,rf,lime,19,0.9652556925335375,0.10205846584148848,0.7999999999999999
bank_marketing,rf,lime,20,0.7552139805843796,0.011652479002184135,0.9199999999999999
bank_marketing,rf,lime,21,0.7687637027240649,0.07603792968729495,0.7799999999999999
bank_marketing,rf,lime,22,0.984165747414256,0.17306602985334718,0.7999999999999999
bank_marketing,rf,lime,23,0.9913392326057096,0.07925565974662274,0.9200000000000002
bank_marketing,rf,lime,24,0.6387579300351789,0.03408940099704372,0.82
bank_marketing,rf,lime,25,0.9591453981170334,0.10034132592985334,0.9199999999999999
bank_marketing,rf,lime,26,0.9233462989404956,0.11588000310745417,0.8400000000000001
bank_marketing,rf,lime,27,0.8657037816255325,0.022703554605548404,0.8800000000000001
bank_marketing,rf,lime,28,0.9616827975234784,0.06419480819125756,0.9199999999999999
bank_marketing,rf,lime,29,0.9122523679203309,0.045766299197459004,0.8400000000000001
bank_marketing,rf,lime,30,0.9202668219077417,0.05049279807563989,0.9199999999999999
bank_marketing,rf,lime,31,0.8019066714039373,0.08863537212924055,0.8400000000000001
bank_marketing,rf,lime,32,0.9283233425753318,0.10324973739287702,0.8800000000000001
bank_marketing,rf,lime,33,0.9698887326333899,0.041497432949149426,0.9200000000000002
bank_marketing,rf,lime,34,0.9655955507877172,0.05450027073710151,0.7999999999999999
bank_marketing,rf,lime,35,0.8761609928111002,0.1185515462210468,0.8399999999999999
bank_marketing,rf,lime,36,0.9802856817142229,0.1033648932213227,0.8400000000000001
bank_marketing,rf,lime,37,0.955627668702981,0.07679307085582199,0.7999999999999999
bank_marketing,rf,lime,38,0.9677051311598092,0.07772431263532797,1.0
bank_marketing,rf,lime,39,0.9091310423468029,0.02529844578863738,0.8799999999999999
bank_marketing,rf,lime,40,0.9580623477670972,0.050002598982993085,0.82
bank_marketing,rf,lime,41,0.937106298324853,0.02339965444140968,0.8800000000000001
bank_marketing,rf,lime,42,0.9739389742091962,0.09522828851239173,0.8399999999999999
bank_marketing,rf,lime,43,0.7697891787586056,0.04013649432053845,1.0
bank_marketing,rf,lime,44,0.8086284479928109,0.03024104373690739,0.9199999999999999
bank_marketing,rf,lime,45,0.971024904523136,0.05412636073048893,0.9199999999999999
bank_marketing,rf,lime,46,0.9519626143647797,0.06676798436797005,0.7999999999999999
bank_marketing,rf,lime,47,0.9576119489330317,0.04868324814006808,0.82
bank_marketing,rf,lime,48,0.9570144452833045,0.12970631912606723,0.8400000000000001
bank_marketing,rf,lime,49,0.9780934039685494,0.08896058461391865,0.7999999999999999
bank_marketing,rf,lime,50,0.956825910701463,0.05377931594942886,0.9199999999999999
bank_marketing,rf,lime,51,0.9689881150601103,0.038495233553232255,0.8800000000000001
bank_marketing,rf,lime,52,0.8427044510600217,0.054470118467986994,0.8800000000000001
bank_marketing,rf,lime,53,0.9060297972467259,0.09154371565674846,0.8400000000000001
bank_marketing,rf,lime,54,0.7210677250299566,0.13235407941595556,0.86
bank_marketing,rf,lime,55,0.9637517590606036,0.04597155276499154,0.8800000000000001
bank_marketing,rf,lime,56,0.9562230570944245,0.08632004056169085,0.86
bank_marketing,rf,lime,57,0.966025425411831,0.03711270367618391,0.86
bank_marketing,rf,lime,58,0.9613188013401667,0.11177990834957519,0.74
bank_marketing,rf,lime,59,0.962880467341769,0.04430410012835817,0.8799999999999999
bank_marketing,rf,lime,60,0.9271350644970898,0.02041561078975429,0.9199999999999999
bank_marketing,rf,lime,61,0.9441466777771031,0.03280275856970738,0.7999999999999999
bank_marketing,rf,lime,62,0.8527291400857469,0.1595504895925799,0.7999999999999999
bank_marketing,rf,lime,63,0.9574851370271199,0.019452554881712714,1.0
bank_marketing,rf,lime,64,0.9849042126091806,0.06738816076915699,0.8400000000000001
bank_marketing,rf,lime,65,0.9462500233708029,0.07009382068045544,0.9199999999999999
bank_marketing,rf,lime,66,0.805114728746218,0.07803284617586503,0.8399999999999999
bank_marketing,rf,lime,67,0.9261788168255685,0.0657832977110171,0.7799999999999999
bank_marketing,rf,lime,68,0.9665421364465754,0.13769233001515035,0.8400000000000001
bank_marketing,rf,lime,69,0.9445148154700874,0.03136680487350463,0.8799999999999999
bank_marketing,rf,lime,70,0.6086099078895267,0.026652550677894515,0.9199999999999999
bank_marketing,rf,lime,71,0.9525150940914935,0.04923954160531285,0.8799999999999999
bank_marketing,rf,lime,72,0.9276416060611383,0.23438264609140802,0.7999999999999999
bank_marketing,rf,lime,73,0.5496466543158959,0.025801131458164983,0.8799999999999999
bank_marketing,rf,lime,74,0.9633630897535094,0.043998314126212024,0.7999999999999999
bank_marketing,rf,lime,75,0.9702546242999432,0.06449822027905083,0.86
bank_marketing,rf,lime,76,0.9067693963737785,0.13943341964589084,0.8800000000000001
bank_marketing,rf,lime,77,0.8877642296047602,0.02532882064712505,0.8799999999999999
bank_marketing,rf,lime,78,0.9777377841089374,0.10348495642115396,0.8
bank_marketing,rf,lime,79,0.8343044899346221,0.08944616431736174,0.86
bank_marketing,rf,lime,80,0.7800899360489146,0.045596790989525515,0.82
bank_marketing,rf,lime,81,0.9469501303278459,0.06229075397968398,0.7599999999999999
bank_marketing,rf,lime,82,0.961338447482456,0.10896297196010418,0.9199999999999999
bank_marketing,rf,lime,83,0.9869254874889594,0.07422264074473328,0.76
bank_marketing,rf,lime,84,0.9184307949137664,0.06121241861003757,0.7999999999999999
bank_marketing,rf,lime,85,0.9781958787331024,0.06079547937411722,0.9199999999999999
bank_marketing,rf,lime,86,0.9766742463810119,0.0758891686964921,0.9199999999999999
bank_marketing,rf,lime,87,0.9873893350262497,0.056963380483090686,0.86
bank_marketing,rf,lime,88,0.7619449185983503,0.08451995369313892,0.86
bank_marketing,rf,lime,89,0.9177243737241056,0.023630344181087004,0.8800000000000001
bank_marketing,rf,lime,90,0.9504917282937091,0.04785900757080053,0.8400000000000001
bank_marketing,rf,lime,91,0.8757486521774659,0.030595988210825653,0.8800000000000001
bank_marketing,rf,lime,92,0.9868331359443132,0.14370602747864325,0.7599999999999999
bank_marketing,rf,lime,93,0.989159238032428,0.06581620301392643,0.9199999999999999
bank_marketing,rf,lime,94,0.8536040007582851,0.048554252184040414,0.8400000000000001
bank_marketing,rf,lime,95,0.8535777741972614,0.0588978940358299,0.8799999999999999
bank_marketing,rf,lime,96,0.6086121497608833,0.02606728921699486,1.0
bank_marketing,rf,lime,97,0.8172704942623845,0.0896754233695527,0.7999999999999999
bank_marketing,rf,lime,98,0.9743041329878143,0.12993222430037876,0.7999999999999999
bank_marketing,rf,lime,99,0.9670105928659977,0.057266356892182735,0.8400000000000001
bank_marketing,hgb,treeshap,0,0.9906427579676208,0.05596408505547146,0.7
bank_marketing,hgb,treeshap,1,0.9949135890539935,0.04880487446460613,0.86
bank_marketing,hgb,treeshap,2,0.9878122572656508,0.025713519930443907,0.8400000000000001
bank_marketing,hgb,treeshap,3,0.9774601982402225,0.10591199111983252,0.8400000000000001
bank_marketing,hgb,treeshap,4,0.9934628532531532,0.12292742681674151,0.86
bank_marketing,hgb,treeshap,5,0.7738343301950104,0.01602547999997328,0.76
bank_marketing,hgb,treeshap,6,0.7617486373240505,0.006296056803654637,0.74
bank_marketing,hgb,treeshap,7,0.9959996039669743,0.0036527755518946936,0.7999999999999999
bank_marketing,hgb,treeshap,8,0.9971287704852834,0.02954161027420965,0.8400000000000001
bank_marketing,hgb,treeshap,9,0.944131136707879,0.04001711573074207,0.7799999999999999
bank_marketing,hgb,treeshap,10,0.9946948379786058,0.018563330961494984,0.82
bank_marketing,hgb,treeshap,11,0.9933066656718663,0.05725872044219449,0.8400000000000001
bank_marketing,hgb,treeshap,12,0.9935082393187032,0.024981498295610693,0.9199999999999999
bank_marketing,hgb,treeshap,13,0.9959222364660679,0.016465549919569278,0.9199999999999999
bank_marketing,hgb,treeshap,14,0.9688050114099174,0.05905689630792721,0.72
bank_marketing,hgb,treeshap,15,0.95616088878916,0.05178475203964017,0.86
bank_marketing,hgb,treeshap,16,0.9968934522366479,0.014276474385262139,0.7
bank_marketing,hgb,treeshap,17,0.8685866519719456,0.008576465537439626,0.6599999999999999
bank_marketing,hgb,treeshap,18,0.9435193253057891,0.013537039753221292,0.7799999999999999
bank_marketing,hgb,treeshap,19,0.997128424464236,0.013590242866950986,0.6399999999999999
bank_marketing,hgb,treeshap,20,0.7671983975648413,0.007350817268767629,0.76
bank_marketing,hgb,treeshap,21,0.6970203758784947,0.11909088578075355,0.7799999999999999
bank_marketing,hgb,treeshap,22,0.991937618979537,0.021773067398146884,0.72
bank_marketing,hgb,treeshap,23,0.9974664189555336,0.014508278086887039,1.0
bank_marketing,hgb,treeshap,24,0.8541463536950188,0.022884360451025154,0.76
bank_marketing,hgb,treeshap,25,0.9965773963378812,0.007262324603057535,0.72
bank_marketing,hgb,treeshap,26,0.9755216325166319,0.0788280045676768,0.86
bank_marketing,hgb,treeshap,27,0.7922158996996277,0.013458315084156292,0.74
bank_marketing,hgb,treeshap,28,0.9963247284630123,0.0049365925008920675,0.7999999999999999
bank_marketing,hgb,treeshap,29,0.9146568310824816,0.07744968948946074,0.86
bank_marketing,hgb,treeshap,30,0.973535959328192,0.05191360199203365,0.7999999999999999
bank_marketing,hgb,treeshap,31,0.7542966075983959,0.07314104534249322,0.7999999999999999
bank_marketing,hgb,treeshap,32,0.9980976900295653,0.007661374998302994,0.7999999999999999
bank_marketing,hgb,treeshap,33,0.9980072483541411,0.005668586829168376,0.74
bank_marketing,hgb,treeshap,34,0.9937423069119774,0.03179088294397303,0.7799999999999999
bank_marketing,hgb,treeshap,35,0.9695298084959317,0.09682807120075143,0.7799999999999999
bank_marketing,hgb,treeshap,36,0.9925453520286156,0.04075093826254239,0.9200000000000002
bank_marketing,hgb,treeshap,37,0.9775221972482898,0.042128656778151474,0.7799999999999999
bank_marketing,hgb,treeshap,38,0.9982336318635726,0.05059580292492394,0.7399999999999999
bank_marketing,hgb,treeshap,39,0.8626512266548048,0.010385732457748986,0.7799999999999999
bank_marketing,hgb,treeshap,40,0.9852845992933744,0.06573136485655928,0.9199999999999999
bank_marketing,hgb,treeshap,41,0.9100146319944079,0.004200746034296543,0.8399999999999999
bank_marketing,hgb,treeshap,42,0.9968242903374247,0.025546573304746523,0.7199999999999999
bank_marketing,hgb,treeshap,43,0.7969725976611711,0.07361390974244164,0.54
bank_marketing,hgb,treeshap,44,0.6933762667687889,0.011202697340075063,0.74
bank_marketing,hgb,treeshap,45,0.9965145458283191,0.03334500220687853,0.7999999999999999
bank_marketing,hgb,treeshap,46,0.9813548021992282,0.05654643923910019,0.8400000000000001
bank_marketing,hgb,treeshap,47,0.9802440716751459,0.16795542117835127,0.8400000000000001
bank_marketing,hgb,treeshap,48,0.9802449214051686,0.041032818421636974,0.86
bank_marketing,hgb,treeshap,49,0.9900756262581435,0.06532932225657961,0.9199999999999999
bank_marketing,hgb,treeshap,50,0.9958146098588294,0.08073035795605088,0.7599999999999999
bank_marketing,hgb,treeshap,51,0.981265533294817,0.014260342111999669,0.7599999999999999
bank_marketing,hgb,treeshap,52,0.7672588072132667,0.007132048353834186,0.74
bank_marketing,hgb,treeshap,53,0.9777483855204299,0.11961616198385272,0.76
bank_marketing,hgb,treeshap,54,0.6802677704854891,0.027779419674993755,0.9199999999999999
bank_marketing,hgb,treeshap,55,0.9882702320843011,0.05820137091586941,0.9199999999999999
bank_marketing,hgb,treeshap,56,0.9876921787065415,0.03921987522367698,0.86
bank_marketing,hgb,treeshap,57,0.9979954229748152,0.0036967104215832602,0.82
bank_marketing,hgb,treeshap,58,0.9926474525708924,0.04271430442815072,0.86
bank_marketing,hgb,treeshap,59,0.9937623790720995,0.13163897004926883,0.86
bank_marketing,hgb,treeshap,60,0.9165737610349574,0.026893478090065592,0.82
bank_marketing,hgb,treeshap,61,0.9860568826788196,0.12334797495675409,0.8399999999999999
bank_marketing,hgb,treeshap,62,0.8927370072021666,0.09813358777875192,0.8399999999999999
bank_marketing,hgb,treeshap,63,0.974656272367102,0.01414706817374023,0.8799999999999999
bank_marketing,hgb,treeshap,64,0.9960445520438184,0.011703160552568037,0.86
bank_marketing,hgb,treeshap,65,0.9957864430608939,0.010343782018459535,0.82
bank_marketing,hgb,treeshap,66,0.9793101124188498,0.026179952135064077,0.7199999999999999
bank_marketing,hgb,treeshap,67,0.9634818531956297,0.09091564970756194,0.9199999999999999
bank_marketing,hgb,treeshap,68,0.987941230798542,0.01097189252147912,1.0
bank_marketing,hgb,treeshap,69,0.9589431699201636,0.03571545529586684,0.76
bank_marketing,hgb,treeshap,70,0.5935970496668952,0.008119122945479895,0.6799999999999999
bank_marketing,hgb,treeshap,71,0.9931062425244708,0.011003878832387848,0.86
bank_marketing,hgb,treeshap,72,0.9507116615027211,0.05960877345573545,0.6399999999999999
bank_marketing,hgb,treeshap,73,0.7550741975650257,0.02012585067348971,0.8400000000000001
bank_marketing,hgb,treeshap,74,0.9974566612064804,0.010516924301716357,0.6799999999999999
bank_marketing,hgb,treeshap,75,0.9919959560716837,0.03695550678744386,0.7999999999999999
bank_marketing,hgb,treeshap,76,0.9404786524310603,0.07621240419640518,0.82
bank_marketing,hgb,treeshap,77,0.8844568784301614,0.04401446929497488,0.9199999999999999
bank_marketing,hgb,treeshap,78,0.9942080569034903,0.0251009719163392,0.82
bank_marketing,hgb,treeshap,79,0.9837127106028758,0.012911741321627757,0.7
bank_marketing,hgb,treeshap,80,0.630007511284785,0.06137986658047523,0.8400000000000001
bank_marketing,hgb,treeshap,81,0.9546143472926417,0.04462470616661707,0.8400000000000001
bank_marketing,hgb,treeshap,82,0.996668672415525,0.007891870400772327,0.74
bank_marketing,hgb,treeshap,83,0.9968871579622587,0.03253736520369388,0.8799999999999999
bank_marketing,hgb,treeshap,84,0.9214424046959548,0.07041942705119075,0.72
bank_marketing,hgb,treeshap,85,0.9986653194801434,0.02277532176583663,0.9199999999999999
bank_marketing,hgb,treeshap,86,0.9976598153826505,0.012377724339411422,0.6599999999999999
bank_marketing,hgb,treeshap,87,0.9956310090572,0.04098360105835641,0.74
bank_marketing,hgb,treeshap,88,0.9742459237888706,0.017311553965816406,0.8400000000000001
bank_marketing,hgb,treeshap,89,0.9627443966779511,0.027701755474497824,0.9199999999999999
bank_marketing,hgb,treeshap,90,0.9322809080209312,0.11155954531670997,0.7599999999999999
bank_marketing,hgb,treeshap,91,0.8611151018283202,0.024656442204880058,0.76
bank_marketing,hgb,treeshap,92,0.9927869948153255,0.032430521949985525,1.0
bank_marketing,hgb,treeshap,93,0.9967387461226102,0.019680147295695116,0.82
bank_marketing,hgb,treeshap,94,0.9779805652021117,0.07491097108746292,0.86
bank_marketing,hgb,treeshap,95,0.7130381632278949,0.053074019326766475,0.86
bank_marketing,hgb,treeshap,96,0.5718311639297886,0.003987189742165831,0.6799999999999999
bank_marketing,hgb,treeshap,97,0.9490574582673131,0.10354053175395594,0.8800000000000001
bank_marketing,hgb,treeshap,98,0.9947130058108309,0.0181120479725847,0.9199999999999999
bank_marketing,hgb,treeshap,99,0.9872751966599538,0.09880950610367234,0.8399999999999999
bank_marketing,hgb,treeshap,100,0.9982219791896403,0.03816450082629186,0.8400000000000001
bank_marketing,hgb,treeshap,101,0.9976018986316537,0.056715256588922736,0.7799999999999999
bank_marketing,hgb,treeshap,102,0.9949798019673792,0.02617559070105724,0.72
bank_marketing,hgb,treeshap,103,0.9649705647223078,0.2231291137117123,0.6
bank_marketing,hgb,treeshap,104,0.9981138179519282,0.022720939710277444,0.8399999999999999
bank_marketing,hgb,treeshap,105,0.9907267200665169,0.04364608518642221,0.7599999999999999
bank_marketing,hgb,treeshap,106,0.9950162156305844,0.01662539083005754,0.82
bank_marketing,hgb,treeshap,107,0.5832528864616549,0.00223708159822511,0.7399999999999999
bank_marketing,hgb,treeshap,108,0.6090235977947441,0.0030742158018035592,0.64
bank_marketing,hgb,treeshap,109,0.9446915554915174,0.08797402128799203,0.74
bank_marketing,hgb,treeshap,110,0.9823127826484281,0.11955937801355476,0.8399999999999999
bank_marketing,hgb,treeshap,111,0.9974891959081005,0.007751378177929702,0.7399999999999999
bank_marketing,hgb,treeshap,112,0.9895108719597585,0.13515960497310786,0.7999999999999999
bank_marketing,hgb,treeshap,113,0.996601668580241,0.0075019358674058845,0.7399999999999999
bank_marketing,hgb,treeshap,114,0.9917569195921392,0.026883710087477142,0.86
bank_marketing,hgb,treeshap,115,0.9934378224316394,0.025294475575752928,0.9199999999999999
bank_marketing,hgb,treeshap,116,0.9930681633501054,0.02007847600962509,0.78
bank_marketing,hgb,treeshap,117,0.9963769756780589,0.006827845178905001,0.76
bank_marketing,hgb,treeshap,118,0.9926644032755123,0.03134936040003067,0.82
bank_marketing,hgb,treeshap,119,0.9896339830030086,0.012299864559333962,1.0
bank_marketing,hgb,treeshap,120,0.9918308230084598,0.04797094379310529,0.7599999999999999
bank_marketing,hgb,treeshap,121,0.9965151439596334,0.012390141700157509,0.5999999999999999
bank_marketing,hgb,treeshap,122,0.9967361544977017,0.02791809566525849,0.86
bank_marketing,hgb,treeshap,123,0.5773659538111356,0.017998647370116694,0.7
bank_marketing,hgb,treeshap,124,0.8041833343572098,0.0030644074315530068,0.6799999999999999
bank_marketing,hgb,treeshap,125,0.9392653519008544,0.09903837228393786,0.8399999999999999
bank_marketing,hgb,treeshap,126,0.9310386581478672,0.07582582693913387,0.78
bank_marketing,hgb,treeshap,127,0.8600905488560635,0.040287143425733696,0.8399999999999999
bank_marketing,hgb,treeshap,128,0.9937233768775536,0.040280819278460056,0.6599999999999999
bank_marketing,hgb,treeshap,129,0.9786136541132298,0.048951578793305806,0.7599999999999999
bank_marketing,hgb,treeshap,130,0.9957632473219842,0.031401201379994026,0.7599999999999999
bank_marketing,hgb,treeshap,131,0.9924965732259144,0.01644054738907763,0.74
bank_marketing,hgb,treeshap,132,0.9697850899565065,0.06769258760595598,0.6399999999999999
bank_marketing,hgb,treeshap,133,0.9659003330237935,0.14580614234888178,0.7
bank_marketing,hgb,treeshap,134,0.993029961263662,0.06987805945339054,0.6399999999999999
bank_marketing,hgb,treeshap,135,0.6098830947068636,0.0022730589499220244,0.6399999999999999
bank_marketing,hgb,treeshap,136,0.9950623765403547,0.01604348921556009,0.8399999999999999
bank_marketing,hgb,treeshap,137,0.9953773529936273,0.056599065651137814,0.86
bank_marketing,hgb,treeshap,138,0.9850933809674093,0.07440153427915153,0.6799999999999999
bank_marketing,hgb,treeshap,139,0.995814349132379,0.003145335055844689,0.82
bank_marketing,hgb,treeshap,140,0.9857771988437174,0.05107299482947847,0.7799999999999999
bank_marketing,hgb,treeshap,141,0.9869198230542097,0.12269873554428867,0.7199999999999999
bank_marketing,hgb,treeshap,142,0.9690473629379381,0.14059722280955855,0.6799999999999999
bank_marketing,hgb,treeshap,143,0.9981238998179564,0.00984841044229845,0.7
bank_marketing,hgb,treeshap,144,0.8738439724758005,0.03063622053319237,1.0
bank_marketing,hgb,treeshap,145,0.9226119219978756,0.042641526755511805,0.9199999999999999
bank_marketing,hgb,treeshap,146,0.9835223192408714,0.08843143789227814,0.8400000000000001
bank_marketing,hgb,treeshap,147,0.8578319153490211,0.0348070050958571,0.8400000000000001
bank_marketing,hgb,treeshap,148,0.9971745446430818,0.004937248254647919,0.74
bank_marketing,hgb,treeshap,149,0.7908112403996526,0.040153250524089246,0.9200000000000002
bank_marketing,hgb,treeshap,150,0.9779801845253188,0.14013908912114614,0.72
bank_marketing,hgb,treeshap,151,0.9943233483607109,0.003865827221806284,0.7799999999999999
bank_marketing,hgb,treeshap,152,0.9934125874378879,0.024547354264441545,0.8799999999999999
bank_marketing,hgb,treeshap,153,0.9902161635001582,0.06013500473019984,0.8800000000000001
bank_marketing,hgb,treeshap,154,0.9843901026137601,0.10869372955697487,0.8800000000000001
bank_marketing,hgb,treeshap,155,0.9975368914008463,0.01206374174372249,0.7799999999999999
bank_marketing,hgb,treeshap,156,0.6392777322978336,0.028002082479469337,0.7999999999999999
bank_marketing,hgb,treeshap,157,0.6759669260177236,0.054122086382104584,1.0
bank_marketing,hgb,treeshap,158,0.9952271315247296,0.01536471782821014,1.0
bank_marketing,hgb,treeshap,159,0.9200998205545551,0.05161477332199005,0.7999999999999999
bank_marketing,hgb,treeshap,160,0.9834772387338738,0.1239651027722013,0.8399999999999999
bank_marketing,hgb,treeshap,161,0.5525618145773665,0.0035031485511796134,0.8399999999999999
bank_marketing,hgb,treeshap,162,0.9903478336635105,0.008747889362118011,0.9200000000000002
bank_marketing,hgb,treeshap,163,0.994379384451813,0.017304582572785554,0.7
bank_marketing,hgb,treeshap,164,0.9801732899772034,0.08540325643103464,0.78
bank_marketing,hgb,treeshap,165,0.9664687421162231,0.08663573956403536,0.7799999999999999
bank_marketing,hgb,treeshap,166,0.8751085524701162,0.02996370143347049,0.8799999999999999
bank_marketing,hgb,treeshap,167,0.5820792222045897,0.006103958619555705,0.8400000000000001
bank_marketing,hgb,treeshap,168,0.9871266724808798,0.03420983579591186,0.9199999999999999
bank_marketing,hgb,treeshap,169,0.9206660276551133,0.05276792082604731,0.74
bank_marketing,hgb,treeshap,170,0.8011984994081637,0.016682049116287123,0.7399999999999999
bank_marketing,hgb,treeshap,171,0.9979193347227111,0.01197906965749751,0.7199999999999999
bank_marketing,hgb,treeshap,172,0.9984136884016834,0.024037152318685195,0.6599999999999999
bank_marketing,hgb,treeshap,173,0.9866259297012201,0.029099031295794497,0.74
bank_marketing,hgb,treeshap,174,0.6675993930622461,0.008692805808252935,0.7999999999999999
bank_marketing,hgb,treeshap,175,0.9927718630564882,0.025031621304206775,0.8399999999999999
bank_marketing,hgb,treeshap,176,0.9978150993015742,0.0156571189979392,0.74
bank_marketing,hgb,treeshap,177,0.9705372933276857,0.07729962102798049,0.74
bank_marketing,hgb,treeshap,178,0.994818518926268,0.00922240709346267,0.7999999999999999
bank_marketing,hgb,treeshap,179,0.6828022590559896,0.04761301890197589,0.7599999999999999
bank_marketing,hgb,treeshap,180,0.9890127013704497,0.04214550829132713,0.8400000000000001
bank_marketing,hgb,treeshap,181,0.6422182237775335,0.007461692254774888,0.6199999999999999
bank_marketing,hgb,treeshap,182,0.9783202266810875,0.0942564747561988,0.6599999999999999
bank_marketing,hgb,treeshap,183,0.9604966796336413,0.09311523339902816,0.6399999999999999
bank_marketing,hgb,treeshap,184,0.913627352365997,0.02684257026871273,0.82
bank_marketing,hgb,treeshap,185,0.9974839573468716,0.02347131499445898,0.7599999999999999
bank_marketing,hgb,treeshap,186,0.6478412318688754,0.0025667463338147067,0.7199999999999999
bank_marketing,hgb,treeshap,187,0.996352864530887,0.03663252836853503,0.6799999999999999
bank_marketing,hgb,treeshap,188,0.953378386040602,0.06404519044847667,0.8799999999999999
bank_marketing,hgb,treeshap,189,0.9845054066904592,0.0898999674083536,0.8400000000000001
bank_marketing,hgb,treeshap,190,0.9745513285713103,0.0723765333282973,0.8400000000000001
bank_marketing,hgb,treeshap,191,0.9810216008101227,0.04081835514107701,0.7
bank_marketing,hgb,treeshap,192,0.6289846236765289,0.020748886486922524,0.8799999999999999
bank_marketing,hgb,treeshap,193,0.9907814123846321,0.05107222509966769,0.8
bank_marketing,hgb,treeshap,194,0.9353534229988314,0.0191973674895467,0.76
bank_marketing,hgb,treeshap,195,0.9976813203804149,0.029412056573223544,0.6399999999999999
bank_marketing,hgb,treeshap,196,0.7766518154782311,0.012911732575188295,0.8800000000000001
bank_marketing,hgb,treeshap,197,0.7850368990941518,0.0076873963323256245,0.6799999999999999
bank_marketing,hgb,treeshap,198,0.9782626303320315,0.05241511737297544,0.9199999999999999
bank_marketing,hgb,treeshap,199,0.9969232146960418,0.01861872726637981,0.9199999999999999
bank_marketing,hgb,treeshap,200,0.9588889360518864,0.07590544011970268,0.8400000000000001
bank_marketing,hgb,treeshap,201,0.9953999325671452,0.019538603744048588,0.68
bank_marketing,hgb,treeshap,202,0.9954783130925945,0.029209904934719533,0.7799999999999999
bank_marketing,hgb,treeshap,203,0.9575652335177519,0.07531737023423535,0.74
bank_marketing,hgb,treeshap,204,0.9463211040651348,0.051755532922167946,0.7599999999999999
bank_marketing,hgb,treeshap,205,0.9935420811966418,0.009937604799227673,0.9199999999999999
bank_marketing,hgb,treeshap,206,0.8622440594134492,0.02501078632462972,0.82
bank_marketing,hgb,treeshap,207,0.9970742972474657,0.013867449648674812,0.7999999999999999
bank_marketing,hgb,treeshap,208,0.9831462157957886,0.08854464491840874,0.7999999999999999
bank_marketing,hgb,treeshap,209,0.9970218187530525,0.04132836432231046,0.78
bank_marketing,hgb,treeshap,210,0.9954328805200106,0.04308628068803577,0.7599999999999999
bank_marketing,hgb,treeshap,211,0.9940660456267171,0.02664790656209104,0.7399999999999999
bank_marketing,hgb,treeshap,212,0.9539450330502468,0.12013515475668246,0.74
bank_marketing,hgb,treeshap,213,0.9887735442061514,0.035572891426915776,0.7999999999999999
bank_marketing,hgb,treeshap,214,0.8804880698475881,0.008770251681000096,0.7999999999999999
bank_marketing,hgb,treeshap,215,0.9198648032217844,0.12226332240849835,0.74
bank_marketing,hgb,treeshap,216,0.9955774845670907,0.0235176698770726,0.86
bank_marketing,hgb,treeshap,217,0.9951988088595034,0.04986342336689131,0.72
bank_marketing,hgb,treeshap,218,0.9796508457548729,0.010824770817476681,0.74
bank_marketing,hgb,treeshap,219,0.988591854752064,0.02384417292852048,0.7
bank_marketing,hgb,treeshap,220,0.9431311386041659,0.1396458311550951,0.7
bank_marketing,hgb,treeshap,221,0.5933845890960256,0.038067101053718466,0.6599999999999999
bank_marketing,hgb,treeshap,222,0.837302651495506,0.006660749807754995,0.7
bank_marketing,hgb,treeshap,223,0.9930458015979126,0.03740041744978462,0.8399999999999999
bank_marketing,hgb,treeshap,224,0.947376319920194,0.12459912059736722,0.74
bank_marketing,hgb,treeshap,225,0.958328476114781,0.14301253093691346,0.6399999999999999
bank_marketing,hgb,treeshap,226,0.9843552881955071,0.06995166577702228,0.8399999999999999
bank_marketing,hgb,treeshap,227,0.9951375678813397,0.024704984090841542,0.7799999999999999
bank_marketing,hgb,treeshap,228,0.7133569618498439,0.0014735122647195897,0.8800000000000001
bank_marketing,hgb,treeshap,229,0.9936731600281263,0.04876206634585123,0.8
bank_marketing,hgb,treeshap,230,0.9966748223498465,0.04830063921390937,0.7599999999999999
bank_marketing,hgb,treeshap,231,0.6500436909020866,0.00556202367733627,0.7199999999999999
bank_marketing,hgb,treeshap,232,0.9195978648797372,0.0791819643055488,0.7
bank_marketing,hgb,treeshap,233,0.9953733091393886,0.009037936168308724,0.7799999999999999
bank_marketing,hgb,treeshap,234,0.9909610281321417,0.040700195027356556,0.6799999999999998
bank_marketing,hgb,treeshap,235,0.9979897891739791,0.016171647222838814,0.7999999999999999
bank_marketing,hgb,treeshap,236,0.9853807295687801,0.012270400355329114,0.8
bank_marketing,hgb,treeshap,237,0.9959884740388191,0.010810671948112471,0.8400000000000001
bank_marketing,hgb,treeshap,238,0.9806677338378689,0.03211654211996362,0.8800000000000001
bank_marketing,hgb,treeshap,239,0.834620704373344,0.018560424995939018,0.9199999999999999
bank_marketing,hgb,treeshap,240,0.9689897997843342,0.08095650097652718,0.76
bank_marketing,hgb,treeshap,241,0.8151785901249374,0.019864651982006487,0.82
bank_marketing,hgb,treeshap,242,0.9663227729584882,0.06741497486336456,0.9199999999999999
bank_marketing,hgb,treeshap,243,0.9849764813669486,0.020320746524658873,0.8400000000000001
bank_marketing,hgb,treeshap,244,0.6189777204127125,0.05399453707574209,0.86
bank_marketing,hgb,treeshap,245,0.6596886037359052,0.0016953809037374423,0.7999999999999999
bank_marketing,hgb,treeshap,246,0.9946151551080493,0.021286524883093128,0.7599999999999999
bank_marketing,hgb,treeshap,247,0.9945912552294496,0.04557539003017319,1.0
bank_marketing,hgb,treeshap,248,0.9919130247355781,0.06074579066853114,0.74
bank_marketing,hgb,treeshap,249,0.9872286765200855,0.13142124004704137,0.6599999999999999
bank_marketing,hgb,treeshap,250,0.9955489031740028,0.03274692032297877,0.74
bank_marketing,hgb,treeshap,251,0.996576373447771,0.014769425298911676,1.0
bank_marketing,hgb,treeshap,252,0.9621715573700662,0.0994558487440077,0.7999999999999999
bank_marketing,hgb,treeshap,253,0.6517572477376277,0.002013393783323769,0.6999999999999998
bank_marketing,hgb,treeshap,254,0.8518399437046329,0.023495830519028815,0.6399999999999999
bank_marketing,hgb,treeshap,255,0.9483528926648578,0.008020604352831362,0.7
bank_marketing,hgb,treeshap,256,0.667635986656848,0.021579950000214843,0.74
bank_marketing,hgb,treeshap,257,0.9878592037744282,0.039165623653711124,0.6999999999999998
bank_marketing,hgb,treeshap,258,0.8085166969783473,0.04251683468866241,0.86
bank_marketing,hgb,treeshap,259,0.9408378606392418,0.06933076985817022,0.8
bank_marketing,hgb,treeshap,260,0.9481199580583123,0.012558425128972317,0.82
bank_marketing,hgb,treeshap,261,0.9974687704866285,0.021970631137224528,1.0
bank_marketing,hgb,treeshap,262,0.9814984086949856,0.12211455495157542,0.6799999999999999
bank_marketing,hgb,treeshap,263,0.7178877513317495,0.012570273388971542,0.7999999999999999
bank_marketing,hgb,treeshap,264,0.8951139197651214,0.024256434173455355,0.7999999999999999
bank_marketing,hgb,treeshap,265,0.9956573719317479,0.049345406575602824,0.58
bank_marketing,hgb,treeshap,266,0.9964284718839836,0.03476691302404222,0.8400000000000001
bank_marketing,hgb,treeshap,267,0.9224728302800784,0.13247896833868755,0.7999999999999999
bank_marketing,hgb,treeshap,268,0.9977305625216129,0.010659472995088626,0.9199999999999999
bank_marketing,hgb,treeshap,269,0.919817758709071,0.04180992174685372,0.8799999999999999
bank_marketing,hgb,treeshap,270,0.551319374459941,0.010554778528521824,0.7399999999999999
bank_marketing,hgb,treeshap,271,0.9933809623393788,0.01463659814016316,0.8800000000000001
bank_marketing,hgb,treeshap,272,0.9773573840094505,0.06588507469825589,0.7799999999999999
bank_marketing,hgb,treeshap,273,0.7186796835153055,0.010403934594550357,0.9199999999999999
bank_marketing,hgb,treeshap,274,0.998582389898447,0.01134871129466719,0.7399999999999999
bank_marketing,hgb,treeshap,275,0.9967026530306994,0.011144281249335863,0.58
bank_marketing,hgb,treeshap,276,0.9802787378367748,0.2581574165672371,0.6199999999999999
bank_marketing,hgb,treeshap,277,0.9884107528867654,0.028078939175079753,0.78
bank_marketing,hgb,treeshap,278,0.9089767707187526,0.012472423907334607,0.86
bank_marketing,hgb,treeshap,279,0.9318199357591471,0.04510039943449051,0.86
bank_marketing,hgb,treeshap,280,0.9863700586987832,0.02269984194329666,0.6399999999999999
bank_marketing,hgb,treeshap,281,0.9484879215675871,0.05066783612972314,0.86
bank_marketing,hgb,treeshap,282,0.9958968396603444,0.0063764500531728885,0.6999999999999998
bank_marketing,hgb,treeshap,283,0.9876724145295201,0.08662917364567357,0.7399999999999999
bank_marketing,hgb,treeshap,284,0.9957348001489486,0.03499398921577335,0.9199999999999999
bank_marketing,hgb,treeshap,285,0.988738415468909,0.05316762274223186,0.7999999999999999
bank_marketing,hgb,treeshap,286,0.997349885283122,0.03572223016287057,0.7999999999999999
bank_marketing,hgb,treeshap,287,0.9949190173099618,0.025647482782489073,0.7599999999999999
bank_marketing,hgb,treeshap,288,0.9877753498746775,0.03320956680499876,0.8400000000000001
bank_marketing,hgb,treeshap,289,0.992843716686618,0.022450837053408,0.78
bank_marketing,hgb,treeshap,290,0.9943021232367725,0.0514142641498152,0.72
bank_marketing,hgb,treeshap,291,0.9605573513311519,0.12073988461588259,0.7599999999999999
bank_marketing,hgb,treeshap,292,0.9701884985472798,0.12054435684072407,0.76
bank_marketing,hgb,treeshap,293,0.9945954890658992,0.007676497182260156,0.8400000000000001
bank_marketing,hgb,treeshap,294,0.9741647266733187,0.1036797559977648,0.7599999999999999
bank_marketing,hgb,treeshap,295,0.9856030321245264,0.03601751396668185,0.7799999999999999
bank_marketing,hgb,treeshap,296,0.6153802576176751,0.0029128718806955556,0.86
bank_marketing,hgb,treeshap,297,0.7278729324294162,0.04233923408989482,0.76
bank_marketing,hgb,treeshap,298,0.9834348038221261,0.1119853933659396,0.76
bank_marketing,hgb,treeshap,299,0.9508291599531992,0.08506165682153966,0.82
bank_marketing,hgb,treeshap,300,0.9946440448363599,0.02800512529366106,0.9199999999999999
bank_marketing,hgb,treeshap,301,0.9432503260708884,0.11643151185691392,0.7999999999999999
bank_marketing,hgb,treeshap,302,0.9793545717373929,0.14263843021436207,0.72
bank_marketing,hgb,treeshap,303,0.68472888785797,0.008851083743970145,0.8399999999999999
bank_marketing,hgb,treeshap,304,0.6032185427885927,0.0029670094928995194,0.7599999999999999
bank_marketing,hgb,treeshap,305,0.9985620838653171,0.010178003187548357,0.7599999999999999
bank_marketing,hgb,treeshap,306,0.6102623778389376,0.0020297824027029066,0.8400000000000001
bank_marketing,hgb,treeshap,307,0.985614334850063,0.059964453242721705,0.7
bank_marketing,hgb,treeshap,308,0.9620314054320283,0.08740442576747465,0.7999999999999999
bank_marketing,hgb,treeshap,309,0.849307497925907,0.026469138922060376,0.9199999999999999
bank_marketing,hgb,treeshap,310,0.9933830392031522,0.02274452777802638,0.9199999999999999
bank_marketing,hgb,treeshap,311,0.9693057195153945,0.18923518807917306,0.6399999999999999
bank_marketing,hgb,treeshap,312,0.7624906896239285,0.0377064167885095,0.86
bank_marketing,hgb,treeshap,313,0.7698830831787282,0.008796256936969726,0.7399999999999999
bank_marketing,hgb,treeshap,314,0.9949774374949568,0.07001523338780014,0.72
bank_marketing,hgb,treeshap,315,0.826517086727151,0.006230410444001633,0.8400000000000001
bank_marketing,hgb,treeshap,316,0.5364659147951432,0.0013573760372226351,0.6399999999999999
bank_marketing,hgb,treeshap,317,0.9832364850472037,0.07262220393182106,0.82
bank_marketing,hgb,treeshap,318,0.9114475974173102,0.09444021590013296,0.82
bank_marketing,hgb,treeshap,319,0.9366213634287484,0.073239123264349,0.82
bank_marketing,hgb,treeshap,320,0.997752537441173,0.0068900843428613134,0.8400000000000001
bank_marketing,hgb,treeshap,321,0.9976120602340055,0.026108829380327436,0.6799999999999999
bank_marketing,hgb,treeshap,322,0.9779432442822855,0.12221092686822232,0.72
bank_marketing,hgb,treeshap,323,0.6059929869390217,0.003032341071860456,0.72
bank_marketing,hgb,treeshap,324,0.9619063401221876,0.018670122811303314,0.7
bank_marketing,hgb,treeshap,325,0.9817270349316944,0.08231104921161125,0.7799999999999999
bank_marketing,hgb,treeshap,326,0.9889419540226815,0.01715732281707605,0.8
bank_marketing,hgb,treeshap,327,0.997894173546652,0.01981778193393391,0.7599999999999999
bank_marketing,hgb,treeshap,328,0.77133111827928,0.01936387687593355,0.72
bank_marketing,hgb,treeshap,329,0.8528826415506483,0.010505651728078269,0.76
bank_marketing,hgb,treeshap,330,0.5577450946314009,0.001827238488636973,0.7
bank_marketing,hgb,treeshap,331,0.9770816071344897,0.17504459119828586,0.8400000000000001
bank_marketing,hgb,treeshap,332,0.8661580140643809,0.008285597768918462,0.7599999999999999
bank_marketing,hgb,treeshap,333,0.9974881253980359,0.025324608739665244,0.68
bank_marketing,hgb,treeshap,334,0.9962252493932313,0.04130991848676313,0.9199999999999999
bank_marketing,hgb,treeshap,335,0.9946435107963726,0.03923478900754984,0.6999999999999998
bank_marketing,hgb,treeshap,336,0.9562011322612325,0.04326349970681975,0.86
bank_marketing,hgb,treeshap,337,0.992456990599196,0.02532617214878119,0.82
bank_marketing,hgb,treeshap,338,0.6082544791437046,0.019674510135785916,0.76
bank_marketing,hgb,treeshap,339,0.5952111971825282,0.001739854729430279,0.8399999999999999
bank_marketing,hgb,treeshap,340,0.9862046573750479,0.03893363437671282,0.6799999999999999
bank_marketing,hgb,treeshap,341,0.970988409623461,0.07007638378526038,0.7999999999999999
bank_marketing,hgb,treeshap,342,0.9922934240966326,0.06324123935527803,0.74
bank_marketing,hgb,treeshap,343,0.7043959805435909,0.003496039196175915,0.78
bank_marketing,hgb,treeshap,344,0.9979482447542869,0.040174220358431434,0.9200000000000002
bank_marketing,hgb,treeshap,345,0.9899043900164699,0.06485764929709892,0.76
bank_marketing,hgb,treeshap,346,0.9938369500807838,0.021351076297136506,0.6799999999999999
bank_marketing,hgb,treeshap,347,0.9802507513349333,0.050860887865231574,0.82
bank_marketing,hgb,treeshap,348,0.9526945431262247,0.07598126562574803,0.6999999999999998
bank_marketing,hgb,treeshap,349,0.9785186377890094,0.04504235156516234,0.72
bank_marketing,hgb,treeshap,350,0.979293251678245,0.1058309601804599,0.8
bank_marketing,hgb,treeshap,351,0.7737288095793048,0.012443557235686242,0.82
bank_marketing,hgb,treeshap,352,0.7143084622301403,0.011829507933671435,0.8400000000000001
bank_marketing,hgb,treeshap,353,0.9812113233671289,0.03304230074894998,0.7199999999999999
bank_marketing,hgb,treeshap,354,0.7457057741417403,0.08602346106243974,0.6599999999999999
bank_marketing,hgb,treeshap,355,0.999053752491777,0.02139266639145876,0.7799999999999999
bank_marketing,hgb,treeshap,356,0.9925450950965999,0.02191591342514909,0.82
bank_marketing,hgb,treeshap,357,0.9975350319858606,0.021093846598396082,0.9199999999999999
bank_marketing,hgb,treeshap,358,0.987739681807837,0.07390913275851729,0.9199999999999999
bank_marketing,hgb,treeshap,359,0.9750633700371774,0.05111253646846503,0.86
bank_marketing,hgb,treeshap,360,0.9929813652554056,0.048656296144276134,0.7399999999999999
bank_marketing,hgb,treeshap,361,0.9966665674412063,0.011555592525886893,0.7999999999999999
bank_marketing,hgb,treeshap,362,0.7757733764239838,0.01077232431711539,0.7
bank_marketing,hgb,treeshap,363,0.9800764512642622,0.10009961525942879,0.86
bank_marketing,hgb,treeshap,364,0.9787616354054393,0.10054823690287518,0.8400000000000001
bank_marketing,hgb,treeshap,365,0.986808360770391,0.26925622862886656,0.54
bank_marketing,hgb,treeshap,366,0.6517929824453235,0.0022167101739569706,0.7999999999999999
bank_marketing,hgb,treeshap,367,0.9937311235785661,0.07877699597821475,0.7799999999999999
bank_marketing,hgb,treeshap,368,0.9538503254642812,0.06297750894167964,0.72
bank_marketing,hgb,treeshap,369,0.6494522024646323,0.008198364565827121,0.86
bank_marketing,hgb,treeshap,370,0.9818792430592506,0.07769333549695401,0.6199999999999999
bank_marketing,hgb,treeshap,371,0.9928005826270454,0.037191790561934335,0.78
bank_marketing,hgb,treeshap,372,0.9966077888510452,0.01402485370737061,0.7399999999999999
bank_marketing,hgb,treeshap,373,0.6417765737297876,0.007693448064065911,0.5399999999999999
bank_marketing,hgb,treeshap,374,0.9957524465168845,0.02050505496999122,0.7999999999999999
bank_marketing,hgb,treeshap,375,0.5444726626706237,0.0018412950017051566,0.74
bank_marketing,hgb,treeshap,376,0.9975296911729383,0.013713275550901849,0.7599999999999999
bank_marketing,hgb,treeshap,377,0.9950603970452058,0.022540921792595703,0.8800000000000001
bank_marketing,hgb,treeshap,378,0.989287869019002,0.07197451347280681,0.72
bank_marketing,hgb,treeshap,379,0.5903161490839114,0.006050421628146951,0.6799999999999999
bank_marketing,hgb,treeshap,380,0.9787086364606343,0.06168178168035343,0.9199999999999999
bank_marketing,hgb,treeshap,381,0.9980889357841265,0.014138698894768487,0.7799999999999999
bank_marketing,hgb,treeshap,382,0.9969942634745639,0.00566147406722417,0.8399999999999999
bank_marketing,hgb,treeshap,383,0.994804004534644,0.030748702963759533,0.7799999999999999
bank_marketing,hgb,treeshap,384,0.9961267744377421,0.005582774871161766,0.86
bank_marketing,hgb,treeshap,385,0.887041666826962,0.014170231471588801,0.8400000000000001
bank_marketing,hgb,treeshap,386,0.9895562829713992,0.07506539560702541,0.74
bank_marketing,hgb,treeshap,387,0.9889882219243287,0.024019056045337606,0.72
bank_marketing,hgb,treeshap,388,0.9975340016256926,0.016159068136609056,0.6599999999999999
bank_marketing,hgb,treeshap,389,0.9038935787189167,0.020587613401422233,0.76
bank_marketing,hgb,treeshap,390,0.988754837691029,0.032489942847825026,0.7999999999999999
bank_marketing,hgb,treeshap,391,0.9917747462071602,0.05354471199854349,0.86
bank_marketing,hgb,treeshap,392,0.9974777810819706,0.011674254391528138,0.86
bank_marketing,hgb,treeshap,393,0.7789845569162517,0.0015627921246677001,0.82
bank_marketing,hgb,treeshap,394,0.63754679407093,0.007083033760315494,0.8399999999999999
bank_marketing,hgb,treeshap,395,0.7565885712633451,0.003415715808505526,0.86
bank_marketing,hgb,treeshap,396,0.9856540181145214,0.10855436124033913,0.8399999999999999
bank_marketing,hgb,treeshap,397,0.995921925948226,0.007039563106856717,0.86
bank_marketing,hgb,treeshap,398,0.996299987997747,0.018283846268078663,1.0
bank_marketing,hgb,treeshap,399,0.9951212612532986,0.020175175155099367,0.9199999999999999
bank_marketing,hgb,treeshap,400,0.9882404065066268,0.144858229171118,0.78
bank_marketing,hgb,treeshap,401,0.9537105958672006,0.08525561687255967,0.7999999999999999
bank_marketing,hgb,treeshap,402,0.8270179653476672,0.06770783674078518,0.82
bank_marketing,hgb,treeshap,403,0.9944673957775206,0.00755567607021379,0.8399999999999999
bank_marketing,hgb,treeshap,404,0.9975266647889838,0.03343742330698396,0.6399999999999999
bank_marketing,hgb,treeshap,405,0.9969946339067015,0.013735836725349948,0.5599999999999999
bank_marketing,hgb,treeshap,406,0.901619326984785,0.004545105320539422,0.76
bank_marketing,hgb,treeshap,407,0.990209193889853,0.028301189218727152,0.7199999999999999
bank_marketing,hgb,treeshap,408,0.9007510944622487,0.10945945222168363,0.7799999999999999
bank_marketing,hgb,treeshap,409,0.9948681070298127,0.09511579516902535,0.7799999999999999
bank_marketing,hgb,treeshap,410,0.9620660591826924,0.0737439948352081,0.9199999999999999
bank_marketing,hgb,treeshap,411,0.9284676231888642,0.04732775506606579,0.86
bank_marketing,hgb,treeshap,412,0.9658944406695037,0.0220606213027692,0.86
bank_marketing,hgb,treeshap,413,0.977091795340167,0.42154209439213686,0.72
bank_marketing,hgb,treeshap,414,0.7474500833570141,0.010547016718528868,0.82
bank_marketing,hgb,treeshap,415,0.9976327605271058,0.018423968136075275,0.8399999999999999
bank_marketing,hgb,treeshap,416,0.9543768104633046,0.08616828611047445,0.8799999999999999
bank_marketing,hgb,treeshap,417,0.9877721458510518,0.03554302442753232,0.7599999999999999
bank_marketing,hgb,treeshap,418,0.9842122277343506,0.03451287244446455,0.8
bank_marketing,hgb,treeshap,419,0.9579835006250587,0.06179410539357144,0.72
bank_marketing,hgb,treeshap,420,0.9128983835606134,0.08755063355644643,0.86
bank_marketing,hgb,treeshap,421,0.9202666123184,0.10398040016008903,0.78
bank_marketing,hgb,treeshap,422,0.9857273646677269,0.07859451095092729,0.6599999999999999
bank_marketing,hgb,treeshap,423,0.9784842094253662,0.1677512014071716,0.6799999999999999
bank_marketing,hgb,treeshap,424,0.985130784005347,0.03630173414732307,0.9200000000000002
bank_marketing,hgb,treeshap,425,0.9711225051643508,0.11866254469547943,0.6799999999999999
bank_marketing,hgb,treeshap,426,0.9883543131320142,0.030008747494367105,0.8399999999999999
bank_marketing,hgb,treeshap,427,0.9409074208274009,0.07471005495013028,1.0
bank_marketing,hgb,treeshap,428,0.9857245901383154,0.10062631114694853,0.7399999999999999
bank_marketing,hgb,treeshap,429,0.9961108404859672,0.027156260919271036,0.8800000000000001
bank_marketing,hgb,treeshap,430,0.9498715297737871,0.0209260029162458,0.7999999999999999
bank_marketing,hgb,treeshap,431,0.5630123885070788,0.009395780704211987,0.82
bank_marketing,hgb,treeshap,432,0.976585770705098,0.12268808113049823,0.6199999999999999
bank_marketing,hgb,treeshap,433,0.8856167403843445,0.05686660686395739,0.78
bank_marketing,hgb,treeshap,434,0.9864570162465653,0.09984947299625024,0.7
bank_marketing,hgb,treeshap,435,0.8284989443016896,0.01837086032048796,0.8799999999999999
bank_marketing,hgb,treeshap,436,0.995264546956627,0.015914779364270992,0.7199999999999999
bank_marketing,hgb,treeshap,437,0.9851168575782768,0.09884570741215781,0.7999999999999999
bank_marketing,hgb,treeshap,438,0.9947271255080505,0.0031341556025875628,0.9200000000000002
bank_marketing,hgb,treeshap,439,0.9857601125380174,0.10585662037455346,0.6799999999999999
bank_marketing,hgb,treeshap,440,0.9585430965600901,0.1216028497316115,0.7999999999999999
bank_marketing,hgb,treeshap,441,0.9655916099484749,0.06625342616726615,0.72
bank_marketing,hgb,treeshap,442,0.9968545365908934,0.028800894488120177,0.8399999999999999
bank_marketing,hgb,treeshap,443,0.9974444726194778,0.029565428367494206,0.7999999999999999
bank_marketing,hgb,treeshap,444,0.9737345456012301,0.1584040644703808,0.7399999999999999
bank_marketing,hgb,treeshap,445,0.9868469554946337,0.09856713319354926,1.0
bank_marketing,hgb,treeshap,446,0.9683902025896103,0.20959342850216278,0.6599999999999999
bank_marketing,hgb,treeshap,447,0.9810102620079479,0.12525202751499998,0.62
bank_marketing,hgb,treeshap,448,0.8283007809418557,0.06726159096659523,0.78
bank_marketing,hgb,treeshap,449,0.976320843105172,0.10765243162260707,0.66
bank_marketing,hgb,treeshap,450,0.9965731877054589,0.026140956251246017,0.72
bank_marketing,hgb,treeshap,451,0.9828209485347008,0.030589087802691983,0.76
bank_marketing,hgb,treeshap,452,0.9961471552686317,0.014689621956703869,0.6599999999999999
bank_marketing,hgb,treeshap,453,0.7641728857248168,0.0029614661312254986,0.6599999999999999
bank_marketing,hgb,treeshap,454,0.9910190440130616,0.10898723162911517,0.7799999999999999
bank_marketing,hgb,treeshap,455,0.9527210982931378,0.009179584623344006,0.7799999999999999
bank_marketing,hgb,treeshap,456,0.6696931122744137,0.0015100692651313086,0.7199999999999999
bank_marketing,hgb,treeshap,457,0.9078281831606987,0.09947051235527693,0.86
bank_marketing,hgb,treeshap,458,0.9748561244660179,0.17646223838908992,0.6599999999999999
bank_marketing,hgb,treeshap,459,0.9948684248730071,0.04002842656021832,0.6799999999999998
bank_marketing,hgb,treeshap,460,0.9898756046620921,0.062355047265152286,0.7999999999999999
bank_marketing,hgb,treeshap,461,0.9518795839203753,0.04983968473074041,0.9199999999999999
bank_marketing,hgb,treeshap,462,0.9959925669140084,0.029791853226882936,0.7
bank_marketing,hgb,treeshap,463,0.9721338176993491,0.1330775689983088,0.78
bank_marketing,hgb,treeshap,464,0.6645715353792696,0.013647265139773657,0.8800000000000001
bank_marketing,hgb,treeshap,465,0.5875761216794239,0.0038944303901147226,0.7000000000000001
bank_marketing,hgb,treeshap,466,0.9933736698207536,0.24888371184106717,0.72
bank_marketing,hgb,treeshap,467,0.5977739017615384,0.0031315568131622395,0.6799999999999999
bank_marketing,hgb,treeshap,468,0.7369255174345031,0.01124029391407011,0.7799999999999999
bank_marketing,hgb,treeshap,469,0.9766575536420739,0.1448269441388439,0.6799999999999999
bank_marketing,hgb,treeshap,470,0.9967867855877117,0.005925127945608288,0.8799999999999999
bank_marketing,hgb,treeshap,471,0.971517030357788,0.19878567295735505,0.76
bank_marketing,hgb,treeshap,472,0.9976372149644543,0.03604666340117624,0.7
bank_marketing,hgb,treeshap,473,0.9883524031705351,0.01508475855175051,0.8799999999999999
bank_marketing,hgb,treeshap,474,0.9883772403579171,0.1438607840938252,0.72
bank_marketing,hgb,treeshap,475,0.7761407298445793,0.01268703450645281,0.62
bank_marketing,hgb,treeshap,476,0.7817152675269207,0.014080958050685988,1.0
bank_marketing,hgb,treeshap,477,0.5761915128990565,0.0151470370846436,0.9199999999999999
bank_marketing,hgb,treeshap,478,0.7052192097428599,0.0050329290054247355,0.68
bank_marketing,hgb,treeshap,479,0.9807008092992895,0.04441241533081164,0.8400000000000001
bank_marketing,hgb,treeshap,480,0.5300016174617285,0.005342914033538371,0.6
bank_marketing,hgb,treeshap,481,0.9339309451753003,0.07325322084363428,0.86
bank_marketing,hgb,treeshap,482,0.9989697388364606,0.015367295594486463,0.7999999999999999
bank_marketing,hgb,treeshap,483,0.9971545996283775,0.005740541909593722,0.7999999999999999
bank_marketing,hgb,treeshap,484,0.8741747268914702,0.013857738616039561,0.6799999999999999
bank_marketing,hgb,treeshap,485,0.9949149088385598,0.028059326729657164,0.9200000000000002
bank_marketing,hgb,treeshap,486,0.9850016790997375,0.14610859183667202,0.72
bank_marketing,hgb,treeshap,487,0.9918628889885014,0.0455753140666475,0.4800000000000001
bank_marketing,hgb,treeshap,488,0.9541994615025529,0.021325866065098453,0.7999999999999999
bank_marketing,hgb,treeshap,489,0.7680109841008266,0.028088216620327344,0.74
bank_marketing,hgb,treeshap,490,0.9869360769437616,0.24810891550195613,0.58
bank_marketing,hgb,treeshap,491,0.7972500801921515,0.013189192091779267,0.7199999999999999
bank_marketing,hgb,treeshap,492,0.9708713268734961,0.11972046925237834,0.7599999999999999
bank_marketing,hgb,treeshap,493,0.9948408253831008,0.013842415918176143,0.7
bank_marketing,hgb,treeshap,494,0.9691591038948271,0.10316678567377746,0.76
bank_marketing,hgb,treeshap,495,0.551947018516859,0.002370216239330425,0.72
bank_marketing,hgb,treeshap,496,0.9965104494464484,0.027884212995676783,0.82
bank_marketing,hgb,treeshap,497,0.5671160961956131,0.003383013253987044,0.7599999999999999
bank_marketing,hgb,treeshap,498,0.9659422050584094,0.13540792413371672,0.6799999999999999
bank_marketing,hgb,treeshap,499,0.9907554976557431,0.10036222548288154,0.7
bank_marketing,hgb,lime,0,0.9906427579676208,0.1064593373362781,1.0
bank_marketing,hgb,lime,1,0.9949135890539935,0.07917257620703322,0.76
bank_marketing,hgb,lime,2,0.9878122572656508,0.06021908938608811,0.8800000000000001
bank_marketing,hgb,lime,3,0.9774601982402225,0.12214429485136358,0.7799999999999999
bank_marketing,hgb,lime,4,0.9934628532531532,0.10255542942998619,0.7399999999999999
bank_marketing,hgb,lime,5,0.7738343301950104,0.07508762993033735,0.82
bank_marketing,hgb,lime,6,0.7617486373240505,0.03861581459455987,0.9200000000000002
bank_marketing,hgb,lime,7,0.9959996039669743,0.07114010691928851,0.78
bank_marketing,hgb,lime,8,0.9971287704852834,0.2376370807826016,0.74
bank_marketing,hgb,lime,9,0.944131136707879,0.11688290198608975,0.7999999999999999
bank_marketing,hgb,lime,10,0.9946948379786058,0.0917125426820119,0.82
bank_marketing,hgb,lime,11,0.9933066656718663,0.1398695399153066,0.7599999999999999
bank_marketing,hgb,lime,12,0.9935082393187032,0.23645413923961045,0.82
bank_marketing,hgb,lime,13,0.9959222364660679,0.16493882027491424,0.76
bank_marketing,hgb,lime,14,0.9688050114099174,0.17475512539326987,0.78
bank_marketing,hgb,lime,15,0.95616088878916,0.06015278304418248,0.9199999999999999
bank_marketing,hgb,lime,16,0.9968934522366479,0.11354446094890613,0.8399999999999999
bank_marketing,hgb,lime,17,0.8685866519719456,0.04859016351121004,0.86
bank_marketing,hgb,lime,18,0.9435193253057891,0.03315108308603654,0.8400000000000001
bank_marketing,hgb,lime,19,0.997128424464236,0.08454503582366113,0.8399999999999999
bank_marketing,hgb,lime,20,0.7671983975648413,0.05153801947118841,0.86
bank_marketing,hgb,lime,21,0.6970203758784947,0.12695527583757182,0.7
bank_marketing,hgb,lime,22,0.991937618979537,0.2739175739584756,0.8799999999999999
bank_marketing,hgb,lime,23,0.9974664189555336,0.11588795566778143,0.8400000000000001
bank_marketing,hgb,lime,24,0.8541463536950188,0.05599893650582022,0.7599999999999999
bank_marketing,hgb,lime,25,0.9965773963378812,0.16689048303416065,0.86
bank_marketing,hgb,lime,26,0.9755216325166319,0.1668547031574793,0.9199999999999999
bank_marketing,hgb,lime,27,0.7922158996996277,0.04683124227790447,0.86
bank_marketing,hgb,lime,28,0.9963247284630123,0.1405168938898822,0.7599999999999999
bank_marketing,hgb,lime,29,0.9146568310824816,0.21226085938269568,0.7399999999999999
bank_marketing,hgb,lime,30,0.973535959328192,0.05833228550404035,0.8800000000000001
bank_marketing,hgb,lime,31,0.7542966075983959,0.10422132670535977,0.7399999999999999
bank_marketing,hgb,lime,32,0.9980976900295653,0.20089178616314318,0.7999999999999999
bank_marketing,hgb,lime,33,0.9980072483541411,0.08538453835589688,0.86
bank_marketing,hgb,lime,34,0.9937423069119774,0.07215224876442117,0.8400000000000001
bank_marketing,hgb,lime,35,0.9695298084959317,0.31768029667611597,0.7799999999999999
bank_marketing,hgb,lime,36,0.9925453520286156,0.18244100249789186,0.6999999999999998
bank_marketing,hgb,lime,37,0.9775221972482898,0.1587068662198753,0.7
bank_marketing,hgb,lime,38,0.9982336318635726,0.12521836759543226,0.82
bank_marketing,hgb,lime,39,0.8626512266548048,0.07954364239701772,0.7999999999999999
bank_marketing,hgb,lime,40,0.9852845992933744,0.09946920166222362,0.7999999999999999
bank_marketing,hgb,lime,41,0.9100146319944079,0.039744808607519055,0.8800000000000001
bank_marketing,hgb,lime,42,0.9968242903374247,0.19195583997687016,0.8400000000000001
bank_marketing,hgb,lime,43,0.7969725976611711,0.04832201525382618,0.7399999999999999
bank_marketing,hgb,lime,44,0.6933762667687889,0.05739842475787316,0.9200000000000002
bank_marketing,hgb,lime,45,0.9965145458283191,0.07266368292768988,0.9200000000000002
bank_marketing,hgb,lime,46,0.9813548021992282,0.1319285869785407,0.9199999999999999
bank_marketing,hgb,lime,47,0.9802440716751459,0.10604860302258212,0.82
bank_marketing,hgb,lime,48,0.9802449214051686,0.20917519767047266,0.7
bank_marketing,hgb,lime,49,0.9900756262581435,0.06893345051743405,0.7799999999999999
bank_marketing,hgb,lime,50,0.9958146098588294,0.08809573934143111,0.9199999999999999
bank_marketing,hgb,lime,51,0.981265533294817,0.04875373302945918,0.8800000000000001
bank_marketing,hgb,lime,52,0.7672588072132667,0.08178714778304141,0.86
bank_marketing,hgb,lime,53,0.9777483855204299,0.09935678353474897,0.74
bank_marketing,hgb,lime,54,0.6802677704854891,0.23862977480651326,0.76
bank_marketing,hgb,lime,55,0.9882702320843011,0.11986433283959186,0.86
bank_marketing,hgb,lime,56,0.9876921787065415,0.13014542020557762,0.8399999999999999
bank_marketing,hgb,lime,57,0.9979954229748152,0.07928986713729103,0.78
bank_marketing,hgb,lime,58,0.9926474525708924,0.15206737320552377,0.8400000000000001
bank_marketing,hgb,lime,59,0.9937623790720995,0.07706637773504565,0.7399999999999999
bank_marketing,hgb,lime,60,0.9165737610349574,0.053636294499859405,0.8400000000000001
bank_marketing,hgb,lime,61,0.9860568826788196,0.07270702600941237,0.6599999999999999
bank_marketing,hgb,lime,62,0.8927370072021666,0.2569189152019449,0.6999999999999998
bank_marketing,hgb,lime,63,0.974656272367102,0.06019641733461967,0.8799999999999999
bank_marketing,hgb,lime,64,0.9960445520438184,0.1650106624123635,0.7999999999999999
bank_marketing,hgb,lime,65,0.9957864430608939,0.1788545655087027,0.86
bank_marketing,hgb,lime,66,0.9793101124188498,0.11083594054182855,0.8399999999999999
bank_marketing,hgb,lime,67,0.9634818531956297,0.09008415176988116,0.8400000000000001
bank_marketing,hgb,lime,68,0.987941230798542,0.20756676834896315,0.74
bank_marketing,hgb,lime,69,0.9589431699201636,0.10657620962034586,0.86
bank_marketing,hgb,lime,70,0.5935970496668952,0.056420890492647424,0.8400000000000001
bank_marketing,hgb,lime,71,0.9931062425244708,0.07762596583290526,0.8400000000000001
bank_marketing,hgb,lime,72,0.9507116615027211,0.31706710622872625,0.7599999999999999
bank_marketing,hgb,lime,73,0.7550741975650257,0.05186630174189977,0.86
bank_marketing,hgb,lime,74,0.9974566612064804,0.08558857072173254,0.7999999999999999
bank_marketing,hgb,lime,75,0.9919959560716837,0.1598508478195123,0.82
bank_marketing,hgb,lime,76,0.9404786524310603,0.1971473104234137,0.7799999999999999
bank_marketing,hgb,lime,77,0.8844568784301614,0.043708225859037775,0.86
bank_marketing,hgb,lime,78,0.9942080569034903,0.1619521105512136,0.7599999999999999
bank_marketing,hgb,lime,79,0.9837127106028758,0.09371743027104107,0.74
bank_marketing,hgb,lime,80,0.630007511284785,0.11729356210559572,0.8400000000000001
bank_marketing,hgb,lime,81,0.9546143472926417,0.06226663147313949,0.6999999999999998
bank_marketing,hgb,lime,82,0.996668672415525,0.18309538274855297,0.82
bank_marketing,hgb,lime,83,0.9968871579622587,0.10916573043903699,0.74
bank_marketing,hgb,lime,84,0.9214424046959548,0.10105979009727528,0.9199999999999999
bank_marketing,hgb,lime,85,0.9986653194801434,0.1458476476519701,0.86
bank_marketing,hgb,lime,86,0.9976598153826505,0.11197168429122006,0.74
bank_marketing,hgb,lime,87,0.9956310090572,0.10823848894540533,0.7999999999999999
bank_marketing,hgb,lime,88,0.9742459237888706,0.16351241387499404,0.9199999999999999
bank_marketing,hgb,lime,89,0.9627443966779511,0.07127398260650752,0.7999999999999999
bank_marketing,hgb,lime,90,0.9322809080209312,0.0760553136864891,0.74
bank_marketing,hgb,lime,91,0.8611151018283202,0.030735019829118526,0.8800000000000001
bank_marketing,hgb,lime,92,0.9927869948153255,0.29217697759807304,0.7399999999999999
bank_marketing,hgb,lime,93,0.9967387461226102,0.11919523632139373,0.86
bank_marketing,hgb,lime,94,0.9779805652021117,0.08260517096327802,0.7799999999999999
bank_marketing,hgb,lime,95,0.7130381632278949,0.2225386518562622,0.78
bank_marketing,hgb,lime,96,0.5718311639297886,0.048333413800681235,0.9200000000000002
bank_marketing,hgb,lime,97,0.9490574582673131,0.11132463720390395,0.6799999999999999
bank_marketing,hgb,lime,98,0.9947130058108309,0.19994524254952228,0.86
bank_marketing,hgb,lime,99,0.9872751966599538,0.1350527670298357,0.7799999999999999
bank_marketing,mlp,ig,0,0.9948953699799542,0.08428126787086276,0.6799999999999999
bank_marketing,mlp,ig,1,0.9997124741158899,0.036449719179720175,0.78
bank_marketing,mlp,ig,2,0.9949382038777597,0.03316417969479768,0.7999999999999999
bank_marketing,mlp,ig,3,0.9928918051735346,0.11842438956431778,0.8399999999999999
bank_marketing,mlp,ig,4,0.9963175585614898,0.06644234320516795,0.8400000000000001
bank_marketing,mlp,ig,5,0.9526178228546204,0.09337149643280307,0.6599999999999999
bank_marketing,mlp,ig,6,0.7101368526690229,0.009128536780277252,0.7799999999999999
bank_marketing,mlp,ig,7,0.9744004919372141,0.07503213404948794,0.82
bank_marketing,mlp,ig,8,0.9994117848091069,0.03322061533558163,0.8399999999999999
bank_marketing,mlp,ig,9,0.9668605981983307,0.042077614899887705,0.8400000000000001
bank_marketing,mlp,ig,10,0.9980498473414497,0.02282918641595566,0.78
bank_marketing,mlp,ig,11,0.998435507912073,0.016644044433916205,0.86
bank_marketing,mlp,ig,12,0.9986068792505716,0.04777663177804958,0.6599999999999999
bank_marketing,mlp,ig,13,0.9996587564208201,0.031003667888449882,0.8800000000000001
bank_marketing,mlp,ig,14,0.9517575923923707,0.09752255428220236,0.8400000000000001
bank_marketing,mlp,ig,15,0.9700050826807818,0.04721024128556284,0.7
bank_marketing,mlp,ig,16,0.9991573425336053,0.029341964106415874,0.8799999999999999
bank_marketing,mlp,ig,17,0.8873677489940626,0.028901229479779134,0.7999999999999999
bank_marketing,mlp,ig,18,0.935795718768324,0.01559593413944671,0.9199999999999999
bank_marketing,mlp,ig,19,0.999044200979134,0.03502635725839054,0.8400000000000001
bank_marketing,mlp,ig,20,0.6823619360709702,0.011572409281006224,0.8
bank_marketing,mlp,ig,21,0.7462228100687728,0.09004082773173094,0.78
bank_marketing,mlp,ig,22,0.9952789329525829,0.03195389595568554,0.86
bank_marketing,mlp,ig,23,0.9996334294331168,0.0278699082373024,0.86
bank_marketing,mlp,ig,24,0.698151144228544,0.03113299631152311,0.7799999999999999
bank_marketing,mlp,ig,25,0.9990164209272601,0.06132200242893937,0.7
bank_marketing,mlp,ig,26,0.9871972390819208,0.05308239547704052,0.86
bank_marketing,mlp,ig,27,0.8781573188715311,0.03354926483306486,0.76
bank_marketing,mlp,ig,28,0.9980053943624512,0.05450918487902956,0.7199999999999999
bank_marketing,mlp,ig,29,0.9089434548596694,0.0684372800786699,0.8399999999999999
bank_marketing,mlp,ig,30,0.9793494246274699,0.03571442291907767,0.86
bank_marketing,mlp,ig,31,0.8403356784941403,0.06770028584378873,0.6599999999999999
bank_marketing,mlp,ig,32,0.9974590460081005,0.03993082496696998,0.6799999999999999
bank_marketing,mlp,ig,33,0.9997807699221006,0.019889716927686707,0.86
bank_marketing,mlp,ig,34,0.9990386464956481,0.0796433500823881,0.7799999999999999
bank_marketing,mlp,ig,35,0.9922362108243995,0.15626315034663407,0.72
bank_marketing,mlp,ig,36,0.9987261366840643,0.055702652060538704,0.7399999999999999
bank_marketing,mlp,ig,37,0.9798753912348308,0.033388085004088075,0.7599999999999999
bank_marketing,mlp,ig,38,0.9994853973522421,0.09581746965446258,0.7999999999999999
bank_marketing,mlp,ig,39,0.8226937209519619,0.03430453694413471,0.7799999999999999
bank_marketing,mlp,ig,40,0.9878639869402857,0.10869788720159834,0.8399999999999999
bank_marketing,mlp,ig,41,0.9801868868464412,0.022477978046915204,0.76
bank_marketing,mlp,ig,42,0.9993876886409803,0.020476888860772924,0.86
bank_marketing,mlp,ig,43,0.7824864743088107,0.19512490225324197,0.6199999999999999
bank_marketing,mlp,ig,44,0.8408597374899027,0.016731548690697595,0.8800000000000001
bank_marketing,mlp,ig,45,0.9993581888653813,0.023911280799790546,0.8399999999999999
bank_marketing,mlp,ig,46,0.9947656328692194,0.04261902832793196,0.86
bank_marketing,mlp,ig,47,0.9932688112735788,0.08349457781707215,0.7799999999999999
bank_marketing,mlp,ig,48,0.9938308981504766,0.05431760411862907,0.9199999999999999
bank_marketing,mlp,ig,49,0.9995313591725254,0.029853173295774083,0.72
bank_marketing,mlp,ig,50,0.9968799294436954,0.08657061188513371,0.7199999999999999
bank_marketing,mlp,ig,51,0.9864959509913869,0.023097648773786617,1.0
bank_marketing,mlp,ig,52,0.6133736678562766,0.02479303020442103,0.8399999999999999
bank_marketing,mlp,ig,53,0.9993373217030761,0.052303188773849874,0.8400000000000001
bank_marketing,mlp,ig,54,0.5631793239575416,0.1130665087801569,0.6799999999999999
bank_marketing,mlp,ig,55,0.9968892188709996,0.05524539360852787,0.8399999999999999
bank_marketing,mlp,ig,56,0.996243959111933,0.02639480921848758,1.0
bank_marketing,mlp,ig,57,0.9996922514479845,0.020387857347169636,0.8400000000000001
bank_marketing,mlp,ig,58,0.9986219071409416,0.06379251676708331,0.7
bank_marketing,mlp,ig,59,0.9975526498453628,0.07857882362516921,0.72
bank_marketing,mlp,ig,60,0.976037214011833,0.07389966661267722,0.7
bank_marketing,mlp,ig,61,0.9859581582697787,0.13371363492290178,0.72
bank_marketing,mlp,ig,62,0.9384701934250559,0.09309387247397238,0.86
bank_marketing,mlp,ig,63,0.9441794615439267,0.026623565721452636,0.8400000000000001
bank_marketing,mlp,ig,64,0.9990454614518212,0.03332952668812239,0.86
bank_marketing,mlp,ig,65,0.988671717538333,0.03136324498779608,0.76
bank_marketing,mlp,ig,66,0.8811645692362526,0.0803840436294797,0.7
bank_marketing,mlp,ig,67,0.9837990564900048,0.08642479310131512,0.86
bank_marketing,mlp,ig,68,0.9938216616353095,0.03843775391705717,0.7199999999999999
bank_marketing,mlp,ig,69,0.9549761410806388,0.0371907066340702,0.82
bank_marketing,mlp,ig,70,0.6249261888919113,0.013845973402749068,0.78
bank_marketing,mlp,ig,71,0.9924071294171988,0.04469043168057474,0.82
bank_marketing,mlp,ig,72,0.9314231131131641,0.06339324164313154,0.9199999999999999
bank_marketing,mlp,ig,73,0.7770055710142598,0.028313728848933017,0.58
bank_marketing,mlp,ig,74,0.9994162691895528,0.02003802494361806,0.78
bank_marketing,mlp,ig,75,0.9781845317593436,0.04550213553417548,0.7999999999999999
bank_marketing,mlp,ig,76,0.83571286752363,0.15403093645459554,0.5200000000000001
bank_marketing,mlp,ig,77,0.7806137592727213,0.09641234714500979,0.7799999999999999
bank_marketing,mlp,ig,78,0.9966608145107537,0.04736294713327194,0.6399999999999999
bank_marketing,mlp,ig,79,0.8942926158637852,0.019515127104438812,0.8800000000000001
bank_marketing,mlp,ig,80,0.595313068676836,0.14916847209113615,0.7799999999999999
bank_marketing,mlp,ig,81,0.9822151848461373,0.09132209779966494,0.8399999999999999
bank_marketing,mlp,ig,82,0.9865790495168631,0.0923320523294402,0.6799999999999999
bank_marketing,mlp,ig,83,0.9995629907191669,0.041138615890361274,0.72
bank_marketing,mlp,ig,84,0.9288762879477321,0.10562942417955479,0.7999999999999999
bank_marketing,mlp,ig,85,0.9999596092799976,0.04682473075070204,0.86
bank_marketing,mlp,ig,86,0.9988787025358616,0.022874375131276103,0.9199999999999999
bank_marketing,mlp,ig,87,0.9997850227103008,0.038250202492710494,0.7999999999999999
bank_marketing,mlp,ig,88,0.7848698070379232,0.04437355135760601,0.7799999999999999
bank_marketing,mlp,ig,89,0.9301998566143602,0.08938691923350406,0.7
bank_marketing,mlp,ig,90,0.9582351780078973,0.11078993343562404,0.72
bank_marketing,mlp,ig,91,0.7202429231801665,0.04077312045911552,0.9199999999999999
bank_marketing,mlp,ig,92,0.997481623658893,0.04327326621903238,0.86
bank_marketing,mlp,ig,93,0.9995778183046916,0.019855213344659672,0.82
bank_marketing,mlp,ig,94,0.8937986309346877,0.08633616050048043,0.7
bank_marketing,mlp,ig,95,0.6695263256601746,0.06863742949948537,0.7999999999999999
bank_marketing,mlp,ig,96,0.5554122430312131,0.015782180056699735,0.6799999999999999
bank_marketing,mlp,ig,97,0.8949641366957435,0.08544692789419805,0.72
bank_marketing,mlp,ig,98,0.9978705665425922,0.044346001481973096,0.7399999999999999
bank_marketing,mlp,ig,99,0.997517228817341,0.09896493310392107,0.7199999999999999
bank_marketing,mlp,ig,100,0.9998812350397166,0.044393922400496444,0.7999999999999999
bank_marketing,mlp,ig,101,0.9998977224855018,0.037741982984421996,0.6599999999999999
bank_marketing,mlp,ig,102,0.9992604390147586,0.041988054767806204,0.8399999999999999
bank_marketing,mlp,ig,103,0.9634947028409255,0.21857465030291912,0.6399999999999999
bank_marketing,mlp,ig,104,0.9999631700126408,0.019015744203776053,0.74
bank_marketing,mlp,ig,105,0.9945160873907352,0.04974878079470457,0.7
bank_marketing,mlp,ig,106,0.9981995535353703,0.026659166812040502,0.82
bank_marketing,mlp,ig,107,0.6071994749097881,0.0042766874598688664,0.8399999999999999
bank_marketing,mlp,ig,108,0.5386046489243905,0.021052864240698077,0.5799999999999998
bank_marketing,mlp,ig,109,0.8521128452053299,0.12507146905006528,0.6
bank_marketing,mlp,ig,110,0.9931266437310974,0.07803824969155237,0.82
bank_marketing,mlp,ig,111,0.9991807028670762,0.024909808580167336,0.9199999999999999
bank_marketing,mlp,ig,112,0.965063710829545,0.11048734030851948,0.6799999999999999
bank_marketing,mlp,ig,113,0.99729121586421,0.04981920319470201,0.7
bank_marketing,mlp,ig,114,0.997382966919325,0.04666110503686449,0.86
bank_marketing,mlp,ig,115,0.9920772361124562,0.0715730585617742,0.6799999999999999
bank_marketing,mlp,ig,116,0.989470127211973,0.020815333640575195,0.72
bank_marketing,mlp,ig,117,0.9985944539433886,0.03538985961762786,0.6799999999999999
bank_marketing,mlp,ig,118,0.991914879650641,0.05843547177994546,0.6799999999999999
bank_marketing,mlp,ig,119,0.983331684108629,0.02829356311519915,0.8399999999999999
bank_marketing,mlp,ig,120,0.9997951691630943,0.02543346925055512,0.7599999999999999
bank_marketing,mlp,ig,121,0.9976230110781568,0.05770304051997166,0.7799999999999999
bank_marketing,mlp,ig,122,0.9991519296688877,0.052504100412534505,0.82
bank_marketing,mlp,ig,123,0.8173186508173744,0.046423087185217815,0.6
bank_marketing,mlp,ig,124,0.6387016318376113,0.004773913362262627,0.6799999999999999
bank_marketing,mlp,ig,125,0.9561709194667005,0.034920050540662606,0.8799999999999999
bank_marketing,mlp,ig,126,0.9808391577679204,0.054365557372258566,0.86
bank_marketing,mlp,ig,127,0.8075752432949592,0.07690326326113295,0.8399999999999999
bank_marketing,mlp,ig,128,0.9981068641521536,0.020663810971256247,0.9199999999999999
bank_marketing,mlp,ig,129,0.9916464419203177,0.06573014502595753,0.86
bank_marketing,mlp,ig,130,0.998265726932859,0.03853488139300809,0.7999999999999999
bank_marketing,mlp,ig,131,0.9423147802060994,0.019013520528117334,0.86
bank_marketing,mlp,ig,132,0.9912419057640541,0.06297306048007645,0.6599999999999999
bank_marketing,mlp,ig,133,0.9276667785353899,0.14679132400627515,0.7999999999999999
bank_marketing,mlp,ig,134,0.9988211281905297,0.05865267543767627,0.7999999999999999
bank_marketing,mlp,ig,135,0.6675706632764122,0.0088393749578497,0.7999999999999999
bank_marketing,mlp,ig,136,0.9980017622510597,0.05364623424295778,0.7999999999999999
bank_marketing,mlp,ig,137,0.9967697857841948,0.047747205815735105,0.58
bank_marketing,mlp,ig,138,0.9972278073971659,0.048472528672016124,0.7599999999999999
bank_marketing,mlp,ig,139,0.9828413770132356,0.01540523691658513,0.86
bank_marketing,mlp,ig,140,0.9887985204253409,0.053076005730444464,0.6599999999999999
bank_marketing,mlp,ig,141,0.9959565402532549,0.12306134167779847,0.7599999999999999
bank_marketing,mlp,ig,142,0.9904454446489177,0.08487203921536646,0.7999999999999999
bank_marketing,mlp,ig,143,0.9997726322251351,0.02768321209085478,0.8400000000000001
bank_marketing,mlp,ig,144,0.9121499232896901,0.0450618779304548,0.9200000000000002
bank_marketing,mlp,ig,145,0.956831295680618,0.05026255036770766,0.8400000000000001
bank_marketing,mlp,ig,146,0.9444225320326304,0.14123168578020606,0.7199999999999999
bank_marketing,mlp,ig,147,0.8993108688133704,0.13292791617612099,0.76
bank_marketing,mlp,ig,148,0.9984653828922072,0.01926996068142728,0.82
bank_marketing,mlp,ig,149,0.8479697373785671,0.10040073207940703,0.72
bank_marketing,mlp,ig,150,0.9800548401252482,0.09686231194434813,0.5399999999999999
bank_marketing,mlp,ig,151,0.9762951396623547,0.04365198293204142,0.7999999999999999
bank_marketing,mlp,ig,152,0.9985916205079752,0.019723403136569062,0.7999999999999999
bank_marketing,mlp,ig,153,0.9967416513310674,0.017459373000302536,0.86
bank_marketing,mlp,ig,154,0.9777623696545691,0.0899137733159916,0.8399999999999999
bank_marketing,mlp,ig,155,0.9963018637904959,0.030069785360380186,0.76
bank_marketing,mlp,ig,156,0.5678390265773123,0.05773831758216663,0.7799999999999999
bank_marketing,mlp,ig,157,0.6225408744222249,0.0524550960836635,0.82
bank_marketing,mlp,ig,158,0.9971241793274505,0.024799091096644466,0.8800000000000001
bank_marketing,mlp,ig,159,0.9510725828207013,0.0434057213038862,0.7599999999999999
bank_marketing,mlp,ig,160,0.9927084189066508,0.09241022208543603,0.72
bank_marketing,mlp,ig,161,0.5607559632548104,0.024159981260128083,0.6199999999999999
bank_marketing,mlp,ig,162,0.9922387812580693,0.02827237577121644,0.8799999999999999
bank_marketing,mlp,ig,163,0.9910520019186275,0.0709310909667229,0.6200000000000001
bank_marketing,mlp,ig,164,0.9913947007855863,0.12120619001922162,0.6399999999999999
bank_marketing,mlp,ig,165,0.9513818513616741,0.1213890829278309,0.7399999999999999
bank_marketing,mlp,ig,166,0.7992230344488263,0.07914940871418386,0.8400000000000001
bank_marketing,mlp,ig,167,0.587792737974608,0.02370622057098415,0.62
bank_marketing,mlp,ig,168,0.9840640990270544,0.1511661008054077,0.8400000000000001
bank_marketing,mlp,ig,169,0.9173438987676359,0.044385350566413684,0.72
bank_marketing,mlp,ig,170,0.8045335739442923,0.040252583493362915,0.74
bank_marketing,mlp,ig,171,0.9999705410692166,0.02462027937529554,0.7999999999999999
bank_marketing,mlp,ig,172,0.9999021578668454,0.019218149490737857,0.78
bank_marketing,mlp,ig,173,0.9939745305917228,0.068728100191211,0.7
bank_marketing,mlp,ig,174,0.6555082310786021,0.05595905333360329,0.6799999999999999
bank_marketing,mlp,ig,175,0.9993076708338713,0.04435394463505615,0.7599999999999999
bank_marketing,mlp,ig,176,0.9987405167474623,0.025260682418606906,0.9199999999999999
bank_marketing,mlp,ig,177,0.9758246901974555,0.038830693707209596,0.9200000000000002
bank_marketing,mlp,ig,178,0.9985087078316666,0.03366535863268916,0.82
bank_marketing,mlp,ig,179,0.5768293682905069,0.12012656783503883,0.7999999999999999
bank_marketing,mlp,ig,180,0.9982206396203444,0.05185837613273914,0.7799999999999999
bank_marketing,mlp,ig,181,0.5330934742103712,0.019227289826390548,0.7
bank_marketing,mlp,ig,182,0.9740229118981969,0.058689953316640286,0.8400000000000001
bank_marketing,mlp,ig,183,0.9816281744956822,0.0636869537590673,0.76
bank_marketing,mlp,ig,184,0.924287922836444,0.06854949879445371,0.7399999999999999
bank_marketing,mlp,ig,185,0.9998971064051553,0.02918110549163122,0.7799999999999999
bank_marketing,mlp,ig,186,0.5696359366461665,0.01982900256607567,0.6
bank_marketing,mlp,ig,187,0.9997086964362751,0.023805553182385863,0.86
bank_marketing,mlp,ig,188,0.962442758444998,0.16627906716135643,0.7
bank_marketing,mlp,ig,189,0.9899352328450259,0.08394463770018223,0.7999999999999999
bank_marketing,mlp,ig,190,0.9900965120413694,0.0421969683714426,0.82
bank_marketing,mlp,ig,191,0.9905365853345105,0.06128467351429345,0.74
bank_marketing,mlp,ig,192,0.59753501960223,0.08355025410351102,0.7999999999999999
bank_marketing,mlp,ig,193,0.9970305551990629,0.0468173646270269,0.8400000000000001
bank_marketing,mlp,ig,194,0.926360617249528,0.03045033935515884,0.78
bank_marketing,mlp,ig,195,0.9998722509021343,0.03582749234403104,0.9200000000000002
bank_marketing,mlp,ig,196,0.7685063398928629,0.01905396222893463,0.8400000000000001
bank_marketing,mlp,ig,197,0.6487726763009991,0.019533085373055648,0.82
bank_marketing,mlp,ig,198,0.991626093598807,0.07273042441708577,0.78
bank_marketing,mlp,ig,199,0.9988599739043025,0.04314978407280312,0.7799999999999999
bank_marketing,mlp,ig,200,0.9747672121556417,0.041922415221526066,0.86
bank_marketing,mlp,ig,201,0.9990360757541914,0.03324612403079785,0.82
bank_marketing,mlp,ig,202,0.9976193447193145,0.03521875184401824,0.76
bank_marketing,mlp,ig,203,0.9704892335815064,0.09235639472559565,0.7599999999999999
bank_marketing,mlp,ig,204,0.9207827223156058,0.11858596980929315,0.76
bank_marketing,mlp,ig,205,0.9942445381382109,0.026361695372371985,0.8400000000000001
bank_marketing,mlp,ig,206,0.8605835823399076,0.04946146324008471,0.8800000000000001
bank_marketing,mlp,ig,207,0.9962135191193695,0.021187241811029822,0.74
bank_marketing,mlp,ig,208,0.9937209850111923,0.07044278490918043,0.7599999999999999
bank_marketing,mlp,ig,209,0.9996994670324684,0.026754191816422135,0.86
bank_marketing,mlp,ig,210,0.9942168928812384,0.028765047208130112,0.9200000000000002
bank_marketing,mlp,ig,211,0.9968165851873488,0.024622868713092827,0.9199999999999999
bank_marketing,mlp,ig,212,0.9743385582026672,0.04858634727878486,0.86
bank_marketing,mlp,ig,213,0.9899165713110761,0.05565428670696981,0.8400000000000001
bank_marketing,mlp,ig,214,0.9650383777111429,0.02064752741816389,0.72
bank_marketing,mlp,ig,215,0.8419505289882991,0.06485741894638619,0.8800000000000001
bank_marketing,mlp,ig,216,0.9996429144736604,0.04991872894206195,0.78
bank_marketing,mlp,ig,217,0.9978081233125066,0.04932797576464798,0.7
bank_marketing,mlp,ig,218,0.9663228989173798,0.030200111046542633,0.8400000000000001
bank_marketing,mlp,ig,219,0.9890341413690683,0.02682405158948209,0.8400000000000001
bank_marketing,mlp,ig,220,0.9806935614804033,0.060324625565472134,0.7999999999999999
bank_marketing,mlp,ig,221,0.7968964968621136,0.17163352812346166,0.78
bank_marketing,mlp,ig,222,0.7927092094112919,0.013260198798736411,0.7599999999999999
bank_marketing,mlp,ig,223,0.996816334522228,0.04432703627630308,0.7999999999999999
bank_marketing,mlp,ig,224,0.9510605604298042,0.22225376056688195,0.58
bank_marketing,mlp,ig,225,0.9554343058223207,0.04626007437825508,0.8399999999999999
bank_marketing,mlp,ig,226,0.9757533511179106,0.049595692316632856,0.74
bank_marketing,mlp,ig,227,0.9995094297322904,0.04472412730738162,0.6599999999999999
bank_marketing,mlp,ig,228,0.5484417709971314,0.00574218426923756,0.7799999999999999
bank_marketing,mlp,ig,229,0.9975951628325379,0.03461724164937974,0.9200000000000002
bank_marketing,mlp,ig,230,0.9995686888042975,0.024741226311297604,0.9199999999999999
bank_marketing,mlp,ig,231,0.8384149224490223,0.026382535328179246,0.72
bank_marketing,mlp,ig,232,0.9408314570591274,0.08104401959609153,0.7399999999999999
bank_marketing,mlp,ig,233,0.9987014931359235,0.028362354213374408,0.9199999999999999
bank_marketing,mlp,ig,234,0.9928302760573944,0.042678328544302424,0.8400000000000001
bank_marketing,mlp,ig,235,0.9993122750195627,0.01848729922308423,0.86
bank_marketing,mlp,ig,236,0.9812016226649497,0.081101150175096,0.76
bank_marketing,mlp,ig,237,0.9971700954145074,0.02178217946750327,0.86
bank_marketing,mlp,ig,238,0.9754649492423157,0.09996205088709775,0.6799999999999999
bank_marketing,mlp,ig,239,0.8216656625567037,0.038507377745366944,0.6799999999999999
bank_marketing,mlp,ig,240,0.9947702055028319,0.07772011627964004,0.72
bank_marketing,mlp,ig,241,0.8107923982634098,0.023338526792232805,0.7999999999999999
bank_marketing,mlp,ig,242,0.9587164596586891,0.0969661582525767,0.7999999999999999
bank_marketing,mlp,ig,243,0.9953634979115282,0.03237785889394362,1.0
bank_marketing,mlp,ig,244,0.5781085321110128,0.04947148898597775,0.78
bank_marketing,mlp,ig,245,0.5960639103236514,0.01132712093138033,0.8399999999999999
bank_marketing,mlp,ig,246,0.9965906113428205,0.04282685474088266,0.8400000000000001
bank_marketing,mlp,ig,247,0.9996022867198722,0.020212548135495667,0.8799999999999999
bank_marketing,mlp,ig,248,0.9962262708763042,0.0652950771241898,0.76
bank_marketing,mlp,ig,249,0.9967986332702161,0.07748783714210217,0.8399999999999999
bank_marketing,mlp,ig,250,0.9987730910995458,0.05490306541623424,0.7
bank_marketing,mlp,ig,251,0.9996410466469327,0.035813258525832614,0.7999999999999999
bank_marketing,mlp,ig,252,0.9900039772917124,0.03602579281919682,1.0
bank_marketing,mlp,ig,253,0.5667290738087069,0.01256485302360133,0.86
bank_marketing,mlp,ig,254,0.6546899408370646,0.052668073876100285,0.7999999999999999
bank_marketing,mlp,ig,255,0.969342977014547,0.012936464577104068,0.7399999999999999
bank_marketing,mlp,ig,256,0.5291007824787111,0.024423973277565514,0.9199999999999999
bank_marketing,mlp,ig,257,0.9498774239740756,0.053475812578879456,0.72
bank_marketing,mlp,ig,258,0.8635921011928731,0.039538123996483265,1.0
bank_marketing,mlp,ig,259,0.9570199677653196,0.07241833032456457,0.9199999999999999
bank_marketing,mlp,ig,260,0.9690030147769864,0.026281013038073064,0.8
bank_marketing,mlp,ig,261,0.9998897847074384,0.046375784461064384,0.86
bank_marketing,mlp,ig,262,0.9720599775438726,0.06749470047826667,0.7999999999999999
bank_marketing,mlp,ig,263,0.5921826995004885,0.015312214217281905,0.8399999999999999
bank_marketing,mlp,ig,264,0.9431695368118318,0.0775965014458968,0.7199999999999999
bank_marketing,mlp,ig,265,0.9994566237096842,0.033959448926525804,0.8399999999999999
bank_marketing,mlp,ig,266,0.997898940922705,0.044762654514548195,0.8400000000000001
bank_marketing,mlp,ig,267,0.9818769288241398,0.06580952233152337,0.86
bank_marketing,mlp,ig,268,0.9998131353923583,0.0243895116194649,0.86
bank_marketing,mlp,ig,269,0.9070251260774643,0.04463407027712518,0.8799999999999999
bank_marketing,mlp,ig,270,0.7014354810474807,0.04885320733282228,0.8400000000000001
bank_marketing,mlp,ig,271,0.9564403950582179,0.021637471466235958,0.9199999999999999
bank_marketing,mlp,ig,272,0.947120557577661,0.0903570660705808,0.86
bank_marketing,mlp,ig,273,0.7915770533755999,0.036113217384617924,0.6599999999999999
bank_marketing,mlp,ig,274,0.9991709432350196,0.020386946690603258,0.8400000000000001
bank_marketing,mlp,ig,275,0.9997951630730565,0.023632686496042665,0.8799999999999999
bank_marketing,mlp,ig,276,0.9856103776969609,0.09552013318242614,0.7999999999999999
bank_marketing,mlp,ig,277,0.9971520307461608,0.05864416119441351,0.8399999999999999
bank_marketing,mlp,ig,278,0.8573314728600293,0.02723929455399432,0.86
bank_marketing,mlp,ig,279,0.9707612883906096,0.0696523061406863,0.8399999999999999
bank_marketing,mlp,ig,280,0.9939012306909298,0.03951588152468033,0.86
bank_marketing,mlp,ig,281,0.9639426268654576,0.10741007805910419,0.8400000000000001
bank_marketing,mlp,ig,282,0.9973356460581924,0.0442287147707654,0.7599999999999999
bank_marketing,mlp,ig,283,0.9974702129557086,0.06931678008833053,1.0
bank_marketing,mlp,ig,284,0.9994770750224333,0.09141253589095144,0.7599999999999999
bank_marketing,mlp,ig,285,0.9874042783757891,0.04147721796979731,0.86
bank_marketing,mlp,ig,286,0.9997788011547781,0.044067958477252867,0.7999999999999999
bank_marketing,mlp,ig,287,0.9992826774268992,0.043388334096945536,0.86
bank_marketing,mlp,ig,288,0.9868641320243154,0.028652744830691135,0.8399999999999999
bank_marketing,mlp,ig,289,0.9966620524101144,0.0473020410304672,0.7399999999999999
bank_marketing,mlp,ig,290,0.9983725465268813,0.03822082270308047,0.7
bank_marketing,mlp,ig,291,0.9662800099251226,0.07498608481977187,0.9199999999999999
bank_marketing,mlp,ig,292,0.9712106396874596,0.1285472588060227,0.6799999999999999
bank_marketing,mlp,ig,293,0.9914920667632364,0.023332474436794426,0.9200000000000002
bank_marketing,mlp,ig,294,0.98911239951046,0.11417511319688634,0.72
bank_marketing,mlp,ig,295,0.9956147629770973,0.029773320544244752,1.0
bank_marketing,mlp,ig,296,0.6666905613478444,0.009190372888385645,0.78
bank_marketing,mlp,ig,297,0.5704661769273512,0.07269041734790405,0.7999999999999999
bank_marketing,mlp,ig,298,0.9908566573886792,0.06852565626693308,0.86
bank_marketing,mlp,ig,299,0.9801153781881915,0.07774859100550235,0.7199999999999999
bank_marketing,mlp,ig,300,0.9961143900477675,0.07777544689833316,0.86
bank_marketing,mlp,ig,301,0.9899870437816205,0.04025344564983602,0.86
bank_marketing,mlp,ig,302,0.967782273745956,0.2756842130197692,0.6399999999999999
bank_marketing,mlp,ig,303,0.6545035167452754,0.01829010253932195,0.82
bank_marketing,mlp,ig,304,0.5667632168923463,0.009420125410221969,0.7
bank_marketing,mlp,ig,305,0.99970409937475,0.018125674422735272,0.8399999999999999
bank_marketing,mlp,ig,306,0.5787683583083846,0.006547267470119578,0.86
bank_marketing,mlp,ig,307,0.9954825521813205,0.06223344279808385,0.86
bank_marketing,mlp,ig,308,0.9873865674925628,0.08783221720101575,0.76
bank_marketing,mlp,ig,309,0.955024052232603,0.07565334045571981,0.9199999999999999
bank_marketing,mlp,ig,310,0.9976187424967167,0.019531204060999285,0.74
bank_marketing,mlp,ig,311,0.9882201977426744,0.07918812289217192,0.86
bank_marketing,mlp,ig,312,0.8113621017232813,0.05713964818853834,0.82
bank_marketing,mlp,ig,313,0.644156895260649,0.027297408832671288,0.6199999999999999
bank_marketing,mlp,ig,314,0.9992171551260279,0.056472693001451524,0.7599999999999999
bank_marketing,mlp,ig,315,0.744928711054264,0.04060694816017296,0.78
bank_marketing,mlp,ig,316,0.5714158967483495,0.006933957431729754,0.72
bank_marketing,mlp,ig,317,0.9956100323656711,0.034249649156176565,0.9200000000000002
bank_marketing,mlp,ig,318,0.905374058291198,0.06438582280809624,0.8400000000000001
bank_marketing,mlp,ig,319,0.9559199804319489,0.07872350620976343,0.78
bank_marketing,mlp,ig,320,0.9992884468021146,0.03899098353316133,0.8400000000000001
bank_marketing,mlp,ig,321,0.9974639019403622,0.13179062517698337,0.6599999999999999
bank_marketing,mlp,ig,322,0.9976329267738573,0.03583188172993501,0.7999999999999999
bank_marketing,mlp,ig,323,0.565683092153751,0.014440435380712935,0.82
bank_marketing,mlp,ig,324,0.9696171583943147,0.03472781272479286,0.78
bank_marketing,mlp,ig,325,0.9948132849199538,0.0837789986332037,0.82
bank_marketing,mlp,ig,326,0.9884502091382789,0.056108918588347434,0.72
bank_marketing,mlp,ig,327,0.9998181942246657,0.027150847562867342,0.6799999999999999
bank_marketing,mlp,ig,328,0.6108535094078209,0.051196232630135396,0.8399999999999999
bank_marketing,mlp,ig,329,0.6555211100015604,0.018656596902726585,0.7999999999999999
bank_marketing,mlp,ig,330,0.566208512216401,0.012490500183076847,0.6599999999999999
bank_marketing,mlp,ig,331,0.9873275482574378,0.10145325157916507,0.6999999999999998
bank_marketing,mlp,ig,332,0.7092301916493723,0.03750676827818378,0.74
bank_marketing,mlp,ig,333,0.9999901445135929,0.02207410676439403,0.7199999999999999
bank_marketing,mlp,ig,334,0.9981838440212407,0.04681500314692644,0.7
bank_marketing,mlp,ig,335,0.9985744230179792,0.030777048892889902,0.76
bank_marketing,mlp,ig,336,0.8990564658364744,0.11657771699056796,0.74
bank_marketing,mlp,ig,337,0.9958254556619419,0.044346922852082526,0.7399999999999999
bank_marketing,mlp,ig,338,0.6583137122020108,0.2602879222083747,0.7
bank_marketing,mlp,ig,339,0.5593049458963205,0.007029022296940246,0.72
bank_marketing,mlp,ig,340,0.9974525235092268,0.08364713463731854,0.6399999999999999
bank_marketing,mlp,ig,341,0.9798387909889434,0.04222027651875204,1.0
bank_marketing,mlp,ig,342,0.9996069626917171,0.043753785909540044,0.9199999999999999
bank_marketing,mlp,ig,343,0.5954168789939237,0.0108270060166904,0.82
bank_marketing,mlp,ig,344,0.9998532581363347,0.030904667528755647,0.7799999999999999
bank_marketing,mlp,ig,345,0.9941770514054624,0.09179967384063326,0.5999999999999999
bank_marketing,mlp,ig,346,0.9985195791648783,0.03900779715276881,0.72
bank_marketing,mlp,ig,347,0.9943681907508404,0.02581197300058702,1.0
bank_marketing,mlp,ig,348,0.9839375961520833,0.06316804457391423,0.8400000000000001
bank_marketing,mlp,ig,349,0.9445511420463214,0.03953389232910953,0.7999999999999999
bank_marketing,mlp,ig,350,0.9840720112735781,0.1236412547664889,0.74
bank_marketing,mlp,ig,351,0.8230708221167109,0.02479314650444986,0.7799999999999999
bank_marketing,mlp,ig,352,0.6759476528224944,0.020912785571918446,0.76
bank_marketing,mlp,ig,353,0.9321819443279494,0.05231844146231546,0.7599999999999999
bank_marketing,mlp,ig,354,0.8026145924592605,0.08776645618754064,0.7599999999999999
bank_marketing,mlp,ig,355,0.9998493383879522,0.023834014551369798,0.78
bank_marketing,mlp,ig,356,0.9967791301279633,0.028291453344890582,1.0
bank_marketing,mlp,ig,357,0.9996698625688343,0.039315893819941605,0.86
bank_marketing,mlp,ig,358,0.9970818180853824,0.05864014849914523,0.86
bank_marketing,mlp,ig,359,0.9644318745268243,0.0688359428910923,0.86
bank_marketing,mlp,ig,360,0.9997202153080476,0.020887732992093233,0.7599999999999999
bank_marketing,mlp,ig,361,0.9970794339016361,0.02244648973478447,1.0
bank_marketing,mlp,ig,362,0.7626909166439472,0.02396470443394061,0.72
bank_marketing,mlp,ig,363,0.9892903179614743,0.07433358716042215,0.9199999999999999
bank_marketing,mlp,ig,364,0.9749336483385342,0.11463905898408766,0.7399999999999999
bank_marketing,mlp,ig,365,0.9974908757904666,0.1484137536038702,0.74
bank_marketing,mlp,ig,366,0.5303179743206152,0.009208388293194703,0.76
bank_marketing,mlp,ig,367,0.9996747726932957,0.04095327724164566,0.8400000000000001
bank_marketing,mlp,ig,368,0.9187384026948106,0.11281568012169907,0.7599999999999999
bank_marketing,mlp,ig,369,0.593758122276719,0.033080963854992596,0.8399999999999999
bank_marketing,mlp,ig,370,0.9956297454673203,0.0698929703116169,0.72
bank_marketing,mlp,ig,371,0.9989156337230197,0.05657809781161638,0.8399999999999999
bank_marketing,mlp,ig,372,0.9991879053421657,0.019668719523841416,0.8399999999999999
bank_marketing,mlp,ig,373,0.5377933725952296,0.03332361635778047,0.6199999999999999
bank_marketing,mlp,ig,374,0.9994763695276282,0.04447015943460442,0.7599999999999999
bank_marketing,mlp,ig,375,0.5631672981790735,0.01456434289477393,0.7999999999999999
bank_marketing,mlp,ig,376,0.9936491323552034,0.02472551488909569,0.76
bank_marketing,mlp,ig,377,0.9990612839058878,0.035655286921893015,0.7999999999999999
bank_marketing,mlp,ig,378,0.9978670776197773,0.061634290695306015,0.74
bank_marketing,mlp,ig,379,0.7440245511628701,0.04250928043648394,0.6599999999999999
bank_marketing,mlp,ig,380,0.9966762538402012,0.05553086092204862,0.9200000000000002
bank_marketing,mlp,ig,381,0.9983183564226517,0.028187700892913226,0.86
bank_marketing,mlp,ig,382,0.9965819950857411,0.029834933371765793,0.8800000000000001
bank_marketing,mlp,ig,383,0.9971498215500464,0.035808797226962064,0.7399999999999999
bank_marketing,mlp,ig,384,0.991509180248566,0.03471503410157517,0.7999999999999999
bank_marketing,mlp,ig,385,0.9759991040466943,0.04010164147780526,0.8800000000000001
bank_marketing,mlp,ig,386,0.9996553191183837,0.05445096688550177,0.8400000000000001
bank_marketing,mlp,ig,387,0.9971505519882236,0.029547289951554312,0.8799999999999999
bank_marketing,mlp,ig,388,0.9997201092780384,0.06460882697918069,0.82
bank_marketing,mlp,ig,389,0.9388352086175843,0.10788526895335004,0.76
bank_marketing,mlp,ig,390,0.9969136636986736,0.07246609058809972,0.7799999999999999
bank_marketing,mlp,ig,391,0.9946364762306116,0.04413158296932307,1.0
bank_marketing,mlp,ig,392,0.9996238727763525,0.03005041020978716,0.6599999999999999
bank_marketing,mlp,ig,393,0.5936892839870624,0.03224815730467889,0.78
bank_marketing,mlp,ig,394,0.5940542003702717,0.026288565028720234,0.74
bank_marketing,mlp,ig,395,0.7109148671450091,0.02165851978987199,0.86
bank_marketing,mlp,ig,396,0.9922082899994962,0.11049009141379817,0.6799999999999999
bank_marketing,mlp,ig,397,0.9937495819775354,0.04178231268270027,0.7999999999999999
bank_marketing,mlp,ig,398,0.9994155284737143,0.048880576786272334,0.7399999999999999
bank_marketing,mlp,ig,399,0.9974775785645184,0.022479581569509577,0.8
bank_marketing,mlp,ig,400,0.9969436370230491,0.04941179779122218,0.7599999999999999
bank_marketing,mlp,ig,401,0.9002283442167404,0.10329071392502986,0.76
bank_marketing,mlp,ig,402,0.8485911182767923,0.07208302621237084,1.0
bank_marketing,mlp,ig,403,0.9931435974839626,0.03803650361512256,0.9200000000000002
bank_marketing,mlp,ig,404,0.998851529381786,0.024569287938222883,0.9200000000000002
bank_marketing,mlp,ig,405,0.9331169748720326,0.1089506320960758,0.6
bank_marketing,mlp,ig,406,0.8968256817173514,0.014047137762259077,0.7399999999999999
bank_marketing,mlp,ig,407,0.9897242831465958,0.04121531618537788,0.9200000000000002
bank_marketing,mlp,ig,408,0.948635593486952,0.07679616855161231,0.86
bank_marketing,mlp,ig,409,0.9998562733177812,0.03259332930181158,0.76
bank_marketing,mlp,ig,410,0.9731370703500268,0.12212669519431196,0.6
bank_marketing,mlp,ig,411,0.5983113604782938,0.03764366836997479,0.82
bank_marketing,mlp,ig,412,0.9349558870734196,0.03209500781955388,0.8399999999999999
bank_marketing,mlp,ig,413,0.9946006510944724,0.19005297300610224,0.6599999999999999
bank_marketing,mlp,ig,414,0.7511998142313285,0.0172824796571438,0.82
bank_marketing,mlp,ig,415,0.9998030588434915,0.020218252104136525,0.86
bank_marketing,mlp,ig,416,0.9873233750432187,0.06331535456141402,0.8800000000000001
bank_marketing,mlp,ig,417,0.9992855900692614,0.030558769934726726,0.86
bank_marketing,mlp,ig,418,0.9924663084122045,0.02951895023397122,0.86
bank_marketing,mlp,ig,419,0.9331936509837077,0.09777058413258677,0.72
bank_marketing,mlp,ig,420,0.9774237128615673,0.10196111803152896,0.7599999999999999
bank_marketing,mlp,ig,421,0.9331628147699425,0.04678443233545371,0.8399999999999999
bank_marketing,mlp,ig,422,0.991602333674313,0.08755546464096253,0.7
bank_marketing,mlp,ig,423,0.9831856009817264,0.07649433152590479,0.72
bank_marketing,mlp,ig,424,0.9901501675446868,0.09769482992006162,0.74
bank_marketing,mlp,ig,425,0.9881685913650214,0.066121270602577,0.9199999999999999
bank_marketing,mlp,ig,426,0.9864529457659096,0.02146296032997519,1.0
bank_marketing,mlp,ig,427,0.9477862952604754,0.07698043555932776,0.8
bank_marketing,mlp,ig,428,0.9920853862049273,0.0994770726894817,0.6399999999999999
bank_marketing,mlp,ig,429,0.9989765857509318,0.06450838270548476,0.9200000000000002
bank_marketing,mlp,ig,430,0.9667815686260669,0.05708293038217249,0.82
bank_marketing,mlp,ig,431,0.6490194010927516,0.07909683747420504,0.6399999999999999
bank_marketing,mlp,ig,432,0.9915733498719131,0.046164781843439195,0.9199999999999999
bank_marketing,mlp,ig,433,0.9070199721986512,0.11363923550043142,0.86
bank_marketing,mlp,ig,434,0.9967488294649993,0.07293945044232097,0.86
bank_marketing,mlp,ig,435,0.7475187424913239,0.025514741614711567,0.78
bank_marketing,mlp,ig,436,0.9946886518545757,0.04209648777292185,0.86
bank_marketing,mlp,ig,437,0.994670390998366,0.05182265528152519,0.76
bank_marketing,mlp,ig,438,0.984616036809373,0.025233133379848227,0.82
bank_marketing,mlp,ig,439,0.9685305860217637,0.10927942549154201,0.76
bank_marketing,mlp,ig,440,0.944249811301171,0.09979660963954928,0.6199999999999999
bank_marketing,mlp,ig,441,0.9857178181298927,0.05640878231860036,0.78
bank_marketing,mlp,ig,442,0.9999197952264494,0.021570104914988897,0.72
bank_marketing,mlp,ig,443,0.9997639470551286,0.042498519828466086,0.7599999999999999
bank_marketing,mlp,ig,444,0.9954880538929963,0.050906612259686845,0.76
bank_marketing,mlp,ig,445,0.9869156215149012,0.077495640894365,0.8400000000000001
bank_marketing,mlp,ig,446,0.9938861258944212,0.06669775632976993,0.7999999999999999
bank_marketing,mlp,ig,447,0.9969152299986165,0.1030333935744856,0.86
bank_marketing,mlp,ig,448,0.9543004910564609,0.024326764596160566,0.86
bank_marketing,mlp,ig,449,0.9982667704711744,0.023528335644495302,0.8
bank_marketing,mlp,ig,450,0.9993683672277482,0.029801939780390918,0.86
bank_marketing,mlp,ig,451,0.996303670472742,0.036496976065651054,0.7999999999999999
bank_marketing,mlp,ig,452,0.9983084724926823,0.030870420328245607,0.9199999999999999
bank_marketing,mlp,ig,453,0.7279232757294165,0.015291464313084924,0.8399999999999999
bank_marketing,mlp,ig,454,0.9992578848117828,0.04660638525312577,0.6799999999999999
bank_marketing,mlp,ig,455,0.9755340784285558,0.01856402861447448,0.82
bank_marketing,mlp,ig,456,0.6019587508447481,0.0031616692038014538,0.8400000000000001
bank_marketing,mlp,ig,457,0.941864465203261,0.06565948515428288,0.7799999999999999
bank_marketing,mlp,ig,458,0.9837524200760639,0.15977361095346576,0.7
bank_marketing,mlp,ig,459,0.994197674155018,0.10179628191348544,0.6399999999999999
bank_marketing,mlp,ig,460,0.994864884233125,0.057344654211600066,0.7
bank_marketing,mlp,ig,461,0.9711737002837977,0.09528043112710782,0.9200000000000002
bank_marketing,mlp,ig,462,0.9947218350878723,0.020573350799076073,0.86
bank_marketing,mlp,ig,463,0.9934956791813029,0.051844875489915454,0.9199999999999999
bank_marketing,mlp,ig,464,0.5882259254976494,0.06398801391929365,0.8399999999999999
bank_marketing,mlp,ig,465,0.5794541434458382,0.032846524147321476,0.76
bank_marketing,mlp,ig,466,0.9982366087956713,0.196669418716926,0.6399999999999999
bank_marketing,mlp,ig,467,0.6813488558979983,0.007678121942306548,0.7999999999999999
bank_marketing,mlp,ig,468,0.560780652996197,0.03279130388102569,0.8399999999999999
bank_marketing,mlp,ig,469,0.9937271595368291,0.06158289404024142,0.8800000000000001
bank_marketing,mlp,ig,470,0.9969837584907596,0.012988399944819817,1.0
bank_marketing,mlp,ig,471,0.9971295639232984,0.04203864605564722,0.9199999999999999
bank_marketing,mlp,ig,472,0.9999442882690724,0.02286757861976485,0.8399999999999999
bank_marketing,mlp,ig,473,0.9806089424004588,0.035422141111959626,0.7999999999999999
bank_marketing,mlp,ig,474,0.9911552965845247,0.08586715615236484,0.6199999999999999
bank_marketing,mlp,ig,475,0.939234347120086,0.04129915917725824,0.6799999999999999
bank_marketing,mlp,ig,476,0.7100319690034872,0.028368756409478335,0.74
bank_marketing,mlp,ig,477,0.6953248368453548,0.024376159542231823,0.9199999999999999
bank_marketing,mlp,ig,478,0.569552945314239,0.011925418712306124,0.7999999999999999
bank_marketing,mlp,ig,479,0.9909304402749651,0.04840847740732246,0.9199999999999999
bank_marketing,mlp,ig,480,0.5534242716239837,0.013506104914899786,0.8400000000000001
bank_marketing,mlp,ig,481,0.9661941187840233,0.09141670206316621,0.6399999999999999
bank_marketing,mlp,ig,482,0.9999994092333108,0.03904009887820037,1.0
bank_marketing,mlp,ig,483,0.9952976312252038,0.035470365637582546,0.7999999999999999
bank_marketing,mlp,ig,484,0.8119211353115411,0.01650182049401594,0.8800000000000001
bank_marketing,mlp,ig,485,0.9989544842416374,0.03444649226123997,0.7599999999999999
bank_marketing,mlp,ig,486,0.9864324197120065,0.16882989119692016,0.58
bank_marketing,mlp,ig,487,0.998136245826152,0.05243089939912304,0.8400000000000001
bank_marketing,mlp,ig,488,0.968342954844801,0.036627264352662836,0.82
bank_marketing,mlp,ig,489,0.7661491228673232,0.12643429975663634,0.6599999999999999
bank_marketing,mlp,ig,490,0.9994563404218784,0.0453331369865666,0.76
bank_marketing,mlp,ig,491,0.5816540161883053,0.035278611599404264,0.72
bank_marketing,mlp,ig,492,0.9854206242026123,0.18590130056720944,0.7
bank_marketing,mlp,ig,493,0.9910701898320002,0.029267665782251706,0.86
bank_marketing,mlp,ig,494,0.9831942104333473,0.0812890556391801,0.74
bank_marketing,mlp,ig,495,0.5366932130945113,0.010418399071909668,0.74
bank_marketing,mlp,ig,496,0.999308036072246,0.028564189674485263,0.8399999999999999
bank_marketing,mlp,ig,497,0.5262747136620305,0.012379041692034631,0.7999999999999999
bank_marketing,mlp,ig,498,0.9729429465702077,0.03969680391475561,0.9200000000000002
bank_marketing,mlp,ig,499,0.996148406177854,0.06914500239506682,0.82
bank_marketing,mlp,lime,0,0.9948953699799542,0.17345199104326992,0.9199999999999999
bank_marketing,mlp,lime,1,0.9997124741158899,0.37586054811464453,0.72
bank_marketing,mlp,lime,2,0.9949382038777597,0.12788386966109544,0.7799999999999999
bank_marketing,mlp,lime,3,0.9928918051735346,0.3270758844552192,0.5999999999999999
bank_marketing,mlp,lime,4,0.9963175585614898,0.21801446304929895,0.82
bank_marketing,mlp,lime,5,0.9526178228546204,0.10042866626675673,0.8399999999999999
bank_marketing,mlp,lime,6,0.7101368526690229,0.09734960908423729,0.8399999999999999
bank_marketing,mlp,lime,7,0.9744004919372141,0.2920246644631783,0.76
bank_marketing,mlp,lime,8,0.9994117848091069,0.4037766799721372,0.6799999999999999
bank_marketing,mlp,lime,9,0.9668605981983307,0.47912476483726074,0.72
bank_marketing,mlp,lime,10,0.9980498473414497,0.22641464975062153,0.72
bank_marketing,mlp,lime,11,0.998435507912073,0.41368013889127353,0.8
bank_marketing,mlp,lime,12,0.9986068792505716,0.5878777260351044,0.7399999999999999
bank_marketing,mlp,lime,13,0.9996587564208201,0.3239615563025616,0.6399999999999999
bank_marketing,mlp,lime,14,0.9517575923923707,0.42900151258373886,0.6
bank_marketing,mlp,lime,15,0.9700050826807818,0.10263319571323459,0.7799999999999999
bank_marketing,mlp,lime,16,0.9991573425336053,0.2511055609724353,0.82
bank_marketing,mlp,lime,17,0.8873677489940626,0.0814256174919219,0.9199999999999999
bank_marketing,mlp,lime,18,0.935795718768324,0.049900207793779905,0.86
bank_marketing,mlp,lime,19,0.999044200979134,0.3786487004252501,0.78
bank_marketing,mlp,lime,20,0.6823619360709702,0.07869054385264962,0.8399999999999999
bank_marketing,mlp,lime,21,0.7462228100687728,0.5380785331882318,0.7
bank_marketing,mlp,lime,22,0.9952789329525829,0.6919174857539528,0.66
bank_marketing,mlp,lime,23,0.9996334294331168,0.29403069059217324,0.5800000000000001
bank_marketing,mlp,lime,24,0.698151144228544,0.06699714764793685,0.7399999999999999
bank_marketing,mlp,lime,25,0.9990164209272601,0.40558119753959454,0.6799999999999999
bank_marketing,mlp,lime,26,0.9871972390819208,0.2697666320778501,0.7399999999999999
bank_marketing,mlp,lime,27,0.8781573188715311,0.09224604264469893,0.86
bank_marketing,mlp,lime,28,0.9980053943624512,0.20602159513874452,0.7799999999999999
bank_marketing,mlp,lime,29,0.9089434548596694,0.4390819499365427,0.6799999999999999
bank_marketing,mlp,lime,30,0.9793494246274699,0.19406860283662708,0.7999999999999999
bank_marketing,mlp,lime,31,0.8403356784941403,0.6070415080449375,0.7
bank_marketing,mlp,lime,32,0.9974590460081005,0.42320817801946453,0.7
bank_marketing,mlp,lime,33,0.9997807699221006,0.21334995500180287,0.8399999999999999
bank_marketing,mlp,lime,34,0.9990386464956481,0.21151789209184635,0.7799999999999999
bank_marketing,mlp,lime,35,0.9922362108243995,0.4749776714715017,0.6399999999999999
bank_marketing,mlp,lime,36,0.9987261366840643,0.3605184175077907,0.66
bank_marketing,mlp,lime,37,0.9798753912348308,0.35093910113421434,0.72
bank_marketing,mlp,lime,38,0.9994853973522421,0.23371222377988277,0.7599999999999999
bank_marketing,mlp,lime,39,0.8226937209519619,0.17173330772810635,0.7599999999999999
bank_marketing,mlp,lime,40,0.9878639869402857,0.2820850167799722,0.7
bank_marketing,mlp,lime,41,0.9801868868464412,0.09478037798488437,0.86
bank_marketing,mlp,lime,42,0.9993876886409803,0.379950838904729,0.7
bank_marketing,mlp,lime,43,0.7824864743088107,0.07551258932005456,0.82
bank_marketing,mlp,lime,44,0.8408597374899027,0.09933827242846982,0.86
bank_marketing,mlp,lime,45,0.9993581888653813,0.338259812381119,0.6799999999999999
bank_marketing,mlp,lime,46,0.9947656328692194,0.17710380257632274,0.72
bank_marketing,mlp,lime,47,0.9932688112735788,0.1987158110886107,0.6799999999999999
bank_marketing,mlp,lime,48,0.9938308981504766,0.32591962817322795,0.64
bank_marketing,mlp,lime,49,0.9995313591725254,0.3697804423357913,0.7199999999999999
bank_marketing,mlp,lime,50,0.9968799294436954,0.24639061312096344,0.8399999999999999
bank_marketing,mlp,lime,51,0.9864959509913869,0.12797982552313614,0.7599999999999999
bank_marketing,mlp,lime,52,0.6133736678562766,0.12739982409864314,0.9199999999999999
bank_marketing,mlp,lime,53,0.9993373217030761,0.3255391959970064,0.58
bank_marketing,mlp,lime,54,0.5631793239575416,0.3988888605778995,0.5999999999999999
bank_marketing,mlp,lime,55,0.9968892188709996,0.4910358928085947,0.78
bank_marketing,mlp,lime,56,0.996243959111933,0.23262529615182348,0.8400000000000001
bank_marketing,mlp,lime,57,0.9996922514479845,0.26302266395396434,0.7
bank_marketing,mlp,lime,58,0.9986219071409416,0.235960500780097,0.9199999999999999
bank_marketing,mlp,lime,59,0.9975526498453628,0.2780478908914049,0.82
bank_marketing,mlp,lime,60,0.976037214011833,0.08028025018988671,0.9199999999999999
bank_marketing,mlp,lime,61,0.9859581582697787,0.4210082037110573,0.6799999999999999
bank_marketing,mlp,lime,62,0.9384701934250559,0.6435431686793006,0.6599999999999999
bank_marketing,mlp,lime,63,0.9441794615439267,0.07748116085667844,0.7799999999999999
bank_marketing,mlp,lime,64,0.9990454614518212,0.29298056660206073,0.7799999999999999
bank_marketing,mlp,lime,65,0.988671717538333,0.3495192547505568,0.74
bank_marketing,mlp,lime,66,0.8811645692362526,0.24874803298332548,0.82
bank_marketing,mlp,lime,67,0.9837990564900048,0.24902851290897454,0.72
bank_marketing,mlp,lime,68,0.9938216616353095,0.36373195684777193,0.6799999999999999
bank_marketing,mlp,lime,69,0.9549761410806388,0.17832704624285278,0.8400000000000001
bank_marketing,mlp,lime,70,0.6249261888919113,0.10020790847378191,0.9199999999999999
bank_marketing,mlp,lime,71,0.9924071294171988,0.39592730689049804,0.8399999999999999
bank_marketing,mlp,lime,72,0.9314231131131641,0.7331433625696558,0.54
bank_marketing,mlp,lime,73,0.7770055710142598,0.04788218332789784,0.86
bank_marketing,mlp,lime,74,0.9994162691895528,0.2255534155187996,0.7999999999999999
bank_marketing,mlp,lime,75,0.9781845317593436,0.49382299489821724,0.6399999999999999
bank_marketing,mlp,lime,76,0.83571286752363,0.3140018501463404,0.6
bank_marketing,mlp,lime,77,0.7806137592727213,0.11388186360191388,0.8400000000000001
bank_marketing,mlp,lime,78,0.9966608145107537,0.2765039979379458,0.72
bank_marketing,mlp,lime,79,0.8942926158637852,0.47188659938057176,0.6399999999999999
bank_marketing,mlp,lime,80,0.595313068676836,0.15448678128317062,0.7799999999999999
bank_marketing,mlp,lime,81,0.9822151848461373,0.4734876761761406,0.6799999999999999
bank_marketing,mlp,lime,82,0.9865790495168631,0.3469977392189014,0.7799999999999999
bank_marketing,mlp,lime,83,0.9995629907191669,0.378176003127878,0.6199999999999999
bank_marketing,mlp,lime,84,0.9288762879477321,0.2724770906560754,0.7799999999999999
bank_marketing,mlp,lime,85,0.9999596092799976,0.3342511990871182,0.66
bank_marketing,mlp,lime,86,0.9988787025358616,0.2037697057831085,0.7799999999999999
bank_marketing,mlp,lime,87,0.9997850227103008,0.243019676780994,0.72
bank_marketing,mlp,lime,88,0.7848698070379232,0.24463586939278592,0.7599999999999999
bank_marketing,mlp,lime,89,0.9301998566143602,0.13038695523610178,0.78
bank_marketing,mlp,lime,90,0.9582351780078973,0.17978857378968072,0.7599999999999999
bank_marketing,mlp,lime,91,0.7202429231801665,0.10535373050871366,0.86
bank_marketing,mlp,lime,92,0.997481623658893,0.6586840343084703,0.6999999999999998
bank_marketing,mlp,lime,93,0.9995778183046916,0.27184295100208733,0.6599999999999999
bank_marketing,mlp,lime,94,0.8937986309346877,0.19157871284231265,0.7799999999999999
bank_marketing,mlp,lime,95,0.6695263256601746,0.5513451194564969,0.72
bank_marketing,mlp,lime,96,0.5554122430312131,0.09579801863729465,0.7999999999999999
bank_marketing,mlp,lime,97,0.8949641366957435,0.19916107366374158,0.72
bank_marketing,mlp,lime,98,0.9978705665425922,0.3863044842860275,0.7
bank_marketing,mlp,lime,99,0.997517228817341,0.35673884944671264,0.76
bank_marketing,mlp,kshap,0,0.9948953699799542,0.07690958390997604,0.74
bank_marketing,mlp,kshap,1,0.9997124741158899,0.01782637198875925,0.8400000000000001
bank_marketing,mlp,kshap,2,0.9949382038777597,0.02593553659781145,1.0
bank_marketing,mlp,kshap,3,0.9928918051735346,0.05486724269401988,0.9199999999999999
bank_marketing,mlp,kshap,4,0.9963175585614898,0.08187979076427143,0.86
bank_marketing,mlp,kshap,5,0.9526178228546204,0.08952349899785494,0.7999999999999999
bank_marketing,mlp,kshap,6,0.7101368526690229,0.012617010095512526,0.8400000000000001
bank_marketing,mlp,kshap,7,0.9744004919372141,0.06594547899913028,0.6599999999999999
bank_marketing,mlp,kshap,8,0.9994117848091069,0.04751863882116836,0.82
bank_marketing,mlp,kshap,9,0.9668605981983307,0.07508490242749044,0.6799999999999999
bank_marketing,mlp,kshap,10,0.9980498473414497,0.01709217097726401,0.8799999999999999
bank_marketing,mlp,kshap,11,0.998435507912073,0.009116388913981366,0.86
bank_marketing,mlp,kshap,12,0.9986068792505716,0.05423871577804462,0.7999999999999999
bank_marketing,mlp,kshap,13,0.9996587564208201,0.05765956659646143,0.7
bank_marketing,mlp,kshap,14,0.9517575923923707,0.11783652032581671,0.5799999999999998
bank_marketing,mlp,kshap,15,0.9700050826807818,0.058630982553942834,1.0
bank_marketing,mlp,kshap,16,0.9991573425336053,0.027552023108022183,1.0
bank_marketing,mlp,kshap,17,0.8873677489940626,0.03409983772555525,0.6599999999999999
bank_marketing,mlp,kshap,18,0.935795718768324,0.016078901610995566,0.8399999999999999
bank_marketing,mlp,kshap,19,0.999044200979134,0.021972273575978307,0.6999999999999998
bank_marketing,mlp,kshap,20,0.6823619360709702,0.017518140748330246,0.82
bank_marketing,mlp,kshap,21,0.7462228100687728,0.2948360532254587,0.6999999999999998
bank_marketing,mlp,kshap,22,0.9952789329525829,0.03447661516625811,0.9199999999999999
bank_marketing,mlp,kshap,23,0.9996334294331168,0.030792416981996973,1.0
bank_marketing,mlp,kshap,24,0.698151144228544,0.0280659622296886,0.7799999999999999
bank_marketing,mlp,kshap,25,0.9990164209272601,0.030072424266781916,0.7999999999999999
bank_marketing,mlp,kshap,26,0.9871972390819208,0.02724121410156699,1.0
bank_marketing,mlp,kshap,27,0.8781573188715311,0.03346462356339097,0.8400000000000001
bank_marketing,mlp,kshap,28,0.9980053943624512,0.035293400212658255,0.76
bank_marketing,mlp,kshap,29,0.9089434548596694,0.10348561740724238,0.76
bank_marketing,mlp,kshap,30,0.9793494246274699,0.03783709855878925,0.7999999999999999
bank_marketing,mlp,kshap,31,0.8403356784941403,0.058325959194464594,0.72
bank_marketing,mlp,kshap,32,0.9974590460081005,0.039872266215363106,0.7999999999999999
bank_marketing,mlp,kshap,33,0.9997807699221006,0.026926127823158952,0.7999999999999999
bank_marketing,mlp,kshap,34,0.9990386464956481,0.07449360482099066,0.7
bank_marketing,mlp,kshap,35,0.9922362108243995,0.26847899226447924,0.76
bank_marketing,mlp,kshap,36,0.9987261366840643,0.04142385554622208,0.8399999999999999
bank_marketing,mlp,kshap,37,0.9798753912348308,0.01425073530594223,0.76
bank_marketing,mlp,kshap,38,0.9994853973522421,0.12588104131718603,0.7199999999999999
bank_marketing,mlp,kshap,39,0.8226937209519619,0.03464656667688415,0.74
bank_marketing,mlp,kshap,40,0.9878639869402857,0.07775054739505016,0.7
bank_marketing,mlp,kshap,41,0.9801868868464412,0.013697220256615239,0.82
bank_marketing,mlp,kshap,42,0.9993876886409803,0.01678411934446833,0.9199999999999999
bank_marketing,mlp,kshap,43,0.7824864743088107,0.1869818678364199,0.6199999999999999
bank_marketing,mlp,kshap,44,0.8408597374899027,0.02342646811034399,0.86
bank_marketing,mlp,kshap,45,0.9993581888653813,0.018929292685397114,0.86
bank_marketing,mlp,kshap,46,0.9947656328692194,0.03933084689414845,0.78
bank_marketing,mlp,kshap,47,0.9932688112735788,0.0593293331948157,0.7399999999999999
bank_marketing,mlp,kshap,48,0.9938308981504766,0.08209705539277279,0.82
bank_marketing,mlp,kshap,49,0.9995313591725254,0.014482943207791754,0.9199999999999999
bank_marketing,mlp,kshap,50,0.9968799294436954,0.07745212184808992,0.76
bank_marketing,mlp,kshap,51,0.9864959509913869,0.02623707875735215,1.0
bank_marketing,mlp,kshap,52,0.6133736678562766,0.014554283054967976,1.0
bank_marketing,mlp,kshap,53,0.9993373217030761,0.036234577976644866,0.9199999999999999
bank_marketing,mlp,kshap,54,0.5631793239575416,0.06627774616926929,0.6999999999999998
bank_marketing,mlp,kshap,55,0.9968892188709996,0.033642339811613686,0.9199999999999999
bank_marketing,mlp,kshap,56,0.996243959111933,0.02151547091090511,0.7999999999999999
bank_marketing,mlp,kshap,57,0.9996922514479845,0.019150998403847153,0.74
bank_marketing,mlp,kshap,58,0.9986219071409416,0.0507797974998383,0.86
bank_marketing,mlp,kshap,59,0.9975526498453628,0.09569803473505512,0.7799999999999999
bank_marketing,mlp,kshap,60,0.976037214011833,0.0688443049347226,0.8400000000000001
bank_marketing,mlp,kshap,61,0.9859581582697787,0.13341605404250545,0.7399999999999999
bank_marketing,mlp,kshap,62,0.9384701934250559,0.1387930500661554,0.74
bank_marketing,mlp,kshap,63,0.9441794615439267,0.014508646711840156,0.9199999999999999
bank_marketing,mlp,kshap,64,0.9990454614518212,0.07062850959938893,0.82
bank_marketing,mlp,kshap,65,0.988671717538333,0.03139851229041368,0.7399999999999999
bank_marketing,mlp,kshap,66,0.8811645692362526,0.07673496638889821,0.7799999999999999
bank_marketing,mlp,kshap,67,0.9837990564900048,0.055297588884578586,0.86
bank_marketing,mlp,kshap,68,0.9938216616353095,0.014868663601897203,0.8800000000000001
bank_marketing,mlp,kshap,69,0.9549761410806388,0.02321031244061389,0.7
bank_marketing,mlp,kshap,70,0.6249261888919113,0.01507861141870026,0.7599999999999999
bank_marketing,mlp,kshap,71,0.9924071294171988,0.040881608974304706,0.7
bank_marketing,mlp,kshap,72,0.9314231131131641,0.0638277235234298,0.7599999999999999
bank_marketing,mlp,kshap,73,0.7770055710142598,0.014333643444465749,0.7
bank_marketing,mlp,kshap,74,0.9994162691895528,0.02389265774272986,0.8799999999999999
bank_marketing,mlp,kshap,75,0.9781845317593436,0.031599712915965306,0.7799999999999999
bank_marketing,mlp,kshap,76,0.83571286752363,0.2542226836273366,0.7
bank_marketing,mlp,kshap,77,0.7806137592727213,0.07008014643670357,0.8399999999999999
bank_marketing,mlp,kshap,78,0.9966608145107537,0.047073263460431725,0.7999999999999999
bank_marketing,mlp,kshap,79,0.8942926158637852,0.054008153077466425,0.86
bank_marketing,mlp,kshap,80,0.595313068676836,0.37080862846539087,0.6399999999999999
bank_marketing,mlp,kshap,81,0.9822151848461373,0.07101892596030024,0.7399999999999999
bank_marketing,mlp,kshap,82,0.9865790495168631,0.060573664022348206,0.8400000000000001
bank_marketing,mlp,kshap,83,0.9995629907191669,0.02986895912234533,0.86
bank_marketing,mlp,kshap,84,0.9288762879477321,0.14297460475572377,0.68
bank_marketing,mlp,kshap,85,0.9999596092799976,0.028502463110097076,0.86
bank_marketing,mlp,kshap,86,0.9988787025358616,0.05024682401997116,0.7799999999999999
bank_marketing,mlp,kshap,87,0.9997850227103008,0.028357221238192176,0.9199999999999999
bank_marketing,mlp,kshap,88,0.7848698070379232,0.11539986618941422,0.7399999999999999
bank_marketing,mlp,kshap,89,0.9301998566143602,0.06703158833084755,0.7999999999999999
bank_marketing,mlp,kshap,90,0.9582351780078973,0.11322856680352955,0.7999999999999999
bank_marketing,mlp,kshap,91,0.7202429231801665,0.0433940968251999,0.8799999999999999
bank_marketing,mlp,kshap,92,0.997481623658893,0.03899639585383918,0.7599999999999999
bank_marketing,mlp,kshap,93,0.9995778183046916,0.030723282585575218,0.82
bank_marketing,mlp,kshap,94,0.8937986309346877,0.08646969772754576,0.7999999999999999
bank_marketing,mlp,kshap,95,0.6695263256601746,0.2803899197960116,0.5799999999999998
bank_marketing,mlp,kshap,96,0.5554122430312131,0.009464136452412397,0.7199999999999999
bank_marketing,mlp,kshap,97,0.8949641366957435,0.07317752087815599,0.74
bank_marketing,mlp,kshap,98,0.9978705665425922,0.03389590002295484,0.8399999999999999
bank_marketing,mlp,kshap,99,0.997517228817341,0.17514924153967737,0.76
ccdefault,logreg,linshap,0,0.5236613353282328,0.0,1.0
ccdefault,logreg,linshap,1,0.6678971178066138,0.0,1.0
ccdefault,logreg,linshap,2,0.5105324861086569,0.0,1.0
ccdefault,logreg,linshap,3,0.9327391365751561,0.0,1.0
ccdefault,logreg,linshap,4,0.7793647410941218,0.0,1.0
ccdefault,logreg,linshap,5,0.8811286616790566,0.0,1.0
ccdefault,logreg,linshap,6,0.8621149920364637,0.0,1.0
ccdefault,logreg,linshap,7,0.5825029343834944,0.0,1.0
ccdefault,logreg,linshap,8,0.8344904882434229,0.0,1.0
ccdefault,logreg,linshap,9,0.6422080710974851,0.0,1.0
ccdefault,logreg,linshap,10,0.9485207799088528,0.0,1.0
ccdefault,logreg,linshap,11,0.8652408271098017,0.0,1.0
ccdefault,logreg,linshap,12,0.5169558504771559,0.0,1.0
ccdefault,logreg,linshap,13,0.7678136766060554,0.0,1.0
ccdefault,logreg,linshap,14,0.952877329666751,2.220446049250313e-16,1.0
ccdefault,logreg,linshap,15,0.8259525688748258,-2.220446049250313e-16,1.0
ccdefault,logreg,linshap,16,0.8865476413954209,2.220446049250313e-16,1.0
ccdefault,logreg,linshap,17,0.7912889901265421,0.0,1.0
ccdefault,logreg,linshap,18,0.8437840275942208,0.0,1.0
ccdefault,logreg,linshap,19,0.8864615456191178,0.0,1.0
ccdefault,logreg,linshap,20,0.7081150043288427,0.0,1.0
ccdefault,logreg,linshap,21,0.7393399017851683,0.0,1.0
ccdefault,logreg,linshap,22,0.8301277286195138,2.220446049250313e-16,1.0
ccdefault,logreg,linshap,23,0.7321975660394437,-2.220446049250313e-16,1.0
ccdefault,logreg,linshap,24,0.8033483078496015,0.0,1.0
ccdefault,logreg,linshap,25,0.7892622056170416,0.0,1.0
ccdefault,logreg,linshap,26,0.5610902965406157,-2.220446049250313e-16,1.0
ccdefault,logreg,linshap,27,0.8776583269091043,0.0,1.0
ccdefault,logreg,linshap,28,0.5654452130609884,2.220446049250313e-16,1.0
ccdefault,logreg,linshap,29,0.8057715755182284,0.0,1.0
ccdefault,logreg,linshap,30,0.8384985052033471,0.0,1.0
ccdefault,logreg,linshap,31,0.828197871076678,-2.220446049250313e-16,1.0
ccdefault,logreg,linshap,32,0.8892903048773011,2.220446049250313e-16,1.0
ccdefault,logreg,linshap,33,0.6429799920810397,0.0,1.0
ccdefault,logreg,linshap,34,0.9369960620940067,0.0,1.0
ccdefault,logreg,linshap,35,0.8107769917075827,-2.220446049250313e-16,1.0
ccdefault,logreg,linshap,36,0.6265605250036919,0.0,1.0
ccdefault,logreg,linshap,37,0.8158145836468286,0.0,1.0
ccdefault,logreg,linshap,38,0.8890848871830095,-2.220446049250313e-16,1.0
ccdefault,logreg,linshap,39,0.7990718175177489,0.0,1.0
ccdefault,logreg,linshap,40,0.9596975990925248,2.220446049250313e-16,1.0
ccdefault,logreg,linshap,41,0.7326198830800359,-2.220446049250313e-16,1.0
ccdefault,logreg,linshap,42,0.7359005480568626,0.0,1.0
ccdefault,logreg,linshap,43,0.8180707462139128,0.0,1.0
ccdefault,logreg,linshap,44,0.8640060580047851,-2.220446049250313e-16,1.0
ccdefault,logreg,linshap,45,0.8009106042646306,0.0,1.0
ccdefault,logreg,linshap,46,0.8223667874466865,0.0,1.0
ccdefault,logreg,linshap,47,0.9423832785042097,0.0,1.0
ccdefault,logreg,linshap,48,0.9368445897606333,-2.220446049250313e-16,1.0
ccdefault,logreg,linshap,49,0.720310646934168,-2.220446049250313e-16,1.0
ccdefault,logreg,linshap,50,0.8901794079957988,0.0,1.0
ccdefault,logreg,linshap,51,0.5552726778968704,0.0,1.0
ccdefault,logreg,linshap,52,0.5896654695588832,0.0,1.0
ccdefault,logreg,linshap,53,0.7991011193364117,0.0,1.0
ccdefault,logreg,linshap,54,0.9496549792293718,0.0,1.0
ccdefault,logreg,linshap,55,0.745214345081074,-2.220446049250313e-16,1.0
ccdefault,logreg,linshap,56,0.8368390321818386,0.0,1.0
ccdefault,logreg,linshap,57,0.9473266071448301,0.0,1.0
ccdefault,logreg,linshap,58,0.7906757133186505,2.220446049250313e-16,1.0
ccdefault,logreg,linshap,59,0.8214206791007579,0.0,1.0
ccdefault,logreg,linshap,60,0.7806702950152655,0.0,1.0
ccdefault,logreg,linshap,61,0.6870241937230127,-2.220446049250313e-16,1.0
ccdefault,logreg,linshap,62,0.7799576571576072,-2.220446049250313e-16,1.0
ccdefault,logreg,linshap,63,0.905713867667143,0.0,1.0
ccdefault,logreg,linshap,64,0.9540863772914827,-2.220446049250313e-16,1.0
ccdefault,logreg,linshap,65,0.8204507660762271,0.0,1.0
ccdefault,logreg,linshap,66,0.7936679113408639,0.0,1.0
ccdefault,logreg,linshap,67,0.938433763968726,-2.220446049250313e-16,1.0
ccdefault,logreg,linshap,68,0.7361772861473189,-2.220446049250313e-16,1.0
ccdefault,logreg,linshap,69,0.7891292187129789,0.0,1.0
ccdefault,logreg,linshap,70,0.9010082756678301,0.0,1.0
ccdefault,logreg,linshap,71,0.9596596510579583,0.0,1.0
ccdefault,logreg,linshap,72,0.7346796018641892,2.220446049250313e-16,1.0
ccdefault,logreg,linshap,73,0.7669526291077188,-2.220446049250313e-16,1.0
ccdefault,logreg,linshap,74,0.7636378886901386,-2.220446049250313e-16,1.0
ccdefault,logreg,linshap,75,0.8036628990003732,0.0,1.0
ccdefault,logreg,linshap,76,0.8210245955011481,0.0,1.0
ccdefault,logreg,linshap,77,0.7953183078575257,0.0,1.0
ccdefault,logreg,linshap,78,0.8480233475095262,0.0,1.0
ccdefault,logreg,linshap,79,0.8339899653417229,0.0,1.0
ccdefault,logreg,linshap,80,0.5230967307691883,0.0,1.0
ccdefault,logreg,linshap,81,0.5564567581762414,-2.220446049250313e-16,1.0
ccdefault,logreg,linshap,82,0.596816799796175,0.0,1.0
ccdefault,logreg,linshap,83,0.8093774007718773,0.0,1.0
ccdefault,logreg,linshap,84,0.5212996495793842,0.0,1.0
ccdefault,logreg,linshap,85,0.625723698742036,0.0,1.0
ccdefault,logreg,linshap,86,0.7512585519566322,2.220446049250313e-16,1.0
ccdefault,logreg,linshap,87,0.5478726279706501,0.0,1.0
ccdefault,logreg,linshap,88,0.7784888768806786,0.0,1.0
ccdefault,logreg,linshap,89,0.9420941181848368,0.0,1.0
ccdefault,logreg,linshap,90,0.7471291820718332,-2.220446049250313e-16,1.0
ccdefault,logreg,linshap,91,0.5266483533322359,0.0,1.0
ccdefault,logreg,linshap,92,0.9171708139299828,-2.220446049250313e-16,1.0
ccdefault,logreg,linshap,93,0.5454254826524407,0.0,1.0
ccdefault,logreg,linshap,94,0.7516870188177509,2.220446049250313e-16,1.0
ccdefault,logreg,linshap,95,0.769957969873636,0.0,1.0
ccdefault,logreg,linshap,96,0.7508600704134929,0.0,1.0
ccdefault,logreg,linshap,97,0.881015771254811,0.0,1.0
ccdefault,logreg,linshap,98,0.8994860617850172,0.0,1.0
ccdefault,logreg,linshap,99,0.7878581706856296,2.220446049250313e-16,1.0
ccdefault,logreg,linshap,100,0.8098362790207452,-2.220446049250313e-16,1.0
ccdefault,logreg,linshap,101,0.5607376420268663,0.0,1.0
ccdefault,logreg,linshap,102,0.9433079549443896,-2.220446049250313e-16,1.0
ccdefault,logreg,linshap,103,0.6077762170634495,2.220446049250313e-16,1.0
ccdefault,logreg,linshap,104,0.5528075571435009,2.220446049250313e-16,1.0
ccdefault,logreg,linshap,105,0.7902683406608353,2.220446049250313e-16,1.0
ccdefault,logreg,linshap,106,0.8369286493438862,0.0,1.0
ccdefault,logreg,linshap,107,0.9682524165734605,0.0,1.0
ccdefault,logreg,linshap,108,0.8470360438440914,2.220446049250313e-16,1.0
ccdefault,logreg,linshap,109,0.747411757515704,0.0,1.0
ccdefault,logreg,linshap,110,0.8166695697344444,0.0,1.0
ccdefault,logreg,linshap,111,0.9212381840826108,0.0,1.0
ccdefault,logreg,linshap,112,0.7035915393059098,0.0,1.0
ccdefault,logreg,linshap,113,0.9741261931545411,2.220446049250313e-16,1.0
ccdefault,logreg,linshap,114,0.9067914406161457,0.0,1.0
ccdefault,logreg,linshap,115,0.7682850016200783,2.220446049250313e-16,1.0
ccdefault,logreg,linshap,116,0.8245771008791637,0.0,1.0
ccdefault,logreg,linshap,117,0.8348318810589752,-2.220446049250313e-16,1.0
ccdefault,logreg,linshap,118,0.925081215605223,-2.220446049250313e-16,1.0
ccdefault,logreg,linshap,119,0.833708556953947,0.0,1.0
ccdefault,logreg,linshap,120,0.8281097289393904,-2.220446049250313e-16,1.0
ccdefault,logreg,linshap,121,0.9500362388565957,2.220446049250313e-16,1.0
ccdefault,logreg,linshap,122,0.9182305933791713,0.0,1.0
ccdefault,logreg,linshap,123,0.7796065665386318,0.0,1.0
ccdefault,logreg,linshap,124,0.5557625265514575,2.220446049250313e-16,1.0
ccdefault,logreg,linshap,125,0.6908591102741365,0.0,1.0
ccdefault,logreg,linshap,126,0.7028679262760863,0.0,1.0
ccdefault,logreg,linshap,127,0.7658134215802062,0.0,1.0
ccdefault,logreg,linshap,128,0.9461622122692945,2.220446049250313e-16,1.0
ccdefault,logreg,linshap,129,0.9498644880390013,2.220446049250313e-16,1.0
ccdefault,logreg,linshap,130,0.7361415991187826,2.220446049250313e-16,1.0
ccdefault,logreg,linshap,131,0.7997015570395052,0.0,1.0
ccdefault,logreg,linshap,132,0.8233070827882711,0.0,1.0
ccdefault,logreg,linshap,133,0.7622706173244075,-2.220446049250313e-16,1.0
ccdefault,logreg,linshap,134,0.585317612432438,2.220446049250313e-16,1.0
ccdefault,logreg,linshap,135,0.7364186190775839,-2.220446049250313e-16,1.0
ccdefault,logreg,linshap,136,0.7647461186061344,-2.220446049250313e-16,1.0
ccdefault,logreg,linshap,137,0.5049284257281287,0.0,1.0
ccdefault,logreg,linshap,138,0.7982418864582542,0.0,1.0
ccdefault,logreg,linshap,139,0.5268816780134213,-2.220446049250313e-16,1.0
ccdefault,logreg,linshap,140,0.5297859242592732,-2.220446049250313e-16,1.0
ccdefault,logreg,linshap,141,0.7886195112758343,0.0,1.0
ccdefault,logreg,linshap,142,0.9530051256823284,0.0,1.0
ccdefault,logreg,linshap,143,0.9014883510656835,0.0,1.0
ccdefault,logreg,linshap,144,0.7732116507777528,0.0,1.0
ccdefault,logreg,linshap,145,0.8803704653467472,0.0,1.0
ccdefault,logreg,linshap,146,0.5992129433473827,2.220446049250313e-16,1.0
ccdefault,logreg,linshap,147,0.7953402412628967,0.0,1.0
ccdefault,logreg,linshap,148,0.9804272459209649,0.0,1.0
ccdefault,logreg,linshap,149,0.8257743493753044,0.0,1.0
ccdefault,logreg,linshap,150,0.8980899885357138,2.220446049250313e-16,1.0
ccdefault,logreg,linshap,151,0.5893719245332285,-2.220446049250313e-16,1.0
ccdefault,logreg,linshap,152,0.8080156688617895,0.0,1.0
ccdefault,logreg,linshap,153,0.8536266336917485,0.0,1.0
ccdefault,logreg,linshap,154,0.8933950714923968,2.220446049250313e-16,1.0
ccdefault,logreg,linshap,155,0.7925776831779537,2.220446049250313e-16,1.0
ccdefault,logreg,linshap,156,0.9130298800714511,0.0,1.0
ccdefault,logreg,linshap,157,0.823576022363931,-2.220446049250313e-16,1.0
ccdefault,logreg,linshap,158,0.9437957941820339,0.0,1.0
ccdefault,logreg,linshap,159,0.889688987646734,-2.220446049250313e-16,1.0
ccdefault,logreg,linshap,160,0.9438421502171588,-2.220446049250313e-16,1.0
ccdefault,logreg,linshap,161,0.5466216980163976,0.0,1.0
ccdefault,logreg,linshap,162,0.9669848616505959,0.0,1.0
ccdefault,logreg,linshap,163,0.8143243357298544,2.220446049250313e-16,1.0
ccdefault,logreg,linshap,164,0.5302020864098629,0.0,1.0
ccdefault,logreg,linshap,165,0.7682425972155191,-2.220446049250313e-16,1.0
ccdefault,logreg,linshap,166,0.8430301131805946,0.0,1.0
ccdefault,logreg,linshap,167,0.8808599279504549,0.0,1.0
ccdefault,logreg,linshap,168,0.7356680625642056,2.220446049250313e-16,1.0
ccdefault,logreg,linshap,169,0.6420417819589466,0.0,1.0
ccdefault,logreg,linshap,170,0.9344770574120215,0.0,1.0
ccdefault,logreg,linshap,171,0.9043234118273983,0.0,1.0
ccdefault,logreg,linshap,172,0.8030868654956194,0.0,1.0
ccdefault,logreg,linshap,173,0.8258076517604118,0.0,1.0
ccdefault,logreg,linshap,174,0.830455063312703,0.0,1.0
ccdefault,logreg,linshap,175,0.7189935963822109,0.0,1.0
ccdefault,logreg,linshap,176,0.803247047684113,2.220446049250313e-16,1.0
ccdefault,logreg,linshap,177,0.8685975211387795,0.0,1.0
ccdefault,logreg,linshap,178,0.7226036237011291,0.0,1.0
ccdefault,logreg,linshap,179,0.8443389489500019,0.0,1.0
ccdefault,logreg,linshap,180,0.9155074045212119,2.220446049250313e-16,1.0
ccdefault,logreg,linshap,181,0.7021814967495301,0.0,1.0
ccdefault,logreg,linshap,182,0.7252477139210821,0.0,1.0
ccdefault,logreg,linshap,183,0.8283809243505031,-2.220446049250313e-16,1.0
ccdefault,logreg,linshap,184,0.7117370189543191,0.0,1.0
ccdefault,logreg,linshap,185,0.9307687047794687,-2.220446049250313e-16,1.0
ccdefault,logreg,linshap,186,0.813328512275724,0.0,1.0
ccdefault,logreg,linshap,187,0.8184779316640322,0.0,1.0
ccdefault,logreg,linshap,188,0.9119434204257887,0.0,1.0
ccdefault,logreg,linshap,189,0.8371078638414128,0.0,1.0
ccdefault,logreg,linshap,190,0.942140972912432,0.0,1.0
ccdefault,logreg,linshap,191,0.557444969870171,0.0,1.0
ccdefault,logreg,linshap,192,0.7570865827748607,0.0,1.0
ccdefault,logreg,linshap,193,0.7104777172866186,2.220446049250313e-16,1.0
ccdefault,logreg,linshap,194,0.7970505048176016,0.0,1.0
ccdefault,logreg,linshap,195,0.8185214125535947,-2.220446049250313e-16,1.0
ccdefault,logreg,linshap,196,0.5278143425479922,0.0,1.0
ccdefault,logreg,linshap,197,0.5176782421036987,2.220446049250313e-16,1.0
ccdefault,logreg,linshap,198,0.77449631527701,0.0,1.0
ccdefault,logreg,linshap,199,0.8695967067810695,0.0,1.0
ccdefault,logreg,linshap,200,0.8934972495124196,0.0,1.0
ccdefault,logreg,linshap,201,0.8171375526063546,-2.220446049250313e-16,1.0
ccdefault,logreg,linshap,202,0.9593889385082182,2.220446049250313e-16,1.0
ccdefault,logreg,linshap,203,0.870501101456638,2.220446049250313e-16,1.0
ccdefault,logreg,linshap,204,0.920858372487643,0.0,1.0
ccdefault,logreg,linshap,205,0.9135348600284396,2.220446049250313e-16,1.0
ccdefault,logreg,linshap,206,0.8069882789585672,-2.220446049250313e-16,1.0
ccdefault,logreg,linshap,207,0.9716579002460431,0.0,1.0
ccdefault,logreg,linshap,208,0.8263379174312468,0.0,1.0
ccdefault,logreg,linshap,209,0.5058844807480299,2.220446049250313e-16,1.0
ccdefault,logreg,linshap,210,0.8281969429919391,2.220446049250313e-16,1.0
ccdefault,logreg,linshap,211,0.7836213180236515,2.220446049250313e-16,1.0
ccdefault,logreg,linshap,212,0.6396303563686274,0.0,1.0
ccdefault,logreg,linshap,213,0.7326228878297771,0.0,1.0
ccdefault,logreg,linshap,214,0.9104682494871164,2.220446049250313e-16,1.0
ccdefault,logreg,linshap,215,0.8895777176168643,2.220446049250313e-16,1.0
ccdefault,logreg,linshap,216,0.8911430700359485,0.0,1.0
ccdefault,logreg,linshap,217,0.9779413169619392,0.0,1.0
ccdefault,logreg,linshap,218,0.8274971415903902,-2.220446049250313e-16,1.0
ccdefault,logreg,linshap,219,0.843389851762389,-2.220446049250313e-16,1.0
ccdefault,logreg,linshap,220,0.7578869439314115,0.0,1.0
ccdefault,logreg,linshap,221,0.8216179504985387,0.0,1.0
ccdefault,logreg,linshap,222,0.7862144005854985,0.0,1.0
ccdefault,logreg,linshap,223,0.5136615982185271,-2.220446049250313e-16,1.0
ccdefault,logreg,linshap,224,0.8752604666777948,0.0,1.0
ccdefault,logreg,linshap,225,0.5315016159838963,2.220446049250313e-16,1.0
ccdefault,logreg,linshap,226,0.8734989444443494,0.0,1.0
ccdefault,logreg,linshap,227,0.9041603870450168,0.0,1.0
ccdefault,logreg,linshap,228,0.8759224094624741,-2.220446049250313e-16,1.0
ccdefault,logreg,linshap,229,0.8083502347711959,2.220446049250313e-16,1.0
ccdefault,logreg,linshap,230,0.7860901206780204,-2.220446049250313e-16,1.0
ccdefault,logreg,linshap,231,0.63301810956524,0.0,1.0
ccdefault,logreg,linshap,232,0.8440443864193172,0.0,1.0
ccdefault,logreg,linshap,233,0.9069789642738423,-2.220446049250313e-16,1.0
ccdefault,logreg,linshap,234,0.8293373110263158,0.0,1.0
ccdefault,logreg,linshap,235,0.9333051572738634,0.0,1.0
ccdefault,logreg,linshap,236,0.5559466861813188,-2.220446049250313e-16,1.0
ccdefault,logreg,linshap,237,0.5812313726364569,-2.220446049250313e-16,1.0
ccdefault,logreg,linshap,238,0.8066070376459737,2.220446049250313e-16,1.0
ccdefault,logreg,linshap,239,0.8618385851498896,0.0,1.0
ccdefault,logreg,linshap,240,0.6544746775511538,0.0,1.0
ccdefault,logreg,linshap,241,0.8625557723715712,0.0,1.0
ccdefault,logreg,linshap,242,0.8788476322799917,0.0,1.0
ccdefault,logreg,linshap,243,0.9213567121371726,2.220446049250313e-16,1.0
ccdefault,logreg,linshap,244,0.8033087208960866,2.220446049250313e-16,1.0
ccdefault,logreg,linshap,245,0.884616508583236,0.0,1.0
ccdefault,logreg,linshap,246,0.7762087838505364,2.220446049250313e-16,1.0
ccdefault,logreg,linshap,247,0.5231637746900801,0.0,1.0
ccdefault,logreg,linshap,248,0.9095397044055952,-2.220446049250313e-16,1.0
ccdefault,logreg,linshap,249,0.9169434841649672,2.220446049250313e-16,1.0
ccdefault,logreg,linshap,250,0.7596686461123219,-2.220446049250313e-16,1.0
ccdefault,logreg,linshap,251,0.8093022407470588,0.0,1.0
ccdefault,logreg,linshap,252,0.7427166964021017,2.220446049250313e-16,1.0
ccdefault,logreg,linshap,253,0.8529712761570449,2.220446049250313e-16,1.0
ccdefault,logreg,linshap,254,0.5412239461601165,0.0,1.0
ccdefault,logreg,linshap,255,0.7859580257502491,2.220446049250313e-16,1.0
ccdefault,logreg,linshap,256,0.8547765013853692,0.0,1.0
ccdefault,logreg,linshap,257,0.8060204670967457,-2.220446049250313e-16,1.0
ccdefault,logreg,linshap,258,0.9292207651060693,-2.220446049250313e-16,1.0
ccdefault,logreg,linshap,259,0.8343682101551991,0.0,1.0
ccdefault,logreg,linshap,260,0.7603725705648613,2.220446049250313e-16,1.0
ccdefault,logreg,linshap,261,0.7313345740452329,0.0,1.0
ccdefault,logreg,linshap,262,0.9318339157979804,0.0,1.0
ccdefault,logreg,linshap,263,0.7845877255059269,0.0,1.0
ccdefault,logreg,linshap,264,0.7235566481941242,2.220446049250313e-16,1.0
ccdefault,logreg,linshap,265,0.5766147464865007,2.220446049250313e-16,1.0
ccdefault,logreg,linshap,266,0.9447643041602432,-2.220446049250313e-16,1.0
ccdefault,logreg,linshap,267,0.5516177347229994,-2.220446049250313e-16,1.0
ccdefault,logreg,linshap,268,0.8535714894128337,-2.220446049250313e-16,1.0
ccdefault,logreg,linshap,269,0.9060105836398937,2.220446049250313e-16,1.0
ccdefault,logreg,linshap,270,0.8414420274256089,2.220446049250313e-16,1.0
ccdefault,logreg,linshap,271,0.915427677642221,2.220446049250313e-16,1.0
ccdefault,logreg,linshap,272,0.8231983712292374,-2.220446049250313e-16,1.0
ccdefault,logreg,linshap,273,0.7614530133896023,-2.220446049250313e-16,1.0
ccdefault,logreg,linshap,274,0.9773156504741747,2.220446049250313e-16,1.0
ccdefault,logreg,linshap,275,0.9568109694387463,0.0,1.0
ccdefault,logreg,linshap,276,0.9096463061730378,-2.220446049250313e-16,1.0
ccdefault,logreg,linshap,277,0.8340767048819346,2.220446049250313e-16,1.0
ccdefault,logreg,linshap,278,0.6503780653452492,-2.220446049250313e-16,1.0
ccdefault,logreg,linshap,279,0.6635244262739947,2.220446049250313e-16,1.0
ccdefault,logreg,linshap,280,0.8996147581068392,2.220446049250313e-16,1.0
ccdefault,logreg,linshap,281,0.8439496689604444,2.220446049250313e-16,1.0
ccdefault,logreg,linshap,282,0.7867292156907246,0.0,1.0
ccdefault,logreg,linshap,283,0.7826181419336897,0.0,1.0
ccdefault,logreg,linshap,284,0.8726895141475968,2.220446049250313e-16,1.0
ccdefault,logreg,linshap,285,0.821802489291608,0.0,1.0
ccdefault,logreg,linshap,286,0.851951040985757,-2.220446049250313e-16,1.0
ccdefault,logreg,linshap,287,0.9514732837642772,-2.220446049250313e-16,1.0
ccdefault,logreg,linshap,288,0.7325231563674066,0.0,1.0
ccdefault,logreg,linshap,289,0.7660654446294741,-2.220446049250313e-16,1.0
ccdefault,logreg,linshap,290,0.785539469978936,2.220446049250313e-16,1.0
ccdefault,logreg,linshap,291,0.849366647468605,0.0,1.0
ccdefault,logreg,linshap,292,0.744508690972737,0.0,1.0
ccdefault,logreg,linshap,293,0.8394774460937426,2.220446049250313e-16,1.0
ccdefault,logreg,linshap,294,0.5596925337374326,2.220446049250313e-16,1.0
ccdefault,logreg,linshap,295,0.6562669555546788,-2.220446049250313e-16,1.0
ccdefault,logreg,linshap,296,0.9592142066743488,2.220446049250313e-16,1.0
ccdefault,logreg,linshap,297,0.8232317300678116,2.220446049250313e-16,1.0
ccdefault,logreg,linshap,298,0.7654138487072301,-2.220446049250313e-16,1.0
ccdefault,logreg,linshap,299,0.745933014812959,0.0,1.0
ccdefault,logreg,linshap,300,0.7223080356224928,0.0,1.0
ccdefault,logreg,linshap,301,0.8750417646786444,0.0,1.0
ccdefault,logreg,linshap,302,0.8789946032943121,0.0,1.0
ccdefault,logreg,linshap,303,0.7945727311056069,2.220446049250313e-16,1.0
ccdefault,logreg,linshap,304,0.8479444133484652,0.0,1.0
ccdefault,logreg,linshap,305,0.919617387541529,0.0,1.0
ccdefault,logreg,linshap,306,0.8743487423732343,0.0,1.0
ccdefault,logreg,linshap,307,0.781929265191663,0.0,1.0
ccdefault,logreg,linshap,308,0.9469412586275119,0.0,1.0
ccdefault,logreg,linshap,309,0.7805100767352642,0.0,1.0
ccdefault,logreg,linshap,310,0.9677589225733858,0.0,1.0
ccdefault,logreg,linshap,311,0.8901158311392926,0.0,1.0
ccdefault,logreg,linshap,312,0.7067728298813409,2.220446049250313e-16,1.0
ccdefault,logreg,linshap,313,0.6695634372773848,2.220446049250313e-16,1.0
ccdefault,logreg,linshap,314,0.8092597535501411,-2.220446049250313e-16,1.0
ccdefault,logreg,linshap,315,0.8215204379291887,0.0,1.0
ccdefault,logreg,linshap,316,0.7851439708030401,0.0,1.0
ccdefault,logreg,linshap,317,0.5614134586043917,0.0,1.0
ccdefault,logreg,linshap,318,0.7987718623510056,2.220446049250313e-16,1.0
ccdefault,logreg,linshap,319,0.8322475411675834,-2.220446049250313e-16,1.0
ccdefault,logreg,linshap,320,0.7884837254301135,2.220446049250313e-16,1.0
ccdefault,logreg,linshap,321,0.8365241668227037,2.220446049250313e-16,1.0
ccdefault,logreg,linshap,322,0.5423766903231608,0.0,1.0
ccdefault,logreg,linshap,323,0.79864465928808,0.0,1.0
ccdefault,logreg,linshap,324,0.8164156747888572,-2.220446049250313e-16,1.0
ccdefault,logreg,linshap,325,0.5698510464449649,-2.220446049250313e-16,1.0
ccdefault,logreg,linshap,326,0.6068269542752747,2.220446049250313e-16,1.0
ccdefault,logreg,linshap,327,0.7878127029977684,-2.220446049250313e-16,1.0
ccdefault,logreg,linshap,328,0.8779065214002788,2.220446049250313e-16,1.0
ccdefault,logreg,linshap,329,0.8687381731411378,2.220446049250313e-16,1.0
ccdefault,logreg,linshap,330,0.5452763715997639,-2.220446049250313e-16,1.0
ccdefault,logreg,linshap,331,0.9454425913664313,0.0,1.0
ccdefault,logreg,linshap,332,0.8321372543654728,0.0,1.0
ccdefault,logreg,linshap,333,0.5778465865125997,2.220446049250313e-16,1.0
ccdefault,logreg,linshap,334,0.8862046121783326,0.0,1.0
ccdefault,logreg,linshap,335,0.8970424737696978,2.220446049250313e-16,1.0
ccdefault,logreg,linshap,336,0.8980432361792839,0.0,1.0
ccdefault,logreg,linshap,337,0.6450559064879214,-2.220446049250313e-16,1.0
ccdefault,logreg,linshap,338,0.8927754715489991,2.220446049250313e-16,1.0
ccdefault,logreg,linshap,339,0.9648679023559195,-2.220446049250313e-16,1.0
ccdefault,logreg,linshap,340,0.9939272911536415,2.220446049250313e-16,1.0
ccdefault,logreg,linshap,341,0.8994907240091733,-2.220446049250313e-16,1.0
ccdefault,logreg,linshap,342,0.6981194388644938,-2.220446049250313e-16,1.0
ccdefault,logreg,linshap,343,0.7319287149714805,2.220446049250313e-16,1.0
ccdefault,logreg,linshap,344,0.5563761378023669,0.0,1.0
ccdefault,logreg,linshap,345,0.5041541696108413,0.0,1.0
ccdefault,logreg,linshap,346,0.8388773641906953,0.0,1.0
ccdefault,logreg,linshap,347,0.6083439092363038,-2.220446049250313e-16,1.0
ccdefault,logreg,linshap,348,0.8745040678031437,0.0,1.0
ccdefault,logreg,linshap,349,0.7908038193003171,0.0,1.0
ccdefault,logreg,linshap,350,0.7610683600128709,-2.220446049250313e-16,1.0
ccdefault,logreg,linshap,351,0.8226267914681824,-2.220446049250313e-16,1.0
ccdefault,logreg,linshap,352,0.8561012694961446,2.220446049250313e-16,1.0
ccdefault,logreg,linshap,353,0.5240097519536373,0.0,1.0
ccdefault,logreg,linshap,354,0.8139751345415374,-2.220446049250313e-16,1.0
ccdefault,logreg,linshap,355,0.9325470758236578,-2.220446049250313e-16,1.0
ccdefault,logreg,linshap,356,0.9259138118442743,2.220446049250313e-16,1.0
ccdefault,logreg,linshap,357,0.8968224262315243,0.0,1.0
ccdefault,logreg,linshap,358,0.7599121888085161,0.0,1.0
ccdefault,logreg,linshap,359,0.8478381410344097,0.0,1.0
ccdefault,logreg,linshap,360,0.77788512192291,0.0,1.0
ccdefault,logreg,linshap,361,0.8773511484135229,-2.220446049250313e-16,1.0
ccdefault,logreg,linshap,362,0.9246552766343449,0.0,1.0
ccdefault,logreg,linshap,363,0.6599180961007016,-2.220446049250313e-16,1.0
ccdefault,logreg,linshap,364,0.8265767559282315,0.0,1.0
ccdefault,logreg,linshap,365,0.7511139856841295,0.0,1.0
ccdefault,logreg,linshap,366,0.851695322775744,2.220446049250313e-16,1.0
ccdefault,logreg,linshap,367,0.8924598331885342,0.0,1.0
ccdefault,logreg,linshap,368,0.9398321012774977,2.220446049250313e-16,1.0
ccdefault,logreg,linshap,369,0.8195974808859093,0.0,1.0
ccdefault,logreg,linshap,370,0.594901273777754,-2.220446049250313e-16,1.0
ccdefault,logreg,linshap,371,0.858493585705151,-2.220446049250313e-16,1.0
ccdefault,logreg,linshap,372,0.8926285175258977,0.0,1.0
ccdefault,logreg,linshap,373,0.7634478958502562,2.220446049250313e-16,1.0
ccdefault,logreg,linshap,374,0.5910192492244927,-2.220446049250313e-16,1.0
ccdefault,logreg,linshap,375,0.7390410435843113,0.0,1.0
ccdefault,logreg,linshap,376,0.9050081706431395,-2.220446049250313e-16,1.0
ccdefault,logreg,linshap,377,0.7721853871086253,0.0,1.0
ccdefault,logreg,linshap,378,0.7846939617467341,0.0,1.0
ccdefault,logreg,linshap,379,0.9087598052222671,0.0,1.0
ccdefault,logreg,linshap,380,0.7467288194964774,0.0,1.0
ccdefault,logreg,linshap,381,0.8225583290805055,0.0,1.0
ccdefault,logreg,linshap,382,0.6580494081940516,-2.220446049250313e-16,1.0
ccdefault,logreg,linshap,383,0.9414214160602115,0.0,1.0
ccdefault,logreg,linshap,384,0.9463577658962532,0.0,1.0
ccdefault,logreg,linshap,385,0.9393483100744195,0.0,1.0
ccdefault,logreg,linshap,386,0.7745351600262176,-2.220446049250313e-16,1.0
ccdefault,logreg,linshap,387,0.8169332197619281,2.220446049250313e-16,1.0
ccdefault,logreg,linshap,388,0.7012163949459427,2.220446049250313e-16,1.0
ccdefault,logreg,linshap,389,0.9557229067120069,2.220446049250313e-16,1.0
ccdefault,logreg,linshap,390,0.7503714040152554,2.220446049250313e-16,1.0
ccdefault,logreg,linshap,391,0.5674313935698296,0.0,1.0
ccdefault,logreg,linshap,392,0.6260609270537538,2.220446049250313e-16,1.0
ccdefault,logreg,linshap,393,0.7700468777124835,0.0,1.0
ccdefault,logreg,linshap,394,0.8780310713146984,2.220446049250313e-16,1.0
ccdefault,logreg,linshap,395,0.8468685698769601,0.0,1.0
ccdefault,logreg,linshap,396,0.8653066153434942,0.0,1.0
ccdefault,logreg,linshap,397,0.5960037798931204,-2.220446049250313e-16,1.0
ccdefault,logreg,linshap,398,0.7343114504726355,0.0,1.0
ccdefault,logreg,linshap,399,0.9490730177865917,0.0,1.0
ccdefault,logreg,linshap,400,0.932764650704945,-2.220446049250313e-16,1.0
ccdefault,logreg,linshap,401,0.8205032161974968,-2.220446049250313e-16,1.0
ccdefault,logreg,linshap,402,0.7964494825855258,0.0,1.0
ccdefault,logreg,linshap,403,0.8179327696454284,0.0,1.0
ccdefault,logreg,linshap,404,0.7962780610876162,0.0,1.0
ccdefault,logreg,linshap,405,0.501831984190546,-2.220446049250313e-16,1.0
ccdefault,logreg,linshap,406,0.7815612645395109,0.0,1.0
ccdefault,logreg,linshap,407,0.815202675495,0.0,1.0
ccdefault,logreg,linshap,408,0.5216236974746096,2.220446049250313e-16,1.0
ccdefault,logreg,linshap,409,0.9689471460573899,2.220446049250313e-16,1.0
ccdefault,logreg,linshap,410,0.7103379384948606,0.0,1.0
ccdefault,logreg,linshap,411,0.9517233649058594,2.220446049250313e-16,1.0
ccdefault,logreg,linshap,412,0.7289375550744092,2.220446049250313e-16,1.0
ccdefault,logreg,linshap,413,0.8931034131076231,0.0,1.0
ccdefault,logreg,linshap,414,0.6723128725355825,0.0,1.0
ccdefault,logreg,linshap,415,0.8354746977614551,-2.220446049250313e-16,1.0
ccdefault,logreg,linshap,416,0.7468552658459777,2.220446049250313e-16,1.0
ccdefault,logreg,linshap,417,0.91090993122226,0.0,1.0
ccdefault,logreg,linshap,418,0.860575073712212,0.0,1.0
ccdefault,logreg,linshap,419,0.8129319915088467,0.0,1.0
ccdefault,logreg,linshap,420,0.8402704006662722,0.0,1.0
ccdefault,logreg,linshap,421,0.7254960418612522,2.220446049250313e-16,1.0
ccdefault,logreg,linshap,422,0.89816534889765,-2.220446049250313e-16,1.0
ccdefault,logreg,linshap,423,0.7968031885348176,2.220446049250313e-16,1.0
ccdefault,logreg,linshap,424,0.8860427488248016,0.0,1.0
ccdefault,logreg,linshap,425,0.9526460437084042,-2.220446049250313e-16,1.0
ccdefault,logreg,linshap,426,0.9461214975727051,0.0,1.0
ccdefault,logreg,linshap,427,0.9472110736585229,2.220446049250313e-16,1.0
ccdefault,logreg,linshap,428,0.6089315820933314,0.0,1.0
ccdefault,logreg,linshap,429,0.737803286118917,0.0,1.0
ccdefault,logreg,linshap,430,0.7999751221182752,0.0,1.0
ccdefault,logreg,linshap,431,0.9418710617967857,-2.220446049250313e-16,1.0
ccdefault,logreg,linshap,432,0.8733674142512811,-2.220446049250313e-16,1.0
ccdefault,logreg,linshap,433,0.8097473250478668,0.0,1.0
ccdefault,logreg,linshap,434,0.8206626439075067,0.0,1.0
ccdefault,logreg,linshap,435,0.9140899742552235,2.220446049250313e-16,1.0
ccdefault,logreg,linshap,436,0.8178998386284786,-2.220446049250313e-16,1.0
ccdefault,logreg,linshap,437,0.8128875281778839,0.0,1.0
ccdefault,logreg,linshap,438,0.7833723608435701,2.220446049250313e-16,1.0
ccdefault,logreg,linshap,439,0.7116184205950957,0.0,1.0
ccdefault,logreg,linshap,440,0.9439302338186135,0.0,1.0
ccdefault,logreg,linshap,441,0.8472635321501093,0.0,1.0
ccdefault,logreg,linshap,442,0.94298829071599,-2.220446049250313e-16,1.0
ccdefault,logreg,linshap,443,0.5738362123605415,0.0,1.0
ccdefault,logreg,linshap,444,0.6333895073425414,2.220446049250313e-16,1.0
ccdefault,logreg,linshap,445,0.751644320077107,0.0,1.0
ccdefault,logreg,linshap,446,0.8057769398584209,0.0,1.0
ccdefault,logreg,linshap,447,0.6972059724586419,-2.220446049250313e-16,1.0
ccdefault,logreg,linshap,448,0.5461211172204318,2.220446049250313e-16,1.0
ccdefault,logreg,linshap,449,0.8714405418312658,2.220446049250313e-16,1.0
ccdefault,logreg,linshap,450,0.8030385920105129,0.0,1.0
ccdefault,logreg,linshap,451,0.7728878228691648,2.220446049250313e-16,1.0
ccdefault,logreg,linshap,452,0.8367373721562658,0.0,1.0
ccdefault,logreg,linshap,453,0.734536218191739,0.0,1.0
ccdefault,logreg,linshap,454,0.7600644799923549,0.0,1.0
ccdefault,logreg,linshap,455,0.7926724242595004,0.0,1.0
ccdefault,logreg,linshap,456,0.5770158307145409,0.0,1.0
ccdefault,logreg,linshap,457,0.5460090438390781,2.220446049250313e-16,1.0
ccdefault,logreg,linshap,458,0.8265779783418431,0.0,1.0
ccdefault,logreg,linshap,459,0.7776982366176143,0.0,1.0
ccdefault,logreg,linshap,460,0.8830809135038338,0.0,1.0
ccdefault,logreg,linshap,461,0.9551312687321667,-2.220446049250313e-16,1.0
ccdefault,logreg,linshap,462,0.783787565367071,2.220446049250313e-16,1.0
ccdefault,logreg,linshap,463,0.774867994627287,0.0,1.0
ccdefault,logreg,linshap,464,0.8331188375060862,0.0,1.0
ccdefault,logreg,linshap,465,0.9037531996257744,2.220446049250313e-16,1.0
ccdefault,logreg,linshap,466,0.7266117927495388,0.0,1.0
ccdefault,logreg,linshap,467,0.7998588038984704,-2.220446049250313e-16,1.0
ccdefault,logreg,linshap,468,0.7923207696748055,-2.220446049250313e-16,1.0
ccdefault,logreg,linshap,469,0.745167729241107,0.0,1.0
ccdefault,logreg,linshap,470,0.6926915045538522,0.0,1.0
ccdefault,logreg,linshap,471,0.5448197943500883,0.0,1.0
ccdefault,logreg,linshap,472,0.5451762896594576,2.220446049250313e-16,1.0
ccdefault,logreg,linshap,473,0.5335610977387206,2.220446049250313e-16,1.0
ccdefault,logreg,linshap,474,0.8265709841644379,0.0,1.0
ccdefault,logreg,linshap,475,0.7851342480841552,2.220446049250313e-16,1.0
ccdefault,logreg,linshap,476,0.5001664487021142,0.0,1.0
ccdefault,logreg,linshap,477,0.8973036519268304,2.220446049250313e-16,1.0
ccdefault,logreg,linshap,478,0.9009234445483731,0.0,1.0
ccdefault,logreg,linshap,479,0.738494400349295,-2.220446049250313e-16,1.0
ccdefault,logreg,linshap,480,0.9184484912273858,0.0,1.0
ccdefault,logreg,linshap,481,0.8904323702832844,2.220446049250313e-16,1.0
ccdefault,logreg,linshap,482,0.9637534848862497,0.0,1.0
ccdefault,logreg,linshap,483,0.9602147693931273,0.0,1.0
ccdefault,logreg,linshap,484,0.8525865013657155,2.220446049250313e-16,1.0
ccdefault,logreg,linshap,485,0.5516814554691178,0.0,1.0
ccdefault,logreg,linshap,486,0.8575588877675051,0.0,1.0
ccdefault,logreg,linshap,487,0.5293169274110949,0.0,1.0
ccdefault,logreg,linshap,488,0.8366236885413016,-2.220446049250313e-16,1.0
ccdefault,logreg,linshap,489,0.9162840598069387,0.0,1.0
ccdefault,logreg,linshap,490,0.8435669088670293,2.220446049250313e-16,1.0
ccdefault,logreg,linshap,491,0.7134640372261862,-2.220446049250313e-16,1.0
ccdefault,logreg,linshap,492,0.7777442479213588,0.0,1.0
ccdefault,logreg,linshap,493,0.8772321958511956,-2.220446049250313e-16,1.0
ccdefault,logreg,linshap,494,0.7736896736320469,2.220446049250313e-16,1.0
ccdefault,logreg,linshap,495,0.8291646601058759,-2.220446049250313e-16,1.0
ccdefault,logreg,linshap,496,0.8950029309250841,0.0,1.0
ccdefault,logreg,linshap,497,0.8207652370122738,2.220446049250313e-16,1.0
ccdefault,logreg,linshap,498,0.8702791125847223,0.0,1.0
ccdefault,logreg,linshap,499,0.8648541722206717,2.220446049250313e-16,1.0
ccdefault,logreg,lime,0,0.5236613353282328,0.029614327843487942,0.6400000000000001
ccdefault,logreg,lime,1,0.6678971178066138,0.015377006403456961,0.9199999999999999
ccdefault,logreg,lime,2,0.5105324861086569,0.03238632695060917,0.6199999999999999
ccdefault,logreg,lime,3,0.9327391365751561,0.04384332359798859,0.7
ccdefault,logreg,lime,4,0.7793647410941218,0.2194423248226064,0.72
ccdefault,logreg,lime,5,0.8811286616790566,0.048181804077109924,0.6799999999999999
ccdefault,logreg,lime,6,0.8621149920364637,0.05675871997065496,0.8399999999999999
ccdefault,logreg,lime,7,0.5825029343834944,0.0156393703444625,0.86
ccdefault,logreg,lime,8,0.8344904882434229,0.3619204062932231,0.4200000000000001
ccdefault,logreg,lime,9,0.6422080710974851,0.03538680224642987,0.5399999999999999
ccdefault,logreg,lime,10,0.9485207799088528,0.037542198074982935,0.7799999999999999
ccdefault,logreg,lime,11,0.8652408271098017,0.05265655879968045,0.6000000000000001
ccdefault,logreg,lime,12,0.5169558504771559,0.031517206454003244,0.6399999999999999
ccdefault,logreg,lime,13,0.7678136766060554,0.2729296936267781,0.7
ccdefault,logreg,lime,14,0.952877329666751,0.04310818258471849,0.7999999999999999
ccdefault,logreg,lime,15,0.8259525688748258,0.06409294090699758,0.7599999999999999
ccdefault,logreg,lime,16,0.8865476413954209,0.045052519377921874,0.6599999999999999
ccdefault,logreg,lime,17,0.7912889901265421,0.34729627180503275,0.45999999999999996
ccdefault,logreg,lime,18,0.8437840275942208,0.06468407538255305,0.6599999999999999
ccdefault,logreg,lime,19,0.8864615456191178,0.04725763945459227,0.7599999999999999
ccdefault,logreg,lime,20,0.7081150043288427,0.022309865240963234,0.72
ccdefault,logreg,lime,21,0.7393399017851683,0.3411639746335384,0.38
ccdefault,logreg,lime,22,0.8301277286195138,0.02635968829299995,0.7799999999999999
ccdefault,logreg,lime,23,0.7321975660394437,0.3956150363003046,0.5
ccdefault,logreg,lime,24,0.8033483078496015,0.2584308023973796,0.6
ccdefault,logreg,lime,25,0.7892622056170416,0.4092289354927694,0.5400000000000001
ccdefault,logreg,lime,26,0.5610902965406157,0.019269516784841123,0.72
ccdefault,logreg,lime,27,0.8776583269091043,0.042323092301030485,0.74
ccdefault,logreg,lime,28,0.5654452130609884,0.026397406377952515,0.62
ccdefault,logreg,lime,29,0.8057715755182284,0.09326528541026868,0.8400000000000001
ccdefault,logreg,lime,30,0.8384985052033471,0.05686822435521588,0.8400000000000001
ccdefault,logreg,lime,31,0.828197871076678,0.06687166545911638,0.7399999999999999
ccdefault,logreg,lime,32,0.8892903048773011,0.0426858705930091,0.74
ccdefault,logreg,lime,33,0.6429799920810397,0.018130804582338067,0.7
ccdefault,logreg,lime,34,0.9369960620940067,0.036350495972456875,0.8400000000000001
ccdefault,logreg,lime,35,0.8107769917075827,0.08346679367551713,0.8400000000000001
ccdefault,logreg,lime,36,0.6265605250036919,0.01837044219514894,0.6399999999999999
ccdefault,logreg,lime,37,0.8158145836468286,0.16593276736480456,0.74
ccdefault,logreg,lime,38,0.8890848871830095,0.054073821349087225,0.6599999999999999
ccdefault,logreg,lime,39,0.7990718175177489,0.5211595148441829,0.4
ccdefault,logreg,lime,40,0.9596975990925248,0.04270711788580184,0.6199999999999999
ccdefault,logreg,lime,41,0.7326198830800359,0.33902439326474376,0.5999999999999999
ccdefault,logreg,lime,42,0.7359005480568626,0.02764255459476994,0.7199999999999999
ccdefault,logreg,lime,43,0.8180707462139128,0.048872728880242966,0.86
ccdefault,logreg,lime,44,0.8640060580047851,0.18634449263742314,0.74
ccdefault,logreg,lime,45,0.8009106042646306,0.0671479687728036,0.86
ccdefault,logreg,lime,46,0.8223667874466865,0.05568829727903124,0.9199999999999999
ccdefault,logreg,lime,47,0.9423832785042097,0.03223721461061557,0.74
ccdefault,logreg,lime,48,0.9368445897606333,0.06357957009144433,0.86
ccdefault,logreg,lime,49,0.720310646934168,0.020009330335110653,0.72
ccdefault,logreg,lime,50,0.8901794079957988,0.047533565190418514,0.7399999999999999
ccdefault,logreg,lime,51,0.5552726778968704,0.018299903489056413,0.82
ccdefault,logreg,lime,52,0.5896654695588832,0.015378098897071646,0.7799999999999999
ccdefault,logreg,lime,53,0.7991011193364117,0.06019608887850847,0.7999999999999999
ccdefault,logreg,lime,54,0.9496549792293718,0.04870131988114357,0.86
ccdefault,logreg,lime,55,0.745214345081074,0.07976620235153997,0.74
ccdefault,logreg,lime,56,0.8368390321818386,0.07347068570323079,0.9199999999999999
ccdefault,logreg,lime,57,0.9473266071448301,0.02006811466027103,0.8800000000000001
ccdefault,logreg,lime,58,0.7906757133186505,0.4681114773710857,0.52
ccdefault,logreg,lime,59,0.8214206791007579,0.3787029150705441,0.52
ccdefault,logreg,lime,60,0.7806702950152655,0.2693357814015752,0.5799999999999998
ccdefault,logreg,lime,61,0.6870241937230127,0.027245372675076318,0.5399999999999999
ccdefault,logreg,lime,62,0.7799576571576072,0.2436251559347722,0.5
ccdefault,logreg,lime,63,0.905713867667143,0.04409934237431512,0.7
ccdefault,logreg,lime,64,0.9540863772914827,0.04337987375966834,0.6799999999999999
ccdefault,logreg,lime,65,0.8204507660762271,0.07483851620039061,0.7599999999999999
ccdefault,logreg,lime,66,0.7936679113408639,0.16386542913817448,0.7199999999999999
ccdefault,logreg,lime,67,0.938433763968726,0.04014424539236627,0.7
ccdefault,logreg,lime,68,0.7361772861473189,0.3309169839487096,0.4600000000000001
ccdefault,logreg,lime,69,0.7891292187129789,0.2845171679004441,0.6
ccdefault,logreg,lime,70,0.9010082756678301,0.04950433226087192,0.8400000000000001
ccdefault,logreg,lime,71,0.9596596510579583,0.07157156682821753,0.86
ccdefault,logreg,lime,72,0.7346796018641892,0.3001515057234434,0.45999999999999996
ccdefault,logreg,lime,73,0.7669526291077188,0.16863409803792595,0.6799999999999999
ccdefault,logreg,lime,74,0.7636378886901386,0.31845006585676505,0.48
ccdefault,logreg,lime,75,0.8036628990003732,0.1294530036504712,0.6399999999999999
ccdefault,logreg,lime,76,0.8210245955011481,0.15498145818490827,0.5599999999999999
ccdefault,logreg,lime,77,0.7953183078575257,0.30224205966675477,0.5599999999999999
ccdefault,logreg,lime,78,0.8480233475095262,0.04458813280190854,0.6799999999999999
ccdefault,logreg,lime,79,0.8339899653417229,0.04395147828879631,0.86
ccdefault,logreg,lime,80,0.5230967307691883,0.022075498448847375,0.7
ccdefault,logreg,lime,81,0.5564567581762414,0.02074204254175671,0.7399999999999999
ccdefault,logreg,lime,82,0.596816799796175,0.029685319743934402,0.6399999999999999
ccdefault,logreg,lime,83,0.8093774007718773,0.3657010599217271,0.4600000000000001
ccdefault,logreg,lime,84,0.5212996495793842,0.017735702511388007,0.6599999999999999
ccdefault,logreg,lime,85,0.625723698742036,0.04003250456268714,0.54
ccdefault,logreg,lime,86,0.7512585519566322,0.2844793434880575,0.45999999999999996
ccdefault,logreg,lime,87,0.5478726279706501,0.014097239893328783,0.7999999999999999
ccdefault,logreg,lime,88,0.7784888768806786,0.597423374180705,0.38
ccdefault,logreg,lime,89,0.9420941181848368,0.03923817951693831,0.7599999999999999
ccdefault,logreg,lime,90,0.7471291820718332,0.2760996385363672,0.5000000000000001
ccdefault,logreg,lime,91,0.5266483533322359,0.015005418541679694,0.8799999999999999
ccdefault,logreg,lime,92,0.9171708139299828,0.027416369487789582,0.5399999999999999
ccdefault,logreg,lime,93,0.5454254826524407,0.022020847400206378,0.6
ccdefault,logreg,lime,94,0.7516870188177509,0.043271229858404814,0.6199999999999999
ccdefault,logreg,lime,95,0.769957969873636,0.24894291742214036,0.6799999999999999
ccdefault,logreg,lime,96,0.7508600704134929,0.26560905150340375,0.5799999999999998
ccdefault,logreg,lime,97,0.881015771254811,0.05092836540856782,0.5800000000000001
ccdefault,logreg,lime,98,0.8994860617850172,0.04777764140700835,0.76
ccdefault,logreg,lime,99,0.7878581706856296,0.29573274837422414,0.58
ccdefault,rf,treeshap,0,0.5923752721907449,0.004339443769099782,0.82
ccdefault,rf,treeshap,1,0.7688164788452151,0.00793839439645705,0.86
ccdefault,rf,treeshap,2,0.5460908804600247,0.011885024245322007,1.0
ccdefault,rf,treeshap,3,0.8774402086302395,0.020043810892162006,1.0
ccdefault,rf,treeshap,4,0.850819195734904,0.010574858065121928,0.8800000000000001
ccdefault,rf,treeshap,5,0.8096500979199753,0.04173223105029733,0.74
ccdefault,rf,treeshap,6,0.9565038240924281,0.007749102742320324,1.0
ccdefault,rf,treeshap,7,0.5235379514128262,0.015941487208354532,0.86
ccdefault,rf,treeshap,8,0.8810599880434717,0.011992261497147494,1.0
ccdefault,rf,treeshap,9,0.698796771111027,0.004012763788559304,1.0
ccdefault,rf,treeshap,10,0.8414763004029094,0.015622026752184381,0.9200000000000002
ccdefault,rf,treeshap,11,0.6947990628454729,0.02723651842890562,1.0
ccdefault,rf,treeshap,12,0.549961783432438,0.01186263752067196,0.86
ccdefault,rf,treeshap,13,0.8068293401793529,0.00931535722688781,0.8799999999999999
ccdefault,rf,treeshap,14,0.8956409071561866,0.027240091960380353,0.8800000000000001
ccdefault,rf,treeshap,15,0.7125686216124477,0.008302594738381353,0.86
ccdefault,rf,treeshap,16,0.9056699122621698,0.013862292851188895,0.9199999999999999
ccdefault,rf,treeshap,17,0.8598112612080329,0.016459889316522536,0.82
ccdefault,rf,treeshap,18,0.7673473080692023,0.04355977818888557,0.8399999999999999
ccdefault,rf,treeshap,19,0.773170810662695,0.034505591259837765,0.8800000000000001
ccdefault,rf,treeshap,20,0.795829008480031,0.031697454067102115,0.86
ccdefault,rf,treeshap,21,0.8536220360398087,0.009150973294118514,0.82
ccdefault,rf,treeshap,22,0.7710175257087408,0.03217497437404959,1.0
ccdefault,rf,treeshap,23,0.8551427918534346,0.014247026427245957,0.86
ccdefault,rf,treeshap,24,0.7880174574439073,0.01445992835018417,0.8800000000000001
ccdefault,rf,treeshap,25,0.8713123237010295,0.018620270465687816,0.86
ccdefault,rf,treeshap,26,0.5319607066424697,0.0013923096678236657,0.6599999999999999
ccdefault,rf,treeshap,27,0.8187228327522226,0.026707038489132584,0.9199999999999999
ccdefault,rf,treeshap,28,0.565142412814978,0.007484517481064712,0.9199999999999999
ccdefault,rf,treeshap,29,0.9119238330526056,0.01969569326598286,0.8800000000000001
ccdefault,rf,treeshap,30,0.91661734434566,0.010998188079255122,0.9200000000000002
ccdefault,rf,treeshap,31,0.8720671831161256,0.02528735895515022,1.0
ccdefault,rf,treeshap,32,0.8515107173326066,0.022628449552450136,0.7999999999999999
ccdefault,rf,treeshap,33,0.7594808913053771,0.07547921800093016,0.6199999999999999
ccdefault,rf,treeshap,34,0.9624474207854667,0.008284138388412798,1.0
ccdefault,rf,treeshap,35,0.9296163076484923,0.012209905134660248,0.9200000000000002
ccdefault,rf,treeshap,36,0.6901863220774236,0.013224901630550234,0.8400000000000001
ccdefault,rf,treeshap,37,0.9375116590271446,0.012092848079596763,1.0
ccdefault,rf,treeshap,38,0.9307194053635823,0.010258566276063474,0.9199999999999999
ccdefault,rf,treeshap,39,0.9273170963949153,0.008697504622854124,0.8800000000000001
ccdefault,rf,treeshap,40,0.9006157710812113,0.025151412278330065,0.86
ccdefault,rf,treeshap,41,0.8539193940637612,0.01526743420676302,0.9199999999999999
ccdefault,rf,treeshap,42,0.7669234578157795,0.024077612383232805,0.86
ccdefault,rf,treeshap,43,0.8271772504892247,0.019576319143209786,0.86
ccdefault,rf,treeshap,44,0.946310629544658,0.010678311560299192,0.86
ccdefault,rf,treeshap,45,0.8662043759801259,0.021223413487605258,0.9200000000000002
ccdefault,rf,treeshap,46,0.9081427021976539,0.01352880169199544,0.7999999999999999
ccdefault,rf,treeshap,47,0.8622310722897671,0.023534623094895957,0.8400000000000001
ccdefault,rf,treeshap,48,0.8463815034933884,0.040964995108672575,0.6399999999999999
ccdefault,rf,treeshap,49,0.6596060654762116,0.02427934452563496,0.86
ccdefault,rf,treeshap,50,0.9607481625314499,0.00904090685025738,0.9199999999999999
ccdefault,rf,treeshap,51,0.5147632270042724,0.0009836261517049971,0.7799999999999999
ccdefault,rf,treeshap,52,0.5404487961224492,0.010563708909702485,1.0
ccdefault,rf,treeshap,53,0.8957783443113481,0.016978997183471733,0.8800000000000001
ccdefault,rf,treeshap,54,0.8456354999322706,0.021128055319532435,0.74
ccdefault,rf,treeshap,55,0.8946406003211219,0.01881283158276348,0.86
ccdefault,rf,treeshap,56,0.9522446450339046,0.007516548426918179,0.8399999999999999
ccdefault,rf,treeshap,57,0.9236922322156949,0.015292276858663634,0.9200000000000002
ccdefault,rf,treeshap,58,0.8157377852259824,0.033119063093746126,0.78
ccdefault,rf,treeshap,59,0.8633950227462547,0.012110500792134493,0.86
ccdefault,rf,treeshap,60,0.7923071807694921,0.010111917650035829,0.8399999999999999
ccdefault,rf,treeshap,61,0.7890485012117943,0.06400934308418638,1.0
ccdefault,rf,treeshap,62,0.5913816929668114,0.0083188384280245,0.8400000000000001
ccdefault,rf,treeshap,63,0.931116991142401,0.014006074184965245,0.8799999999999999
ccdefault,rf,treeshap,64,0.8649357900494561,0.038386612171308676,0.9200000000000002
ccdefault,rf,treeshap,65,0.8643616936521672,0.014829927521519237,0.82
ccdefault,rf,treeshap,66,0.8001391206884282,0.01270846550036031,0.9199999999999999
ccdefault,rf,treeshap,67,0.7255297411350942,0.01227564493955735,0.8799999999999999
ccdefault,rf,treeshap,68,0.6060346377336285,0.015497750455507942,0.9200000000000002
ccdefault,rf,treeshap,69,0.8201042191912808,0.024675438042989106,0.6599999999999999
ccdefault,rf,treeshap,70,0.850603754582328,0.03462395000874108,0.86
ccdefault,rf,treeshap,71,0.8514228147311325,0.023401678681219673,1.0
ccdefault,rf,treeshap,72,0.73511743107504,0.014603035174804213,1.0
ccdefault,rf,treeshap,73,0.8666678639214025,0.026293649563068677,0.8800000000000001
ccdefault,rf,treeshap,74,0.8974215197066782,0.01791595361364262,0.82
ccdefault,rf,treeshap,75,0.8828829013911452,0.012015890450282618,0.7599999999999999
ccdefault,rf,treeshap,76,0.8486119979614795,0.013588304495977033,0.8800000000000001
ccdefault,rf,treeshap,77,0.8891172300626383,0.01796506512271545,0.7999999999999999
ccdefault,rf,treeshap,78,0.7028295508812913,0.007981821589740812,0.9199999999999999
ccdefault,rf,treeshap,79,0.7757868860002775,0.025417924889751697,0.9199999999999999
ccdefault,rf,treeshap,80,0.507415494738053,0.009822600777484647,1.0
ccdefault,rf,treeshap,81,0.7331932923926484,0.0025937338969990176,0.82
ccdefault,rf,treeshap,82,0.6800041060972365,0.015826505717689843,0.8400000000000001
ccdefault,rf,treeshap,83,0.8458998117143063,0.01780243777186885,0.82
ccdefault,rf,treeshap,84,0.5765674544179656,0.011520720933883899,1.0
ccdefault,rf,treeshap,85,0.7322071395299969,0.0048931502013944694,0.8400000000000001
ccdefault,rf,treeshap,86,0.7623419704686579,0.01564426098576832,0.9199999999999999
ccdefault,rf,treeshap,87,0.5396496650087954,0.009346033619983318,0.82
ccdefault,rf,treeshap,88,0.9138289113541551,0.009336948877490037,0.86
ccdefault,rf,treeshap,89,0.8339211593310847,0.029679933529129565,0.7999999999999999
ccdefault,rf,treeshap,90,0.8622209011539619,0.012390686717483113,0.86
ccdefault,rf,treeshap,91,0.5337340809317015,0.0016261813322249186,0.6799999999999999
ccdefault,rf,treeshap,92,0.5424883745319226,0.005859152493895459,0.9199999999999999
ccdefault,rf,treeshap,93,0.5745217929368674,0.013073800550579717,0.9199999999999999
ccdefault,rf,treeshap,94,0.5515908684990253,0.006228299611205856,0.9199999999999999
ccdefault,rf,treeshap,95,0.9092797304545993,0.012891655466758856,0.8399999999999999
ccdefault,rf,treeshap,96,0.8509903815180101,0.012220696155672228,0.82
ccdefault,rf,treeshap,97,0.8507850240593264,0.0237466436027024,0.9199999999999999
ccdefault,rf,treeshap,98,0.8982753123787308,0.02435034129545066,0.9199999999999999
ccdefault,rf,treeshap,99,0.7783378819151472,0.011642991131062708,0.8400000000000001
ccdefault,rf,treeshap,100,0.833320901699311,0.011994014587291546,0.8399999999999999
ccdefault,rf,treeshap,101,0.6511446642670724,0.005193335754973605,1.0
ccdefault,rf,treeshap,102,0.8197431282898542,0.05191047765425161,0.6
ccdefault,rf,treeshap,103,0.5226414925641538,0.0014462773174311883,0.7599999999999999
ccdefault,rf,treeshap,104,0.6188961396140054,0.004157360320345305,1.0
ccdefault,rf,treeshap,105,0.8444716306665573,0.02065059773088096,0.82
ccdefault,rf,treeshap,106,0.89485988762604,0.01480122815285212,0.8400000000000001
ccdefault,rf,treeshap,107,0.911082970931448,0.042909101314608455,0.8399999999999999
ccdefault,rf,treeshap,108,0.7739857176273693,0.061535316534426676,0.7799999999999999
ccdefault,rf,treeshap,109,0.6774547397588724,0.016671135376763124,1.0
ccdefault,rf,treeshap,110,0.932551705594847,0.01768994488448339,0.74
ccdefault,rf,treeshap,111,0.9474013893623814,0.01254719737997867,0.76
ccdefault,rf,treeshap,112,0.5757259504979013,0.016970837406516837,0.9200000000000002
ccdefault,rf,treeshap,113,0.9503970729457875,0.011615166347016648,0.8799999999999999
ccdefault,rf,treeshap,114,0.8730624745691269,0.01671666706304431,1.0
ccdefault,rf,treeshap,115,0.7396958739387356,0.013791902293392888,1.0
ccdefault,rf,treeshap,116,0.8669448166648216,0.03327462448155427,0.8799999999999999
ccdefault,rf,treeshap,117,0.9107978695141185,0.01419507684466148,1.0
ccdefault,rf,treeshap,118,0.9496912794403942,0.009388550609548019,0.72
ccdefault,rf,treeshap,119,0.8632260796879722,0.029342043214571234,0.7999999999999999
ccdefault,rf,treeshap,120,0.9123544342357555,0.01990317883205306,0.7999999999999999
ccdefault,rf,treeshap,121,0.7259882901662038,0.018051730771907026,0.86
ccdefault,rf,treeshap,122,0.9343073531184037,0.015483427824053209,0.8400000000000001
ccdefault,rf,treeshap,123,0.791828361340139,0.02928011654986773,0.76
ccdefault,rf,treeshap,124,0.5466775287174306,0.008652642865120574,0.9200000000000002
ccdefault,rf,treeshap,125,0.7139136181298463,0.027651896208700344,0.8400000000000001
ccdefault,rf,treeshap,126,0.8339044136711842,0.055485755034000106,0.7399999999999999
ccdefault,rf,treeshap,127,0.6407350628851038,0.019240010456566425,0.86
ccdefault,rf,treeshap,128,0.8178813963006913,0.0398069838831161,0.9200000000000002
ccdefault,rf,treeshap,129,0.876058240729094,0.02488329712056514,0.8400000000000001
ccdefault,rf,treeshap,130,0.8442709186352009,0.010809523029814194,0.9200000000000002
ccdefault,rf,treeshap,131,0.856025279492424,0.010019622152538155,0.8399999999999999
ccdefault,rf,treeshap,132,0.9294861452182633,0.011971853014109413,0.82
ccdefault,rf,treeshap,133,0.8780600688613927,0.008915624995213589,1.0
ccdefault,rf,treeshap,134,0.5197929180017595,0.0033227895322266443,0.6799999999999999
ccdefault,rf,treeshap,135,0.8565366812344137,0.01240455617627878,0.9199999999999999
ccdefault,rf,treeshap,136,0.7641081411633208,0.014592460563150667,1.0
ccdefault,rf,treeshap,137,0.6709262394808263,0.003903458531114623,0.8799999999999999
ccdefault,rf,treeshap,138,0.8601288221075066,0.020262482314858055,0.82
ccdefault,rf,treeshap,139,0.6467019412587898,0.0036944988274827395,0.8400000000000001
ccdefault,rf,treeshap,140,0.6531003339560588,0.003931967459623542,0.8400000000000001
ccdefault,rf,treeshap,141,0.8863997707109613,0.013721397298221638,1.0
ccdefault,rf,treeshap,142,0.8528305459572278,0.026394532639220314,0.8799999999999999
ccdefault,rf,treeshap,143,0.9325059016386186,0.008412629999894228,0.9199999999999999
ccdefault,rf,treeshap,144,0.9242607908379583,0.011820689415169006,0.8400000000000001
ccdefault,rf,treeshap,145,0.7969051851447434,0.051520664343319034,0.7799999999999999
ccdefault,rf,treeshap,146,0.6169038731527646,0.012232697418662397,0.9200000000000002
ccdefault,rf,treeshap,147,0.849727733068328,0.0118783030966354,0.8800000000000001
ccdefault,rf,treeshap,148,0.8282990414924314,0.07870244427856288,1.0
ccdefault,rf,treeshap,149,0.9337115768728979,0.01424502418522855,0.7999999999999999
ccdefault,rf,treeshap,150,0.9140916382603527,0.025768785471477984,0.9199999999999999
ccdefault,rf,treeshap,151,0.712088165620829,0.005288143881590379,0.8799999999999999
ccdefault,rf,treeshap,152,0.8756729290809011,0.013333402278261297,0.7399999999999999
ccdefault,rf,treeshap,153,0.935113639030539,0.01344955318936214,0.86
ccdefault,rf,treeshap,154,0.7622387799598718,0.029048630445908552,0.86
ccdefault,rf,treeshap,155,0.8612569167560743,0.015208340120630437,0.9199999999999999
ccdefault,rf,treeshap,156,0.8493264978795482,0.04058912798785941,0.8400000000000001
ccdefault,rf,treeshap,157,0.8170905062246329,0.012387119593127771,0.9200000000000002
ccdefault,rf,treeshap,158,0.7955625959922499,0.01932945824794885,1.0
ccdefault,rf,treeshap,159,0.8297060331175954,0.02012776824606688,0.8400000000000001
ccdefault,rf,treeshap,160,0.9195714535527676,0.016072268825673475,1.0
ccdefault,rf,treeshap,161,0.6995615061634572,0.00350196524495594,0.86
ccdefault,rf,treeshap,162,0.9445907098399331,0.00960358366192704,0.8400000000000001
ccdefault,rf,treeshap,163,0.5272680016708009,0.012158571069109447,0.82
ccdefault,rf,treeshap,164,0.5616348418314286,0.009423984648113004,0.86
ccdefault,rf,treeshap,165,0.8747045083986142,0.013109477505996336,0.7599999999999999
ccdefault,rf,treeshap,166,0.9050581881958559,0.015576335166850641,0.86
ccdefault,rf,treeshap,167,0.742740905027306,0.029914802275625596,0.8800000000000001
ccdefault,rf,treeshap,168,0.8205164562271628,0.014387939315166909,0.9199999999999999
ccdefault,rf,treeshap,169,0.5904540369780077,0.008768769621180561,1.0
ccdefault,rf,treeshap,170,0.8686992354486766,0.02353856579610092,0.82
ccdefault,rf,treeshap,171,0.8747750077288456,0.046183517046013756,0.72
ccdefault,rf,treeshap,172,0.9088037617084884,0.013225473020206935,0.9199999999999999
ccdefault,rf,treeshap,173,0.8800938672722939,0.023325848213124223,0.8799999999999999
ccdefault,rf,treeshap,174,0.9233059485966784,0.015126937906405957,0.8799999999999999
ccdefault,rf,treeshap,175,0.6923864001989288,0.01796738822485633,1.0
ccdefault,rf,treeshap,176,0.8603310790667251,0.01813460882603901,0.8399999999999999
ccdefault,rf,treeshap,177,0.8935162783666998,0.025959653103561187,0.7999999999999999
ccdefault,rf,treeshap,178,0.8094446481212216,0.017358434597843697,0.7999999999999999
ccdefault,rf,treeshap,179,0.9113371750472423,0.022297453820224633,0.86
ccdefault,rf,treeshap,180,0.9158787811662512,0.01832719535596561,0.8400000000000001
ccdefault,rf,treeshap,181,0.7976380789878362,0.025996191184777806,0.72
ccdefault,rf,treeshap,182,0.8175350823146929,0.0216270101362811,0.8400000000000001
ccdefault,rf,treeshap,183,0.8622899906875388,0.010142157277326369,0.82
ccdefault,rf,treeshap,184,0.6617227963058905,0.027727913326120457,1.0
ccdefault,rf,treeshap,185,0.9192140256563329,0.017321690627269404,1.0
ccdefault,rf,treeshap,186,0.905386173062098,0.025033707195572297,0.86
ccdefault,rf,treeshap,187,0.8532650153679265,0.022508780876357548,0.82
ccdefault,rf,treeshap,188,0.8956340585953599,0.02037993958164175,0.7999999999999999
ccdefault,rf,treeshap,189,0.9503771864860795,0.00992649472379592,0.9199999999999999
ccdefault,rf,treeshap,190,0.8799399395371766,0.012670497790539081,0.9199999999999999
ccdefault,rf,treeshap,191,0.5201925829491251,0.009729540055688046,1.0
ccdefault,rf,treeshap,192,0.8268303512877837,0.014079453609104009,0.82
ccdefault,rf,treeshap,193,0.8519531973041273,0.01927983888524276,0.8400000000000001
ccdefault,rf,treeshap,194,0.8575652615992958,0.011851444045688608,0.8400000000000001
ccdefault,rf,treeshap,195,0.9150109369927366,0.017440168128500133,0.86
ccdefault,rf,treeshap,196,0.6392960857721237,0.004549188498107148,0.86
ccdefault,rf,treeshap,197,0.513819746263877,0.011183657555427828,0.8799999999999999
ccdefault,rf,treeshap,198,0.7491050188796687,0.012560376640258553,1.0
ccdefault,rf,treeshap,199,0.8658020760650869,0.03386942600112197,0.82
ccdefault,rf,treeshap,200,0.7796482345204991,0.01660014546932831,1.0
ccdefault,rf,treeshap,201,0.9378863683622317,0.010715250214879957,0.82
ccdefault,rf,treeshap,202,0.9212975928499688,0.02060407822762511,0.8799999999999999
ccdefault,rf,treeshap,203,0.9126799419619264,0.019233157033455073,0.9199999999999999
ccdefault,rf,treeshap,204,0.9232928361367077,0.015378047154465113,0.8800000000000001
ccdefault,rf,treeshap,205,0.8869297293200834,0.025464486358965255,0.8799999999999999
ccdefault,rf,treeshap,206,0.8037147595997531,0.016557785709691353,0.86
ccdefault,rf,treeshap,207,0.9225722570625091,0.01994703401832143,0.9199999999999999
ccdefault,rf,treeshap,208,0.8438249716586199,0.015977356358191308,0.8800000000000001
ccdefault,rf,treeshap,209,0.5593913221483787,0.0021591471012186725,0.8
ccdefault,rf,treeshap,210,0.86481663920259,0.01567951445020288,0.8400000000000001
ccdefault,rf,treeshap,211,0.8627768556657245,0.020829588746455685,0.86
ccdefault,rf,treeshap,212,0.7353493284660544,0.010340460015699215,0.9200000000000002
ccdefault,rf,treeshap,213,0.8398252995841521,0.01087282565490677,0.8799999999999999
ccdefault,rf,treeshap,214,0.8629845229212993,0.028310232674568114,0.8800000000000001
ccdefault,rf,treeshap,215,0.8362313275712705,0.020135953476450474,0.8799999999999999
ccdefault,rf,treeshap,216,0.8805148242528442,0.035370090450025815,0.86
ccdefault,rf,treeshap,217,0.9177802521733381,0.017902264807484136,0.9199999999999999
ccdefault,rf,treeshap,218,0.9438615098881014,0.009374981824375461,0.8799999999999999
ccdefault,rf,treeshap,219,0.7521212853781554,0.04430108719617942,0.86
ccdefault,rf,treeshap,220,0.8514030951740221,0.012181642731416198,0.86
ccdefault,rf,treeshap,221,0.9069896542781137,0.019878616496816548,0.7999999999999999
ccdefault,rf,treeshap,222,0.9248873429627716,0.01187308311790447,0.86
ccdefault,rf,treeshap,223,0.666447138836325,0.003797857946788219,0.86
ccdefault,rf,treeshap,224,0.8741825099070523,0.036485589240126126,0.7799999999999999
ccdefault,rf,treeshap,225,0.6195813250083917,0.004331724918734237,0.8799999999999999
ccdefault,rf,treeshap,226,0.8643985556539416,0.014371971180589305,0.76
ccdefault,rf,treeshap,227,0.8646421681637493,0.02407865862823111,1.0
ccdefault,rf,treeshap,228,0.8345471463351487,0.04405275046382684,0.7999999999999999
ccdefault,rf,treeshap,229,0.763721120518024,0.02934412759695082,1.0
ccdefault,rf,treeshap,230,0.8474399073482051,0.009174355079480945,0.86
ccdefault,rf,treeshap,231,0.7440884806532707,0.00335120165421543,0.8800000000000001
ccdefault,rf,treeshap,232,0.8594020423311713,0.02847662046798971,0.7999999999999999
ccdefault,rf,treeshap,233,0.8647843104697245,0.021471911454415626,0.86
ccdefault,rf,treeshap,234,0.851873414345375,0.023293595027434222,0.8800000000000001
ccdefault,rf,treeshap,235,0.9531852491744456,0.01229936977223256,0.86
ccdefault,rf,treeshap,236,0.7371832549122551,0.002842041156593922,1.0
ccdefault,rf,treeshap,237,0.6193202708851248,0.013348334711184351,0.86
ccdefault,rf,treeshap,238,0.9083626011331454,0.014524086085104804,0.8800000000000001
ccdefault,rf,treeshap,239,0.8669914994827046,0.02009680878700526,0.7599999999999999
ccdefault,rf,treeshap,240,0.7274199797751577,0.025197971993010326,0.8400000000000001
ccdefault,rf,treeshap,241,0.7500413579035689,0.0425121579267842,0.74
ccdefault,rf,treeshap,242,0.9193435459464248,0.025162381233786668,0.9199999999999999
ccdefault,rf,treeshap,243,0.953748345310383,0.009059211695126579,0.86
ccdefault,rf,treeshap,244,0.9070444893100355,0.01115451401893175,0.82
ccdefault,rf,treeshap,245,0.912982149618454,0.013091167902941736,0.8799999999999999
ccdefault,rf,treeshap,246,0.9172587353149767,0.01587046162139294,0.7599999999999999
ccdefault,rf,treeshap,247,0.6674169054628953,0.004368981040568043,0.8800000000000001
ccdefault,rf,treeshap,248,0.9136641658324182,0.028261679209134583,0.7399999999999999
ccdefault,rf,treeshap,249,0.8782984458229202,0.025799695908953924,0.8800000000000001
ccdefault,rf,treeshap,250,0.8016589111896748,0.012957562560997338,0.7599999999999999
ccdefault,rf,treeshap,251,0.8947911966767912,0.010919015363603513,0.9199999999999999
ccdefault,rf,treeshap,252,0.8204204897562046,0.009761946351755535,0.82
ccdefault,rf,treeshap,253,0.8738798269921515,0.028080109991880264,0.8400000000000001
ccdefault,rf,treeshap,254,0.5201895182551148,0.016970970285780984,0.9199999999999999
ccdefault,rf,treeshap,255,0.8421270630423485,0.016343780980449196,1.0
ccdefault,rf,treeshap,256,0.6898717503457489,0.030239313832826964,1.0
ccdefault,rf,treeshap,257,0.9196199674603287,0.009906006654356703,0.9199999999999999
ccdefault,rf,treeshap,258,0.8476713001749075,0.010173456822196392,0.9199999999999999
ccdefault,rf,treeshap,259,0.9460666589921469,0.009055977202041321,0.8400000000000001
ccdefault,rf,treeshap,260,0.8253661747189691,0.016503812909750337,0.86
ccdefault,rf,treeshap,261,0.8556159118326925,0.018368373513848346,0.82
ccdefault,rf,treeshap,262,0.8260659323577573,0.01620661637141685,0.86
ccdefault,rf,treeshap,263,0.756024373665342,0.012110442287678325,0.86
ccdefault,rf,treeshap,264,0.8581871182388845,0.013694281140901987,0.9199999999999999
ccdefault,rf,treeshap,265,0.6323174664186813,0.0051962527306732564,1.0
ccdefault,rf,treeshap,266,0.9304451841700313,0.015211825185820205,1.0
ccdefault,rf,treeshap,267,0.5542809262346726,0.008759851138010255,0.9199999999999999
ccdefault,rf,treeshap,268,0.6158744940517611,0.026348558474583506,0.76
ccdefault,rf,treeshap,269,0.9239765897608759,0.014388973167040242,0.72
ccdefault,rf,treeshap,270,0.813097746062159,0.014711727097907024,1.0
ccdefault,rf,treeshap,271,0.736104132366808,0.06324997490565176,0.7999999999999999
ccdefault,rf,treeshap,272,0.8459756246422072,0.02522039928498787,1.0
ccdefault,rf,treeshap,273,0.6470365594781241,0.01412557873154141,0.86
ccdefault,rf,treeshap,274,0.9235184094717518,0.0146086223909494,1.0
ccdefault,rf,treeshap,275,0.9507598461979381,0.008224376062130667,1.0
ccdefault,rf,treeshap,276,0.8571264061342617,0.020714577373415644,0.9199999999999999
ccdefault,rf,treeshap,277,0.9403275053047573,0.012666706573411624,0.8400000000000001
ccdefault,rf,treeshap,278,0.6354956925639711,0.003874827704667183,0.9200000000000002
ccdefault,rf,treeshap,279,0.7733235121870033,0.00385581640379995,1.0
ccdefault,rf,treeshap,280,0.7702924165682346,0.045119155583617454,0.8400000000000001
ccdefault,rf,treeshap,281,0.8864923438752857,0.02523309834015175,1.0
ccdefault,rf,treeshap,282,0.8475972608667328,0.025106864260628248,0.8399999999999999
ccdefault,rf,treeshap,283,0.8270862982724971,0.010578571568249151,0.9199999999999999
ccdefault,rf,treeshap,284,0.8394736660080377,0.026806640233377976,0.86
ccdefault,rf,treeshap,285,0.8686643309165765,0.017961491393404527,0.86
ccdefault,rf,treeshap,286,0.9166383419565168,0.016238824045290756,0.86
ccdefault,rf,treeshap,287,0.9431307425195566,0.011347686844120575,0.9199999999999999
ccdefault,rf,treeshap,288,0.817784723613807,0.013081910190390289,0.82
ccdefault,rf,treeshap,289,0.878124994755564,0.013632142438351869,0.82
ccdefault,rf,treeshap,290,0.9122007473680535,0.011942976043395559,1.0
ccdefault,rf,treeshap,291,0.9266809650675796,0.010754019033867857,0.9199999999999999
ccdefault,rf,treeshap,292,0.8675150636221567,0.019105294584111254,0.7999999999999999
ccdefault,rf,treeshap,293,0.8866143926367787,0.03634290145631325,0.7999999999999999
ccdefault,rf,treeshap,294,0.6033826608107518,0.0011659489561944847,0.72
ccdefault,rf,treeshap,295,0.8825906885203028,0.005591616758137796,0.9199999999999999
ccdefault,rf,treeshap,296,0.9227474105496875,0.018699667001654596,1.0
ccdefault,rf,treeshap,297,0.8939824659525035,0.023848086609985275,0.8800000000000001
ccdefault,rf,treeshap,298,0.763233268083684,0.010964281681805632,0.82
ccdefault,rf,treeshap,299,0.8840894152070998,0.02049963944014921,0.7999999999999999
ccdefault,rf,treeshap,300,0.9341055306438835,0.013563177593824749,0.86
ccdefault,rf,treeshap,301,0.8840991971855197,0.017087836441871396,0.9199999999999999
ccdefault,rf,treeshap,302,0.7279561287742071,0.017123399393293326,0.9199999999999999
ccdefault,rf,treeshap,303,0.9099176473939139,0.00940144344449334,0.7999999999999999
ccdefault,rf,treeshap,304,0.7176166035279469,0.018788914058027295,0.7399999999999999
ccdefault,rf,treeshap,305,0.9438516290786341,0.011240263081352841,0.86
ccdefault,rf,treeshap,306,0.8174853020104056,0.038432642928164285,0.86
ccdefault,rf,treeshap,307,0.8455791530667349,0.026389836800629007,0.8399999999999999
ccdefault,rf,treeshap,308,0.8141385188541393,0.05896369720954764,0.6000000000000001
ccdefault,rf,treeshap,309,0.9144402827163335,0.015692146589622702,0.82
ccdefault,rf,treeshap,310,0.9484894430527968,0.014716547364137966,0.9199999999999999
ccdefault,rf,treeshap,311,0.7961584277724888,0.0469556338461683,0.8399999999999999
ccdefault,rf,treeshap,312,0.7411844184342022,0.02458136312681225,0.9199999999999999
ccdefault,rf,treeshap,313,0.6488819111792881,0.02171744291834643,1.0
ccdefault,rf,treeshap,314,0.8602233736518434,0.01396745274508393,0.9200000000000002
ccdefault,rf,treeshap,315,0.9026050456906638,0.009314339252557757,1.0
ccdefault,rf,treeshap,316,0.8589609335039858,0.024340519891195678,0.82
ccdefault,rf,treeshap,317,0.5713221479603311,0.00913586544074918,0.8399999999999999
ccdefault,rf,treeshap,318,0.922183930127795,0.01081202966124406,0.8800000000000001
ccdefault,rf,treeshap,319,0.8764313174347376,0.019881713045576732,1.0
ccdefault,rf,treeshap,320,0.8763433965106058,0.02157146811302546,0.7799999999999999
ccdefault,rf,treeshap,321,0.9382586956023717,0.008412653432121275,1.0
ccdefault,rf,treeshap,322,0.6247944361226578,0.003428211180973584,1.0
ccdefault,rf,treeshap,323,0.8400271173158156,0.011938216870678864,0.82
ccdefault,rf,treeshap,324,0.9150765575906924,0.019295288192266113,0.9200000000000002
ccdefault,rf,treeshap,325,0.7814872785569127,0.004225148240045717,0.9199999999999999
ccdefault,rf,treeshap,326,0.588557729519321,0.003428305842211765,0.86
ccdefault,rf,treeshap,327,0.8823608513607668,0.019722043321402483,0.9199999999999999
ccdefault,rf,treeshap,328,0.897046569809044,0.02404280829986649,0.7999999999999999
ccdefault,rf,treeshap,329,0.8764166980460166,0.028375747901384862,0.8400000000000001
ccdefault,rf,treeshap,330,0.5479203922706427,0.0016542808784694163,0.7999999999999999
ccdefault,rf,treeshap,331,0.9401637056488287,0.01599965135280268,0.7999999999999999
ccdefault,rf,treeshap,332,0.8702139074956511,0.021966051105058226,0.8
ccdefault,rf,treeshap,333,0.5718888018069639,0.01175199865216503,1.0
ccdefault,rf,treeshap,334,0.840669901408815,0.018749287723602626,0.9199999999999999
ccdefault,rf,treeshap,335,0.7942559979225693,0.019712379257106227,1.0
ccdefault,rf,treeshap,336,0.8841397715357389,0.01185119550203484,1.0
ccdefault,rf,treeshap,337,0.6537407757167022,0.003025183291768485,0.8399999999999999
ccdefault,rf,treeshap,338,0.8128231122586029,0.019654102856608624,0.86
ccdefault,rf,treeshap,339,0.9294220312670662,0.015207397409768175,0.7999999999999999
ccdefault,rf,treeshap,340,0.9474079917242844,0.014152766530778349,0.8799999999999999
ccdefault,rf,treeshap,341,0.8791505751683335,0.014150489215116635,0.9199999999999999
ccdefault,rf,treeshap,342,0.5281486191931619,0.001392437769378141,0.8
ccdefault,rf,treeshap,343,0.8340745929597715,0.013727340544159139,0.9199999999999999
ccdefault,rf,treeshap,344,0.5213010728449964,0.01381094362575186,1.0
ccdefault,rf,treeshap,345,0.6031241877445981,0.0011716703724380384,0.7799999999999999
ccdefault,rf,treeshap,346,0.7721812708821701,0.02994011202023239,0.8800000000000001
ccdefault,rf,treeshap,347,0.6806138031289926,0.011243395288033198,0.86
ccdefault,rf,treeshap,348,0.8654022041099898,0.03080733233361843,0.72
ccdefault,rf,treeshap,349,0.8429655142682343,0.00813463190288155,0.8400000000000001
ccdefault,rf,treeshap,350,0.800607624252979,0.02124147011201638,0.6799999999999999
ccdefault,rf,treeshap,351,0.8771562629693092,0.011468185493188288,1.0
ccdefault,rf,treeshap,352,0.746268681220621,0.012555795478925935,0.9199999999999999
ccdefault,rf,treeshap,353,0.5810087902038038,0.01586692617029395,0.9199999999999999
ccdefault,rf,treeshap,354,0.8902339987404737,0.008983065057654116,1.0
ccdefault,rf,treeshap,355,0.9330235056377105,0.009025103028043269,0.9200000000000002
ccdefault,rf,treeshap,356,0.8639873220548585,0.026586945748971802,0.76
ccdefault,rf,treeshap,357,0.8141294703444644,0.013695409265324754,0.7999999999999999
ccdefault,rf,treeshap,358,0.86222377597634,0.018264684421172128,0.8400000000000001
ccdefault,rf,treeshap,359,0.7214983357640542,0.029706786662059725,0.8
ccdefault,rf,treeshap,360,0.8446185052543139,0.01802464471674481,0.74
ccdefault,rf,treeshap,361,0.7517978662241804,0.0271709066196969,0.9199999999999999
ccdefault,rf,treeshap,362,0.8920656479271489,0.010997880888997336,0.8400000000000001
ccdefault,rf,treeshap,363,0.67521037247279,0.02993509513060144,1.0
ccdefault,rf,treeshap,364,0.9277865994279265,0.012058502036942031,0.7999999999999999
ccdefault,rf,treeshap,365,0.7809055937906029,0.012602611412964704,0.8800000000000001
ccdefault,rf,treeshap,366,0.9282625734228361,0.01667758870590441,1.0
ccdefault,rf,treeshap,367,0.7216525905439963,0.015958865872512384,0.8800000000000001
ccdefault,rf,treeshap,368,0.9069061944142595,0.012684737847554195,0.8400000000000001
ccdefault,rf,treeshap,369,0.8084254047272637,0.030576939921160395,0.86
ccdefault,rf,treeshap,370,0.5357263529350207,0.013288291997803348,0.8800000000000001
ccdefault,rf,treeshap,371,0.9246196670888557,0.012898156039160669,0.8800000000000001
ccdefault,rf,treeshap,372,0.7414237117934972,0.0340531321397719,0.8400000000000001
ccdefault,rf,treeshap,373,0.8378570986175917,0.01034495049927564,0.82
ccdefault,rf,treeshap,374,0.5433456154035893,0.0019391389573171214,0.8
ccdefault,rf,treeshap,375,0.8538406238243569,0.011958617295341312,0.86
ccdefault,rf,treeshap,376,0.808405925864553,0.046575117023367474,0.6599999999999999
ccdefault,rf,treeshap,377,0.724455906152907,0.008675196143756003,1.0
ccdefault,rf,treeshap,378,0.9268795639734867,0.011566313115698001,0.9199999999999999
ccdefault,rf,treeshap,379,0.9417478655557634,0.011412770235851966,0.72
ccdefault,rf,treeshap,380,0.7775765383913393,0.007901224906539106,0.86
ccdefault,rf,treeshap,381,0.9152288291660862,0.0094276236484937,0.8399999999999999
ccdefault,rf,treeshap,382,0.7628366001839146,0.0033299157848049044,0.86
ccdefault,rf,treeshap,383,0.8955342413094289,0.02167063026539784,0.8399999999999999
ccdefault,rf,treeshap,384,0.7335028539828539,0.011377710664057572,0.86
ccdefault,rf,treeshap,385,0.8454748224144065,0.024345271386391643,1.0
ccdefault,rf,treeshap,386,0.8353271422747148,0.022666760681757103,0.82
ccdefault,rf,treeshap,387,0.9207578970335657,0.01146256410035651,0.74
ccdefault,rf,treeshap,388,0.6680655942139666,0.02857522396859591,0.9199999999999999
ccdefault,rf,treeshap,389,0.8806624273816619,0.02143780603344181,0.8800000000000001
ccdefault,rf,treeshap,390,0.841634874831129,0.009795072736187849,0.86
ccdefault,rf,treeshap,391,0.6307006434616547,0.010691583751516354,1.0
ccdefault,rf,treeshap,392,0.5814292651870758,0.0021685311302235277,0.78
ccdefault,rf,treeshap,393,0.5104745732951479,0.017141857125596238,1.0
ccdefault,rf,treeshap,394,0.8548775396100471,0.012855818359746474,0.82
ccdefault,rf,treeshap,395,0.9068536488834844,0.014762603285653375,0.72
ccdefault,rf,treeshap,396,0.9190644301881159,0.01348753987945217,0.8400000000000001
ccdefault,rf,treeshap,397,0.723140899623133,0.0030916784703821643,0.8800000000000001
ccdefault,rf,treeshap,398,0.5900034967140274,0.010900639898052455,0.86
ccdefault,rf,treeshap,399,0.8677212719951335,0.014745497266643759,0.8399999999999999
ccdefault,rf,treeshap,400,0.8481292918876546,0.03220875977865101,0.86
ccdefault,rf,treeshap,401,0.9233212799411327,0.01776704958100006,0.9199999999999999
ccdefault,rf,treeshap,402,0.7958189124453037,0.02829725342215461,0.7999999999999999
ccdefault,rf,treeshap,403,0.9262396249777991,0.017442665145194214,0.9199999999999999
ccdefault,rf,treeshap,404,0.7902291364877108,0.017094471397765654,0.9199999999999999
ccdefault,rf,treeshap,405,0.6131674572890659,0.001233563766352419,0.7799999999999999
ccdefault,rf,treeshap,406,0.8524225671608072,0.015708088719319724,0.7399999999999999
ccdefault,rf,treeshap,407,0.9060525838672546,0.01286802997028913,0.86
ccdefault,rf,treeshap,408,0.5165276874278334,0.0023091532386876334,0.82
ccdefault,rf,treeshap,409,0.8954736294634383,0.03487451061115865,0.86
ccdefault,rf,treeshap,410,0.7833801308532273,0.010277186690285434,0.86
ccdefault,rf,treeshap,411,0.8554192680988381,0.026349880894884103,0.7999999999999999
ccdefault,rf,treeshap,412,0.8016293214360829,0.05895687677783479,0.76
ccdefault,rf,treeshap,413,0.7877109087707395,0.04624880147448829,0.72
ccdefault,rf,treeshap,414,0.7673460000722695,0.047981800475726644,0.8
ccdefault,rf,treeshap,415,0.7680440715305116,0.0196096598187413,0.86
ccdefault,rf,treeshap,416,0.8475669292063287,0.015206044023459375,0.8400000000000001
ccdefault,rf,treeshap,417,0.8868273446152994,0.028642554065183345,0.8399999999999999
ccdefault,rf,treeshap,418,0.7009294038995939,0.006976114702677116,0.7999999999999999
ccdefault,rf,treeshap,419,0.9172997297788994,0.010522424867465019,0.8400000000000001
ccdefault,rf,treeshap,420,0.9258715015561906,0.010260676837373417,0.86
ccdefault,rf,treeshap,421,0.8518513493872846,0.01115944003301339,0.82
ccdefault,rf,treeshap,422,0.9115058330855069,0.01551944338068445,0.86
ccdefault,rf,treeshap,423,0.8781727331414905,0.015670090523447477,0.74
ccdefault,rf,treeshap,424,0.5312729473907221,0.0032608511084651903,0.6599999999999999
ccdefault,rf,treeshap,425,0.795109067903901,0.021836961326278326,0.9199999999999999
ccdefault,rf,treeshap,426,0.9334404434395378,0.017398739672793262,1.0
ccdefault,rf,treeshap,427,0.8633627496034393,0.02169160322596131,0.86
ccdefault,rf,treeshap,428,0.5265392983797725,0.0014875452580691562,0.6399999999999999
ccdefault,rf,treeshap,429,0.8577856482562648,0.014835473707687563,0.8800000000000001
ccdefault,rf,treeshap,430,0.8755466565307619,0.0231234676941805,1.0
ccdefault,rf,treeshap,431,0.8983861299374079,0.024581060267042654,0.9199999999999999
ccdefault,rf,treeshap,432,0.8853131749609506,0.022050721198208834,0.9199999999999999
ccdefault,rf,treeshap,433,0.934979832569389,0.014233507397512724,0.8400000000000001
ccdefault,rf,treeshap,434,0.9460637349724712,0.00870109319467871,0.8400000000000001
ccdefault,rf,treeshap,435,0.9374559137748706,0.009254584395395171,0.86
ccdefault,rf,treeshap,436,0.7576308475634986,0.01060670973266531,0.8799999999999999
ccdefault,rf,treeshap,437,0.8747076205624505,0.0217212245263958,0.76
ccdefault,rf,treeshap,438,0.740785434007663,0.01402435243579947,1.0
ccdefault,rf,treeshap,439,0.7222419801177414,0.011074952068981125,0.9199999999999999
ccdefault,rf,treeshap,440,0.8540580073671954,0.024587865453503888,0.8799999999999999
ccdefault,rf,treeshap,441,0.8920071890395315,0.018734185867127495,0.82
ccdefault,rf,treeshap,442,0.9440154680609141,0.008185423481011478,0.9199999999999999
ccdefault,rf,treeshap,443,0.6689538844279654,0.004961742643371125,0.9199999999999999
ccdefault,rf,treeshap,444,0.5439442122533655,0.011221797923145038,0.8799999999999999
ccdefault,rf,treeshap,445,0.8714987401590856,0.012834739306837095,0.8800000000000001
ccdefault,rf,treeshap,446,0.8467588728290047,0.016716904977735147,0.7799999999999999
ccdefault,rf,treeshap,447,0.6499964582834528,0.028595866866070963,0.86
ccdefault,rf,treeshap,448,0.5339978181921117,0.0020873245658931117,0.72
ccdefault,rf,treeshap,449,0.7523604329190758,0.03251795446214556,0.86
ccdefault,rf,treeshap,450,0.9173718645202396,0.011546375852149127,0.8400000000000001
ccdefault,rf,treeshap,451,0.7357803927025229,0.02593494809090724,0.9199999999999999
ccdefault,rf,treeshap,452,0.8958741177261087,0.016848435584456256,0.8400000000000001
ccdefault,rf,treeshap,453,0.8428197203328442,0.020025184840810284,0.86
ccdefault,rf,treeshap,454,0.8835283288098488,0.011089963103745548,1.0
ccdefault,rf,treeshap,455,0.8728199700249586,0.011809203065857199,0.9199999999999999
ccdefault,rf,treeshap,456,0.6906027554547418,0.04961072658960597,0.7599999999999999
ccdefault,rf,treeshap,457,0.6710484750226432,0.004239477984488316,1.0
ccdefault,rf,treeshap,458,0.9314553853914903,0.014748297324231663,0.86
ccdefault,rf,treeshap,459,0.8411191827160849,0.020184166845546025,0.9199999999999999
ccdefault,rf,treeshap,460,0.82329050671811,0.032321272745294394,0.8799999999999999
ccdefault,rf,treeshap,461,0.9380840415695418,0.011266971796162983,0.9199999999999999
ccdefault,rf,treeshap,462,0.9037423113844536,0.016096760255335796,0.86
ccdefault,rf,treeshap,463,0.8694397518874265,0.020658262438894903,0.8800000000000001
ccdefault,rf,treeshap,464,0.9113266058656869,0.013492922780825367,1.0
ccdefault,rf,treeshap,465,0.86408146653748,0.022853236449950187,0.7799999999999999
ccdefault,rf,treeshap,466,0.8417444099914642,0.023873756171867044,0.86
ccdefault,rf,treeshap,467,0.8381150047187675,0.012414217300736774,0.8799999999999999
ccdefault,rf,treeshap,468,0.7960127782329514,0.021488288059050786,0.8800000000000001
ccdefault,rf,treeshap,469,0.889792912007777,0.015259490096088846,0.7999999999999999
ccdefault,rf,treeshap,470,0.5228192895732333,0.02489525515722979,1.0
ccdefault,rf,treeshap,471,0.5333742444879884,0.0031676800499859104,0.8399999999999999
ccdefault,rf,treeshap,472,0.5848991497063509,0.0008769423367883666,0.86
ccdefault,rf,treeshap,473,0.5315860274269641,0.009621061594637381,1.0
ccdefault,rf,treeshap,474,0.9334024045198388,0.007449283001433216,0.86
ccdefault,rf,treeshap,475,0.5965418649303911,0.012052676886416203,0.8800000000000001
ccdefault,rf,treeshap,476,0.6388661612325942,0.0035329569743508538,1.0
ccdefault,rf,treeshap,477,0.924323346798573,0.021299819495755656,0.7599999999999999
ccdefault,rf,treeshap,478,0.9517874373096854,0.009600444147650378,1.0
ccdefault,rf,treeshap,479,0.6712013130604003,0.012357589594380158,1.0
ccdefault,rf,treeshap,480,0.9414385285590008,0.0131724982604281,0.86
ccdefault,rf,treeshap,481,0.9441571694599901,0.012434990411849922,0.8800000000000001
ccdefault,rf,treeshap,482,0.9223274251957087,0.021305723629988504,0.82
ccdefault,rf,treeshap,483,0.917979241639625,0.01859365192374729,0.86
ccdefault,rf,treeshap,484,0.8504248646430366,0.016430958256291484,0.9199999999999999
ccdefault,rf,treeshap,485,0.6683472752292073,0.015185121212114128,0.7999999999999999
ccdefault,rf,treeshap,486,0.9113013667840884,0.012672110134938519,0.86
ccdefault,rf,treeshap,487,0.5925636356770871,0.011818357911076993,0.86
ccdefault,rf,treeshap,488,0.6676723651295366,0.01745141069248901,0.86
ccdefault,rf,treeshap,489,0.8588943276362446,0.02151128121557999,0.8400000000000001
ccdefault,rf,treeshap,490,0.9253977406530449,0.012996075573368238,0.8400000000000001
ccdefault,rf,treeshap,491,0.8750119453435214,0.02405741862445543,0.86
ccdefault,rf,treeshap,492,0.705008654303181,0.018661454815042666,1.0
ccdefault,rf,treeshap,493,0.8150471124698001,0.03427995094669678,0.7799999999999999
ccdefault,rf,treeshap,494,0.8298725901606113,0.02245994924363859,0.8400000000000001
ccdefault,rf,treeshap,495,0.8333364073023345,0.03835748318889998,0.7999999999999999
ccdefault,rf,treeshap,496,0.9261135418614703,0.010710506779402884,1.0
ccdefault,rf,treeshap,497,0.8726262853190103,0.019075086490190074,0.86
ccdefault,rf,treeshap,498,0.8633807283427659,0.03571959749114095,0.9200000000000002
ccdefault,rf,treeshap,499,0.6707275044241185,0.011539876756450851,0.86
ccdefault,rf,lime,0,0.5923752721907449,0.011832583043799971,0.8400000000000001
ccdefault,rf,lime,1,0.7688164788452151,0.021020708126314624,0.9199999999999999
ccdefault,rf,lime,2,0.5460908804600247,0.01665327925880855,0.8800000000000001
ccdefault,rf,lime,3,0.8774402086302395,0.22270405827079942,0.48
ccdefault,rf,lime,4,0.850819195734904,0.11231452692904165,0.7
ccdefault,rf,lime,5,0.8096500979199753,0.19771437680646042,0.6399999999999999
ccdefault,rf,lime,6,0.9565038240924281,0.09739036336984608,0.6599999999999999
ccdefault,rf,lime,7,0.5235379514128262,0.015512774762907688,0.8400000000000001
ccdefault,rf,lime,8,0.8810599880434717,0.13703525422680252,0.5999999999999999
ccdefault,rf,lime,9,0.698796771111027,0.015368929902227046,0.8800000000000001
ccdefault,rf,lime,10,0.8414763004029094,0.20466496340237839,0.6399999999999999
ccdefault,rf,lime,11,0.6947990628454729,0.1239809643502141,1.0
ccdefault,rf,lime,12,0.549961783432438,0.01793157757071917,0.8800000000000001
ccdefault,rf,lime,13,0.8068293401793529,0.08129320376435578,0.8399999999999999
ccdefault,rf,lime,14,0.8956409071561866,0.24968911232356839,0.6
ccdefault,rf,lime,15,0.7125686216124477,0.07743399433540721,0.74
ccdefault,rf,lime,16,0.9056699122621698,0.16156275171692924,0.5200000000000001
ccdefault,rf,lime,17,0.8598112612080329,0.10466407161608904,0.5399999999999999
ccdefault,rf,lime,18,0.7673473080692023,0.21941032426453633,0.6199999999999999
ccdefault,rf,lime,19,0.773170810662695,0.21584481189645466,0.5
ccdefault,rf,lime,20,0.795829008480031,0.025780114767452234,0.72
ccdefault,rf,lime,21,0.8536220360398087,0.1412453678506843,0.58
ccdefault,rf,lime,22,0.7710175257087408,0.03183143806984956,0.6599999999999999
ccdefault,rf,lime,23,0.8551427918534346,0.10844766939367578,0.6399999999999999
ccdefault,rf,lime,24,0.7880174574439073,0.12747506641763962,0.6399999999999999
ccdefault,rf,lime,25,0.8713123237010295,0.13265983151891736,0.6799999999999999
ccdefault,rf,lime,26,0.5319607066424697,0.02530787557283587,0.6599999999999999
ccdefault,rf,lime,27,0.8187228327522226,0.17186444512466303,0.6
ccdefault,rf,lime,28,0.565142412814978,0.021080888651721308,0.86
ccdefault,rf,lime,29,0.9119238330526056,0.14979337605853416,0.4600000000000001
ccdefault,rf,lime,30,0.91661734434566,0.09418052605748195,0.62
ccdefault,rf,lime,31,0.8720671831161256,0.14667058032784708,0.5599999999999999
ccdefault,rf,lime,32,0.8515107173326066,0.22507748753872647,0.4600000000000001
ccdefault,rf,lime,33,0.7594808913053771,0.01856452354112792,0.8
ccdefault,rf,lime,34,0.9624474207854667,0.21557655789716845,0.6399999999999999
ccdefault,rf,lime,35,0.9296163076484923,0.1304022795823503,0.62
ccdefault,rf,lime,36,0.6901863220774236,0.02071474722430966,0.6599999999999999
ccdefault,rf,lime,37,0.9375116590271446,0.08505484935317009,0.7
ccdefault,rf,lime,38,0.9307194053635823,0.19050513137437441,0.6399999999999999
ccdefault,rf,lime,39,0.9273170963949153,0.12864894105318214,0.5399999999999999
ccdefault,rf,lime,40,0.9006157710812113,0.195170333014816,0.5999999999999999
ccdefault,rf,lime,41,0.8539193940637612,0.15215319052158804,0.5399999999999999
ccdefault,rf,lime,42,0.7669234578157795,0.032343336875113815,0.6
ccdefault,rf,lime,43,0.8271772504892247,0.0900766320022075,0.76
ccdefault,rf,lime,44,0.946310629544658,0.1390637617694852,0.6199999999999999
ccdefault,rf,lime,45,0.8662043759801259,0.11583637326335428,0.6799999999999999
ccdefault,rf,lime,46,0.9081427021976539,0.09802293720284161,0.5
ccdefault,rf,lime,47,0.8622310722897671,0.15281373410765597,0.5799999999999998
ccdefault,rf,lime,48,0.8463815034933884,0.09924136502895509,0.7
ccdefault,rf,lime,49,0.6596060654762116,0.024196188201414337,0.7
ccdefault,rf,lime,50,0.9607481625314499,0.2181927677384634,0.6599999999999998
ccdefault,rf,lime,51,0.5147632270042724,0.03538808814397565,0.6999999999999998
ccdefault,rf,lime,52,0.5404487961224492,0.01713696254784336,0.8800000000000001
ccdefault,rf,lime,53,0.8957783443113481,0.12028721643903606,0.5800000000000001
ccdefault,rf,lime,54,0.8456354999322706,0.22717384507787197,0.5399999999999999
ccdefault,rf,lime,55,0.8946406003211219,0.13583987695676036,0.6000000000000001
ccdefault,rf,lime,56,0.9522446450339046,0.09349186127135511,0.58
ccdefault,rf,lime,57,0.9236922322156949,0.18366060687033348,0.42000000000000004
ccdefault,rf,lime,58,0.8157377852259824,0.1488185260789795,0.6599999999999999
ccdefault,rf,lime,59,0.8633950227462547,0.10362159546128225,0.6799999999999999
ccdefault,rf,lime,60,0.7923071807694921,0.08226086415465339,0.8400000000000001
ccdefault,rf,lime,61,0.7890485012117943,0.03476908231548459,0.6399999999999999
ccdefault,rf,lime,62,0.5913816929668114,0.0788432028755699,0.8400000000000001
ccdefault,rf,lime,63,0.931116991142401,0.21925643601893663,0.6199999999999999
ccdefault,rf,lime,64,0.8649357900494561,0.22299640672488852,0.52
ccdefault,rf,lime,65,0.8643616936521672,0.15147921589759217,0.5800000000000001
ccdefault,rf,lime,66,0.8001391206884282,0.10307463581113241,0.52
ccdefault,rf,lime,67,0.7255297411350942,0.17708437356369144,0.48
ccdefault,rf,lime,68,0.6060346377336285,0.06500729894059831,0.8399999999999999
ccdefault,rf,lime,69,0.8201042191912808,0.10981833686314779,0.6599999999999999
ccdefault,rf,lime,70,0.850603754582328,0.07599717456174204,0.7
ccdefault,rf,lime,71,0.8514228147311325,0.09714615570922303,0.82
ccdefault,rf,lime,72,0.73511743107504,0.08277037549895261,0.82
ccdefault,rf,lime,73,0.8666678639214025,0.10878998978979071,0.6399999999999999
ccdefault,rf,lime,74,0.8974215197066782,0.12477567378155785,0.5999999999999999
ccdefault,rf,lime,75,0.8828829013911452,0.13370182342458659,0.5200000000000001
ccdefault,rf,lime,76,0.8486119979614795,0.10813824988876775,0.52
ccdefault,rf,lime,77,0.8891172300626383,0.09336152081107918,0.5599999999999999
ccdefault,rf,lime,78,0.7028295508812913,0.06490631391788093,0.7
ccdefault,rf,lime,79,0.7757868860002775,0.12740251633231703,0.7399999999999999
ccdefault,rf,lime,80,0.507415494738053,0.01809072114266308,0.8800000000000001
ccdefault,rf,lime,81,0.7331932923926484,0.02376252360423814,1.0
ccdefault,rf,lime,82,0.6800041060972365,0.01995928496139021,1.0
ccdefault,rf,lime,83,0.8458998117143063,0.14261292757210664,0.5000000000000001
ccdefault,rf,lime,84,0.5765674544179656,0.016365941978262355,0.8400000000000001
ccdefault,rf,lime,85,0.7322071395299969,0.018254667981665862,0.86
ccdefault,rf,lime,86,0.7623419704686579,0.10228577400899597,0.9199999999999999
ccdefault,rf,lime,87,0.5396496650087954,0.015679527698742035,0.7999999999999999
ccdefault,rf,lime,88,0.9138289113541551,0.13787560353093142,0.7
ccdefault,rf,lime,89,0.8339211593310847,0.18370780506003093,0.58
ccdefault,rf,lime,90,0.8622209011539619,0.09707439841113374,0.6199999999999999
ccdefault,rf,lime,91,0.5337340809317015,0.03394241882103799,0.6999999999999998
ccdefault,rf,lime,92,0.5424883745319226,0.01750089095656404,1.0
ccdefault,rf,lime,93,0.5745217929368674,0.01670855487316092,0.8400000000000001
ccdefault,rf,lime,94,0.5515908684990253,0.03858768905044063,0.86
ccdefault,rf,lime,95,0.9092797304545993,0.12357625482515822,0.6599999999999999
ccdefault,rf,lime,96,0.8509903815180101,0.10929423909529845,0.6199999999999999
ccdefault,rf,lime,97,0.8507850240593264,0.16426261701961187,0.5599999999999999
ccdefault,rf,lime,98,0.8982753123787308,0.20559249754672992,0.72
ccdefault,rf,lime,99,0.7783378819151472,0.12522007109845978,0.6799999999999999
ccdefault,hgb,treeshap,0,0.672012068641872,0.012974328731491291,0.8399999999999999
ccdefault,hgb,treeshap,1,0.7819173348815976,0.01841794977764033,0.9199999999999999
ccdefault,hgb,treeshap,2,0.5635567455377373,0.08541811917758524,0.7199999999999999
ccdefault,hgb,treeshap,3,0.8893001976967572,0.07978223680061647,0.7
ccdefault,hgb,treeshap,4,0.8636789267645923,0.06331112961167895,0.76
ccdefault,hgb,treeshap,5,0.8268543133389528,0.10064020135654705,0.86
ccdefault,hgb,treeshap,6,0.9612446189234258,0.08117743758882556,0.76
ccdefault,hgb,treeshap,7,0.5466317318626926,0.09270457449039982,0.8399999999999999
ccdefault,hgb,treeshap,8,0.9004046667965572,0.07590817917168435,0.7199999999999999
ccdefault,hgb,treeshap,9,0.7585339732823908,0.009241356097072995,0.72
ccdefault,hgb,treeshap,10,0.8251830091157343,0.07427140607448446,0.74
ccdefault,hgb,treeshap,11,0.6399559437736743,0.20324848166183007,0.72
ccdefault,hgb,treeshap,12,0.5772048858508991,0.06780907958610283,0.8399999999999999
ccdefault,hgb,treeshap,13,0.7835969152435284,0.1040828497205114,0.6599999999999999
ccdefault,hgb,treeshap,14,0.8829323063759882,0.13480055131675572,0.7
ccdefault,hgb,treeshap,15,0.7869000141804391,0.07925055618164534,0.8399999999999999
ccdefault,hgb,treeshap,16,0.8839565511573564,0.061894752925939045,0.7199999999999999
ccdefault,hgb,treeshap,17,0.8476360810864708,0.12615021212986421,0.7599999999999999
ccdefault,hgb,treeshap,18,0.7400566443621965,0.11242489628761876,0.7999999999999999
ccdefault,hgb,treeshap,19,0.7985589097834657,0.12664419059739718,0.6799999999999999
ccdefault,hgb,treeshap,20,0.7504351921375784,0.08359630716370514,0.6799999999999999
ccdefault,hgb,treeshap,21,0.8570946331366578,0.045715758898429604,0.78
ccdefault,hgb,treeshap,22,0.8088228103256488,0.18177187259068028,0.6199999999999999
ccdefault,hgb,treeshap,23,0.8440622508324861,0.09296960451475678,0.58
ccdefault,hgb,treeshap,24,0.8523766917500082,0.06701712868999365,0.9199999999999999
ccdefault,hgb,treeshap,25,0.8778490865835579,0.09187318912581277,0.7399999999999999
ccdefault,hgb,treeshap,26,0.6056317224425605,0.006708524941543503,0.6
ccdefault,hgb,treeshap,27,0.8128719163096619,0.08861172924631777,0.6799999999999999
ccdefault,hgb,treeshap,28,0.5962121050070481,0.08499837702564572,0.8399999999999999
ccdefault,hgb,treeshap,29,0.8801628402887243,0.16432416133228356,0.62
ccdefault,hgb,treeshap,30,0.9036642941000377,0.18699308693435124,0.4800000000000001
ccdefault,hgb,treeshap,31,0.9018645938227848,0.07759002328440245,0.8400000000000001
ccdefault,hgb,treeshap,32,0.8672329385182806,0.09921764989965742,0.8400000000000001
ccdefault,hgb,treeshap,33,0.6932082904378593,0.16502713185436824,0.6799999999999999
ccdefault,hgb,treeshap,34,0.9660548938883478,0.10581029076200732,0.7799999999999999
ccdefault,hgb,treeshap,35,0.9281779499305826,0.058369628840923005,0.86
ccdefault,hgb,treeshap,36,0.6549061108469635,0.09966442701238276,0.8400000000000001
ccdefault,hgb,treeshap,37,0.9393252262794636,0.053339586963174646,0.7199999999999999
ccdefault,hgb,treeshap,38,0.9238216535895727,0.07296836109776206,0.6599999999999999
ccdefault,hgb,treeshap,39,0.9205610350719692,0.06483316394246041,0.6399999999999999
ccdefault,hgb,treeshap,40,0.9116451983894743,0.19202120008369317,0.5799999999999998
ccdefault,hgb,treeshap,41,0.8705413218203777,0.15117207847705516,0.45999999999999996
ccdefault,hgb,treeshap,42,0.7519823930059528,0.07457994065273221,0.7799999999999999
ccdefault,hgb,treeshap,43,0.90121074128113,0.13602393682837022,0.6
ccdefault,hgb,treeshap,44,0.9512194116232469,0.0657134578459525,0.7599999999999999
ccdefault,hgb,treeshap,45,0.8698788963385129,0.11389974474882236,0.6999999999999998
ccdefault,hgb,treeshap,46,0.9009784957293601,0.2018744896099679,0.7
ccdefault,hgb,treeshap,47,0.9120586924510518,0.09778180926371383,0.6999999999999998
ccdefault,hgb,treeshap,48,0.8663399396139221,0.10394491105951376,0.7
ccdefault,hgb,treeshap,49,0.6208445889677349,0.09332479382712378,0.7399999999999999
ccdefault,hgb,treeshap,50,0.9663755508166864,0.08972511834408137,0.7199999999999999
ccdefault,hgb,treeshap,51,0.5927944170972586,0.002372384066323674,0.62
ccdefault,hgb,treeshap,52,0.5895255205508892,0.08157102084002221,0.86
ccdefault,hgb,treeshap,53,0.875355449931053,0.18167286107093583,0.7
ccdefault,hgb,treeshap,54,0.8569720947763948,0.10009690371418978,0.7399999999999999
ccdefault,hgb,treeshap,55,0.8647588440210683,0.14606987856791986,0.5399999999999999
ccdefault,hgb,treeshap,56,0.946584197381035,0.112048456579531,0.6199999999999999
ccdefault,hgb,treeshap,57,0.9325295959155365,0.10989242062630866,0.76
ccdefault,hgb,treeshap,58,0.8372349521457705,0.0997270668020882,0.6599999999999999
ccdefault,hgb,treeshap,59,0.8689352722124675,0.07768037276267403,0.7199999999999999
ccdefault,hgb,treeshap,60,0.8192159315986485,0.04741734954627719,0.6399999999999999
ccdefault,hgb,treeshap,61,0.7967122588359221,0.2166491899151911,0.5400000000000001
ccdefault,hgb,treeshap,62,0.5857254585713636,0.06311717285354279,1.0
ccdefault,hgb,treeshap,63,0.9409417236443873,0.08414893270894841,0.6
ccdefault,hgb,treeshap,64,0.9159514802308294,0.11262417198336327,0.76
ccdefault,hgb,treeshap,65,0.8879903509678503,0.07913125801755072,0.76
ccdefault,hgb,treeshap,66,0.7921235374500442,0.06351673659002233,0.7599999999999999
ccdefault,hgb,treeshap,67,0.731878301749385,0.054349517107286305,0.82
ccdefault,hgb,treeshap,68,0.5890008643927584,0.13233667051198506,0.7599999999999999
ccdefault,hgb,treeshap,69,0.7726414433453839,0.1256479352190354,0.5599999999999999
ccdefault,hgb,treeshap,70,0.8627045403554098,0.2822997781856762,0.54
ccdefault,hgb,treeshap,71,0.9280492175094407,0.14813671237383197,0.7
ccdefault,hgb,treeshap,72,0.7635366693934954,0.06562145170452438,0.86
ccdefault,hgb,treeshap,73,0.8667581196808838,0.12745894019754067,0.7
ccdefault,hgb,treeshap,74,0.8985411495699454,0.1300836143493289,0.5199999999999999
ccdefault,hgb,treeshap,75,0.8943633564823091,0.06421680416984576,0.6799999999999999
ccdefault,hgb,treeshap,76,0.8618204562821294,0.12208539722143108,0.54
ccdefault,hgb,treeshap,77,0.8980104242871061,0.09651132272093788,0.52
ccdefault,hgb,treeshap,78,0.7845556766670629,0.05814277042609617,0.9200000000000002
ccdefault,hgb,treeshap,79,0.8232262684224694,0.09531153811912729,0.8400000000000001
ccdefault,hgb,treeshap,80,0.5490739872005991,0.07249874877533136,0.9199999999999999
ccdefault,hgb,treeshap,81,0.7496709786740784,0.006836242156951222,0.7999999999999999
ccdefault,hgb,treeshap,82,0.6164996591770576,0.17051035851545393,0.6199999999999999
ccdefault,hgb,treeshap,83,0.8485238985998567,0.11818343014345944,0.6599999999999998
ccdefault,hgb,treeshap,84,0.6025378268972205,0.08815880898215256,0.6799999999999998
ccdefault,hgb,treeshap,85,0.7191434741094451,0.011989630758625358,0.6999999999999998
ccdefault,hgb,treeshap,86,0.7559092851511432,0.1287461047997358,0.82
ccdefault,hgb,treeshap,87,0.5726590998627935,0.03147175391936874,0.6599999999999999
ccdefault,hgb,treeshap,88,0.9306844416887863,0.04372979751720096,0.74
ccdefault,hgb,treeshap,89,0.8642998164371004,0.13871235525932613,0.6599999999999999
ccdefault,hgb,treeshap,90,0.865783246599195,0.05577771921854957,0.6599999999999999
ccdefault,hgb,treeshap,91,0.6538812546439623,0.004378603352792387,0.58
ccdefault,hgb,treeshap,92,0.6081430123402825,0.011577186314964294,0.6599999999999999
ccdefault,hgb,treeshap,93,0.5906645507805007,0.07067920666197547,0.86
ccdefault,hgb,treeshap,94,0.5619072285117384,0.06005212123695236,0.7399999999999999
ccdefault,hgb,treeshap,95,0.9383278483084666,0.03643797425452233,0.7999999999999999
ccdefault,hgb,treeshap,96,0.831718620894868,0.041784209060392596,0.76
ccdefault,hgb,treeshap,97,0.8260619040505282,0.10530379176349491,0.82
ccdefault,hgb,treeshap,98,0.9385855832782226,0.1444496624520557,0.6199999999999999
ccdefault,hgb,treeshap,99,0.8009410809069217,0.08477004253317877,0.72
ccdefault,hgb,treeshap,100,0.8181726574827074,0.07153442074147276,0.8400000000000001
ccdefault,hgb,treeshap,101,0.7117743256649252,0.009203673584755045,0.86
ccdefault,hgb,treeshap,102,0.8432172285703011,0.18161796450650147,0.6599999999999999
ccdefault,hgb,treeshap,103,0.5771671884526157,0.0028564772574615205,0.62
ccdefault,hgb,treeshap,104,0.8540363193146137,0.014295942282304686,0.74
ccdefault,hgb,treeshap,105,0.8222139337165189,0.11295653402596284,0.6599999999999999
ccdefault,hgb,treeshap,106,0.9134936578158955,0.07885859463901679,0.72
ccdefault,hgb,treeshap,107,0.9072107761020696,0.2382089135587936,0.6399999999999999
ccdefault,hgb,treeshap,108,0.7979582724118506,0.22216441332560333,0.58
ccdefault,hgb,treeshap,109,0.6659456832010873,0.0637433539034411,0.7799999999999999
ccdefault,hgb,treeshap,110,0.943817883017347,0.10423506117895864,0.76
ccdefault,hgb,treeshap,111,0.9631290149610814,0.08941474456316634,0.7
ccdefault,hgb,treeshap,112,0.5606585502725528,0.07307668172102955,0.82
ccdefault,hgb,treeshap,113,0.9501412279783622,0.21680312964140336,0.62
ccdefault,hgb,treeshap,114,0.91582693537718,0.14865050198226226,0.8399999999999999
ccdefault,hgb,treeshap,115,0.7748034824989285,0.06527272269507256,0.9200000000000002
ccdefault,hgb,treeshap,116,0.8352168264126713,0.1535678863111143,0.6799999999999999
ccdefault,hgb,treeshap,117,0.9225252355701287,0.1343799404442645,0.6199999999999999
ccdefault,hgb,treeshap,118,0.9476531493129429,0.12311191027287993,0.6199999999999999
ccdefault,hgb,treeshap,119,0.8416045448882338,0.2581472202204538,0.5
ccdefault,hgb,treeshap,120,0.9165558451591698,0.17255821337174027,0.5599999999999999
ccdefault,hgb,treeshap,121,0.7499954871657778,0.06557707854644124,0.72
ccdefault,hgb,treeshap,122,0.9507907515465821,0.09325533226902816,0.7
ccdefault,hgb,treeshap,123,0.8323069963538214,0.0803240236255609,0.72
ccdefault,hgb,treeshap,124,0.6214833409361983,0.07756431963293475,0.9199999999999999
ccdefault,hgb,treeshap,125,0.6866988940398417,0.09907959580307169,0.7399999999999999
ccdefault,hgb,treeshap,126,0.7997664502136604,0.2376737046148636,0.56
ccdefault,hgb,treeshap,127,0.6641846484000451,0.09500726622385502,1.0
ccdefault,hgb,treeshap,128,0.853637603814828,0.2008185670154108,0.5599999999999999
ccdefault,hgb,treeshap,129,0.908322153687059,0.08032907738401762,0.76
ccdefault,hgb,treeshap,130,0.8390704571709774,0.06353438700453773,0.6999999999999998
ccdefault,hgb,treeshap,131,0.8730460744043939,0.04702763317371339,0.6599999999999999
ccdefault,hgb,treeshap,132,0.9325121301779923,0.08603183906550416,0.6599999999999999
ccdefault,hgb,treeshap,133,0.8773196155066687,0.11575213117308647,0.6599999999999999
ccdefault,hgb,treeshap,134,0.5922291978313333,0.00933412643164322,0.6999999999999998
ccdefault,hgb,treeshap,135,0.8594658502512356,0.08085914408577499,0.6799999999999999
ccdefault,hgb,treeshap,136,0.7530028698729876,0.07910476662153676,0.9199999999999999
ccdefault,hgb,treeshap,137,0.7402665297094314,0.020149098405915722,0.8799999999999999
ccdefault,hgb,treeshap,138,0.8050144381311318,0.13523724302863316,0.6999999999999998
ccdefault,hgb,treeshap,139,0.6993273842421398,0.0097752552958571,0.9200000000000002
ccdefault,hgb,treeshap,140,0.6677330536953724,0.006342910082065223,0.72
ccdefault,hgb,treeshap,141,0.8735079648039165,0.18546229373025158,0.6799999999999999
ccdefault,hgb,treeshap,142,0.8470128073220942,0.21357663214934097,0.58
ccdefault,hgb,treeshap,143,0.9436096698463446,0.07020037178001692,0.7
ccdefault,hgb,treeshap,144,0.931473137780498,0.05574116041202415,0.7
ccdefault,hgb,treeshap,145,0.7720343055467241,0.22143245452559168,0.74
ccdefault,hgb,treeshap,146,0.6613749106754341,0.04305073022128236,0.82
ccdefault,hgb,treeshap,147,0.8525313880756809,0.0969987643353013,0.58
ccdefault,hgb,treeshap,148,0.8778736536509169,0.16654284630638738,0.7
ccdefault,hgb,treeshap,149,0.9301042519967527,0.1275097509630505,0.5399999999999999
ccdefault,hgb,treeshap,150,0.9174554768071361,0.16518036914853407,0.6599999999999999
ccdefault,hgb,treeshap,151,0.8330704360292362,0.006514035371738225,0.7799999999999999
ccdefault,hgb,treeshap,152,0.8435916342772284,0.22421937158103655,0.4800000000000001
ccdefault,hgb,treeshap,153,0.9391508580464384,0.08755050029432032,0.6999999999999998
ccdefault,hgb,treeshap,154,0.767322658992157,0.1555126076954917,0.7799999999999999
ccdefault,hgb,treeshap,155,0.8831943072697538,0.06736145342819344,0.5999999999999999
ccdefault,hgb,treeshap,156,0.8563911724428432,0.18027019906418718,0.7
ccdefault,hgb,treeshap,157,0.8142247175661167,0.06604932475129321,0.8
ccdefault,hgb,treeshap,158,0.819961354054741,0.06775448803336237,0.7799999999999999
ccdefault,hgb,treeshap,159,0.8376426745391858,0.08591200904169916,0.72
ccdefault,hgb,treeshap,160,0.9416112069551618,0.06764530717067907,0.6599999999999999
ccdefault,hgb,treeshap,161,0.6748999867141456,0.010249203106126203,0.74
ccdefault,hgb,treeshap,162,0.9502167932302197,0.1313659961496194,0.72
ccdefault,hgb,treeshap,163,0.7302981198856842,0.07530012720651891,0.8400000000000001
ccdefault,hgb,treeshap,164,0.5362049735029293,0.05652813109808985,0.6599999999999998
ccdefault,hgb,treeshap,165,0.8807748033945755,0.07970159252429843,0.42000000000000004
ccdefault,hgb,treeshap,166,0.8759650273892963,0.2077910566457939,0.5599999999999998
ccdefault,hgb,treeshap,167,0.7579251553592048,0.10203658350596034,0.6999999999999998
ccdefault,hgb,treeshap,168,0.7669499200640782,0.04476292943222826,0.6999999999999998
ccdefault,hgb,treeshap,169,0.667625786208977,0.05547229369919149,0.74
ccdefault,hgb,treeshap,170,0.95975898109615,0.03640364149769193,0.86
ccdefault,hgb,treeshap,171,0.8575024294913922,0.1689038359223891,0.5999999999999999
ccdefault,hgb,treeshap,172,0.9295242544191888,0.060688227460853894,0.6399999999999999
ccdefault,hgb,treeshap,173,0.825066179452366,0.15857834866139486,0.76
ccdefault,hgb,treeshap,174,0.9118913799469215,0.18947821577831936,0.54
ccdefault,hgb,treeshap,175,0.6776986358565852,0.06542177126696203,0.7399999999999999
ccdefault,hgb,treeshap,176,0.8155200813889254,0.10720667541225415,0.7
ccdefault,hgb,treeshap,177,0.8608065189644037,0.10604321369644598,0.76
ccdefault,hgb,treeshap,178,0.8058091803744638,0.04941723847233259,0.7
ccdefault,hgb,treeshap,179,0.8765285469578592,0.18300955534967156,0.6399999999999999
ccdefault,hgb,treeshap,180,0.9598740366168667,0.10057917592469023,0.7399999999999999
ccdefault,hgb,treeshap,181,0.7751329292581945,0.07521122965753602,0.6599999999999999
ccdefault,hgb,treeshap,182,0.8092583924148405,0.09451665971921275,0.6599999999999999
ccdefault,hgb,treeshap,183,0.8526397138688526,0.06451518773640252,0.82
ccdefault,hgb,treeshap,184,0.6042587573830674,0.062365033278144244,0.7799999999999999
ccdefault,hgb,treeshap,185,0.9365008762166671,0.14093795415848476,0.74
ccdefault,hgb,treeshap,186,0.9251916516586727,0.11771308446913964,0.62
ccdefault,hgb,treeshap,187,0.8742228147721018,0.10080041113393001,0.6199999999999999
ccdefault,hgb,treeshap,188,0.8891013727813682,0.12500557993372718,0.7399999999999999
ccdefault,hgb,treeshap,189,0.9442082363291405,0.12286666004799918,0.6599999999999999
ccdefault,hgb,treeshap,190,0.940621869780941,0.10672377381572284,0.82
ccdefault,hgb,treeshap,191,0.5611879869819194,0.05778423728741244,0.8799999999999999
ccdefault,hgb,treeshap,192,0.8274632784582556,0.09317241200484927,0.6599999999999999
ccdefault,hgb,treeshap,193,0.8964479156828663,0.13593055550305544,0.7599999999999999
ccdefault,hgb,treeshap,194,0.875520503981838,0.10385634213505457,0.6000000000000001
ccdefault,hgb,treeshap,195,0.9374036763352146,0.05357935645731815,0.6
ccdefault,hgb,treeshap,196,0.6844535456766061,0.012947937223038886,0.8399999999999999
ccdefault,hgb,treeshap,197,0.5976882254674617,0.08297023331228259,0.9199999999999999
ccdefault,hgb,treeshap,198,0.7180936067355702,0.08877003457834753,1.0
ccdefault,hgb,treeshap,199,0.8864757031507885,0.1904577878937015,0.6199999999999999
ccdefault,hgb,treeshap,200,0.7270164901331574,0.110979865117395,0.6399999999999999
ccdefault,hgb,treeshap,201,0.9422846434359707,0.07499081620480097,0.82
ccdefault,hgb,treeshap,202,0.9428431949767304,0.10367189886680406,0.72
ccdefault,hgb,treeshap,203,0.8891729038859376,0.08581777541236613,0.86
ccdefault,hgb,treeshap,204,0.9322865668960645,0.0863120216814901,0.72
ccdefault,hgb,treeshap,205,0.8931717844122404,0.20667925067117554,0.6599999999999999
ccdefault,hgb,treeshap,206,0.837109598219423,0.1279742421100476,0.82
ccdefault,hgb,treeshap,207,0.9440335716809711,0.22389132422699043,0.5
ccdefault,hgb,treeshap,208,0.845739855250536,0.07813132538471668,0.6199999999999999
ccdefault,hgb,treeshap,209,0.7003151804463501,0.008160839203479098,0.7999999999999999
ccdefault,hgb,treeshap,210,0.8678795075158527,0.06045856960125362,0.6999999999999998
ccdefault,hgb,treeshap,211,0.9081575466186349,0.0740588883762745,0.6599999999999999
ccdefault,hgb,treeshap,212,0.7797132890989278,0.0898061323339453,0.76
ccdefault,hgb,treeshap,213,0.8122353177838206,0.039820783186907405,0.8400000000000001
ccdefault,hgb,treeshap,214,0.8868780439480718,0.20356978349723387,0.6799999999999999
ccdefault,hgb,treeshap,215,0.8260916048710311,0.06653671984129728,0.76
ccdefault,hgb,treeshap,216,0.9295955012873117,0.09731958149155928,0.7799999999999999
ccdefault,hgb,treeshap,217,0.9571393680292379,0.0911945804092863,0.78
ccdefault,hgb,treeshap,218,0.9444571190759341,0.039040666341016106,0.74
ccdefault,hgb,treeshap,219,0.7981432944275159,0.1600634648525301,0.7799999999999999
ccdefault,hgb,treeshap,220,0.8561311861235822,0.08336501149303532,0.6199999999999999
ccdefault,hgb,treeshap,221,0.8866840121640074,0.1963178922931318,0.52
ccdefault,hgb,treeshap,222,0.9098525998032981,0.08732129483752227,0.6399999999999999
ccdefault,hgb,treeshap,223,0.7364515925069121,0.012141607389453135,0.8400000000000001
ccdefault,hgb,treeshap,224,0.8300203315208515,0.2028063270854379,0.6599999999999999
ccdefault,hgb,treeshap,225,0.6117158136373939,0.010115981405537156,0.7799999999999999
ccdefault,hgb,treeshap,226,0.8684608557307655,0.1763356939189299,0.5800000000000001
ccdefault,hgb,treeshap,227,0.9113823841897846,0.12575478054419997,0.7
ccdefault,hgb,treeshap,228,0.830510305562405,0.10858821501375326,0.8800000000000001
ccdefault,hgb,treeshap,229,0.742825581175375,0.14755639692995182,0.7799999999999999
ccdefault,hgb,treeshap,230,0.8447774749726479,0.04569808485247684,0.6799999999999999
ccdefault,hgb,treeshap,231,0.805427588023751,0.004654056157039954,0.7399999999999999
ccdefault,hgb,treeshap,232,0.9365961457396764,0.07803009866400767,0.7
ccdefault,hgb,treeshap,233,0.849415421735897,0.1643824381586917,0.7
ccdefault,hgb,treeshap,234,0.8282224388253198,0.07295098136890243,0.74
ccdefault,hgb,treeshap,235,0.9573534811869928,0.16655240524820036,0.6799999999999999
ccdefault,hgb,treeshap,236,0.7367952549219031,0.006449623355376133,0.86
ccdefault,hgb,treeshap,237,0.6375845871492352,0.18511283803049206,0.6399999999999999
ccdefault,hgb,treeshap,238,0.9355871526978092,0.12673290299384998,0.6599999999999999
ccdefault,hgb,treeshap,239,0.8624791641296365,0.1457825175122931,0.6799999999999999
ccdefault,hgb,treeshap,240,0.6945318359085223,0.08396892387513477,0.7
ccdefault,hgb,treeshap,241,0.739504667091365,0.09476763826082057,0.9199999999999999
ccdefault,hgb,treeshap,242,0.9195879461590415,0.12940202814467638,0.7199999999999999
ccdefault,hgb,treeshap,243,0.9310867653746213,0.23020767296362465,0.6599999999999999
ccdefault,hgb,treeshap,244,0.9005081314780068,0.12079165374214895,0.6199999999999999
ccdefault,hgb,treeshap,245,0.8913462208163093,0.1308617481516302,0.7399999999999999
ccdefault,hgb,treeshap,246,0.9368411894446542,0.05117557837761344,0.7999999999999999
ccdefault,hgb,treeshap,247,0.6875524660568799,0.00915700271576192,0.6
ccdefault,hgb,treeshap,248,0.9346296648422602,0.177055229560094,0.7399999999999999
ccdefault,hgb,treeshap,249,0.9014596821057698,0.11338032019367095,0.6599999999999999
ccdefault,hgb,treeshap,250,0.7624993212495822,0.11081412286034242,0.58
ccdefault,hgb,treeshap,251,0.8926784009721563,0.06287370069640763,0.6799999999999998
ccdefault,hgb,treeshap,252,0.780252562554401,0.05269979102609701,0.7999999999999999
ccdefault,hgb,treeshap,253,0.829300466596764,0.25031617568527,0.43999999999999995
ccdefault,hgb,treeshap,254,0.5298133682701451,0.05971429519831584,0.8400000000000001
ccdefault,hgb,treeshap,255,0.8155995922017831,0.059260475392273526,0.76
ccdefault,hgb,treeshap,256,0.7146180670406145,0.19877438024419902,0.5999999999999999
ccdefault,hgb,treeshap,257,0.9508915238560425,0.026274096038282124,0.86
ccdefault,hgb,treeshap,258,0.8569637845534059,0.051892953161228106,0.7
ccdefault,hgb,treeshap,259,0.9455278605677954,0.15845818404412282,0.72
ccdefault,hgb,treeshap,260,0.797956551872484,0.0873111017410555,0.6399999999999999
ccdefault,hgb,treeshap,261,0.8989530943355115,0.1635116237298473,0.6199999999999999
ccdefault,hgb,treeshap,262,0.818510689586738,0.07221256247209529,0.7399999999999999
ccdefault,hgb,treeshap,263,0.717337426221681,0.10407066601849002,0.78
ccdefault,hgb,treeshap,264,0.861122541067856,0.06345180234265224,0.6399999999999999
ccdefault,hgb,treeshap,265,0.6625878292994295,0.02271683437641825,0.68
ccdefault,hgb,treeshap,266,0.9494078685424665,0.05765107834546779,0.86
ccdefault,hgb,treeshap,267,0.5430628787953526,0.07028862959429816,0.8400000000000001
ccdefault,hgb,treeshap,268,0.7546779013605949,0.12200414611647348,0.7599999999999999
ccdefault,hgb,treeshap,269,0.926660994021941,0.11777901668806601,0.76
ccdefault,hgb,treeshap,270,0.8857596040115163,0.05468890546589722,0.9200000000000002
ccdefault,hgb,treeshap,271,0.7819365606839799,0.18015336552686778,0.6799999999999999
ccdefault,hgb,treeshap,272,0.871193348521655,0.1488526367333851,0.7999999999999999
ccdefault,hgb,treeshap,273,0.6830445503213687,0.2864650165680893,0.6599999999999999
ccdefault,hgb,treeshap,274,0.9352736941414405,0.106547239023152,0.6599999999999999
ccdefault,hgb,treeshap,275,0.9516045555221165,0.15776499201783822,0.5599999999999999
ccdefault,hgb,treeshap,276,0.9044334060294199,0.07533222943390716,0.6399999999999999
ccdefault,hgb,treeshap,277,0.9466376399382155,0.08536575979271621,0.6199999999999999
ccdefault,hgb,treeshap,278,0.6944992848525423,0.010726539359796838,0.8400000000000001
ccdefault,hgb,treeshap,279,0.8200243614523401,0.0073381863166934735,0.7799999999999999
ccdefault,hgb,treeshap,280,0.7826999725980811,0.21932446830945618,0.6399999999999999
ccdefault,hgb,treeshap,281,0.8969777699766694,0.109374620803807,0.74
ccdefault,hgb,treeshap,282,0.8403993659566739,0.11427427289163439,0.6799999999999999
ccdefault,hgb,treeshap,283,0.8122540836580023,0.05038728837506101,0.8
ccdefault,hgb,treeshap,284,0.7737383338075269,0.12976862374904496,0.7999999999999999
ccdefault,hgb,treeshap,285,0.8884044660035727,0.11567265396898141,0.6599999999999999
ccdefault,hgb,treeshap,286,0.9025376283576435,0.15153536350366892,0.56
ccdefault,hgb,treeshap,287,0.9456756382997421,0.11054747345397531,0.6599999999999999
ccdefault,hgb,treeshap,288,0.7983402573761722,0.05576147004787391,0.74
ccdefault,hgb,treeshap,289,0.8809212255648073,0.05081358430137839,0.74
ccdefault,hgb,treeshap,290,0.9314999449660828,0.04235537917251864,0.7999999999999999
ccdefault,hgb,treeshap,291,0.9526154667460013,0.04147108063575722,0.9199999999999999
ccdefault,hgb,treeshap,292,0.8776670254022368,0.09927401031514305,0.7
ccdefault,hgb,treeshap,293,0.8733554445983369,0.21403287763332535,0.5000000000000001
ccdefault,hgb,treeshap,294,0.6592133388630039,0.006046047122107545,0.6599999999999999
ccdefault,hgb,treeshap,295,0.8714115358560143,0.011708403511263454,0.6799999999999999
ccdefault,hgb,treeshap,296,0.9616073741229829,0.1467941221995004,0.6799999999999999
ccdefault,hgb,treeshap,297,0.9221431427101864,0.0722677023396916,0.7399999999999999
ccdefault,hgb,treeshap,298,0.8032990824944661,0.06560019179264409,0.7999999999999999
ccdefault,hgb,treeshap,299,0.9266477283931962,0.03880592110859793,0.7399999999999999
ccdefault,hgb,treeshap,300,0.909337110391421,0.1296922454987367,0.6399999999999999
ccdefault,hgb,treeshap,301,0.8922117533112222,0.07218046872405692,0.7599999999999999
ccdefault,hgb,treeshap,302,0.8056070054827073,0.1297473710859809,0.86
ccdefault,hgb,treeshap,303,0.9053681753893095,0.07485231107148971,0.5399999999999999
ccdefault,hgb,treeshap,304,0.5894809048299947,0.12344970790328169,0.72
ccdefault,hgb,treeshap,305,0.9391296918027876,0.11095178545857887,0.7999999999999999
ccdefault,hgb,treeshap,306,0.8467788569411103,0.10585465964037355,0.8400000000000001
ccdefault,hgb,treeshap,307,0.8224315601029909,0.1394425726837204,0.6399999999999999
ccdefault,hgb,treeshap,308,0.8895557503571283,0.15363233580179048,0.74
ccdefault,hgb,treeshap,309,0.930515156395335,0.045719327254077013,0.6799999999999999
ccdefault,hgb,treeshap,310,0.9621520793483362,0.13179168095719906,0.7799999999999999
ccdefault,hgb,treeshap,311,0.7874714808031523,0.09349410960883842,0.7599999999999999
ccdefault,hgb,treeshap,312,0.6989377435995215,0.05631537894444616,0.82
ccdefault,hgb,treeshap,313,0.6318793107655301,0.11647947656941005,0.6399999999999999
ccdefault,hgb,treeshap,314,0.866417953281652,0.08733476590278999,0.58
ccdefault,hgb,treeshap,315,0.9174617339842799,0.11541350665435457,0.6599999999999999
ccdefault,hgb,treeshap,316,0.8859920296448944,0.13440527143928482,0.78
ccdefault,hgb,treeshap,317,0.5713203486588628,0.1228883888968253,0.82
ccdefault,hgb,treeshap,318,0.924511848857786,0.06139205583650331,0.56
ccdefault,hgb,treeshap,319,0.8757237566525603,0.07776863968874659,0.7799999999999999
ccdefault,hgb,treeshap,320,0.8593483079011189,0.09869869883911753,0.5799999999999998
ccdefault,hgb,treeshap,321,0.9490158090366304,0.05185650925000085,0.6799999999999999
ccdefault,hgb,treeshap,322,0.656392300843963,0.00927514929251827,0.86
ccdefault,hgb,treeshap,323,0.8257555841108524,0.09458124575990257,0.7599999999999999
ccdefault,hgb,treeshap,324,0.9199248300251515,0.10977972614119591,0.54
ccdefault,hgb,treeshap,325,0.7806379116363328,0.010189820803759297,0.7799999999999999
ccdefault,hgb,treeshap,326,0.5886485851811232,0.01093726403513351,0.7799999999999999
ccdefault,hgb,treeshap,327,0.8565752038425456,0.16543762229063808,0.6399999999999999
ccdefault,hgb,treeshap,328,0.8926678517332052,0.20734122460548832,0.5800000000000001
ccdefault,hgb,treeshap,329,0.8606977391389451,0.18433089276505366,0.8
ccdefault,hgb,treeshap,330,0.770481856444562,0.00783914769713101,0.8
ccdefault,hgb,treeshap,331,0.9521463027226641,0.08361032427548687,0.6599999999999999
ccdefault,hgb,treeshap,332,0.8959593849466824,0.10135818264825536,0.6399999999999999
ccdefault,hgb,treeshap,333,0.5339723598667867,0.046112924799331045,0.7799999999999999
ccdefault,hgb,treeshap,334,0.8419605912874566,0.10106144629627667,0.5999999999999999
ccdefault,hgb,treeshap,335,0.7979815494114618,0.07774705344326094,0.7599999999999999
ccdefault,hgb,treeshap,336,0.9310774219492707,0.07067485743834412,0.6799999999999999
ccdefault,hgb,treeshap,337,0.7092110856097303,0.006652680787337273,0.7599999999999999
ccdefault,hgb,treeshap,338,0.8130990033657091,0.05344520223461413,0.8399999999999999
ccdefault,hgb,treeshap,339,0.9383399795688667,0.12790494272093655,0.6199999999999999
ccdefault,hgb,treeshap,340,0.9652594941876442,0.27824034562098154,0.6399999999999999
ccdefault,hgb,treeshap,341,0.939461211963177,0.09806989598561999,0.8
ccdefault,hgb,treeshap,342,0.558395812658848,0.014341161739183539,0.5399999999999999
ccdefault,hgb,treeshap,343,0.7902763343032665,0.053410095369565314,0.6399999999999999
ccdefault,hgb,treeshap,344,0.5290897280675185,0.07740768485985117,0.8399999999999999
ccdefault,hgb,treeshap,345,0.688549389178841,0.004390411677936967,0.5599999999999999
ccdefault,hgb,treeshap,346,0.6794204296236661,0.18292728888915677,0.6399999999999999
ccdefault,hgb,treeshap,347,0.6902744051263259,0.0837613905706529,0.6399999999999999
ccdefault,hgb,treeshap,348,0.8500709424202914,0.15560564075276218,0.7599999999999999
ccdefault,hgb,treeshap,349,0.8312282134512087,0.08163194767928628,0.7599999999999999
ccdefault,hgb,treeshap,350,0.8124652169461892,0.05383213337002246,0.74
ccdefault,hgb,treeshap,351,0.8871038896967296,0.07060080264709101,0.7799999999999999
ccdefault,hgb,treeshap,352,0.6670313283441381,0.0654625603962703,0.9199999999999999
ccdefault,hgb,treeshap,353,0.5987905490048858,0.08834411083381755,0.7399999999999999
ccdefault,hgb,treeshap,354,0.9412500079116711,0.0325526747869489,0.74
ccdefault,hgb,treeshap,355,0.9338986926983495,0.08624824049577495,0.6799999999999999
ccdefault,hgb,treeshap,356,0.9356300329351978,0.04089475209539195,0.6199999999999999
ccdefault,hgb,treeshap,357,0.8226257360232937,0.05354943687649827,0.7999999999999999
ccdefault,hgb,treeshap,358,0.9057390370800432,0.14370380001060945,0.6599999999999999
ccdefault,hgb,treeshap,359,0.6545440069781044,0.11509637031548436,0.7599999999999999
ccdefault,hgb,treeshap,360,0.8103893543951519,0.06315455122572344,0.6799999999999999
ccdefault,hgb,treeshap,361,0.7530931165766831,0.09279039630808228,0.7799999999999999
ccdefault,hgb,treeshap,362,0.9291772674351331,0.09584557642132874,0.6199999999999999
ccdefault,hgb,treeshap,363,0.6550004418706791,0.0825371155033292,0.7399999999999999
ccdefault,hgb,treeshap,364,0.9295615858076285,0.10560861692893442,0.6999999999999998
ccdefault,hgb,treeshap,365,0.7483214893450174,0.09200022039164257,0.82
ccdefault,hgb,treeshap,366,0.9434396013283386,0.09247381032384072,0.64
ccdefault,hgb,treeshap,367,0.7253427900947754,0.10523422237604463,0.6599999999999999
ccdefault,hgb,treeshap,368,0.9019389697743548,0.12701073129490736,0.5799999999999998
ccdefault,hgb,treeshap,369,0.8029062133679169,0.12290711351337502,0.76
ccdefault,hgb,treeshap,370,0.5811894160093485,0.0950982683425231,0.6799999999999999
ccdefault,hgb,treeshap,371,0.9489649763463482,0.05569966716159713,0.6199999999999999
ccdefault,hgb,treeshap,372,0.7220371862762105,0.17917261653935124,0.74
ccdefault,hgb,treeshap,373,0.8295622017260426,0.05830828033007118,0.7399999999999999
ccdefault,hgb,treeshap,374,0.6655559759600878,0.0035067544334665968,0.6
ccdefault,hgb,treeshap,375,0.8497881000819782,0.09852612884089029,0.7799999999999999
ccdefault,hgb,treeshap,376,0.8137774069922253,0.0892780960511601,0.86
ccdefault,hgb,treeshap,377,0.761690609993733,0.0543504238818876,0.86
ccdefault,hgb,treeshap,378,0.9230481412906599,0.05840153825958261,0.6599999999999999
ccdefault,hgb,treeshap,379,0.9473371515350145,0.0852333417754142,0.58
ccdefault,hgb,treeshap,380,0.8134561682520107,0.11501517165668229,0.7
ccdefault,hgb,treeshap,381,0.9389389494758935,0.039567154091848744,0.6999999999999998
ccdefault,hgb,treeshap,382,0.8057252691292532,0.010755004116864475,0.8400000000000001
ccdefault,hgb,treeshap,383,0.9151218961943526,0.0776135903251367,0.82
ccdefault,hgb,treeshap,384,0.76203600728633,0.06014528695928578,0.8400000000000001
ccdefault,hgb,treeshap,385,0.8635589446604112,0.13703017939938356,0.5
ccdefault,hgb,treeshap,386,0.8256558113233321,0.1955714980938147,0.6399999999999999
ccdefault,hgb,treeshap,387,0.9361536640045156,0.05265251990627795,0.74
ccdefault,hgb,treeshap,388,0.6522226278763368,0.08262549049092804,0.7599999999999999
ccdefault,hgb,treeshap,389,0.9213161367313362,0.07628371602828976,0.6599999999999998
ccdefault,hgb,treeshap,390,0.8345260805680261,0.052824549602544346,0.6999999999999998
ccdefault,hgb,treeshap,391,0.6305923222361762,0.06899831684905866,0.6599999999999999
ccdefault,hgb,treeshap,392,0.6550413089929644,0.004678665719201391,0.5999999999999999
ccdefault,hgb,treeshap,393,0.57069889777823,0.09566113864929271,0.8400000000000001
ccdefault,hgb,treeshap,394,0.9257087274912216,0.08517948447659296,0.7399999999999999
ccdefault,hgb,treeshap,395,0.9202879578039737,0.1123553251376419,0.6999999999999998
ccdefault,hgb,treeshap,396,0.9052691993397625,0.1521712273667699,0.6399999999999999
ccdefault,hgb,treeshap,397,0.8016251755235156,0.008927792080492325,0.6799999999999999
ccdefault,hgb,treeshap,398,0.5947517036874299,0.04876496547760534,0.8400000000000001
ccdefault,hgb,treeshap,399,0.8945231282205782,0.11126984291654818,0.74
ccdefault,hgb,treeshap,400,0.8404722083233234,0.12916723171947564,0.6599999999999999
ccdefault,hgb,treeshap,401,0.9422723235941352,0.1306888358681233,0.7399999999999999
ccdefault,hgb,treeshap,402,0.7847808287360445,0.11251570875086325,0.8400000000000001
ccdefault,hgb,treeshap,403,0.9303450094551267,0.06651642503398081,0.7599999999999999
ccdefault,hgb,treeshap,404,0.7942017515749153,0.0877641902905113,0.8799999999999999
ccdefault,hgb,treeshap,405,0.5842959654145972,0.007475723939749157,0.58
ccdefault,hgb,treeshap,406,0.8664049203282742,0.1551753537634033,0.58
ccdefault,hgb,treeshap,407,0.923099267442387,0.07756364635401458,0.7799999999999999
ccdefault,hgb,treeshap,408,0.5992983405200916,0.012172473583944687,0.5599999999999999
ccdefault,hgb,treeshap,409,0.924552766688976,0.1416534982148031,0.6999999999999998
ccdefault,hgb,treeshap,410,0.7813486448133152,0.0902111937034139,0.8399999999999999
ccdefault,hgb,treeshap,411,0.892670124141912,0.10039310510313748,0.5599999999999998
ccdefault,hgb,treeshap,412,0.8335143469226572,0.18892405991588335,0.4600000000000001
ccdefault,hgb,treeshap,413,0.7599810368507527,0.0941483296354233,0.7599999999999999
ccdefault,hgb,treeshap,414,0.7911400395042054,0.32454437519031165,0.4600000000000001
ccdefault,hgb,treeshap,415,0.8977965029777799,0.07118110048500292,0.8799999999999999
ccdefault,hgb,treeshap,416,0.8620312819362029,0.06006953828771022,0.7399999999999999
ccdefault,hgb,treeshap,417,0.8867651359336849,0.19361308178920356,0.54
ccdefault,hgb,treeshap,418,0.7719093247874668,0.06597501761272151,0.72
ccdefault,hgb,treeshap,419,0.9379917190985694,0.059232368307897354,0.7599999999999999
ccdefault,hgb,treeshap,420,0.9197876737765874,0.13824764973222248,0.6599999999999999
ccdefault,hgb,treeshap,421,0.8189020595000149,0.07466092243490619,0.7399999999999999
ccdefault,hgb,treeshap,422,0.9111238978237178,0.11464707418460984,0.6599999999999999
ccdefault,hgb,treeshap,423,0.8852923178470494,0.07390867651215238,0.4600000000000001
ccdefault,hgb,treeshap,424,0.5973527606348797,0.020044340066058597,0.7799999999999999
ccdefault,hgb,treeshap,425,0.750760590213391,0.0663481286996499,0.9199999999999999
ccdefault,hgb,treeshap,426,0.9685452675072733,0.04488500211253066,0.9199999999999999
ccdefault,hgb,treeshap,427,0.9009303240315033,0.10223314857178956,0.7399999999999999
ccdefault,hgb,treeshap,428,0.6532502744154371,0.004357255628164025,0.52
ccdefault,hgb,treeshap,429,0.8453320925086798,0.11961755761213999,0.6
ccdefault,hgb,treeshap,430,0.9164357613134613,0.1030009153565089,0.82
ccdefault,hgb,treeshap,431,0.92558550455862,0.10172730537655572,0.82
ccdefault,hgb,treeshap,432,0.8821813028919203,0.12211104286076169,0.6599999999999999
ccdefault,hgb,treeshap,433,0.9285282266597678,0.1442597187127055,0.54
ccdefault,hgb,treeshap,434,0.9563094419730069,0.05906375252680918,0.72
ccdefault,hgb,treeshap,435,0.9532996400597279,0.0890683972303048,0.7199999999999999
ccdefault,hgb,treeshap,436,0.8169702681673453,0.07728133914335333,1.0
ccdefault,hgb,treeshap,437,0.9058466026365514,0.12024253190142109,0.6399999999999999
ccdefault,hgb,treeshap,438,0.732784319354592,0.11489955254536244,0.8400000000000001
ccdefault,hgb,treeshap,439,0.7314482008717473,0.08412968836807888,0.86
ccdefault,hgb,treeshap,440,0.8708673479431377,0.08632831758769444,0.8399999999999999
ccdefault,hgb,treeshap,441,0.8524274075899966,0.20459978091492448,0.54
ccdefault,hgb,treeshap,442,0.9486302893763918,0.12420420765745044,0.6200000000000001
ccdefault,hgb,treeshap,443,0.7694634416337071,0.010908082723092627,0.74
ccdefault,hgb,treeshap,444,0.5737560647773566,0.05795056374564189,0.6999999999999998
ccdefault,hgb,treeshap,445,0.8622604114941621,0.0936035735419477,0.8400000000000001
ccdefault,hgb,treeshap,446,0.8299308537294621,0.09218062427984175,0.64
ccdefault,hgb,treeshap,447,0.6469024666023298,0.07213907428349753,0.82
ccdefault,hgb,treeshap,448,0.6117584522540391,0.005492421691409843,0.7
ccdefault,hgb,treeshap,449,0.7545178167664067,0.09870281825758553,0.74
ccdefault,hgb,treeshap,450,0.8910045782610272,0.1906025567962052,0.4999999999999999
ccdefault,hgb,treeshap,451,0.7495204791091781,0.11609888173701655,0.7999999999999999
ccdefault,hgb,treeshap,452,0.9211655893465277,0.09697961201348981,0.7799999999999999
ccdefault,hgb,treeshap,453,0.8399498888300692,0.08237173701225209,0.6399999999999999
ccdefault,hgb,treeshap,454,0.8876945123693645,0.07861848902936719,0.7599999999999999
ccdefault,hgb,treeshap,455,0.8266312658778384,0.10206726481567929,0.7999999999999999
ccdefault,hgb,treeshap,456,0.7089390584805983,0.13603756812745793,0.5599999999999999
ccdefault,hgb,treeshap,457,0.7012819732149793,0.008397574130736052,0.8399999999999999
ccdefault,hgb,treeshap,458,0.9228528126663559,0.14758771860651476,0.5799999999999998
ccdefault,hgb,treeshap,459,0.884481221404512,0.15001751707138877,0.6999999999999998
ccdefault,hgb,treeshap,460,0.8021861577385957,0.1281150960723192,0.8400000000000001
ccdefault,hgb,treeshap,461,0.9465230341406438,0.08963756563237413,0.72
ccdefault,hgb,treeshap,462,0.9109925014970578,0.0904314999867708,0.86
ccdefault,hgb,treeshap,463,0.8724680890607688,0.115668273960576,0.6799999999999999
ccdefault,hgb,treeshap,464,0.9238746818644348,0.13416012752467843,0.6199999999999999
ccdefault,hgb,treeshap,465,0.8885444343045028,0.1262231254057149,0.7
ccdefault,hgb,treeshap,466,0.8364059818125865,0.09020780989388322,0.6799999999999999
ccdefault,hgb,treeshap,467,0.8195102002146024,0.09418105133610388,0.72
ccdefault,hgb,treeshap,468,0.7925906215970204,0.09912915985362614,0.74
ccdefault,hgb,treeshap,469,0.7862257737867024,0.1640360494425751,0.5199999999999999
ccdefault,hgb,treeshap,470,0.584672959577527,0.047726638413687406,0.9199999999999999
ccdefault,hgb,treeshap,471,0.6873130354174098,0.009048501684690735,0.74
ccdefault,hgb,treeshap,472,0.6455298763102586,0.004124616464582842,0.6999999999999998
ccdefault,hgb,treeshap,473,0.5358860247426105,0.05505959887673928,0.8800000000000001
ccdefault,hgb,treeshap,474,0.9508314837676002,0.03481647484117967,0.7599999999999999
ccdefault,hgb,treeshap,475,0.6119893032112455,0.10252674485442914,0.8400000000000001
ccdefault,hgb,treeshap,476,0.7363984497113549,0.0055032910187582385,0.76
ccdefault,hgb,treeshap,477,0.9325865959781294,0.1342583129958429,0.6199999999999999
ccdefault,hgb,treeshap,478,0.9585177896843451,0.09916849823932183,0.7
ccdefault,hgb,treeshap,479,0.6858579475416202,0.09159145443555805,0.7999999999999999
ccdefault,hgb,treeshap,480,0.942507203501439,0.11656087659575343,0.6199999999999999
ccdefault,hgb,treeshap,481,0.9559159330591595,0.07220823248408714,0.8
ccdefault,hgb,treeshap,482,0.9360188373095542,0.13443797723920314,0.5600000000000002
ccdefault,hgb,treeshap,483,0.9661601445759423,0.1618369689985023,0.82
ccdefault,hgb,treeshap,484,0.8558653531279159,0.24336748952588338,0.4800000000000001
ccdefault,hgb,treeshap,485,0.6565218357091218,0.09860157823692162,0.86
ccdefault,hgb,treeshap,486,0.8935236181652447,0.16273514568541714,0.4999999999999999
ccdefault,hgb,treeshap,487,0.6442055747446245,0.11144681360139574,0.7799999999999999
ccdefault,hgb,treeshap,488,0.7663591700796747,0.08299068901914686,1.0
ccdefault,hgb,treeshap,489,0.8555310750421624,0.0985611137611061,0.9199999999999999
ccdefault,hgb,treeshap,490,0.9226948071451055,0.1062589496445675,0.5599999999999999
ccdefault,hgb,treeshap,491,0.8866936645104395,0.10280851380313683,0.5599999999999999
ccdefault,hgb,treeshap,492,0.7279060923378861,0.13271178895329627,0.7999999999999999
ccdefault,hgb,treeshap,493,0.819415942316513,0.13818456057056194,0.54
ccdefault,hgb,treeshap,494,0.8399889929809575,0.1108500961382951,0.6599999999999999
ccdefault,hgb,treeshap,495,0.7900056394319517,0.11908546364580574,0.58
ccdefault,hgb,treeshap,496,0.942453544839353,0.03400106545770565,0.6599999999999999
ccdefault,hgb,treeshap,497,0.9103719069328585,0.15054831327156715,0.82
ccdefault,hgb,treeshap,498,0.8891174184779276,0.16741923697283023,0.76
ccdefault,hgb,treeshap,499,0.6005426677920891,0.07187820978081094,0.9199999999999999
ccdefault,hgb,lime,0,0.672012068641872,0.03570316976601018,0.74
ccdefault,hgb,lime,1,0.7819173348815976,0.03757214245167917,0.7999999999999999
ccdefault,hgb,lime,2,0.5635567455377373,0.03554612647973343,0.7799999999999999
ccdefault,hgb,lime,3,0.8893001976967572,0.33520248271861663,0.36
ccdefault,hgb,lime,4,0.8636789267645923,0.14898281117616907,0.54
ccdefault,hgb,lime,5,0.8268543133389528,0.2792767903089982,0.54
ccdefault,hgb,lime,6,0.9612446189234258,0.1332001055377543,0.7
ccdefault,hgb,lime,7,0.5466317318626926,0.034179040272558026,0.86
ccdefault,hgb,lime,8,0.9004046667965572,0.16906642033592512,0.42000000000000004
ccdefault,hgb,lime,9,0.7585339732823908,0.034575341466691834,0.6599999999999999
ccdefault,hgb,lime,10,0.8251830091157343,0.28922167469399773,0.5200000000000001
ccdefault,hgb,lime,11,0.6399559437736743,0.17684945684040942,0.6399999999999999
ccdefault,hgb,lime,12,0.5772048858508991,0.033254969935555656,0.86
ccdefault,hgb,lime,13,0.7835969152435284,0.14151376910217695,0.58
ccdefault,hgb,lime,14,0.8829323063759882,0.25042544081654694,0.6199999999999999
ccdefault,hgb,lime,15,0.7869000141804391,0.30369453031090166,0.6600000000000001
ccdefault,hgb,lime,16,0.8839565511573564,0.21761542660544753,0.36
ccdefault,hgb,lime,17,0.8476360810864708,0.1512380803220934,0.4800000000000001
ccdefault,hgb,lime,18,0.7400566443621965,0.3318515856328643,0.32000000000000006
ccdefault,hgb,lime,19,0.7985589097834657,0.26791495394915277,0.4
ccdefault,hgb,lime,20,0.7504351921375784,0.04206567303679054,0.4800000000000001
ccdefault,hgb,lime,21,0.8570946331366578,0.17892704956816774,0.32
ccdefault,hgb,lime,22,0.8088228103256488,0.055228385590507356,0.36
ccdefault,hgb,lime,23,0.8440622508324861,0.1587521305591988,0.44000000000000006
ccdefault,hgb,lime,24,0.8523766917500082,0.20177482750002385,0.4600000000000001
ccdefault,hgb,lime,25,0.8778490865835579,0.16240635241805335,0.4800000000000001
ccdefault,hgb,lime,26,0.6056317224425605,0.036133115716570074,0.52
ccdefault,hgb,lime,27,0.8128719163096619,0.1856223914523859,0.5999999999999999
ccdefault,hgb,lime,28,0.5962121050070481,0.0391110484770929,0.72
ccdefault,hgb,lime,29,0.8801628402887243,0.17828823932363014,0.4
ccdefault,hgb,lime,30,0.9036642941000377,0.12845931205857042,0.44000000000000006
ccdefault,hgb,lime,31,0.9018645938227848,0.13480442359656963,0.38
ccdefault,hgb,lime,32,0.8672329385182806,0.3498267384668883,0.31999999999999995
ccdefault,hgb,lime,33,0.6932082904378593,0.045185876549122206,0.7999999999999999
ccdefault,hgb,lime,34,0.9660548938883478,0.20799829570119532,0.6399999999999999
ccdefault,hgb,lime,35,0.9281779499305826,0.20638701266217463,0.4600000000000001
ccdefault,hgb,lime,36,0.6549061108469635,0.03374755062402601,0.72
ccdefault,hgb,lime,37,0.9393252262794636,0.12536902299511787,0.6199999999999999
ccdefault,hgb,lime,38,0.9238216535895727,0.25158226200125067,0.4
ccdefault,hgb,lime,39,0.9205610350719692,0.19424795698673503,0.3
ccdefault,hgb,lime,40,0.9116451983894743,0.26935012836765704,0.48
ccdefault,hgb,lime,41,0.8705413218203777,0.14092338286133388,0.4
ccdefault,hgb,lime,42,0.7519823930059528,0.06534229616087772,0.44000000000000006
ccdefault,hgb,lime,43,0.90121074128113,0.17660102501716357,0.4
ccdefault,hgb,lime,44,0.9512194116232469,0.15738623561909615,0.6399999999999999
ccdefault,hgb,lime,45,0.8698788963385129,0.17122160224413263,0.5199999999999999
ccdefault,hgb,lime,46,0.9009784957293601,0.12365101091656006,0.3400000000000001
ccdefault,hgb,lime,47,0.9120586924510518,0.22866496443030881,0.5
ccdefault,hgb,lime,48,0.8663399396139221,0.12117405215038635,0.6599999999999999
ccdefault,hgb,lime,49,0.6208445889677349,0.032320597281692676,0.5199999999999999
ccdefault,hgb,lime,50,0.9663755508166864,0.23625523114888825,0.54
ccdefault,hgb,lime,51,0.5927944170972586,0.028629233356755934,0.5
ccdefault,hgb,lime,52,0.5895255205508892,0.042334800239944514,0.76
ccdefault,hgb,lime,53,0.875355449931053,0.18550389019555769,0.30000000000000004
ccdefault,hgb,lime,54,0.8569720947763948,0.2539091109755359,0.5399999999999999
ccdefault,hgb,lime,55,0.8647588440210683,0.20570534097646187,0.5000000000000001
ccdefault,hgb,lime,56,0.946584197381035,0.1294739554181621,0.6399999999999999
ccdefault,hgb,lime,57,0.9325295959155365,0.1889333228302401,0.54
ccdefault,hgb,lime,58,0.8372349521457705,0.23776134623409306,0.5399999999999999
ccdefault,hgb,lime,59,0.8689352722124675,0.17330117771093856,0.56
ccdefault,hgb,lime,60,0.8192159315986485,0.12768343793405879,0.52
ccdefault,hgb,lime,61,0.7967122588359221,0.03952205897902006,0.6599999999999999
ccdefault,hgb,lime,62,0.5857254585713636,0.1617422749143571,0.5599999999999999
ccdefault,hgb,lime,63,0.9409417236443873,0.27499470167490114,0.5199999999999999
ccdefault,hgb,lime,64,0.9159514802308294,0.2897907420845308,0.36
ccdefault,hgb,lime,65,0.8879903509678503,0.20336736752449136,0.4000000000000001
ccdefault,hgb,lime,66,0.7921235374500442,0.17324767529026663,0.42000000000000004
ccdefault,hgb,lime,67,0.731878301749385,0.25688802693080426,0.4
ccdefault,hgb,lime,68,0.5890008643927584,0.11517926090556296,0.6399999999999999
ccdefault,hgb,lime,69,0.7726414433453839,0.1496688170206617,0.5
ccdefault,hgb,lime,70,0.8627045403554098,0.10411385539223394,0.6599999999999999
ccdefault,hgb,lime,71,0.9280492175094407,0.13060977793454442,0.6599999999999999
ccdefault,hgb,lime,72,0.7635366693934954,0.13749167884797409,0.5799999999999998
ccdefault,hgb,lime,73,0.8667581196808838,0.12898043491776878,0.5
ccdefault,hgb,lime,74,0.8985411495699454,0.1580655735174178,0.4
ccdefault,hgb,lime,75,0.8943633564823091,0.16794728671982306,0.33999999999999997
ccdefault,hgb,lime,76,0.8618204562821294,0.15392994864753873,0.36
ccdefault,hgb,lime,77,0.8980104242871061,0.14697794807682807,0.5
ccdefault,hgb,lime,78,0.7845556766670629,0.15588712355392764,0.7399999999999999
ccdefault,hgb,lime,79,0.8232262684224694,0.18285809628078797,0.5199999999999999
ccdefault,hgb,lime,80,0.5490739872005991,0.04134776275019969,0.72
ccdefault,hgb,lime,81,0.7496709786740784,0.03582772939437606,0.8
ccdefault,hgb,lime,82,0.6164996591770576,0.05678129396968912,0.6399999999999999
ccdefault,hgb,lime,83,0.8485238985998567,0.16714038396981368,0.43999999999999995
ccdefault,hgb,lime,84,0.6025378268972205,0.04390530200171161,0.72
ccdefault,hgb,lime,85,0.7191434741094451,0.035551704536053164,0.7
ccdefault,hgb,lime,86,0.7559092851511432,0.12360911274103459,0.6399999999999999
ccdefault,hgb,lime,87,0.5726590998627935,0.028532455715022387,0.7399999999999999
ccdefault,hgb,lime,88,0.9306844416887863,0.17870816022309044,0.42000000000000004
ccdefault,hgb,lime,89,0.8642998164371004,0.18673651280272896,0.4600000000000001
ccdefault,hgb,lime,90,0.865783246599195,0.14447385859052186,0.32
ccdefault,hgb,lime,91,0.6538812546439623,0.026746689653007527,0.48
ccdefault,hgb,lime,92,0.6081430123402825,0.03942705100707067,0.9199999999999999
ccdefault,hgb,lime,93,0.5906645507805007,0.03483651504803631,0.76
ccdefault,hgb,lime,94,0.5619072285117384,0.1901533101883921,0.7799999999999999
ccdefault,hgb,lime,95,0.9383278483084666,0.14831276279807637,0.45999999999999996
ccdefault,hgb,lime,96,0.831718620894868,0.13750317725001282,0.5199999999999999
ccdefault,hgb,lime,97,0.8260619040505282,0.23262196246816835,0.5399999999999999
ccdefault,hgb,lime,98,0.9385855832782226,0.20166705284891395,0.6199999999999999
ccdefault,hgb,lime,99,0.8009410809069217,0.1877699639099235,0.34
ccdefault,mlp,ig,0,0.5357942259775069,0.03610284312047285,0.8400000000000001
ccdefault,mlp,ig,1,0.7467122887178105,0.06163109533018607,0.7
ccdefault,mlp,ig,2,0.6695849578034923,0.1773736260782801,0.76
ccdefault,mlp,ig,3,0.8250484307509034,0.38786177576549785,0.6
ccdefault,mlp,ig,4,0.8266043004722526,0.13610273531079975,0.7999999999999999
ccdefault,mlp,ig,5,0.8558247332575192,0.23846151601745313,0.7799999999999999
ccdefault,mlp,ig,6,0.9634482557955872,0.158039541125498,0.4800000000000001
ccdefault,mlp,ig,7,0.5341110325948568,0.15657908675013021,0.6399999999999999
ccdefault,mlp,ig,8,0.8833345917923273,0.17917705665733352,0.7399999999999999
ccdefault,mlp,ig,9,0.6357835765804889,0.05127345556375462,0.6599999999999999
ccdefault,mlp,ig,10,0.8238185399996831,0.30941818346879746,0.45999999999999996
ccdefault,mlp,ig,11,0.7355949422730323,0.2828267813574885,0.6799999999999999
ccdefault,mlp,ig,12,0.6256661655954381,0.1199341269110612,0.72
ccdefault,mlp,ig,13,0.7543646000408508,0.227975519899274,0.5599999999999999
ccdefault,mlp,ig,14,0.8400818085394199,0.3204414071815249,0.45999999999999996
ccdefault,mlp,ig,15,0.7218494778700764,0.10964373698541363,0.7
ccdefault,mlp,ig,16,0.8647261759558951,0.23802928110772903,0.6199999999999999
ccdefault,mlp,ig,17,0.840850802655958,0.17772320423791688,0.7
ccdefault,mlp,ig,18,0.7855717336483561,0.6372237927225577,0.28
ccdefault,mlp,ig,19,0.8015090947635821,0.36210649651459215,0.38
ccdefault,mlp,ig,20,0.6605473831197229,0.23790639876774589,0.5199999999999999
ccdefault,mlp,ig,21,0.8414280578583426,0.19320235062419155,0.7
ccdefault,mlp,ig,22,0.7575794526024852,0.39260799028202487,0.4800000000000001
ccdefault,mlp,ig,23,0.8093452653846377,0.24180410176711642,0.58
ccdefault,mlp,ig,24,0.762194269916663,0.08568775624378766,0.86
ccdefault,mlp,ig,25,0.8410401551739082,0.08999980679885378,0.76
ccdefault,mlp,ig,26,0.6313807416372458,0.012077774131869057,0.7999999999999999
ccdefault,mlp,ig,27,0.810488955347255,0.44558430732732357,0.41999999999999993
ccdefault,mlp,ig,28,0.5728783648714735,0.06841501133416605,0.86
ccdefault,mlp,ig,29,0.8654005442429655,0.5510092436406319,0.6199999999999999
ccdefault,mlp,ig,30,0.8933277305411492,0.35168290525189205,0.5399999999999999
ccdefault,mlp,ig,31,0.8756985791706515,0.3575376036172728,0.72
ccdefault,mlp,ig,32,0.843572991561403,0.23677055417020743,0.5
ccdefault,mlp,ig,33,0.7781092575481867,0.14655667464270705,0.6
ccdefault,mlp,ig,34,0.9403043019213382,0.21160296019006342,0.58
ccdefault,mlp,ig,35,0.9098998475450859,0.4100752635460403,0.5999999999999999
ccdefault,mlp,ig,36,0.6593127547156901,0.18589587294831866,0.6199999999999999
ccdefault,mlp,ig,37,0.9339006118666978,0.20220076919359853,0.78
ccdefault,mlp,ig,38,0.8473232920532764,0.4691469750150178,0.36
ccdefault,mlp,ig,39,0.9100497739554243,0.19629302302984664,0.56
ccdefault,mlp,ig,40,0.8627008689929558,0.48709613159191956,0.41999999999999993
ccdefault,mlp,ig,41,0.8399350742084433,0.5211698815958903,0.6399999999999999
ccdefault,mlp,ig,42,0.7289172606884231,0.2991715781163846,0.58
ccdefault,mlp,ig,43,0.8556148177219788,0.2912564093748916,0.6599999999999999
ccdefault,mlp,ig,44,0.9715446824294368,0.0356291829410027,0.72
ccdefault,mlp,ig,45,0.8598512032245248,0.3468941502413496,0.7799999999999999
ccdefault,mlp,ig,46,0.885554799130946,0.5036927601413932,0.5599999999999999
ccdefault,mlp,ig,47,0.8658609529293507,0.5954853003382421,0.48
ccdefault,mlp,ig,48,0.8046329975710169,0.6805195676278165,0.7999999999999999
ccdefault,mlp,ig,49,0.6667414214354453,0.2048929364344254,0.7
ccdefault,mlp,ig,50,0.8817456960817254,0.4777996210073495,0.48
ccdefault,mlp,ig,51,0.5417608330854454,0.007889912604204907,0.82
ccdefault,mlp,ig,52,0.6165423251583617,0.15664980082851587,0.7999999999999999
ccdefault,mlp,ig,53,0.8775285687795401,0.37544211796467564,0.58
ccdefault,mlp,ig,54,0.8512501802933038,0.37870352500749715,0.5599999999999999
ccdefault,mlp,ig,55,0.845312115221937,0.900827153151399,0.5599999999999999
ccdefault,mlp,ig,56,0.926572415254158,0.26432409171694793,0.8400000000000001
ccdefault,mlp,ig,57,0.9335514560729188,0.508954298325379,0.43999999999999995
ccdefault,mlp,ig,58,0.8726703002992021,0.11513310423091538,0.6399999999999999
ccdefault,mlp,ig,59,0.8469640325000795,0.1915224957528603,0.74
ccdefault,mlp,ig,60,0.8668107666649988,0.12627572114677488,0.6599999999999999
ccdefault,mlp,ig,61,0.8242032677693221,0.23237455730652457,0.6599999999999999
ccdefault,mlp,ig,62,0.7098243847610357,0.14334639211077194,0.58
ccdefault,mlp,ig,63,0.9056136188780783,0.17925963208166595,0.5999999999999999
ccdefault,mlp,ig,64,0.8799168517991163,0.2416174573090928,0.6799999999999999
ccdefault,mlp,ig,65,0.8914768414934235,0.14508752203289466,0.82
ccdefault,mlp,ig,66,0.7225260414987134,0.505919055773631,0.38
ccdefault,mlp,ig,67,0.8157826374885075,0.415963245047555,0.4
ccdefault,mlp,ig,68,0.5858359347810286,0.21703348629616015,0.6199999999999999
ccdefault,mlp,ig,69,0.7941353611764342,0.15757733781894634,0.7599999999999999
ccdefault,mlp,ig,70,0.8496968085518167,0.5665465575111147,0.6799999999999999
ccdefault,mlp,ig,71,0.9166182478588556,0.6206578068054892,0.6799999999999999
ccdefault,mlp,ig,72,0.7458467982390411,0.1621782187884968,0.7
ccdefault,mlp,ig,73,0.7796846234869126,0.1669054455451302,0.72
ccdefault,mlp,ig,74,0.8782819979040198,0.2474297187795952,0.6
ccdefault,mlp,ig,75,0.8822131331504769,0.1601006058853789,0.82
ccdefault,mlp,ig,76,0.8961560940967808,0.1225095892123329,0.86
ccdefault,mlp,ig,77,0.8803490929292257,0.2572490116852971,0.78
ccdefault,mlp,ig,78,0.7910560360831443,0.2787710238722032,0.5599999999999999
ccdefault,mlp,ig,79,0.8173022540883113,0.26128654619081615,0.62
ccdefault,mlp,ig,80,0.5918570159666025,0.1224039813326403,0.7
ccdefault,mlp,ig,81,0.5923061378161495,0.04067387015610413,0.7799999999999999
ccdefault,mlp,ig,82,0.5488236650702063,0.17771957745583256,0.72
ccdefault,mlp,ig,83,0.8571895704901813,0.3208324287261586,0.6599999999999999
ccdefault,mlp,ig,84,0.5297006811324645,0.15909406221759637,0.64
ccdefault,mlp,ig,85,0.7191385539417969,0.07841299238538502,0.76
ccdefault,mlp,ig,86,0.6251978648863059,0.16536238959426774,0.72
ccdefault,mlp,ig,87,0.749968608850551,0.3644138970411622,0.5599999999999999
ccdefault,mlp,ig,88,0.8861405069848208,0.15843936228023237,0.6199999999999999
ccdefault,mlp,ig,89,0.8065789940575986,0.3747221029094844,0.6
ccdefault,mlp,ig,90,0.8362350445666642,0.16680842837417753,0.6399999999999999
ccdefault,mlp,ig,91,0.6376734329833222,0.013919307981604456,0.6399999999999999
ccdefault,mlp,ig,92,0.8051163496727618,0.055965977877586726,0.6399999999999999
ccdefault,mlp,ig,93,0.5837753594161359,0.24913323576460888,0.6599999999999999
ccdefault,mlp,ig,94,0.5305273438689555,0.19911452651413486,0.6599999999999999
ccdefault,mlp,ig,95,0.8653888534725634,0.24202865211490043,0.6
ccdefault,mlp,ig,96,0.8223397206386425,0.3693348661893643,0.62
ccdefault,mlp,ig,97,0.8310449024604234,0.25860362904798395,0.5399999999999999
ccdefault,mlp,ig,98,0.8922771987510393,0.40927248297304286,0.5
ccdefault,mlp,ig,99,0.7321038721015227,0.16546891311512102,0.8
ccdefault,mlp,ig,100,0.80511874986528,0.10449021856047502,0.74
ccdefault,mlp,ig,101,0.6206658621740153,0.06093707414385441,0.7999999999999999
ccdefault,mlp,ig,102,0.7947343744875763,0.5660432368228454,0.6799999999999999
ccdefault,mlp,ig,103,0.6099457193111366,0.01649045652312342,0.6799999999999999
ccdefault,mlp,ig,104,0.6611270132832009,0.0925858454959887,0.5599999999999999
ccdefault,mlp,ig,105,0.8468203086268129,0.11525640094447154,0.74
ccdefault,mlp,ig,106,0.8895387419883564,0.4382909059942979,0.8400000000000001
ccdefault,mlp,ig,107,0.9361629234462981,0.31830387669492777,0.4600000000000001
ccdefault,mlp,ig,108,0.8402903541828017,0.5716319933822243,0.58
ccdefault,mlp,ig,109,0.6544197420086714,0.20300097830563912,0.6
ccdefault,mlp,ig,110,0.8854782172307669,0.37316036980150646,0.5599999999999999
ccdefault,mlp,ig,111,0.8921254608726852,0.282039320448056,0.5199999999999999
ccdefault,mlp,ig,112,0.5516849137168471,0.11973945570556643,0.72
ccdefault,mlp,ig,113,0.9273647667441896,0.4096708067528043,0.47999999999999987
ccdefault,mlp,ig,114,0.8957587261229726,0.4076327486565504,0.78
ccdefault,mlp,ig,115,0.756326826506478,0.1283858301373314,0.8
ccdefault,mlp,ig,116,0.8248225703321177,0.12004366198019478,0.7599999999999999
ccdefault,mlp,ig,117,0.9162168448246655,0.44217076128624055,0.5
ccdefault,mlp,ig,118,0.8958069190101551,0.5302957360393183,0.5200000000000001
ccdefault,mlp,ig,119,0.8259816773721553,0.2240613704768173,0.76
ccdefault,mlp,ig,120,0.8829264408006082,0.5626487467214465,0.5200000000000001
ccdefault,mlp,ig,121,0.8845642038404368,0.3154742486587443,0.56
ccdefault,mlp,ig,122,0.950451992903344,0.13057751996059408,0.4000000000000001
ccdefault,mlp,ig,123,0.7489225794465585,0.6327529632291939,0.3
ccdefault,mlp,ig,124,0.5717233431968668,0.077852818363081,1.0
ccdefault,mlp,ig,125,0.735902267090352,0.36802271206747716,0.54
ccdefault,mlp,ig,126,0.800304447481419,0.25552164816376954,0.4999999999999999
ccdefault,mlp,ig,127,0.6367679358305869,0.11568325748914998,0.6599999999999999
ccdefault,mlp,ig,128,0.8746018424132957,0.6474333682662072,0.6199999999999999
ccdefault,mlp,ig,129,0.843205410525193,0.3989669002358731,0.48
ccdefault,mlp,ig,130,0.7406529188299772,0.17379592691864632,0.5999999999999999
ccdefault,mlp,ig,131,0.85675617426584,0.15863055630590228,0.8400000000000001
ccdefault,mlp,ig,132,0.9117088778048348,0.46809350401575744,0.54
ccdefault,mlp,ig,133,0.8234990148851222,0.12906392061073735,0.78
ccdefault,mlp,ig,134,0.535918484379388,0.017693155518232473,0.72
ccdefault,mlp,ig,135,0.8633290705325873,0.198564068966245,0.72
ccdefault,mlp,ig,136,0.7376615848754307,0.10631148346482022,0.7999999999999999
ccdefault,mlp,ig,137,0.7573246427124158,0.09899698084541586,0.52
ccdefault,mlp,ig,138,0.8731659494258401,0.2958215494548786,0.7
ccdefault,mlp,ig,139,0.5213752553269385,0.0353359716396241,0.76
ccdefault,mlp,ig,140,0.5776967318127701,0.07291722794235656,0.78
ccdefault,mlp,ig,141,0.9131311463063726,0.13089035626126988,0.9199999999999999
ccdefault,mlp,ig,142,0.8243309373570209,0.264645861590452,0.6399999999999999
ccdefault,mlp,ig,143,0.9123038897987638,0.11790580124267669,0.4800000000000001
ccdefault,mlp,ig,144,0.9131490885977275,0.23902543965228584,0.6799999999999999
ccdefault,mlp,ig,145,0.860273499968196,0.5184168037910911,0.58
ccdefault,mlp,ig,146,0.536596052292748,0.100991111588554,0.7999999999999999
ccdefault,mlp,ig,147,0.8546548081769527,0.21660738786487455,0.7999999999999999
ccdefault,mlp,ig,148,0.8200620990809954,0.8706408156648814,0.7799999999999999
ccdefault,mlp,ig,149,0.8927900842949603,0.4137993674498964,0.5599999999999999
ccdefault,mlp,ig,150,0.9411528358172048,0.2572103440300143,0.5399999999999999
ccdefault,mlp,ig,151,0.6873017961620747,0.057385997297775604,0.78
ccdefault,mlp,ig,152,0.8575074881774798,0.3061892881073809,0.8399999999999999
ccdefault,mlp,ig,153,0.9266297084927858,0.33264959968463126,0.6399999999999999
ccdefault,mlp,ig,154,0.799252662036644,0.5784011026611955,0.56
ccdefault,mlp,ig,155,0.8748545615112813,0.09131758572265425,0.86
ccdefault,mlp,ig,156,0.9352573254291473,0.3423792897492569,0.58
ccdefault,mlp,ig,157,0.853827627349605,0.23332368403240422,0.5599999999999999
ccdefault,mlp,ig,158,0.8125931550272,0.36710091827550784,0.5599999999999999
ccdefault,mlp,ig,159,0.8085608440613148,0.2811335267275711,0.6399999999999999
ccdefault,mlp,ig,160,0.9022908912018837,0.58034610819827,0.62
ccdefault,mlp,ig,161,0.5914756067436955,0.043530679488681834,0.7799999999999999
ccdefault,mlp,ig,162,0.9554408157719182,0.2210398100162395,0.58
ccdefault,mlp,ig,163,0.6579973104331841,0.19259422706571316,0.8
ccdefault,mlp,ig,164,0.5298157347311682,0.12114517094708643,0.6599999999999999
ccdefault,mlp,ig,165,0.825602286927013,0.24344061765756053,0.5
ccdefault,mlp,ig,166,0.8655837313905088,0.4903453369903026,0.48
ccdefault,mlp,ig,167,0.7823037482763727,0.3578062723801019,0.45999999999999996
ccdefault,mlp,ig,168,0.763158368628317,0.19064218071938321,0.43999999999999995
ccdefault,mlp,ig,169,0.62184846485096,0.1459846054452234,0.6799999999999999
ccdefault,mlp,ig,170,0.9436484996424032,0.16636306230116538,0.6
ccdefault,mlp,ig,171,0.9376312688167845,0.22915834097071497,0.5199999999999999
ccdefault,mlp,ig,172,0.8694562097796321,0.21872632544386061,0.7799999999999999
ccdefault,mlp,ig,173,0.8438095864285486,0.5409640639328284,0.6999999999999998
ccdefault,mlp,ig,174,0.8913812955918375,0.42449894115182873,0.56
ccdefault,mlp,ig,175,0.7123114583436015,0.297202062470743,0.6799999999999999
ccdefault,mlp,ig,176,0.8685133913026382,0.17448982484943,0.62
ccdefault,mlp,ig,177,0.833280028958149,0.3326410993284705,0.52
ccdefault,mlp,ig,178,0.8019908835995171,0.16184655481546883,0.7799999999999999
ccdefault,mlp,ig,179,0.9013155462985457,0.35010811037813194,0.6799999999999999
ccdefault,mlp,ig,180,0.9558620296317291,0.3217226934805809,0.6399999999999999
ccdefault,mlp,ig,181,0.7139128470269895,0.3374391779870922,0.5999999999999999
ccdefault,mlp,ig,182,0.7773401769303012,0.5334078715009684,0.52
ccdefault,mlp,ig,183,0.8441460107605062,0.6227888174581874,0.4600000000000001
ccdefault,mlp,ig,184,0.6890977517689162,0.2614876248352547,0.7999999999999999
ccdefault,mlp,ig,185,0.8754149400646325,0.32714937481315143,0.5000000000000001
ccdefault,mlp,ig,186,0.9235630280837748,0.2961672595761802,0.6199999999999999
ccdefault,mlp,ig,187,0.852132359419058,0.29204992062095125,0.5399999999999999
ccdefault,mlp,ig,188,0.8585560539226339,0.2441702302964881,0.45999999999999996
ccdefault,mlp,ig,189,0.9237550057079227,0.20542366434101733,0.8399999999999999
ccdefault,mlp,ig,190,0.9134944586398319,0.7675195275304104,0.44000000000000006
ccdefault,mlp,ig,191,0.5348395551987709,0.1758931216950772,0.6599999999999999
ccdefault,mlp,ig,192,0.7716647255862601,0.1735450576704871,0.5199999999999999
ccdefault,mlp,ig,193,0.8308194814778884,0.4639640029440455,0.56
ccdefault,mlp,ig,194,0.8562704168354323,0.1256387465708867,0.7599999999999999
ccdefault,mlp,ig,195,0.896263246170664,0.1496522152664872,0.7
ccdefault,mlp,ig,196,0.5645772523663011,0.06425307841625094,0.7599999999999999
ccdefault,mlp,ig,197,0.5208662575797017,0.17480857093217783,0.6799999999999999
ccdefault,mlp,ig,198,0.8740892625220458,0.1413243951738059,0.56
ccdefault,mlp,ig,199,0.8365573113035772,0.42762507916369175,0.6399999999999999
ccdefault,mlp,ig,200,0.9012046690048928,0.21604714459669017,0.58
ccdefault,mlp,ig,201,0.9482278419347046,0.10050702954038093,0.7
ccdefault,mlp,ig,202,0.8622191082367655,0.3037618088552301,0.54
ccdefault,mlp,ig,203,0.9052185845917231,0.282064112587033,0.6599999999999999
ccdefault,mlp,ig,204,0.9292515312728963,0.20630569385379316,0.52
ccdefault,mlp,ig,205,0.8939233312521209,0.4559465289764252,0.54
ccdefault,mlp,ig,206,0.7588421420839031,0.15009454227812835,0.7799999999999999
ccdefault,mlp,ig,207,0.9522805371468428,0.5784628603037076,0.5199999999999999
ccdefault,mlp,ig,208,0.8684091254744416,0.465493514410269,0.76
ccdefault,mlp,ig,209,0.5338618490064737,0.07062328206756141,0.52
ccdefault,mlp,ig,210,0.7998763032419847,0.11176797526254934,0.7799999999999999
ccdefault,mlp,ig,211,0.8869680579887131,0.1954850471762558,0.7
ccdefault,mlp,ig,212,0.6238439498215531,0.1033052637702353,0.78
ccdefault,mlp,ig,213,0.7430302178874911,0.22613980689735647,0.5200000000000001
ccdefault,mlp,ig,214,0.8812624988025071,0.482287451712457,0.5199999999999999
ccdefault,mlp,ig,215,0.7876441354386607,0.21446085147799432,0.6799999999999999
ccdefault,mlp,ig,216,0.8603938027851161,0.2926740530490406,0.6799999999999999
ccdefault,mlp,ig,217,0.8865047694799395,0.14016557070899682,0.72
ccdefault,mlp,ig,218,0.9166065429920499,0.26691894237755565,0.7799999999999999
ccdefault,mlp,ig,219,0.8036338673215134,0.4618013498680775,0.33999999999999997
ccdefault,mlp,ig,220,0.8203423519881557,0.33982768857644285,0.5
ccdefault,mlp,ig,221,0.8084817532355888,0.5649307290806156,0.6
ccdefault,mlp,ig,222,0.8619901766308254,0.7294723131643087,0.4
ccdefault,mlp,ig,223,0.6430881417882091,0.056165288942183755,0.7999999999999999
ccdefault,mlp,ig,224,0.8482923767088622,0.28559649929258124,0.4800000000000001
ccdefault,mlp,ig,225,0.5538273066882351,0.07501091174607666,0.86
ccdefault,mlp,ig,226,0.879016803672285,0.14712672893031709,0.7999999999999999
ccdefault,mlp,ig,227,0.9122456071498961,0.08651490695507069,0.4600000000000001
ccdefault,mlp,ig,228,0.8146145661823976,0.3632663506083327,0.4999999999999999
ccdefault,mlp,ig,229,0.7872549238215724,0.2715723391764855,0.6799999999999999
ccdefault,mlp,ig,230,0.7964373752699385,0.1391546333969801,0.74
ccdefault,mlp,ig,231,0.6909887811300054,0.04701730580015728,0.76
ccdefault,mlp,ig,232,0.8804768657935552,0.7522484349614207,0.6399999999999999
ccdefault,mlp,ig,233,0.8767622207150266,0.4891582687715069,0.36000000000000004
ccdefault,mlp,ig,234,0.8359731526145833,0.22893266021281,0.5399999999999998
ccdefault,mlp,ig,235,0.929855570877765,0.4405447890899601,0.6199999999999999
ccdefault,mlp,ig,236,0.5803086255705701,0.1226266366919303,0.6799999999999999
ccdefault,mlp,ig,237,0.5961573192743685,0.12906137717731758,0.86
ccdefault,mlp,ig,238,0.8576456079731596,0.6219386255493988,0.32
ccdefault,mlp,ig,239,0.8183423012938087,0.5021905457914009,0.52
ccdefault,mlp,ig,240,0.644270130730894,0.3841079205056387,0.5400000000000001
ccdefault,mlp,ig,241,0.7944060500929091,0.4209205322258244,0.3400000000000001
ccdefault,mlp,ig,242,0.8618628818258269,0.3382528544888016,0.6
ccdefault,mlp,ig,243,0.9129327938560726,0.36172938693908807,0.37999999999999995
ccdefault,mlp,ig,244,0.8872752612833738,0.14642403708422214,0.86
ccdefault,mlp,ig,245,0.9215666740611003,0.20749881864920994,0.6399999999999999
ccdefault,mlp,ig,246,0.8972841294815261,0.2233520558350398,0.6999999999999998
ccdefault,mlp,ig,247,0.5992690406439529,0.10199330367193904,0.5799999999999998
ccdefault,mlp,ig,248,0.9415588606977163,0.4887932000309234,0.5400000000000001
ccdefault,mlp,ig,249,0.8501529633975216,0.21289991938911768,0.5199999999999999
ccdefault,mlp,ig,250,0.789980721550039,0.7276225063590547,0.4999999999999999
ccdefault,mlp,ig,251,0.8852059447281849,0.1712846530638522,0.8800000000000001
ccdefault,mlp,ig,252,0.7905823201946547,0.11814469169279729,0.7
ccdefault,mlp,ig,253,0.8759424384869481,0.6254561083095457,0.48
ccdefault,mlp,ig,254,0.5860588728193455,0.33860220448828904,0.6399999999999999
ccdefault,mlp,ig,255,0.8191540991787853,0.28133903769172186,0.7
ccdefault,mlp,ig,256,0.7986997185278282,0.32923132040792424,0.5799999999999998
ccdefault,mlp,ig,257,0.9384757825190594,0.17706501779037542,0.76
ccdefault,mlp,ig,258,0.8583796235818577,0.36310534861777843,0.7
ccdefault,mlp,ig,259,0.8742112795024252,0.2786736855819487,0.6799999999999999
ccdefault,mlp,ig,260,0.8120655123669946,0.28371463917501083,0.5599999999999999
ccdefault,mlp,ig,261,0.869685264951797,0.6233860118370971,0.58
ccdefault,mlp,ig,262,0.8245777507770983,0.4638000557006645,0.4600000000000001
ccdefault,mlp,ig,263,0.7653034676285209,0.15244429466176468,0.7799999999999999
ccdefault,mlp,ig,264,0.8627820551388895,0.17305067911432137,0.66
ccdefault,mlp,ig,265,0.6184001695755144,0.07000727517355276,0.72
ccdefault,mlp,ig,266,0.9031311998652157,0.44917192778557613,0.62
ccdefault,mlp,ig,267,0.5278315268152728,0.10862961712588448,0.72
ccdefault,mlp,ig,268,0.7577423968419073,0.31188040539205875,0.6399999999999999
ccdefault,mlp,ig,269,0.931378238257885,0.22475964122482306,0.5399999999999999
ccdefault,mlp,ig,270,0.8035306357178215,0.19435354450387332,0.54
ccdefault,mlp,ig,271,0.8208388592135588,0.44571373359191524,0.6399999999999999
ccdefault,mlp,ig,272,0.8476362130976571,0.3632659405774211,0.58
ccdefault,mlp,ig,273,0.579386448586994,0.6008080461729715,0.6599999999999999
ccdefault,mlp,ig,274,0.9711935358756186,0.2661412144924866,0.74
ccdefault,mlp,ig,275,0.9452592068035969,0.5762348910572794,0.42000000000000004
ccdefault,mlp,ig,276,0.8660762312404289,0.23445629102991494,0.5799999999999998
ccdefault,mlp,ig,277,0.9406357334778683,0.24689507871017713,0.56
ccdefault,mlp,ig,278,0.6660191107599032,0.02802300018041426,0.76
ccdefault,mlp,ig,279,0.742704182727298,0.04006616410367325,0.7599999999999999
ccdefault,mlp,ig,280,0.7801145714489848,0.672590205858285,0.6599999999999999
ccdefault,mlp,ig,281,0.8541264052684756,0.5465649913761369,0.4000000000000001
ccdefault,mlp,ig,282,0.8889306201207441,0.284821832688112,0.6399999999999999
ccdefault,mlp,ig,283,0.8226981215216469,0.3812180934823476,0.58
ccdefault,mlp,ig,284,0.8368113177999327,0.23962121511301315,0.6199999999999999
ccdefault,mlp,ig,285,0.9025259002308855,0.175531694495503,0.74
ccdefault,mlp,ig,286,0.9028685109470398,0.4010481412788103,0.5199999999999999
ccdefault,mlp,ig,287,0.9128215231439747,0.4000691841780337,0.5
ccdefault,mlp,ig,288,0.8041235700209773,0.11946515783375844,0.74
ccdefault,mlp,ig,289,0.8757940514164293,0.17068956592411,0.86
ccdefault,mlp,ig,290,0.9300593072356387,0.2783623155133441,0.6799999999999998
ccdefault,mlp,ig,291,0.9488499912716233,0.05939270944971009,0.6399999999999999
ccdefault,mlp,ig,292,0.859417123482198,0.15826142900041407,0.82
ccdefault,mlp,ig,293,0.7316276591723009,0.1390167791157635,0.5200000000000001
ccdefault,mlp,ig,294,0.5446432786088024,0.011560006048642935,0.8800000000000001
ccdefault,mlp,ig,295,0.7077696821214302,0.06962774374550418,0.6199999999999999
ccdefault,mlp,ig,296,0.9650963832795794,0.13364869419866943,0.5200000000000001
ccdefault,mlp,ig,297,0.9184555327015046,0.13730401364385914,0.58
ccdefault,mlp,ig,298,0.7517222265491084,0.0984575495673713,0.8399999999999999
ccdefault,mlp,ig,299,0.8731922998026379,0.18956257699706636,0.5599999999999998
ccdefault,mlp,ig,300,0.7962727258749525,0.49027033210921045,0.6200000000000001
ccdefault,mlp,ig,301,0.8458673398614998,0.4592748119689729,0.38
ccdefault,mlp,ig,302,0.803019878118708,0.44140398098761024,0.4999999999999999
ccdefault,mlp,ig,303,0.8693152557077586,0.1468353495207353,0.7799999999999999
ccdefault,mlp,ig,304,0.848243042749109,0.1951895209245782,0.56
ccdefault,mlp,ig,305,0.9346011010479127,0.19537988591362088,0.62
ccdefault,mlp,ig,306,0.8087560194028687,0.47397932041388147,0.4600000000000001
ccdefault,mlp,ig,307,0.8744700605545301,0.20484576320819436,0.74
ccdefault,mlp,ig,308,0.871865995737045,0.6036663473512043,0.72
ccdefault,mlp,ig,309,0.9216977707344238,0.16453886548201613,0.8400000000000001
ccdefault,mlp,ig,310,0.9711259946453191,0.28405572013920777,0.6399999999999999
ccdefault,mlp,ig,311,0.8336379036847539,0.29777571405710046,0.5199999999999999
ccdefault,mlp,ig,312,0.7184984865715051,0.24828420772105309,0.6799999999999999
ccdefault,mlp,ig,313,0.6198383287982867,0.14656510047280735,0.7
ccdefault,mlp,ig,314,0.8803613793054896,0.17395748063561045,0.7999999999999999
ccdefault,mlp,ig,315,0.9141271917460975,0.26370357790439647,0.76
ccdefault,mlp,ig,316,0.8263201692797086,0.3709576878522536,0.6199999999999999
ccdefault,mlp,ig,317,0.5332478981239577,0.12477369308525854,0.72
ccdefault,mlp,ig,318,0.9200058944873618,0.3544284987093902,0.82
ccdefault,mlp,ig,319,0.8822777644891755,0.24078735855934996,0.6599999999999999
ccdefault,mlp,ig,320,0.7710790361214117,0.35549364443572373,0.5999999999999999
ccdefault,mlp,ig,321,0.914384619538837,0.2593752844928692,0.6199999999999999
ccdefault,mlp,ig,322,0.5499130738530961,0.07682435143764721,0.6399999999999999
ccdefault,mlp,ig,323,0.8581991719687702,0.5358026465721311,0.6399999999999999
ccdefault,mlp,ig,324,0.7533790243776562,0.0577621947609025,0.7799999999999999
ccdefault,mlp,ig,325,0.6617198925161392,0.07907677150554449,0.5599999999999999
ccdefault,mlp,ig,326,0.5417230656519116,0.030954046486052156,0.86
ccdefault,mlp,ig,327,0.8946579026107851,0.5039898897230111,0.5599999999999999
ccdefault,mlp,ig,328,0.8794596130129083,0.5081957859592436,0.72
ccdefault,mlp,ig,329,0.8175856470081906,0.3849466037801198,0.34
ccdefault,mlp,ig,330,0.636367784303781,0.04714920346966733,0.4800000000000001
ccdefault,mlp,ig,331,0.8886831403922806,0.8039773800807639,0.5
ccdefault,mlp,ig,332,0.9109279364595043,0.5154816427765926,0.58
ccdefault,mlp,ig,333,0.5922528601941519,0.11716724355611041,0.86
ccdefault,mlp,ig,334,0.8689448500708723,0.3232704184597658,0.56
ccdefault,mlp,ig,335,0.7966586650424643,0.2989733708214921,0.5599999999999999
ccdefault,mlp,ig,336,0.9044533471030218,0.27019758000811334,0.5799999999999998
ccdefault,mlp,ig,337,0.7764367836372752,0.020607966487449225,0.7999999999999999
ccdefault,mlp,ig,338,0.8183141403013087,0.3420312407390218,0.48
ccdefault,mlp,ig,339,0.8539303001010387,0.3950736573917084,0.5799999999999998
ccdefault,mlp,ig,340,0.9920000532788112,0.25477315847782045,0.7799999999999999
ccdefault,mlp,ig,341,0.9596622457188596,0.3815712009300378,0.6799999999999999
ccdefault,mlp,ig,342,0.577480540843398,0.08349542150165323,0.5800000000000001
ccdefault,mlp,ig,343,0.7342375175520005,0.2349543749911004,0.4800000000000001
ccdefault,mlp,ig,344,0.5290349856958413,0.10373063427509377,0.7
ccdefault,mlp,ig,345,0.619058704969427,0.010181598716846763,0.8799999999999999
ccdefault,mlp,ig,346,0.7971220228267464,0.5489044929329829,0.5199999999999999
ccdefault,mlp,ig,347,0.6162678784219964,0.21473749091999006,0.6799999999999999
ccdefault,mlp,ig,348,0.835553384601511,0.2427079941340352,0.4
ccdefault,mlp,ig,349,0.8124881566304494,0.13899437225032707,0.8
ccdefault,mlp,ig,350,0.7872176060492991,0.11935424613748302,0.6599999999999999
ccdefault,mlp,ig,351,0.864022940740897,0.164028485596322,0.9199999999999999
ccdefault,mlp,ig,352,0.7637765467292145,0.15269755050335831,0.78
ccdefault,mlp,ig,353,0.5408407275446254,0.13994253958573277,0.7799999999999999
ccdefault,mlp,ig,354,0.8602591733525469,0.23695699568869966,0.72
ccdefault,mlp,ig,355,0.8999912292750348,0.25585388115903596,0.5399999999999999
ccdefault,mlp,ig,356,0.8562854449796816,0.23478054032168882,0.6
ccdefault,mlp,ig,357,0.7959857056837407,0.3817704383172865,0.5000000000000001
ccdefault,mlp,ig,358,0.8711588768689438,0.4264991756870391,0.7
ccdefault,mlp,ig,359,0.790584941385748,0.42343819823137474,0.42000000000000004
ccdefault,mlp,ig,360,0.7619515006440516,0.1896497055651727,0.7799999999999999
ccdefault,mlp,ig,361,0.8447361636446715,0.20985140315323103,0.6799999999999999
ccdefault,mlp,ig,362,0.9358209409358385,0.16487745948298627,0.6599999999999999
ccdefault,mlp,ig,363,0.6615644209713473,0.3391282739717383,0.56
ccdefault,mlp,ig,364,0.88113474204524,0.5209507521403245,0.47999999999999987
ccdefault,mlp,ig,365,0.7572497903085554,0.03444179089433541,0.86
ccdefault,mlp,ig,366,0.9163953938761724,0.4753171640314324,0.4800000000000001
ccdefault,mlp,ig,367,0.8146588584469493,0.6095649168070489,0.33999999999999997
ccdefault,mlp,ig,368,0.9002329293289522,0.4466999977827619,0.6799999999999999
ccdefault,mlp,ig,369,0.8038049915072183,0.22856015045782074,0.52
ccdefault,mlp,ig,370,0.5217877909316261,0.19505797131607872,0.6799999999999999
ccdefault,mlp,ig,371,0.9616318127374598,0.20650962805139783,0.6000000000000001
ccdefault,mlp,ig,372,0.7805829174274592,0.3806017048149676,0.44000000000000006
ccdefault,mlp,ig,373,0.8729485313672998,0.14333739869864037,0.78
ccdefault,mlp,ig,374,0.6079304929579412,0.032768597346102935,0.54
ccdefault,mlp,ig,375,0.7395089446643355,0.28801919931979403,0.5799999999999998
ccdefault,mlp,ig,376,0.8423497453070976,0.40400174030392577,0.42000000000000004
ccdefault,mlp,ig,377,0.7368041954056636,0.12612302907413342,0.7999999999999999
ccdefault,mlp,ig,378,0.9177669534699862,0.1481725612785617,0.7
ccdefault,mlp,ig,379,0.8940969626285824,0.3071583032960994,0.54
ccdefault,mlp,ig,380,0.6900063823678384,0.1785771347756796,0.6199999999999999
ccdefault,mlp,ig,381,0.9116009906626074,0.15488097787977506,0.5199999999999999
ccdefault,mlp,ig,382,0.7048363791661042,0.04173069837549759,0.74
ccdefault,mlp,ig,383,0.8312560640288635,0.3177745744230578,0.5
ccdefault,mlp,ig,384,0.8300007764471454,0.4173471728246336,0.26
ccdefault,mlp,ig,385,0.8399355332326064,0.5343796572914681,0.5
ccdefault,mlp,ig,386,0.7696516103897626,0.18413741210360346,0.6
ccdefault,mlp,ig,387,0.9116684920263409,0.3858590713737178,0.7799999999999999
ccdefault,mlp,ig,388,0.6788083692114318,0.3206255709544916,0.41999999999999993
ccdefault,mlp,ig,389,0.9522014941919078,0.5500761311401334,0.5199999999999999
ccdefault,mlp,ig,390,0.8508454699243877,0.1339415147765728,0.7999999999999999
ccdefault,mlp,ig,391,0.5844466651907023,0.11994697339224059,0.6799999999999999
ccdefault,mlp,ig,392,0.5785872403120764,0.013292427458605593,0.8399999999999999
ccdefault,mlp,ig,393,0.5879121959025854,0.18679022675740187,0.6599999999999999
ccdefault,mlp,ig,394,0.9318258716178491,0.1162533705964226,0.6399999999999999
ccdefault,mlp,ig,395,0.8828696298510412,0.26863810851093306,0.6599999999999999
ccdefault,mlp,ig,396,0.8938732098734976,0.7593049308908306,0.48
ccdefault,mlp,ig,397,0.612470881750716,0.03680644185164239,0.58
ccdefault,mlp,ig,398,0.6345994776266173,0.1290246926458769,0.78
ccdefault,mlp,ig,399,0.9568579381708371,0.3148713891290459,0.6399999999999999
ccdefault,mlp,ig,400,0.8634190605471208,0.4380953658561786,0.5
ccdefault,mlp,ig,401,0.8185808332500303,0.2724040775618397,0.6399999999999999
ccdefault,mlp,ig,402,0.8092137552702751,0.257642843107603,0.6
ccdefault,mlp,ig,403,0.8567569318690502,0.16691351651136677,0.6399999999999999
ccdefault,mlp,ig,404,0.7723639905099757,0.12747377731690634,0.86
ccdefault,mlp,ig,405,0.6124563490314727,0.01323491440410307,0.72
ccdefault,mlp,ig,406,0.8276414725111183,0.17381165641870522,0.7
ccdefault,mlp,ig,407,0.899883341855219,0.1524460171819204,0.82
ccdefault,mlp,ig,408,0.5663562953740348,0.03713073587658078,0.56
ccdefault,mlp,ig,409,0.8865266782072233,0.4137844277132119,0.5199999999999999
ccdefault,mlp,ig,410,0.6627196551205415,0.03390731267332936,0.72
ccdefault,mlp,ig,411,0.830768413138488,0.41204664669947255,0.48
ccdefault,mlp,ig,412,0.6710701153124136,0.3469039781819565,0.54
ccdefault,mlp,ig,413,0.8281166457651773,0.33581564641330475,0.5200000000000001
ccdefault,mlp,ig,414,0.7710108694871882,0.3756925260988372,0.6799999999999999
ccdefault,mlp,ig,415,0.9105884237787534,0.14623299598175288,0.6799999999999999
ccdefault,mlp,ig,416,0.8171420440007363,0.14955028302191642,0.7
ccdefault,mlp,ig,417,0.8789511847943713,0.5649139860530549,0.5999999999999999
ccdefault,mlp,ig,418,0.6934829819212535,0.15464950395901056,0.5399999999999998
ccdefault,mlp,ig,419,0.9056336975629691,0.17388027661931038,0.7
ccdefault,mlp,ig,420,0.8900091464867177,0.5149996801373806,0.52
ccdefault,mlp,ig,421,0.8062078803723451,0.48944404122415996,0.5999999999999999
ccdefault,mlp,ig,422,0.8690382231197837,0.2532518033879658,0.5800000000000001
ccdefault,mlp,ig,423,0.8857721915630498,0.19447436419266906,0.6599999999999999
ccdefault,mlp,ig,424,0.661651330405333,0.5854940692495283,0.7799999999999999
ccdefault,mlp,ig,425,0.8340831420330301,0.34921433202997765,0.56
ccdefault,mlp,ig,426,0.9690447103061036,0.42333225538990793,0.56
ccdefault,mlp,ig,427,0.8642213315196262,0.5177354997659361,0.42000000000000004
ccdefault,mlp,ig,428,0.535941120335705,0.01535797017862317,0.82
ccdefault,mlp,ig,429,0.8252995445614018,0.23010651815308525,0.7199999999999999
ccdefault,mlp,ig,430,0.8647396920268315,0.17114283026362465,0.4800000000000001
ccdefault,mlp,ig,431,0.8815453880241444,0.3642084794337511,0.5799999999999998
ccdefault,mlp,ig,432,0.8121283374004686,0.36032903991470877,0.58
ccdefault,mlp,ig,433,0.913046848779701,0.48047307922594673,0.58
ccdefault,mlp,ig,434,0.9107841529445487,0.3640062317586905,0.54
ccdefault,mlp,ig,435,0.9204711613929932,0.3664578080966947,0.44000000000000006
ccdefault,mlp,ig,436,0.7602051153546856,0.11788579020768908,0.72
ccdefault,mlp,ig,437,0.8328085465445723,0.28123362325151613,0.5800000000000001
ccdefault,mlp,ig,438,0.7488979358115271,0.14902485028941614,0.9199999999999999
ccdefault,mlp,ig,439,0.786466100755671,0.1352960113060837,0.6399999999999999
ccdefault,mlp,ig,440,0.8195233614264147,0.3035427475750401,0.6399999999999999
ccdefault,mlp,ig,441,0.8558137254114733,0.562765291696485,0.6599999999999999
ccdefault,mlp,ig,442,0.943600258833176,0.46203808308816297,0.52
ccdefault,mlp,ig,443,0.7117663946037935,0.046584143190236404,0.6599999999999999
ccdefault,mlp,ig,444,0.5810322124860618,0.035158230535470514,0.8400000000000001
ccdefault,mlp,ig,445,0.8306212786872769,0.11417326471333733,0.7799999999999999
ccdefault,mlp,ig,446,0.8484091229880539,0.12622752407311588,0.5599999999999999
ccdefault,mlp,ig,447,0.6981585941459034,0.3084248981336739,0.6199999999999999
ccdefault,mlp,ig,448,0.5284589671416093,0.018889116082772217,0.7999999999999999
ccdefault,mlp,ig,449,0.8379632392206291,0.25424178112381957,0.52
ccdefault,mlp,ig,450,0.8730530298419554,0.5848427780473286,0.5799999999999998
ccdefault,mlp,ig,451,0.718644513136609,0.22762630942118967,0.6199999999999999
ccdefault,mlp,ig,452,0.8552001783412277,0.4565459712577734,0.4600000000000001
ccdefault,mlp,ig,453,0.7894975831816232,0.4874132185799287,0.52
ccdefault,mlp,ig,454,0.7769652889598753,0.18910678009851534,0.5399999999999999
ccdefault,mlp,ig,455,0.7999509154994732,0.27565009245994787,0.7
ccdefault,mlp,ig,456,0.7561816519213771,0.24474578635261124,0.7999999999999999
ccdefault,mlp,ig,457,0.5858256770729218,0.06960338718376724,0.4600000000000001
ccdefault,mlp,ig,458,0.9040078896822225,0.4505320858252023,0.6199999999999999
ccdefault,mlp,ig,459,0.7676927800271526,0.245155672423797,0.42000000000000004
ccdefault,mlp,ig,460,0.869200617102163,0.2539935453038832,0.5199999999999999
ccdefault,mlp,ig,461,0.8711913915464097,0.3963027005783195,0.5999999999999999
ccdefault,mlp,ig,462,0.8519343709888553,0.558971787939569,0.58
ccdefault,mlp,ig,463,0.8813804425042233,0.17916963433864042,0.74
ccdefault,mlp,ig,464,0.8011446222171047,0.738703374333266,0.54
ccdefault,mlp,ig,465,0.8291901813858094,0.2702384803933615,0.4600000000000001
ccdefault,mlp,ig,466,0.8715535252079206,0.18894142093437627,0.6600000000000001
ccdefault,mlp,ig,467,0.8548267566283858,0.28100463924065167,0.6599999999999999
ccdefault,mlp,ig,468,0.7198363773881432,0.23720076960653613,0.68
ccdefault,mlp,ig,469,0.8487828383450486,0.8033521537364074,0.52
ccdefault,mlp,ig,470,0.6408937121582186,0.32410034171732893,0.6399999999999999
ccdefault,mlp,ig,471,0.6449640180944388,0.03858601221693614,0.74
ccdefault,mlp,ig,472,0.6379807893536621,0.016256218738651795,0.62
ccdefault,mlp,ig,473,0.6675071842724405,0.10984428034543414,0.76
ccdefault,mlp,ig,474,0.9554637106664302,0.030124806558433748,0.6000000000000001
ccdefault,mlp,ig,475,0.6075159068501585,0.16501332359562626,0.86
ccdefault,mlp,ig,476,0.7496918659395597,0.01997745541422069,0.9200000000000002
ccdefault,mlp,ig,477,0.9390942526529138,0.650653126737009,0.4800000000000001
ccdefault,mlp,ig,478,0.9260198296894011,0.17319037340726917,0.7
ccdefault,mlp,ig,479,0.7342955461229701,0.022081569265058887,0.9199999999999999
ccdefault,mlp,ig,480,0.8592565409620233,0.4220644241217949,0.48
ccdefault,mlp,ig,481,0.8906032956738947,0.5976951573157022,0.5399999999999999
ccdefault,mlp,ig,482,0.92821135789493,0.15057795584825173,0.72
ccdefault,mlp,ig,483,0.9552551252226177,0.6552418588325543,0.6
ccdefault,mlp,ig,484,0.8690934450812332,0.7376986683265234,0.48
ccdefault,mlp,ig,485,0.6364700129475995,0.36733198604004413,0.72
ccdefault,mlp,ig,486,0.8641423574366387,0.4807423840385384,0.6999999999999998
ccdefault,mlp,ig,487,0.5379659106545038,0.0788854582632652,0.86
ccdefault,mlp,ig,488,0.7120480408488354,0.18927030511253018,0.6
ccdefault,mlp,ig,489,0.771408662440799,0.43091488519389076,0.4200000000000001
ccdefault,mlp,ig,490,0.9259093634916127,0.5963016130717484,0.54
ccdefault,mlp,ig,491,0.8802753869325114,0.2590138683069336,0.72
ccdefault,mlp,ig,492,0.6290527379314058,0.12991038145333422,0.78
ccdefault,mlp,ig,493,0.8527583260118561,0.2761138775976596,0.58
ccdefault,mlp,ig,494,0.8353853708170714,0.5807734460920609,0.5599999999999999
ccdefault,mlp,ig,495,0.8374082065032361,0.29241977863063484,0.52
ccdefault,mlp,ig,496,0.9011019446247662,0.1805568247731294,0.5799999999999998
ccdefault,mlp,ig,497,0.8329304351992611,0.41295513112276727,0.5800000000000001
ccdefault,mlp,ig,498,0.8597062898766247,0.8391348360371416,0.6199999999999999
ccdefault,mlp,ig,499,0.8209404103801183,0.14896213769350397,0.7
ccdefault,mlp,lime,0,0.5357942259775069,0.030560268486586772,0.7999999999999999
ccdefault,mlp,lime,1,0.7467122887178105,0.0637627553902661,0.7
ccdefault,mlp,lime,2,0.6695849578034923,0.04842757815720622,0.7199999999999999
ccdefault,mlp,lime,3,0.8250484307509034,0.14792667629278566,0.44000000000000006
ccdefault,mlp,lime,4,0.8266043004722526,0.2986594760716632,0.4600000000000001
ccdefault,mlp,lime,5,0.8558247332575192,0.10871452507350521,0.48
ccdefault,mlp,lime,6,0.9634482557955872,0.27866471257067826,0.6799999999999999
ccdefault,mlp,lime,7,0.5341110325948568,0.06859715544903744,0.7799999999999999
ccdefault,mlp,lime,8,0.8833345917923273,0.3117094322972802,0.4
ccdefault,mlp,lime,9,0.6357835765804889,0.03601010687473827,0.86
ccdefault,mlp,lime,10,0.8238185399996831,0.10448477270992451,0.54
ccdefault,mlp,lime,11,0.7355949422730323,0.10353708921470461,0.6399999999999999
ccdefault,mlp,lime,12,0.6256661655954381,0.04558645568117581,0.6799999999999999
ccdefault,mlp,lime,13,0.7543646000408508,0.2894744803099776,0.5000000000000001
ccdefault,mlp,lime,14,0.8400818085394199,0.10689114672770439,0.5599999999999999
ccdefault,mlp,lime,15,0.7218494778700764,0.11520298096331416,0.6599999999999999
ccdefault,mlp,lime,16,0.8647261759558951,0.11009917688158577,0.33999999999999997
ccdefault,mlp,lime,17,0.840850802655958,0.28996616139526676,0.42000000000000004
ccdefault,mlp,lime,18,0.7855717336483561,0.13825698898581407,0.4
ccdefault,mlp,lime,19,0.8015090947635821,0.12045458374368612,0.58
ccdefault,mlp,lime,20,0.6605473831197229,0.038241174349404994,0.4
ccdefault,mlp,lime,21,0.8414280578583426,0.3430303328922949,0.45999999999999996
ccdefault,mlp,lime,22,0.7575794526024852,0.054476200716922385,0.5599999999999999
ccdefault,mlp,lime,23,0.8093452653846377,0.2902741578248562,0.5
ccdefault,mlp,lime,24,0.762194269916663,0.3035091607313464,0.7
ccdefault,mlp,lime,25,0.8410401551739082,0.3267754053300893,0.4999999999999999
ccdefault,mlp,lime,26,0.6313807416372458,0.030917008356993625,0.5
ccdefault,mlp,lime,27,0.810488955347255,0.11640310874624793,0.5999999999999999
ccdefault,mlp,lime,28,0.5728783648714735,0.038199037798145596,0.82
ccdefault,mlp,lime,29,0.8654005442429655,0.46433570487792364,0.5
ccdefault,mlp,lime,30,0.8933277305411492,0.2987509047627708,0.54
ccdefault,mlp,lime,31,0.8756985791706515,0.38967599501543027,0.5800000000000001
ccdefault,mlp,lime,32,0.843572991561403,0.12911337138879708,0.39999999999999997
ccdefault,mlp,lime,33,0.7781092575481867,0.039767090431058305,0.7999999999999999
ccdefault,mlp,lime,34,0.9403043019213382,0.10232312172938107,0.64
ccdefault,mlp,lime,35,0.9098998475450859,0.4654836836727242,0.56
ccdefault,mlp,lime,36,0.6593127547156901,0.04473905155516733,0.6799999999999999
ccdefault,mlp,lime,37,0.9339006118666978,0.1900008228271648,0.6000000000000001
ccdefault,mlp,lime,38,0.8473232920532764,0.12610864357062135,0.44000000000000006
ccdefault,mlp,lime,39,0.9100497739554243,0.4330497916580641,0.34
ccdefault,mlp,lime,40,0.8627008689929558,0.10680520015380357,0.58
ccdefault,mlp,lime,41,0.8399350742084433,0.30031628438463887,0.45999999999999996
ccdefault,mlp,lime,42,0.7289172606884231,0.046698677326369675,0.5
ccdefault,mlp,lime,43,0.8556148177219788,0.39855115037992117,0.44000000000000006
ccdefault,mlp,lime,44,0.9715446824294368,0.14751782856811335,0.5999999999999999
ccdefault,mlp,lime,45,0.8598512032245248,0.3816577617376664,0.5799999999999998
ccdefault,mlp,lime,46,0.885554799130946,0.42319872484796395,0.4800000000000001
ccdefault,mlp,lime,47,0.8658609529293507,0.0899170581190234,0.52
ccdefault,mlp,lime,48,0.8046329975710169,0.3228118857632265,0.6599999999999999
ccdefault,mlp,lime,49,0.6667414214354453,0.04516299713214733,0.7399999999999999
ccdefault,mlp,lime,50,0.8817456960817254,0.13238802949731632,0.56
ccdefault,mlp,lime,51,0.5417608330854454,0.03021849447842906,0.48
ccdefault,mlp,lime,52,0.6165423251583617,0.07589634167141313,0.66
ccdefault,mlp,lime,53,0.8775285687795401,0.40681947321587386,0.44000000000000006
ccdefault,mlp,lime,54,0.8512501802933038,0.0965578081937043,0.56
ccdefault,mlp,lime,55,0.845312115221937,0.4922110236330407,0.5000000000000001
ccdefault,mlp,lime,56,0.926572415254158,0.2573888424796973,0.5799999999999998
ccdefault,mlp,lime,57,0.9335514560729188,0.1724508543446055,0.5800000000000001
ccdefault,mlp,lime,58,0.8726703002992021,0.4296917496188142,0.5
ccdefault,mlp,lime,59,0.8469640325000795,0.3078679826878561,0.5799999999999998
ccdefault,mlp,lime,60,0.8668107666649988,0.19239138300719605,0.54
ccdefault,mlp,lime,61,0.8242032677693221,0.03697767711934108,0.74
ccdefault,mlp,lime,62,0.7098243847610357,0.24541472261229003,0.5599999999999999
ccdefault,mlp,lime,63,0.9056136188780783,0.12265144733067856,0.5599999999999999
ccdefault,mlp,lime,64,0.8799168517991163,0.12380083212616333,0.45999999999999996
ccdefault,mlp,lime,65,0.8914768414934235,0.408650818710103,0.56
ccdefault,mlp,lime,66,0.7225260414987134,0.34949090430638863,0.34
ccdefault,mlp,lime,67,0.8157826374885075,0.12224007798886505,0.36000000000000004
ccdefault,mlp,lime,68,0.5858359347810286,0.19741090373586334,0.72
ccdefault,mlp,lime,69,0.7941353611764342,0.29189178553020656,0.42000000000000004
ccdefault,mlp,lime,70,0.8496968085518167,0.21791231161587332,0.6599999999999999
ccdefault,mlp,lime,71,0.9166182478588556,0.28976106510562416,0.6799999999999999
ccdefault,mlp,lime,72,0.7458467982390411,0.26243945024073045,0.5000000000000001
ccdefault,mlp,lime,73,0.7796846234869126,0.24452996945957128,0.5200000000000001
ccdefault,mlp,lime,74,0.8782819979040198,0.2732485592421058,0.5599999999999999
ccdefault,mlp,lime,75,0.8822131331504769,0.30932009878808375,0.58
ccdefault,mlp,lime,76,0.8961560940967808,0.39093852528280404,0.52
ccdefault,mlp,lime,77,0.8803490929292257,0.2663004296349776,0.4999999999999999
ccdefault,mlp,lime,78,0.7910560360831443,0.09511194871124806,0.8399999999999999
ccdefault,mlp,lime,79,0.8173022540883113,0.08787401139942175,0.82
ccdefault,mlp,lime,80,0.5918570159666025,0.0500252085295676,0.6799999999999999
ccdefault,mlp,lime,81,0.5923061378161495,0.03041236096242983,0.9199999999999999
ccdefault,mlp,lime,82,0.5488236650702063,0.05240994959665035,0.6399999999999999
ccdefault,mlp,lime,83,0.8571895704901813,0.29595305488773327,0.58
ccdefault,mlp,lime,84,0.5297006811324645,0.049526954133067846,0.72
ccdefault,mlp,lime,85,0.7191385539417969,0.04246547417317181,0.7399999999999999
ccdefault,mlp,lime,86,0.6251978648863059,0.30826863873983135,0.58
ccdefault,mlp,lime,87,0.749968608850551,0.06858314462723913,0.82
ccdefault,mlp,lime,88,0.8861405069848208,0.44147834791323004,0.32
ccdefault,mlp,lime,89,0.8065789940575986,0.09167004548379176,0.6399999999999999
ccdefault,mlp,lime,90,0.8362350445666642,0.2725056083639894,0.47999999999999987
ccdefault,mlp,lime,91,0.6376734329833222,0.03776531954662021,0.62
ccdefault,mlp,lime,92,0.8051163496727618,0.04010759046525403,0.9200000000000002
ccdefault,mlp,lime,93,0.5837753594161359,0.042913441108535566,0.86
ccdefault,mlp,lime,94,0.5305273438689555,0.10483386477054812,0.7599999999999999
ccdefault,mlp,lime,95,0.8653888534725634,0.2013758249020201,0.5599999999999998
ccdefault,mlp,lime,96,0.8223397206386425,0.31884412420222175,0.5599999999999999
ccdefault,mlp,lime,97,0.8310449024604234,0.12403365889088269,0.48
ccdefault,mlp,lime,98,0.8922771987510393,0.12349113451367066,0.56
ccdefault,mlp,lime,99,0.7321038721015227,0.31963122355886164,0.45999999999999996
ccdefault,mlp,kshap,0,0.5357942259775069,0.01369971219179189,0.9199999999999999
ccdefault,mlp,kshap,1,0.7467122887178105,0.012422944986301032,0.7599999999999999
ccdefault,mlp,kshap,2,0.6695849578034923,0.12320285834255318,0.86
ccdefault,mlp,kshap,3,0.8250484307509034,0.04283684266073595,0.42000000000000004
ccdefault,mlp,kshap,4,0.8266043004722526,0.13067431720806633,0.7
ccdefault,mlp,kshap,5,0.8558247332575192,0.08573663932298725,0.5200000000000001
ccdefault,mlp,kshap,6,0.9634482557955872,0.048867611834875646,0.6999999999999998
ccdefault,mlp,kshap,7,0.5341110325948568,0.05594259208941388,0.7999999999999999
ccdefault,mlp,kshap,8,0.8833345917923273,0.17212120075609927,0.5599999999999999
ccdefault,mlp,kshap,9,0.6357835765804889,0.014021294532278739,0.7999999999999999
ccdefault,mlp,kshap,10,0.8238185399996831,0.09760252145931236,0.5599999999999999
ccdefault,mlp,kshap,11,0.7355949422730323,0.14649041293902587,0.7
ccdefault,mlp,kshap,12,0.6256661655954381,0.05949901556049808,0.9199999999999999
ccdefault,mlp,kshap,13,0.7543646000408508,0.24167183736989672,0.6599999999999999
ccdefault,mlp,kshap,14,0.8400818085394199,0.0449951114343794,0.6599999999999999
ccdefault,mlp,kshap,15,0.7218494778700764,0.08543537296625081,0.7799999999999999
ccdefault,mlp,kshap,16,0.8647261759558951,0.11236393152302726,0.5199999999999999
ccdefault,mlp,kshap,17,0.840850802655958,0.14970689646413926,0.6199999999999999
ccdefault,mlp,kshap,18,0.7855717336483561,0.08917530575005672,0.6599999999999999
ccdefault,mlp,kshap,19,0.8015090947635821,0.16735180465560173,0.36000000000000004
ccdefault,mlp,kshap,20,0.6605473831197229,0.127081312311202,0.5599999999999998
ccdefault,mlp,kshap,21,0.8414280578583426,0.1386191791567135,0.6399999999999999
ccdefault,mlp,kshap,22,0.7575794526024852,0.13262636279970041,0.5599999999999999
ccdefault,mlp,kshap,23,0.8093452653846377,0.10635363479241566,0.9199999999999999
ccdefault,mlp,kshap,24,0.762194269916663,0.07414490321276401,0.7799999999999999
ccdefault,mlp,kshap,25,0.8410401551739082,0.1054171055281301,0.6399999999999999
ccdefault,mlp,kshap,26,0.6313807416372458,0.002896241168046876,0.6799999999999999
ccdefault,mlp,kshap,27,0.810488955347255,0.15203865616778012,0.52
ccdefault,mlp,kshap,28,0.5728783648714735,0.029071927132499065,0.86
ccdefault,mlp,kshap,29,0.8654005442429655,0.41924545412634173,0.5599999999999999
ccdefault,mlp,kshap,30,0.8933277305411492,0.2836791420354332,0.5399999999999999
ccdefault,mlp,kshap,31,0.8756985791706515,0.22916662081404793,0.48000000000000015
ccdefault,mlp,kshap,32,0.843572991561403,0.1264467149354893,0.5599999999999999
ccdefault,mlp,kshap,33,0.7781092575481867,0.08048334982584371,0.5599999999999998
ccdefault,mlp,kshap,34,0.9403043019213382,0.04832856445665068,0.6799999999999999
ccdefault,mlp,kshap,35,0.9098998475450859,0.20999290326258102,0.52
ccdefault,mlp,kshap,36,0.6593127547156901,0.11608291999401443,0.6599999999999999
ccdefault,mlp,kshap,37,0.9339006118666978,0.09418930279484528,0.6799999999999999
ccdefault,mlp,kshap,38,0.8473232920532764,0.09338405073890199,0.5999999999999999
ccdefault,mlp,kshap,39,0.9100497739554243,0.10639242195994325,0.6799999999999999
ccdefault,mlp,kshap,40,0.8627008689929558,0.11273363513199808,0.5599999999999999
ccdefault,mlp,kshap,41,0.8399350742084433,0.18269722887988493,0.6399999999999999
ccdefault,mlp,kshap,42,0.7289172606884231,0.21232908682924623,0.5199999999999999
ccdefault,mlp,kshap,43,0.8556148177219788,0.29889283848947934,0.6399999999999999
ccdefault,mlp,kshap,44,0.9715446824294368,0.029618825388408654,0.6399999999999999
ccdefault,mlp,kshap,45,0.8598512032245248,0.3235338479291239,0.54
ccdefault,mlp,kshap,46,0.885554799130946,0.2602313351126684,0.54
ccdefault,mlp,kshap,47,0.8658609529293507,0.13503858568877902,0.4999999999999999
ccdefault,mlp,kshap,48,0.8046329975710169,0.766558311327215,0.7
ccdefault,mlp,kshap,49,0.6667414214354453,0.14623374781716048,0.6599999999999999
ccdefault,mlp,kshap,50,0.8817456960817254,0.10523563577013528,0.5799999999999998
ccdefault,mlp,kshap,51,0.5417608330854454,0.003614271854259443,0.5999999999999999
ccdefault,mlp,kshap,52,0.6165423251583617,0.0976201049752452,0.6399999999999999
ccdefault,mlp,kshap,53,0.8775285687795401,0.31915221144125494,0.5
ccdefault,mlp,kshap,54,0.8512501802933038,0.09282770404024188,0.5999999999999999
ccdefault,mlp,kshap,55,0.845312115221937,0.1835111490634247,0.6
ccdefault,mlp,kshap,56,0.926572415254158,0.183677349271,0.44000000000000006
ccdefault,mlp,kshap,57,0.9335514560729188,0.11005132679287866,0.6599999999999999
ccdefault,mlp,kshap,58,0.8726703002992021,0.052176123949691955,0.82
ccdefault,mlp,kshap,59,0.8469640325000795,0.11284174828397153,0.5599999999999999
ccdefault,mlp,kshap,60,0.8668107666649988,0.09562679771001314,0.72
ccdefault,mlp,kshap,61,0.8242032677693221,0.19153735599326305,0.5399999999999999
ccdefault,mlp,kshap,62,0.7098243847610357,0.08626038639749412,0.6399999999999999
ccdefault,mlp,kshap,63,0.9056136188780783,0.08035785266067597,0.5999999999999999
ccdefault,mlp,kshap,64,0.8799168517991163,0.0868998416718012,0.5599999999999998
ccdefault,mlp,kshap,65,0.8914768414934235,0.12404843494427842,0.6399999999999999
ccdefault,mlp,kshap,66,0.7225260414987134,0.5820397427576601,0.36
ccdefault,mlp,kshap,67,0.8157826374885075,0.09498546939856656,0.5
ccdefault,mlp,kshap,68,0.5858359347810286,0.17577586918151433,0.82
ccdefault,mlp,kshap,69,0.7941353611764342,0.18322930144839855,0.5799999999999998
ccdefault,mlp,kshap,70,0.8496968085518167,0.5864366313329226,0.6799999999999999
ccdefault,mlp,kshap,71,0.9166182478588556,0.31014027222116947,0.6399999999999999
ccdefault,mlp,kshap,72,0.7458467982390411,0.1351458819500213,0.7999999999999999
ccdefault,mlp,kshap,73,0.7796846234869126,0.2613436436420067,0.58
ccdefault,mlp,kshap,74,0.8782819979040198,0.16246186034007848,0.54
ccdefault,mlp,kshap,75,0.8822131331504769,0.12907334154314754,0.6
ccdefault,mlp,kshap,76,0.8961560940967808,0.140571189514052,0.5599999999999999
ccdefault,mlp,kshap,77,0.8803490929292257,0.10645180509947971,0.5799999999999998
ccdefault,mlp,kshap,78,0.7910560360831443,0.09799923196908689,0.74
ccdefault,mlp,kshap,79,0.8173022540883113,0.1033285136096842,0.6799999999999999
ccdefault,mlp,kshap,80,0.5918570159666025,0.04262813764070761,0.8399999999999999
ccdefault,mlp,kshap,81,0.5923061378161495,0.013483696758492814,0.8800000000000001
ccdefault,mlp,kshap,82,0.5488236650702063,0.09579550442756146,0.6599999999999999
ccdefault,mlp,kshap,83,0.8571895704901813,0.2374520050974307,0.62
ccdefault,mlp,kshap,84,0.5297006811324645,0.10235829308577316,0.7
ccdefault,mlp,kshap,85,0.7191385539417969,0.024091596074651944,0.7
ccdefault,mlp,kshap,86,0.6251978648863059,0.09936476532263083,0.7
ccdefault,mlp,kshap,87,0.749968608850551,0.2073140990053759,0.6
ccdefault,mlp,kshap,88,0.8861405069848208,0.1039230114805596,0.6599999999999999
ccdefault,mlp,kshap,89,0.8065789940575986,0.07667212358156061,0.45999999999999996
ccdefault,mlp,kshap,90,0.8362350445666642,0.14163550958150162,0.6399999999999999
ccdefault,mlp,kshap,91,0.6376734329833222,0.0017679264513859039,0.6599999999999999
ccdefault,mlp,kshap,92,0.8051163496727618,0.004165449358142226,0.6399999999999999
ccdefault,mlp,kshap,93,0.5837753594161359,0.07577454055924149,0.6799999999999999
ccdefault,mlp,kshap,94,0.5305273438689555,0.18735796659176707,0.6599999999999999
ccdefault,mlp,kshap,95,0.8653888534725634,0.1231896817700322,0.5599999999999999
ccdefault,mlp,kshap,96,0.8223397206386425,0.17728805100575384,0.5799999999999998
ccdefault,mlp,kshap,97,0.8310449024604234,0.11726706187095515,0.54
ccdefault,mlp,kshap,98,0.8922771987510393,0.14880519588155283,0.5799999999999998
ccdefault,mlp,kshap,99,0.7321038721015227,0.20341707942432863,0.7
electricity,logreg,linshap,0,0.7071259421507382,-2.220446049250313e-16,1.0
electricity,logreg,linshap,1,0.5338024950416198,-2.220446049250313e-16,1.0
electricity,logreg,linshap,2,0.9161562213058587,0.0,1.0
electricity,logreg,linshap,3,0.5156461343351166,-2.220446049250313e-16,1.0
electricity,logreg,linshap,4,0.8918779494098468,2.220446049250313e-16,1.0
electricity,logreg,linshap,5,0.5453021189451523,2.220446049250313e-16,1.0
electricity,logreg,linshap,6,0.8076795458598095,-2.220446049250313e-16,1.0
electricity,logreg,linshap,7,0.7202200459920677,2.220446049250313e-16,1.0
electricity,logreg,linshap,8,0.952071004230324,0.0,1.0
electricity,logreg,linshap,9,0.7424442998508058,0.0,1.0
electricity,logreg,linshap,10,0.8308018827703767,0.0,1.0
electricity,logreg,linshap,11,0.608094594654612,-2.220446049250313e-16,1.0
electricity,logreg,linshap,12,0.655385215886236,0.0,1.0
electricity,logreg,linshap,13,0.8188404729067514,0.0,1.0
electricity,logreg,linshap,14,0.8467958823309413,-2.220446049250313e-16,1.0
electricity,logreg,linshap,15,0.877875102970075,-2.220446049250313e-16,1.0
electricity,logreg,linshap,16,0.644807959136404,2.220446049250313e-16,1.0
electricity,logreg,linshap,17,0.9085023826757151,2.220446049250313e-16,1.0
electricity,logreg,linshap,18,0.6800256373873885,2.220446049250313e-16,1.0
electricity,logreg,linshap,19,0.6449212857114495,-2.220446049250313e-16,1.0
electricity,logreg,linshap,20,0.7204166266468197,2.220446049250313e-16,1.0
electricity,logreg,linshap,21,0.9940901932984719,0.0,1.0
electricity,logreg,linshap,22,0.7430598824457517,0.0,1.0
electricity,logreg,linshap,23,0.9394061265875079,0.0,1.0
electricity,logreg,linshap,24,0.8856513702133626,0.0,1.0
electricity,logreg,linshap,25,0.6370345120481746,2.220446049250313e-16,1.0
electricity,logreg,linshap,26,0.935411087870955,0.0,1.0
electricity,logreg,linshap,27,0.7002582239251964,2.220446049250313e-16,1.0
electricity,logreg,linshap,28,0.7657126505578107,0.0,1.0
electricity,logreg,linshap,29,0.7984701480467087,-2.220446049250313e-16,1.0
electricity,logreg,linshap,30,0.6136783666138937,0.0,1.0
electricity,logreg,linshap,31,0.7587251130465141,0.0,1.0
electricity,logreg,linshap,32,0.5446625815783169,2.220446049250313e-16,1.0
electricity,logreg,linshap,33,0.8191527092005815,-2.220446049250313e-16,1.0
electricity,logreg,linshap,34,0.9626112605578332,-2.220446049250313e-16,1.0
electricity,logreg,linshap,35,0.7536480943408893,-2.220446049250313e-16,1.0
electricity,logreg,linshap,36,0.9801843591312162,0.0,1.0
electricity,logreg,linshap,37,0.7833089646776576,0.0,1.0
electricity,logreg,linshap,38,0.7157616009312895,-2.220446049250313e-16,1.0
electricity,logreg,linshap,39,0.8153378300877552,0.0,1.0
electricity,logreg,linshap,40,0.793526961813213,0.0,1.0
electricity,logreg,linshap,41,0.8086475217533755,0.0,1.0
electricity,logreg,linshap,42,0.6519449561086057,0.0,1.0
electricity,logreg,linshap,43,0.8481434626097262,-2.220446049250313e-16,1.0
electricity,logreg,linshap,44,0.7216258379624443,0.0,1.0
electricity,logreg,linshap,45,0.5351034055902169,2.220446049250313e-16,1.0
electricity,logreg,linshap,46,0.7497781096305498,2.220446049250313e-16,1.0
electricity,logreg,linshap,47,0.9487529801021705,0.0,1.0
electricity,logreg,linshap,48,0.6185341231318136,0.0,1.0
electricity,logreg,linshap,49,0.9987406463807481,0.0,1.0
electricity,logreg,linshap,50,0.5683604500666716,0.0,1.0
electricity,logreg,linshap,51,0.8505908899102443,0.0,1.0
electricity,logreg,linshap,52,0.821842978961288,0.0,1.0
electricity,logreg,linshap,53,0.7443887354264515,-2.220446049250313e-16,1.0
electricity,logreg,linshap,54,0.6986764900765734,2.220446049250313e-16,1.0
electricity,logreg,linshap,55,0.6831108016143671,2.220446049250313e-16,1.0
electricity,logreg,linshap,56,0.8485007918896537,0.0,1.0
electricity,logreg,linshap,57,0.8461458433750281,0.0,1.0
electricity,logreg,linshap,58,0.6001576970930593,-2.220446049250313e-16,1.0
electricity,logreg,linshap,59,0.6499845424942192,0.0,1.0
electricity,logreg,linshap,60,0.5054515103390409,2.220446049250313e-16,1.0
electricity,logreg,linshap,61,0.932344555776966,-2.220446049250313e-16,1.0
electricity,logreg,linshap,62,0.9236039285494515,0.0,1.0
electricity,logreg,linshap,63,0.8108742951137827,-2.220446049250313e-16,1.0
electricity,logreg,linshap,64,0.9509093472605453,0.0,1.0
electricity,logreg,linshap,65,0.6650131181680375,0.0,1.0
electricity,logreg,linshap,66,0.8822803286517067,0.0,1.0
electricity,logreg,linshap,67,0.7920861019400662,0.0,1.0
electricity,logreg,linshap,68,0.6548637042283232,-2.220446049250313e-16,1.0
electricity,logreg,linshap,69,0.6226599111576357,0.0,1.0
electricity,logreg,linshap,70,0.6547086525574417,0.0,1.0
electricity,logreg,linshap,71,0.9829146633499996,2.220446049250313e-16,1.0
electricity,logreg,linshap,72,0.8736777633206462,-2.220446049250313e-16,1.0
electricity,logreg,linshap,73,0.7945543044301001,0.0,1.0
electricity,logreg,linshap,74,0.6505310044765866,0.0,1.0
electricity,logreg,linshap,75,0.6943700495061303,2.220446049250313e-16,1.0
electricity,logreg,linshap,76,0.8882339570042086,0.0,1.0
electricity,logreg,linshap,77,0.8211557912693257,2.220446049250313e-16,1.0
electricity,logreg,linshap,78,0.6704663283810186,-2.220446049250313e-16,1.0
electricity,logreg,linshap,79,0.9063848291241416,0.0,1.0
electricity,logreg,linshap,80,0.6637936685643151,0.0,1.0
electricity,logreg,linshap,81,0.5403093779298884,0.0,1.0
electricity,logreg,linshap,82,0.6496778973169461,0.0,1.0
electricity,logreg,linshap,83,0.580594538864035,2.220446049250313e-16,1.0
electricity,logreg,linshap,84,0.6936175613308679,0.0,1.0
electricity,logreg,linshap,85,0.9452702949947355,2.220446049250313e-16,1.0
electricity,logreg,linshap,86,0.8691340400120522,2.220446049250313e-16,1.0
electricity,logreg,linshap,87,0.8039826937538009,0.0,1.0
electricity,logreg,linshap,88,0.7991817905211801,2.220446049250313e-16,1.0
electricity,logreg,linshap,89,0.5884883175429577,-2.220446049250313e-16,1.0
electricity,logreg,linshap,90,0.9539145624257257,2.220446049250313e-16,1.0
electricity,logreg,linshap,91,0.7141326865318844,2.220446049250313e-16,1.0
electricity,logreg,linshap,92,0.83119472780065,-2.220446049250313e-16,1.0
electricity,logreg,linshap,93,0.9332267147833685,-2.220446049250313e-16,1.0
electricity,logreg,linshap,94,0.5890867306013707,-2.220446049250313e-16,1.0
electricity,logreg,linshap,95,0.8162227536005944,0.0,1.0
electricity,logreg,linshap,96,0.8406334720496875,0.0,1.0
electricity,logreg,linshap,97,0.8118519873605392,-2.220446049250313e-16,1.0
electricity,logreg,linshap,98,0.6281245362015808,0.0,1.0
electricity,logreg,linshap,99,0.6480157900923236,0.0,1.0
electricity,logreg,linshap,100,0.8486534338555238,2.220446049250313e-16,1.0
electricity,logreg,linshap,101,0.8512011800729684,0.0,1.0
electricity,logreg,linshap,102,0.8164612815845589,0.0,1.0
electricity,logreg,linshap,103,0.5672019275304392,0.0,1.0
electricity,logreg,linshap,104,0.8190087184974146,0.0,1.0
electricity,logreg,linshap,105,0.8514697851499535,0.0,1.0
electricity,logreg,linshap,106,0.8368917361933772,0.0,1.0
electricity,logreg,linshap,107,0.9177500990272044,-2.220446049250313e-16,1.0
electricity,logreg,linshap,108,0.5267584615257542,0.0,1.0
electricity,logreg,linshap,109,0.7434142431788308,2.220446049250313e-16,1.0
electricity,logreg,linshap,110,0.8109563705819329,0.0,1.0
electricity,logreg,linshap,111,0.6044817730236758,0.0,1.0
electricity,logreg,linshap,112,0.7941990597654167,0.0,1.0
electricity,logreg,linshap,113,0.7617144506703601,-2.220446049250313e-16,1.0
electricity,logreg,linshap,114,0.7106812009234332,-2.220446049250313e-16,1.0
electricity,logreg,linshap,115,0.7674336508686905,0.0,1.0
electricity,logreg,linshap,116,0.6893248983293235,-2.220446049250313e-16,1.0
electricity,logreg,linshap,117,0.7382092133379125,0.0,1.0
electricity,logreg,linshap,118,0.8605543475263255,0.0,1.0
electricity,logreg,linshap,119,0.7770498362496928,2.220446049250313e-16,1.0
electricity,logreg,linshap,120,0.5422005995439623,-2.220446049250313e-16,1.0
electricity,logreg,linshap,121,0.7572826846481266,0.0,1.0
electricity,logreg,linshap,122,0.6500117466537743,-2.220446049250313e-16,1.0
electricity,logreg,linshap,123,0.7518574483919245,0.0,1.0
electricity,logreg,linshap,124,0.8954726107926774,2.220446049250313e-16,1.0
electricity,logreg,linshap,125,0.6364958068432908,0.0,1.0
electricity,logreg,linshap,126,0.7871716186825586,0.0,1.0
electricity,logreg,linshap,127,0.9311931335519834,0.0,1.0
electricity,logreg,linshap,128,0.7465877037899726,0.0,1.0
electricity,logreg,linshap,129,0.8299642247776218,0.0,1.0
electricity,logreg,linshap,130,0.7250502162469116,-2.220446049250313e-16,1.0
electricity,logreg,linshap,131,0.6794460373233877,0.0,1.0
electricity,logreg,linshap,132,0.5433262461597652,-2.220446049250313e-16,1.0
electricity,logreg,linshap,133,0.8156589841805701,2.220446049250313e-16,1.0
electricity,logreg,linshap,134,0.7750696097090461,0.0,1.0
electricity,logreg,linshap,135,0.7898682729000118,-2.220446049250313e-16,1.0
electricity,logreg,linshap,136,0.9995652131814332,0.0,1.0
electricity,logreg,linshap,137,0.9341617464387915,0.0,1.0
electricity,logreg,linshap,138,0.7231367668332794,0.0,1.0
electricity,logreg,linshap,139,0.5154018802932069,0.0,1.0
electricity,logreg,linshap,140,0.9335370771560848,0.0,1.0
electricity,logreg,linshap,141,0.9243055077366273,0.0,1.0
electricity,logreg,linshap,142,0.5510114010481041,0.0,1.0
electricity,logreg,linshap,143,0.744949807509528,2.220446049250313e-16,1.0
electricity,logreg,linshap,144,0.5209565269687324,0.0,1.0
electricity,logreg,linshap,145,0.7116615865658039,-2.220446049250313e-16,1.0
electricity,logreg,linshap,146,0.9400108901849545,-2.220446049250313e-16,1.0
electricity,logreg,linshap,147,0.9267990656843018,2.220446049250313e-16,1.0
electricity,logreg,linshap,148,0.7574056261853609,2.220446049250313e-16,1.0
electricity,logreg,linshap,149,0.9316119375192542,2.220446049250313e-16,1.0
electricity,logreg,linshap,150,0.6437467333690398,2.220446049250313e-16,1.0
electricity,logreg,linshap,151,0.6440043856371805,0.0,1.0
electricity,logreg,linshap,152,0.7320064118409338,-2.220446049250313e-16,1.0
electricity,logreg,linshap,153,0.622412351330048,-2.220446049250313e-16,1.0
electricity,logreg,linshap,154,0.9647556843487164,0.0,1.0
electricity,logreg,linshap,155,0.8256305522355314,0.0,1.0
electricity,logreg,linshap,156,0.5377582383536665,2.220446049250313e-16,1.0
electricity,logreg,linshap,157,0.9159255533957836,2.220446049250313e-16,1.0
electricity,logreg,linshap,158,0.6857136956517911,-2.220446049250313e-16,1.0
electricity,logreg,linshap,159,0.8431532622274078,0.0,1.0
electricity,logreg,linshap,160,0.8500586870131341,2.220446049250313e-16,1.0
electricity,logreg,linshap,161,0.9374549034892642,0.0,1.0
electricity,logreg,linshap,162,0.9737080871057084,0.0,1.0
electricity,logreg,linshap,163,0.7580953679194251,-2.220446049250313e-16,1.0
electricity,logreg,linshap,164,0.685446127260211,0.0,1.0
electricity,logreg,linshap,165,0.9017146079814535,2.220446049250313e-16,1.0
electricity,logreg,linshap,166,0.6948985967106229,2.220446049250313e-16,1.0
electricity,logreg,linshap,167,0.868879278663956,0.0,1.0
electricity,logreg,linshap,168,0.9449627198933573,-2.220446049250313e-16,1.0
electricity,logreg,linshap,169,0.6229735753180499,0.0,1.0
electricity,logreg,linshap,170,0.6638590217591799,0.0,1.0
electricity,logreg,linshap,171,0.9048146373957084,2.220446049250313e-16,1.0
electricity,logreg,linshap,172,0.8349299277721274,-2.220446049250313e-16,1.0
electricity,logreg,linshap,173,0.9037223611623306,2.220446049250313e-16,1.0
electricity,logreg,linshap,174,0.9242509753048413,2.220446049250313e-16,1.0
electricity,logreg,linshap,175,0.8010635731976334,-2.220446049250313e-16,1.0
electricity,logreg,linshap,176,0.5712610226751623,0.0,1.0
electricity,logreg,linshap,177,0.7274980963128816,2.220446049250313e-16,1.0
electricity,logreg,linshap,178,0.8723804449989725,2.220446049250313e-16,1.0
electricity,logreg,linshap,179,0.8886962684169619,0.0,1.0
electricity,logreg,linshap,180,0.9963260820551959,2.220446049250313e-16,1.0
electricity,logreg,linshap,181,0.8008551659483423,0.0,1.0
electricity,logreg,linshap,182,0.8905580097829663,0.0,1.0
electricity,logreg,linshap,183,0.6880336609800113,0.0,1.0
electricity,logreg,linshap,184,0.8208223191227513,-2.220446049250313e-16,1.0
electricity,logreg,linshap,185,0.6070496478115988,0.0,1.0
electricity,logreg,linshap,186,0.7466335923713076,0.0,1.0
electricity,logreg,linshap,187,0.8587080556906255,2.220446049250313e-16,1.0
electricity,logreg,linshap,188,0.852053894843421,0.0,1.0
electricity,logreg,linshap,189,0.6780620645753825,2.220446049250313e-16,1.0
electricity,logreg,linshap,190,0.6683851531717986,0.0,1.0
electricity,logreg,linshap,191,0.7715807264915061,-2.220446049250313e-16,1.0
electricity,logreg,linshap,192,0.746214015112007,2.220446049250313e-16,1.0
electricity,logreg,linshap,193,0.8724142194856626,0.0,1.0
electricity,logreg,linshap,194,0.8255396449970579,0.0,1.0
electricity,logreg,linshap,195,0.7519445070649532,0.0,1.0
electricity,logreg,linshap,196,0.501664771069624,-2.220446049250313e-16,1.0
electricity,logreg,linshap,197,0.8834691361597518,0.0,1.0
electricity,logreg,linshap,198,0.779571324542851,-2.220446049250313e-16,1.0
electricity,logreg,linshap,199,0.6703911775161986,0.0,1.0
electricity,logreg,linshap,200,0.7542533137179521,0.0,1.0
electricity,logreg,linshap,201,0.9680164910488104,2.220446049250313e-16,1.0
electricity,logreg,linshap,202,0.7636199644858035,-2.220446049250313e-16,1.0
electricity,logreg,linshap,203,0.8565946987699743,-2.220446049250313e-16,1.0
electricity,logreg,linshap,204,0.525243592860133,0.0,1.0
electricity,logreg,linshap,205,0.515898850748697,0.0,1.0
electricity,logreg,linshap,206,0.7132700909116614,0.0,1.0
electricity,logreg,linshap,207,0.8542705452379449,0.0,1.0
electricity,logreg,linshap,208,0.7801036845963287,-2.220446049250313e-16,1.0
electricity,logreg,linshap,209,0.7799676349107822,-2.220446049250313e-16,1.0
electricity,logreg,linshap,210,0.5032304172427726,-2.220446049250313e-16,1.0
electricity,logreg,linshap,211,0.8165352336384771,2.220446049250313e-16,1.0
electricity,logreg,linshap,212,0.6920064595445816,0.0,1.0
electricity,logreg,linshap,213,0.5302782226044698,2.220446049250313e-16,1.0
electricity,logreg,linshap,214,0.8687643570958101,0.0,1.0
electricity,logreg,linshap,215,0.6037923702279054,0.0,1.0
electricity,logreg,linshap,216,0.540747010301235,2.220446049250313e-16,1.0
electricity,logreg,linshap,217,0.8822473150540672,0.0,1.0
electricity,logreg,linshap,218,0.910990444838452,0.0,1.0
electricity,logreg,linshap,219,0.7758134493736101,2.220446049250313e-16,1.0
electricity,logreg,linshap,220,0.8104575737003634,0.0,1.0
electricity,logreg,linshap,221,0.9341158473824235,2.220446049250313e-16,1.0
electricity,logreg,linshap,222,0.5173537788705918,2.220446049250313e-16,1.0
electricity,logreg,linshap,223,0.8722189702567974,2.220446049250313e-16,1.0
electricity,logreg,linshap,224,0.7896249096228525,2.220446049250313e-16,1.0
electricity,logreg,linshap,225,0.5585315983437682,0.0,1.0
electricity,logreg,linshap,226,0.7649318262906872,0.0,1.0
electricity,logreg,linshap,227,0.5325723429896361,0.0,1.0
electricity,logreg,linshap,228,0.6722953334206844,0.0,1.0
electricity,logreg,linshap,229,0.8657031495506151,0.0,1.0
electricity,logreg,linshap,230,0.6634394511885549,0.0,1.0
electricity,logreg,linshap,231,0.6350345621160216,2.220446049250313e-16,1.0
electricity,logreg,linshap,232,0.8884312995476883,0.0,1.0
electricity,logreg,linshap,233,0.5511791022168476,0.0,1.0
electricity,logreg,linshap,234,0.9954434938211649,0.0,1.0
electricity,logreg,linshap,235,0.8619432696510104,0.0,1.0
electricity,logreg,linshap,236,0.6376749567068569,0.0,1.0
electricity,logreg,linshap,237,0.9592062219767351,0.0,1.0
electricity,logreg,linshap,238,0.7629109227887833,0.0,1.0
electricity,logreg,linshap,239,0.8873897649798567,0.0,1.0
electricity,logreg,linshap,240,0.8290012823925348,0.0,1.0
electricity,logreg,linshap,241,0.9480177173521411,2.220446049250313e-16,1.0
electricity,logreg,linshap,242,0.858302871430881,0.0,1.0
electricity,logreg,linshap,243,0.932640036449947,-2.220446049250313e-16,1.0
electricity,logreg,linshap,244,0.8317905186957001,-2.220446049250313e-16,1.0
electricity,logreg,linshap,245,0.6456907391098847,0.0,1.0
electricity,logreg,linshap,246,0.691229297997917,0.0,1.0
electricity,logreg,linshap,247,0.7414212259174033,0.0,1.0
electricity,logreg,linshap,248,0.9651493509932199,-2.220446049250313e-16,1.0
electricity,logreg,linshap,249,0.9485141896108423,0.0,1.0
electricity,logreg,linshap,250,0.6593974771150803,-2.220446049250313e-16,1.0
electricity,logreg,linshap,251,0.611721590408424,2.220446049250313e-16,1.0
electricity,logreg,linshap,252,0.7867010883265442,2.220446049250313e-16,1.0
electricity,logreg,linshap,253,0.6192341072222656,0.0,1.0
electricity,logreg,linshap,254,0.9562352737692776,0.0,1.0
electricity,logreg,linshap,255,0.790677859609741,0.0,1.0
electricity,logreg,linshap,256,0.8729766878051715,-2.220446049250313e-16,1.0
electricity,logreg,linshap,257,0.8976360065037415,2.220446049250313e-16,1.0
electricity,logreg,linshap,258,0.8205984863017808,0.0,1.0
electricity,logreg,linshap,259,0.9730494949253607,0.0,1.0
electricity,logreg,linshap,260,0.7680914497885489,0.0,1.0
electricity,logreg,linshap,261,0.852303448832704,-2.220446049250313e-16,1.0
electricity,logreg,linshap,262,0.8184790543039506,2.220446049250313e-16,1.0
electricity,logreg,linshap,263,0.5484728499767505,0.0,1.0
electricity,logreg,linshap,264,0.5483307182369309,0.0,1.0
electricity,logreg,linshap,265,0.9248755048215809,0.0,1.0
electricity,logreg,linshap,266,0.5799107424182641,0.0,1.0
electricity,logreg,linshap,267,0.8580309353360104,0.0,1.0
electricity,logreg,linshap,268,0.8605103572386199,0.0,1.0
electricity,logreg,linshap,269,0.7881854640651026,-2.220446049250313e-16,1.0
electricity,logreg,linshap,270,0.5624625280223858,2.220446049250313e-16,1.0
electricity,logreg,linshap,271,0.9068918973571842,-2.220446049250313e-16,1.0
electricity,logreg,linshap,272,0.6780263673221165,0.0,1.0
electricity,logreg,linshap,273,0.9548607141440535,0.0,1.0
electricity,logreg,linshap,274,0.8512336255632013,2.220446049250313e-16,1.0
electricity,logreg,linshap,275,0.5362586902787583,0.0,1.0
electricity,logreg,linshap,276,0.8113548770730213,0.0,1.0
electricity,logreg,linshap,277,0.8223930185580015,2.220446049250313e-16,1.0
electricity,logreg,linshap,278,0.7460693568520572,-2.220446049250313e-16,1.0
electricity,logreg,linshap,279,0.5098535412888177,0.0,1.0
electricity,logreg,linshap,280,0.8340837146699787,2.220446049250313e-16,1.0
electricity,logreg,linshap,281,0.7561730428459206,0.0,1.0
electricity,logreg,linshap,282,0.6357755002667477,-2.220446049250313e-16,1.0
electricity,logreg,linshap,283,0.6806266518358572,-2.220446049250313e-16,1.0
electricity,logreg,linshap,284,0.6982902428644894,0.0,1.0
electricity,logreg,linshap,285,0.6475539679775331,0.0,1.0
electricity,logreg,linshap,286,0.9230665982744725,0.0,1.0
electricity,logreg,linshap,287,0.5283148842550094,2.220446049250313e-16,1.0
electricity,logreg,linshap,288,0.8992248934537133,0.0,1.0
electricity,logreg,linshap,289,0.7291048426184823,2.220446049250313e-16,1.0
electricity,logreg,linshap,290,0.5275666527238794,0.0,1.0
electricity,logreg,linshap,291,0.9237352739117813,0.0,1.0
electricity,logreg,linshap,292,0.6424929940189422,0.0,1.0
electricity,logreg,linshap,293,0.8160380491945525,0.0,1.0
electricity,logreg,linshap,294,0.7625873131263704,0.0,1.0
electricity,logreg,linshap,295,0.8019051525918297,-2.220446049250313e-16,1.0
electricity,logreg,linshap,296,0.7549830604523822,0.0,1.0
electricity,logreg,linshap,297,0.81415749409645,-2.220446049250313e-16,1.0
electricity,logreg,linshap,298,0.5021879746234973,0.0,1.0
electricity,logreg,linshap,299,0.7959009786596487,0.0,1.0
electricity,logreg,linshap,300,0.9661116961440431,0.0,1.0
electricity,logreg,linshap,301,0.8448582945440892,-2.220446049250313e-16,1.0
electricity,logreg,linshap,302,0.6352953086317393,0.0,1.0
electricity,logreg,linshap,303,0.8956880349716732,-2.220446049250313e-16,1.0
electricity,logreg,linshap,304,0.5214347939019903,0.0,1.0
electricity,logreg,linshap,305,0.5652797450042853,0.0,1.0
electricity,logreg,linshap,306,0.6770324960678076,0.0,1.0
electricity,logreg,linshap,307,0.7313900632631057,0.0,1.0
electricity,logreg,linshap,308,0.9570614467632265,0.0,1.0
electricity,logreg,linshap,309,0.6377542983244328,0.0,1.0
electricity,logreg,linshap,310,0.7623877555565712,0.0,1.0
electricity,logreg,linshap,311,0.6543893616548154,-2.220446049250313e-16,1.0
electricity,logreg,linshap,312,0.7315248806078852,0.0,1.0
electricity,logreg,linshap,313,0.690336478813078,0.0,1.0
electricity,logreg,linshap,314,0.8123226911136736,0.0,1.0
electricity,logreg,linshap,315,0.8575988560971716,0.0,1.0
electricity,logreg,linshap,316,0.7993581855050037,-2.220446049250313e-16,1.0
electricity,logreg,linshap,317,0.9641512475835429,2.220446049250313e-16,1.0
electricity,logreg,linshap,318,0.8875945467272028,2.220446049250313e-16,1.0
electricity,logreg,linshap,319,0.6460563175097537,0.0,1.0
electricity,logreg,linshap,320,0.8476896766220507,0.0,1.0
electricity,logreg,linshap,321,0.6119680991258706,0.0,1.0
electricity,logreg,linshap,322,0.8259439342915608,-2.220446049250313e-16,1.0
electricity,logreg,linshap,323,0.8276092614289021,0.0,1.0
electricity,logreg,linshap,324,0.7318881909281905,-2.220446049250313e-16,1.0
electricity,logreg,linshap,325,0.8552784281175414,0.0,1.0
electricity,logreg,linshap,326,0.8123179606250022,2.220446049250313e-16,1.0
electricity,logreg,linshap,327,0.8431133399613436,0.0,1.0
electricity,logreg,linshap,328,0.5894198896754612,0.0,1.0
electricity,logreg,linshap,329,0.6910158367116688,0.0,1.0
electricity,logreg,linshap,330,0.761644383236004,2.220446049250313e-16,1.0
electricity,logreg,linshap,331,0.9082972822766768,-2.220446049250313e-16,1.0
electricity,logreg,linshap,332,0.679173735807889,0.0,1.0
electricity,logreg,linshap,333,0.7354566394505992,2.220446049250313e-16,1.0
electricity,logreg,linshap,334,0.8747362672365491,0.0,1.0
electricity,logreg,linshap,335,0.6496649389918775,2.220446049250313e-16,1.0
electricity,logreg,linshap,336,0.8499805833673155,0.0,1.0
electricity,logreg,linshap,337,0.5973200405932271,0.0,1.0
electricity,logreg,linshap,338,0.5060986729866661,2.220446049250313e-16,1.0
electricity,logreg,linshap,339,0.6976082685149855,-2.220446049250313e-16,1.0
electricity,logreg,linshap,340,0.6651209136997737,0.0,1.0
electricity,logreg,linshap,341,0.5349017001634984,0.0,1.0
electricity,logreg,linshap,342,0.7226074687747763,0.0,1.0
electricity,logreg,linshap,343,0.9144096160783212,-2.220446049250313e-16,1.0
electricity,logreg,linshap,344,0.9344461563955966,0.0,1.0
electricity,logreg,linshap,345,0.9259755277211017,2.220446049250313e-16,1.0
electricity,logreg,linshap,346,0.8180163680449499,-2.220446049250313e-16,1.0
electricity,logreg,linshap,347,0.764586744317115,-2.220446049250313e-16,1.0
electricity,logreg,linshap,348,0.860503530406208,0.0,1.0
electricity,logreg,linshap,349,0.6337848425310514,2.220446049250313e-16,1.0
electricity,logreg,linshap,350,0.8702066557900169,0.0,1.0
electricity,logreg,linshap,351,0.5188253379328174,0.0,1.0
electricity,logreg,linshap,352,0.7261135480736335,-2.220446049250313e-16,1.0
electricity,logreg,linshap,353,0.7346744799318854,2.220446049250313e-16,1.0
electricity,logreg,linshap,354,0.7812502541623398,0.0,1.0
electricity,logreg,linshap,355,0.792751097939864,-2.220446049250313e-16,1.0
electricity,logreg,linshap,356,0.8855545503297273,0.0,1.0
electricity,logreg,linshap,357,0.6511588875907228,0.0,1.0
electricity,logreg,linshap,358,0.5717070557952518,0.0,1.0
electricity,logreg,linshap,359,0.7952175936553185,0.0,1.0
electricity,logreg,linshap,360,0.861092150213624,0.0,1.0
electricity,logreg,linshap,361,0.5372568490545171,-2.220446049250313e-16,1.0
electricity,logreg,linshap,362,0.5233923615135561,-2.220446049250313e-16,1.0
electricity,logreg,linshap,363,0.8093693037201775,0.0,1.0
electricity,logreg,linshap,364,0.6008566585239712,-2.220446049250313e-16,1.0
electricity,logreg,linshap,365,0.8228357932344841,0.0,1.0
electricity,logreg,linshap,366,0.6341529201824054,0.0,1.0
electricity,logreg,linshap,367,0.9063960758047946,2.220446049250313e-16,1.0
electricity,logreg,linshap,368,0.7052266080488383,-2.220446049250313e-16,1.0
electricity,logreg,linshap,369,0.8721103970892677,0.0,1.0
electricity,logreg,linshap,370,0.6974697255606143,0.0,1.0
electricity,logreg,linshap,371,0.6019022272486323,-2.220446049250313e-16,1.0
electricity,logreg,linshap,372,0.8201227165572531,0.0,1.0
electricity,logreg,linshap,373,0.7625802295507037,0.0,1.0
electricity,logreg,linshap,374,0.834396725339737,0.0,1.0
electricity,logreg,linshap,375,0.8400140308428817,-2.220446049250313e-16,1.0
electricity,logreg,linshap,376,0.6753059795915117,2.220446049250313e-16,1.0
electricity,logreg,linshap,377,0.826127043681697,-2.220446049250313e-16,1.0
electricity,logreg,linshap,378,0.6867711764052613,0.0,1.0
electricity,logreg,linshap,379,0.7078850136339249,0.0,1.0
electricity,logreg,linshap,380,0.8342421853507449,0.0,1.0
electricity,logreg,linshap,381,0.505178220886535,-2.220446049250313e-16,1.0
electricity,logreg,linshap,382,0.8625777535994885,0.0,1.0
electricity,logreg,linshap,383,0.5282648714130267,-2.220446049250313e-16,1.0
electricity,logreg,linshap,384,0.7547949639886145,0.0,1.0
electricity,logreg,linshap,385,0.6482304025368186,0.0,1.0
electricity,logreg,linshap,386,0.9244208133676974,0.0,1.0
electricity,logreg,linshap,387,0.6542440347687268,-2.220446049250313e-16,1.0
electricity,logreg,linshap,388,0.7794742740726227,0.0,1.0
electricity,logreg,linshap,389,0.7641266458248551,-2.220446049250313e-16,1.0
electricity,logreg,linshap,390,0.6371008949764241,2.220446049250313e-16,1.0
electricity,logreg,linshap,391,0.6076314334653425,0.0,1.0
electricity,logreg,linshap,392,0.8506654891092346,0.0,1.0
electricity,logreg,linshap,393,0.7330720795033773,0.0,1.0
electricity,logreg,linshap,394,0.528400230308514,0.0,1.0
electricity,logreg,linshap,395,0.5066151263768746,0.0,1.0
electricity,logreg,linshap,396,0.8721088199807904,-2.220446049250313e-16,1.0
electricity,logreg,linshap,397,0.8225665989774698,0.0,1.0
electricity,logreg,linshap,398,0.8258188308512681,0.0,1.0
electricity,logreg,linshap,399,0.5993004690390118,0.0,1.0
electricity,logreg,linshap,400,0.8200712861534759,2.220446049250313e-16,1.0
electricity,logreg,linshap,401,0.8672621749667198,0.0,1.0
electricity,logreg,linshap,402,0.9929675450446268,0.0,1.0
electricity,logreg,linshap,403,0.7636053250765263,2.220446049250313e-16,1.0
electricity,logreg,linshap,404,0.8479880632501702,0.0,1.0
electricity,logreg,linshap,405,0.8378969131102687,0.0,1.0
electricity,logreg,linshap,406,0.7587464192681739,0.0,1.0
electricity,logreg,linshap,407,0.7236713304408746,-2.220446049250313e-16,1.0
electricity,logreg,linshap,408,0.8113975486055501,-2.220446049250313e-16,1.0
electricity,logreg,linshap,409,0.6044050276563175,2.220446049250313e-16,1.0
electricity,logreg,linshap,410,0.9259062132769383,0.0,1.0
electricity,logreg,linshap,411,0.725646794205804,0.0,1.0
electricity,logreg,linshap,412,0.8343300920491856,0.0,1.0
electricity,logreg,linshap,413,0.7064227858464696,0.0,1.0
electricity,logreg,linshap,414,0.5376497162794746,0.0,1.0
electricity,logreg,linshap,415,0.7520892915532225,0.0,1.0
electricity,logreg,linshap,416,0.6855796739838973,2.220446049250313e-16,1.0
electricity,logreg,linshap,417,0.8246601454285732,0.0,1.0
electricity,logreg,linshap,418,0.7893569713759029,2.220446049250313e-16,1.0
electricity,logreg,linshap,419,0.7846975778911791,2.220446049250313e-16,1.0
electricity,logreg,linshap,420,0.9489649437369307,0.0,1.0
electricity,logreg,linshap,421,0.6821101943520591,0.0,1.0
electricity,logreg,linshap,422,0.8011384285594547,0.0,1.0
electricity,logreg,linshap,423,0.7734523820776391,-2.220446049250313e-16,1.0
electricity,logreg,linshap,424,0.7755486656585986,0.0,1.0
electricity,logreg,linshap,425,0.7753194197266916,2.220446049250313e-16,1.0
electricity,logreg,linshap,426,0.9779459307847322,2.220446049250313e-16,1.0
electricity,logreg,linshap,427,0.9114920688911651,-2.220446049250313e-16,1.0
electricity,logreg,linshap,428,0.9958462482023649,2.220446049250313e-16,1.0
electricity,logreg,linshap,429,0.8990858974709406,0.0,1.0
electricity,logreg,linshap,430,0.6177391139757095,-2.220446049250313e-16,1.0
electricity,logreg,linshap,431,0.9999971433168907,-2.220446049250313e-16,1.0
electricity,logreg,linshap,432,0.6016475842079362,2.220446049250313e-16,1.0
electricity,logreg,linshap,433,0.8344669690952555,-2.220446049250313e-16,1.0
electricity,logreg,linshap,434,0.7869852693102104,2.220446049250313e-16,1.0
electricity,logreg,linshap,435,0.8594111309820607,0.0,1.0
electricity,logreg,linshap,436,0.9415365519395136,0.0,1.0
electricity,logreg,linshap,437,0.8368466487241255,0.0,1.0
electricity,logreg,linshap,438,0.9328501629327766,0.0,1.0
electricity,logreg,linshap,439,0.5053438672899488,-2.220446049250313e-16,1.0
electricity,logreg,linshap,440,0.5868148411192966,-2.220446049250313e-16,1.0
electricity,logreg,linshap,441,0.8472753803169109,0.0,1.0
electricity,logreg,linshap,442,0.6451214707947974,0.0,1.0
electricity,logreg,linshap,443,0.872424269965364,-2.220446049250313e-16,1.0
electricity,logreg,linshap,444,0.6456143880612732,0.0,1.0
electricity,logreg,linshap,445,0.8914801724866631,0.0,1.0
electricity,logreg,linshap,446,0.7755373606489129,2.220446049250313e-16,1.0
electricity,logreg,linshap,447,0.8398836188095979,2.220446049250313e-16,1.0
electricity,logreg,linshap,448,0.7653310935862496,2.220446049250313e-16,1.0
electricity,logreg,linshap,449,0.8894992748599885,2.220446049250313e-16,1.0
electricity,logreg,linshap,450,0.7882503618873704,2.220446049250313e-16,1.0
electricity,logreg,linshap,451,0.7162091023179596,0.0,1.0
electricity,logreg,linshap,452,0.726791726542344,2.220446049250313e-16,1.0
electricity,logreg,linshap,453,0.6028841084951162,0.0,1.0
electricity,logreg,linshap,454,0.9322576592396791,0.0,1.0
electricity,logreg,linshap,455,0.6916580657016624,0.0,1.0
electricity,logreg,linshap,456,0.9106680637419693,0.0,1.0
electricity,logreg,linshap,457,0.8063694042688272,0.0,1.0
electricity,logreg,linshap,458,0.9574609802100171,-2.220446049250313e-16,1.0
electricity,logreg,linshap,459,0.7598215700851694,0.0,1.0
electricity,logreg,linshap,460,0.801258553543246,2.220446049250313e-16,1.0
electricity,logreg,linshap,461,0.8082999826943343,0.0,1.0
electricity,logreg,linshap,462,0.5975236840711816,0.0,1.0
electricity,logreg,linshap,463,0.7233863671604099,-2.220446049250313e-16,1.0
electricity,logreg,linshap,464,0.5763234304285659,-2.220446049250313e-16,1.0
electricity,logreg,linshap,465,0.746326990579459,0.0,1.0
electricity,logreg,linshap,466,0.886883724553058,0.0,1.0
electricity,logreg,linshap,467,0.7414117244884555,-2.220446049250313e-16,1.0
electricity,logreg,linshap,468,0.6676172835596059,2.220446049250313e-16,1.0
electricity,logreg,linshap,469,0.7008118590295574,2.220446049250313e-16,1.0
electricity,logreg,linshap,470,0.7754635661963813,-2.220446049250313e-16,1.0
electricity,logreg,linshap,471,0.845353610566623,0.0,1.0
electricity,logreg,linshap,472,0.6803778653494551,-2.220446049250313e-16,1.0
electricity,logreg,linshap,473,0.8959482065682882,-2.220446049250313e-16,1.0
electricity,logreg,linshap,474,0.677448376634405,0.0,1.0
electricity,logreg,linshap,475,0.7255987011852179,-2.220446049250313e-16,1.0
electricity,logreg,linshap,476,0.6713950160751512,0.0,1.0
electricity,logreg,linshap,477,0.595505458978892,-2.220446049250313e-16,1.0
electricity,logreg,linshap,478,0.5612487042522205,0.0,1.0
electricity,logreg,linshap,479,0.6545676845339807,2.220446049250313e-16,1.0
electricity,logreg,linshap,480,0.5840862734758465,-2.220446049250313e-16,1.0
electricity,logreg,linshap,481,0.861278455779354,0.0,1.0
electricity,logreg,linshap,482,0.7322320052387288,2.220446049250313e-16,1.0
electricity,logreg,linshap,483,0.9094573485727688,-2.220446049250313e-16,1.0
electricity,logreg,linshap,484,0.8249868869207899,0.0,1.0
electricity,logreg,linshap,485,0.733606118113854,-2.220446049250313e-16,1.0
electricity,logreg,linshap,486,0.5611848171357868,0.0,1.0
electricity,logreg,linshap,487,0.7996606402361303,0.0,1.0
electricity,logreg,linshap,488,0.7384404085720038,0.0,1.0
electricity,logreg,linshap,489,0.8532338327908571,-2.220446049250313e-16,1.0
electricity,logreg,linshap,490,0.7999976327566496,-2.220446049250313e-16,1.0
electricity,logreg,linshap,491,0.8194320725467132,0.0,1.0
electricity,logreg,linshap,492,0.740827006172786,2.220446049250313e-16,1.0
electricity,logreg,linshap,493,0.7989400899265627,0.0,1.0
electricity,logreg,linshap,494,0.801645361164512,0.0,1.0
electricity,logreg,linshap,495,0.5497604924822935,-2.220446049250313e-16,1.0
electricity,logreg,linshap,496,0.7778433367148274,0.0,1.0
electricity,logreg,linshap,497,0.9598306598628131,0.0,1.0
electricity,logreg,linshap,498,0.9935200434926706,2.220446049250313e-16,1.0
electricity,logreg,linshap,499,0.5058300987835358,0.0,1.0
electricity,logreg,lime,0,0.7071259421507382,0.049447428526442905,0.7599999999999999
electricity,logreg,lime,1,0.5338024950416198,0.3719897863622714,0.7199999999999999
electricity,logreg,lime,2,0.9161562213058587,0.010781051782276174,0.74
electricity,logreg,lime,3,0.5156461343351166,0.29480722230409984,0.6599999999999999
electricity,logreg,lime,4,0.8918779494098468,0.02602284295921531,0.7399999999999999
electricity,logreg,lime,5,0.5453021189451523,0.05850752822192595,0.6799999999999999
electricity,logreg,lime,6,0.8076795458598095,0.03803684751032732,0.86
electricity,logreg,lime,7,0.7202200459920677,0.026085998386351283,0.72
electricity,logreg,lime,8,0.952071004230324,0.0054615735162795165,0.8800000000000001
electricity,logreg,lime,9,0.7424442998508058,0.09160372826430796,0.74
electricity,logreg,lime,10,0.8308018827703767,0.06423223844761006,0.7
electricity,logreg,lime,11,0.608094594654612,0.07089621982030958,0.6399999999999999
electricity,logreg,lime,12,0.655385215886236,0.6873287122862124,0.76
electricity,logreg,lime,13,0.8188404729067514,0.057539911087869045,0.8399999999999999
electricity,logreg,lime,14,0.8467958823309413,0.008165046222715966,0.86
electricity,logreg,lime,15,0.877875102970075,0.028447102920364897,0.66
electricity,logreg,lime,16,0.644807959136404,0.46290778918891695,0.7
electricity,logreg,lime,17,0.9085023826757151,0.03847824917923914,0.7799999999999999
electricity,logreg,lime,18,0.6800256373873885,0.0156267398463944,0.7599999999999999
electricity,logreg,lime,19,0.6449212857114495,0.08755581188869166,0.86
electricity,logreg,lime,20,0.7204166266468197,0.14084586522746956,0.72
electricity,logreg,lime,21,0.9940901932984719,0.0028062455035783307,0.8399999999999999
electricity,logreg,lime,22,0.7430598824457517,0.01720988147763458,0.82
electricity,logreg,lime,23,0.9394061265875079,0.09640398681984297,0.7799999999999999
electricity,logreg,lime,24,0.8856513702133626,0.007475275632867984,0.86
electricity,logreg,lime,25,0.6370345120481746,0.326147725302252,0.6799999999999999
electricity,logreg,lime,26,0.935411087870955,0.015610595103285108,0.7799999999999999
electricity,logreg,lime,27,0.7002582239251964,0.12376119774891114,0.6599999999999999
electricity,logreg,lime,28,0.7657126505578107,0.10183175641427167,0.8400000000000001
electricity,logreg,lime,29,0.7984701480467087,0.032805055660942495,0.7199999999999999
electricity,logreg,lime,30,0.6136783666138937,0.01857419444959041,0.7599999999999999
electricity,logreg,lime,31,0.7587251130465141,0.03676205708091884,0.76
electricity,logreg,lime,32,0.5446625815783169,0.14425285202399662,0.7799999999999999
electricity,logreg,lime,33,0.8191527092005815,0.07470234427698386,0.64
electricity,logreg,lime,34,0.9626112605578332,0.013706690313294745,0.76
electricity,logreg,lime,35,0.7536480943408893,0.06786342650600541,0.74
electricity,logreg,lime,36,0.9801843591312162,0.025949379202783396,0.7999999999999999
electricity,logreg,lime,37,0.7833089646776576,0.006256320540968252,0.9199999999999999
electricity,logreg,lime,38,0.7157616009312895,0.005333836511463241,0.86
electricity,logreg,lime,39,0.8153378300877552,0.038752564619075835,0.72
electricity,logreg,lime,40,0.793526961813213,0.1756483705609897,0.74
electricity,logreg,lime,41,0.8086475217533755,0.08682336102139276,0.8400000000000001
electricity,logreg,lime,42,0.6519449561086057,0.06214327900804195,0.74
electricity,logreg,lime,43,0.8481434626097262,0.011616154718645633,0.86
electricity,logreg,lime,44,0.7216258379624443,0.004726974153014929,1.0
electricity,logreg,lime,45,0.5351034055902169,0.040234654355813304,0.76
electricity,logreg,lime,46,0.7497781096305498,0.1280336488772944,0.74
electricity,logreg,lime,47,0.9487529801021705,0.015486189092780989,0.7999999999999999
electricity,logreg,lime,48,0.6185341231318136,0.05290375690830973,0.9199999999999999
electricity,logreg,lime,49,0.9987406463807481,0.002821761902261022,0.86
electricity,logreg,lime,50,0.5683604500666716,0.12085317416961328,0.82
electricity,logreg,lime,51,0.8505908899102443,0.03783975984866006,0.7399999999999999
electricity,logreg,lime,52,0.821842978961288,0.04083625876899699,0.7799999999999999
electricity,logreg,lime,53,0.7443887354264515,0.025359120389294887,0.72
electricity,logreg,lime,54,0.6986764900765734,0.07642748020145229,0.7599999999999999
electricity,logreg,lime,55,0.6831108016143671,0.02124203382626,0.74
electricity,logreg,lime,56,0.8485007918896537,0.030935711570113655,0.86
electricity,logreg,lime,57,0.8461458433750281,0.12526146357829793,0.7599999999999999
electricity,logreg,lime,58,0.6001576970930593,0.08567703385675662,0.7999999999999999
electricity,logreg,lime,59,0.6499845424942192,0.046489950042141515,0.8799999999999999
electricity,logreg,lime,60,0.5054515103390409,0.09260919052955452,0.7199999999999999
electricity,logreg,lime,61,0.932344555776966,0.008279023729062529,0.9199999999999999
electricity,logreg,lime,62,0.9236039285494515,0.022967117506268453,0.8799999999999999
electricity,logreg,lime,63,0.8108742951137827,0.03264887117685955,0.7
electricity,logreg,lime,64,0.9509093472605453,0.007238731262100395,1.0
electricity,logreg,lime,65,0.6650131181680375,0.011106646080934035,0.7799999999999999
electricity,logreg,lime,66,0.8822803286517067,0.004819923139818827,0.8800000000000001
electricity,logreg,lime,67,0.7920861019400662,0.025213342768793168,0.8400000000000001
electricity,logreg,lime,68,0.6548637042283232,0.0846978148617552,0.7599999999999999
electricity,logreg,lime,69,0.6226599111576357,0.1710717322459866,0.7999999999999999
electricity,logreg,lime,70,0.6547086525574417,0.049709914463560656,0.8400000000000001
electricity,logreg,lime,71,0.9829146633499996,0.02136647185192264,0.7
electricity,logreg,lime,72,0.8736777633206462,0.00435708557491421,0.8400000000000001
electricity,logreg,lime,73,0.7945543044301001,0.004128676513108109,0.9200000000000002
electricity,logreg,lime,74,0.6505310044765866,0.14175669341373298,0.7
electricity,logreg,lime,75,0.6943700495061303,0.04065914635288048,0.6799999999999999
electricity,logreg,lime,76,0.8882339570042086,0.014481131151400484,0.7999999999999999
electricity,logreg,lime,77,0.8211557912693257,0.21529716448664948,0.6999999999999998
electricity,logreg,lime,78,0.6704663283810186,0.015921150444091703,0.72
electricity,logreg,lime,79,0.9063848291241416,0.010407700754224036,0.82
electricity,logreg,lime,80,0.6637936685643151,0.01219659460050282,0.86
electricity,logreg,lime,81,0.5403093779298884,0.7030351616058377,0.6599999999999999
electricity,logreg,lime,82,0.6496778973169461,0.11002751288877266,0.7799999999999999
electricity,logreg,lime,83,0.580594538864035,0.24709537416815075,0.7199999999999999
electricity,logreg,lime,84,0.6936175613308679,0.01975604785108409,0.7799999999999999
electricity,logreg,lime,85,0.9452702949947355,0.008581224538813492,1.0
electricity,logreg,lime,86,0.8691340400120522,0.03171988634134859,0.7399999999999999
electricity,logreg,lime,87,0.8039826937538009,0.006122584590366409,0.9199999999999999
electricity,logreg,lime,88,0.7991817905211801,0.059298294853694644,0.9199999999999999
electricity,logreg,lime,89,0.5884883175429577,0.34127378836500377,0.7999999999999999
electricity,logreg,lime,90,0.9539145624257257,0.004872344806311268,1.0
electricity,logreg,lime,91,0.7141326865318844,0.3792311733341216,0.6799999999999999
electricity,logreg,lime,92,0.83119472780065,0.0031599342175786527,0.86
electricity,logreg,lime,93,0.9332267147833685,0.011098681526282683,0.8399999999999999
electricity,logreg,lime,94,0.5890867306013707,0.09894914744696837,0.7799999999999999
electricity,logreg,lime,95,0.8162227536005944,0.03465765411400168,0.66
electricity,logreg,lime,96,0.8406334720496875,0.055517239846878175,0.8799999999999999
electricity,logreg,lime,97,0.8118519873605392,0.20142581289359485,0.72
electricity,logreg,lime,98,0.6281245362015808,0.08506029183396568,0.7599999999999999
electricity,logreg,lime,99,0.6480157900923236,0.04630931900748991,0.86
electricity,rf,treeshap,0,0.6309921095125173,0.005420631904900497,1.0
electricity,rf,treeshap,1,0.6091961190099309,0.005258595738233618,1.0
electricity,rf,treeshap,2,0.8483161754296233,0.005545392101151236,1.0
electricity,rf,treeshap,3,0.7836532938699591,0.003185182211639992,1.0
electricity,rf,treeshap,4,0.7340579768472443,0.008573058218724006,0.9199999999999999
electricity,rf,treeshap,5,0.5838163300818092,0.007267240216130566,0.9199999999999999
electricity,rf,treeshap,6,0.6819128061582167,0.008349305701594312,0.8799999999999999
electricity,rf,treeshap,7,0.5530204292597175,0.00403527725450048,1.0
electricity,rf,treeshap,8,0.9156246905225179,0.0008525676423575268,0.9199999999999999
electricity,rf,treeshap,9,0.5369339332027594,0.004917851549381402,0.8800000000000001
electricity,rf,treeshap,10,0.8910788199593049,0.008160153905021561,0.9199999999999999
electricity,rf,treeshap,11,0.695617556242135,0.004910458546778962,1.0
electricity,rf,treeshap,12,0.8824969472377813,0.007204346850109289,0.9199999999999999
electricity,rf,treeshap,13,0.9023805567321617,0.0028055666878274987,0.8800000000000001
electricity,rf,treeshap,14,0.866480266984589,0.0010331463946192665,1.0
electricity,rf,treeshap,15,0.642276610005376,0.005113880429649775,1.0
electricity,rf,treeshap,16,0.6469621076024348,0.014670749674924322,0.7999999999999999
electricity,rf,treeshap,17,0.925348380375578,0.005265834009529846,1.0
electricity,rf,treeshap,18,0.529479963849542,0.00817906606196106,0.8400000000000001
electricity,rf,treeshap,19,0.6579746907039302,0.004091368353309699,1.0
electricity,rf,treeshap,20,0.830393265837888,0.010601077364683853,1.0
electricity,rf,treeshap,21,0.8838471260446259,0.0004734685695273466,1.0
electricity,rf,treeshap,22,0.5382074166677008,0.012599773684245918,1.0
electricity,rf,treeshap,23,0.924295910815552,0.0034117027412170486,1.0
electricity,rf,treeshap,24,0.8611747164815926,0.009941811571813952,1.0
electricity,rf,treeshap,25,0.6408157634503338,0.014122659606272903,0.8400000000000001
electricity,rf,treeshap,26,0.9603628906274688,0.004901388069941559,0.9199999999999999
electricity,rf,treeshap,27,0.5388934739543666,0.010119750328029475,1.0
electricity,rf,treeshap,28,0.7219649174075202,0.005507378577119915,0.9200000000000002
electricity,rf,treeshap,29,0.6874903885195032,0.004077387326990922,0.8400000000000001
electricity,rf,treeshap,30,0.7556013478591859,0.004740732396538383,1.0
electricity,rf,treeshap,31,0.5226720977695393,0.011293060543819622,0.86
electricity,rf,treeshap,32,0.6667840581296712,0.01079728876086905,0.86
electricity,rf,treeshap,33,0.71097401185018,0.007334882918579644,0.9200000000000002
electricity,rf,treeshap,34,0.9404868412896803,0.0024679820417554676,1.0
electricity,rf,treeshap,35,0.7794596562898876,0.008871668808025035,0.9199999999999999
electricity,rf,treeshap,36,0.9867952005762131,0.005385640382543855,1.0
electricity,rf,treeshap,37,0.6970560186009205,0.0012896876559889137,0.86
electricity,rf,treeshap,38,0.7284399146338203,0.0018797037719211485,0.7999999999999999
electricity,rf,treeshap,39,0.8963024571910692,0.00486680300522635,0.8800000000000001
electricity,rf,treeshap,40,0.7915817395672716,0.015428555220739937,0.9199999999999999
electricity,rf,treeshap,41,0.5124004666708891,0.03905708755372417,0.78
electricity,rf,treeshap,42,0.5552787204309257,0.01118334326350967,0.8399999999999999
electricity,rf,treeshap,43,0.8195899147831959,0.0038726528652371917,0.9199999999999999
electricity,rf,treeshap,44,0.6941165807650236,0.0020557480113699844,0.9200000000000002
electricity,rf,treeshap,45,0.5914988684925213,0.005551685536785755,0.9199999999999999
electricity,rf,treeshap,46,0.8118556951871085,0.011355277200580716,0.86
electricity,rf,treeshap,47,0.9963155497118118,0.00549176072018942,1.0
electricity,rf,treeshap,48,0.5147570464327769,0.004351019641832599,1.0
electricity,rf,treeshap,49,0.8120408470233773,0.0008044477645686721,1.0
electricity,rf,treeshap,50,0.7557879881011755,0.02219515833615726,0.7599999999999999
electricity,rf,treeshap,51,0.7535314334184637,0.004984557117895805,0.8800000000000001
electricity,rf,treeshap,52,0.6185683138038156,0.008328962129226847,1.0
electricity,rf,treeshap,53,0.5804039887491232,0.012739855482446494,0.9199999999999999
electricity,rf,treeshap,54,0.9403700350813857,0.004805962328015334,1.0
electricity,rf,treeshap,55,0.5415514283431171,0.008999945411574783,1.0
electricity,rf,treeshap,56,0.8285910964605405,0.002772098318291727,1.0
electricity,rf,treeshap,57,0.8752934347706569,0.004007404641374057,0.9199999999999999
electricity,rf,treeshap,58,0.7393028210680525,0.01781010342877598,0.8800000000000001
electricity,rf,treeshap,59,0.6764219225591749,0.007390874645906154,0.86
electricity,rf,treeshap,60,0.6768506643786172,0.00815090909438132,1.0
electricity,rf,treeshap,61,0.936922224243057,0.007762667698006709,1.0
electricity,rf,treeshap,62,0.9527389524087052,0.0040789302349948375,0.8400000000000001
electricity,rf,treeshap,63,0.6079354802966075,0.008698505909133347,0.7799999999999999
electricity,rf,treeshap,64,0.6962583557736627,0.005944224551200028,0.8800000000000001
electricity,rf,treeshap,65,0.7909059012178972,0.0006049182968995703,0.7999999999999999
electricity,rf,treeshap,66,0.7959788584750138,0.0006928991400286799,0.9199999999999999
electricity,rf,treeshap,67,0.5617773175273898,0.007257989827015643,0.9199999999999999
electricity,rf,treeshap,68,0.623850502970919,0.008339353106536329,0.86
electricity,rf,treeshap,69,0.5269219988492745,0.0354662531963017,0.7999999999999999
electricity,rf,treeshap,70,0.6125357639429782,0.015585040342449452,0.9200000000000002
electricity,rf,treeshap,71,0.9737127301165002,0.0054180044756722,1.0
electricity,rf,treeshap,72,0.9028497149468938,0.0005127199339984845,0.9199999999999999
electricity,rf,treeshap,73,0.8132829185594014,0.0047025427834238576,0.8799999999999999
electricity,rf,treeshap,74,0.73374710112702,0.013909271990655725,0.86
electricity,rf,treeshap,75,0.5318406452410362,0.004570018025294886,1.0
electricity,rf,treeshap,76,0.8651928087677954,0.003066005290209395,0.8800000000000001
electricity,rf,treeshap,77,0.7640807375016171,0.006968893539839982,1.0
electricity,rf,treeshap,78,0.5206802813626519,0.004275404602694266,1.0
electricity,rf,treeshap,79,0.877530117390112,0.0027137459192978497,0.8400000000000001
electricity,rf,treeshap,80,0.6489279814703984,0.0035745646400169306,1.0
electricity,rf,treeshap,81,0.5456067463283133,0.025419225450019844,0.9199999999999999
electricity,rf,treeshap,82,0.5501205450624875,0.026669083635208812,1.0
electricity,rf,treeshap,83,0.6428596299572111,0.031231887603317077,0.8799999999999999
electricity,rf,treeshap,84,0.8267953891329766,0.005123993339071431,0.8800000000000001
electricity,rf,treeshap,85,0.9336114683657166,0.006593404893299626,1.0
electricity,rf,treeshap,86,0.8730461930522603,0.002927898710475163,1.0
electricity,rf,treeshap,87,0.6953604898982464,0.0010880942251871861,1.0
electricity,rf,treeshap,88,0.6485983289724363,0.011483271373987747,0.9199999999999999
electricity,rf,treeshap,89,0.5991877439843913,0.02323485651587165,0.9200000000000002
electricity,rf,treeshap,90,0.8734979522106439,0.00454445958406402,1.0
electricity,rf,treeshap,91,0.7597714347057518,0.0038870049675333584,1.0
electricity,rf,treeshap,92,0.6819681747323645,0.0013669813963888,0.8800000000000001
electricity,rf,treeshap,93,0.9639581609903656,0.004891382628128715,1.0
electricity,rf,treeshap,94,0.817136635830126,0.004517492434762738,1.0
electricity,rf,treeshap,95,0.7531402776402275,0.002000832120678586,0.9199999999999999
electricity,rf,treeshap,96,0.923650794004337,0.004661956451976423,1.0
electricity,rf,treeshap,97,0.7714877169661432,0.007124832296617756,1.0
electricity,rf,treeshap,98,0.5559510379055637,0.011403491127433218,0.9199999999999999
electricity,rf,treeshap,99,0.662816855950159,0.013030138054990203,1.0
electricity,rf,treeshap,100,0.9315990959761328,0.006058103594207109,1.0
electricity,rf,treeshap,101,0.6212816710904093,0.002014765423002607,0.8400000000000001
electricity,rf,treeshap,102,0.7697882573975996,0.006293305678774175,0.86
electricity,rf,treeshap,103,0.7687478444583671,0.006947832481648986,0.9200000000000002
electricity,rf,treeshap,104,0.8678866605457982,0.004279909212353772,0.9199999999999999
electricity,rf,treeshap,105,0.8782428766344992,0.007917311830696105,0.8799999999999999
electricity,rf,treeshap,106,0.9107760312759163,0.004109670393837583,0.86
electricity,rf,treeshap,107,0.8234723526521863,0.007052011753250875,0.74
electricity,rf,treeshap,108,0.528550729029576,0.03549594868289252,1.0
electricity,rf,treeshap,109,0.831389431841219,0.0005274851458860752,0.9199999999999999
electricity,rf,treeshap,110,0.8843591652411465,0.009960080933374416,0.9199999999999999
electricity,rf,treeshap,111,0.6880548599857925,0.019413579424083394,0.86
electricity,rf,treeshap,112,0.7415144883302209,0.013541815282469782,0.86
electricity,rf,treeshap,113,0.5602026411590308,0.012526843339103033,1.0
electricity,rf,treeshap,114,0.6446097571737681,0.005201469968316275,0.86
electricity,rf,treeshap,115,0.7408802633875646,0.00636822369252843,0.9199999999999999
electricity,rf,treeshap,116,0.8604511215695405,0.005132901541261559,0.86
electricity,rf,treeshap,117,0.8722843690455916,0.0043796250005344595,1.0
electricity,rf,treeshap,118,0.9320972899784442,0.004854091697356289,1.0
electricity,rf,treeshap,119,0.841398216306162,0.006523381139886153,1.0
electricity,rf,treeshap,120,0.533113676820151,0.0028305516995809077,1.0
electricity,rf,treeshap,121,0.8200824137345144,0.00784205333387522,0.8800000000000001
electricity,rf,treeshap,122,0.8613255329915965,0.006426889037611572,0.9199999999999999
electricity,rf,treeshap,123,0.6894715508098882,0.012277498231700767,0.82
electricity,rf,treeshap,124,0.9099854621272897,0.004747094258715889,0.8
electricity,rf,treeshap,125,0.8230551738658315,0.01019211807397813,0.9200000000000002
electricity,rf,treeshap,126,0.6089022386492885,0.0038467081705368944,0.86
electricity,rf,treeshap,127,0.9473300853823792,0.005493254416762405,1.0
electricity,rf,treeshap,128,0.7821229629720357,0.007696147833551992,0.9199999999999999
electricity,rf,treeshap,129,0.9537438338362196,0.005226423052902107,0.9199999999999999
electricity,rf,treeshap,130,0.8672159728364178,0.00044768299917330445,0.9199999999999999
electricity,rf,treeshap,131,0.7024959307834481,0.007354351269561521,0.9199999999999999
electricity,rf,treeshap,132,0.5267776621431454,0.005871327532597226,0.8400000000000001
electricity,rf,treeshap,133,0.5968448913876976,0.015494620461534603,1.0
electricity,rf,treeshap,134,0.7702543371484805,0.010206010400721555,0.9200000000000002
electricity,rf,treeshap,135,0.6380173704857496,0.004741647003195126,0.9199999999999999
electricity,rf,treeshap,136,0.9399551138544867,0.0037330033654974226,0.8800000000000001
electricity,rf,treeshap,137,0.7138648650423933,0.006341333476302724,0.8800000000000001
electricity,rf,treeshap,138,0.8156677626898226,0.007058837723106337,0.7999999999999999
electricity,rf,treeshap,139,0.7977704038082897,0.00963405600502587,0.8399999999999999
electricity,rf,treeshap,140,0.9543428873538572,0.004804266085991493,1.0
electricity,rf,treeshap,141,0.9904957049556857,0.004886116444512978,1.0
electricity,rf,treeshap,142,0.5388797770383817,0.015201613062920893,0.9200000000000002
electricity,rf,treeshap,143,0.9008110345449813,0.005882178083214229,1.0
electricity,rf,treeshap,144,0.539007366561678,0.002463441623058671,0.9200000000000002
electricity,rf,treeshap,145,0.7992510418966178,0.0036212952844740798,1.0
electricity,rf,treeshap,146,0.9423636540611857,0.005108373105576547,0.9199999999999999
electricity,rf,treeshap,147,0.9160356568461298,0.0005391290659384484,0.9199999999999999
electricity,rf,treeshap,148,0.5817006056017405,0.006222945289730886,0.8400000000000001
electricity,rf,treeshap,149,0.9560924963330258,0.005679366212565595,1.0
electricity,rf,treeshap,150,0.7111355800874822,0.0008884088532609136,0.8400000000000001
electricity,rf,treeshap,151,0.6785392237766971,0.0015989489702719073,1.0
electricity,rf,treeshap,152,0.7851003119260248,0.0146097731163779,0.8400000000000001
electricity,rf,treeshap,153,0.7728254352999786,0.010543633007070619,1.0
electricity,rf,treeshap,154,0.836915072583675,0.00064989320661335,0.9199999999999999
electricity,rf,treeshap,155,0.5295302219516503,0.00955386590956464,0.8400000000000001
electricity,rf,treeshap,156,0.6615969962460001,0.017192332326170123,0.9200000000000002
electricity,rf,treeshap,157,0.9746543279323083,0.004956658403446168,0.9200000000000002
electricity,rf,treeshap,158,0.8639377966345269,0.004798357850319901,0.8399999999999999
electricity,rf,treeshap,159,0.805094656450744,0.0016391207574857347,0.9199999999999999
electricity,rf,treeshap,160,0.7052104051005058,0.005225079440240976,1.0
electricity,rf,treeshap,161,0.9931963810492602,0.004243919885697167,1.0
electricity,rf,treeshap,162,0.9523188890713892,0.0003372549292677274,0.86
electricity,rf,treeshap,163,0.6048052381716272,0.0050250865011582935,0.8400000000000001
electricity,rf,treeshap,164,0.5139070528211909,0.0032987316393354726,0.9199999999999999
electricity,rf,treeshap,165,0.9352311749281907,0.004366002151046322,1.0
electricity,rf,treeshap,166,0.8357716387622606,0.005132289659274258,0.9199999999999999
electricity,rf,treeshap,167,0.9519977517724996,0.006044507489616158,1.0
electricity,rf,treeshap,168,0.91129283390349,0.005885411320613265,0.8400000000000001
electricity,rf,treeshap,169,0.6804547955897297,0.03922068290200398,0.8800000000000001
electricity,rf,treeshap,170,0.5359001729848345,0.006974769039578055,0.86
electricity,rf,treeshap,171,0.8384580294090884,0.006503334500658986,1.0
electricity,rf,treeshap,172,0.7518258848927974,0.002522708040816113,1.0
electricity,rf,treeshap,173,0.9631990853937895,0.005230710930996252,1.0
electricity,rf,treeshap,174,0.9085491293321816,0.0005725743753556278,0.9199999999999999
electricity,rf,treeshap,175,0.9174027498792399,0.004021326233514033,0.8400000000000001
electricity,rf,treeshap,176,0.707656460803197,0.006386202094785687,0.9199999999999999
electricity,rf,treeshap,177,0.7130652695456859,0.008817381105962419,0.8799999999999999
electricity,rf,treeshap,178,0.9437592201112264,0.0040319478787431695,1.0
electricity,rf,treeshap,179,0.8755958169565027,0.0072396462694580554,1.0
electricity,rf,treeshap,180,0.8724847571115907,0.0005632329450294682,1.0
electricity,rf,treeshap,181,0.8700596645175789,0.002999593305793802,1.0
electricity,rf,treeshap,182,0.7359589405457326,0.010783990187523296,1.0
electricity,rf,treeshap,183,0.5574183493262942,0.00903123356495139,0.8800000000000001
electricity,rf,treeshap,184,0.5514261127004038,0.01600541443346759,1.0
electricity,rf,treeshap,185,0.8467607928665126,0.011137949226322719,0.86
electricity,rf,treeshap,186,0.8720825922496578,0.00042000932201757823,0.8800000000000001
electricity,rf,treeshap,187,0.9913894772158475,0.005150672762643027,1.0
electricity,rf,treeshap,188,0.849171452261742,0.0053737926886613385,0.8800000000000001
electricity,rf,treeshap,189,0.8994041862640751,0.0038863955526495797,1.0
electricity,rf,treeshap,190,0.7368779724925968,0.007819243571265178,0.86
electricity,rf,treeshap,191,0.6815160644053015,0.0098596331042472,0.9199999999999999
electricity,rf,treeshap,192,0.7114540951775827,0.013305417040363587,0.8799999999999999
electricity,rf,treeshap,193,0.8451329299235548,0.005391343585634312,1.0
electricity,rf,treeshap,194,0.797210867726249,0.004464573257483728,1.0
electricity,rf,treeshap,195,0.9124868537117775,0.005383828331988694,0.86
electricity,rf,treeshap,196,0.5484623022835289,0.006250271626350612,1.0
electricity,rf,treeshap,197,0.6740964405413742,0.008334985342888124,1.0
electricity,rf,treeshap,198,0.6133181563720779,0.01660045359712492,1.0
electricity,rf,treeshap,199,0.5571610569009988,0.015218963383575534,0.8800000000000001
electricity,rf,treeshap,200,0.7782803223837558,0.008058202379241486,1.0
electricity,rf,treeshap,201,0.9880114346203916,0.004935161991736714,1.0
electricity,rf,treeshap,202,0.8338812288109851,0.000493545604541068,0.8400000000000001
electricity,rf,treeshap,203,0.8223134077914966,0.00104771660246461,1.0
electricity,rf,treeshap,204,0.5182511122456966,0.009102015433670507,1.0
electricity,rf,treeshap,205,0.7201319923070187,0.033276131055125946,0.9200000000000002
electricity,rf,treeshap,206,0.7956465061253377,0.004420188844005635,0.8800000000000001
electricity,rf,treeshap,207,0.6419217862467174,0.004609111678318234,1.0
electricity,rf,treeshap,208,0.584205246409879,0.007449217564551747,1.0
electricity,rf,treeshap,209,0.6962473455151809,0.009883140504857502,0.9200000000000002
electricity,rf,treeshap,210,0.7175517406186058,0.001274453888029603,0.9199999999999999
electricity,rf,treeshap,211,0.8589149444063583,0.007642367770159808,0.9199999999999999
electricity,rf,treeshap,212,0.6099656582450379,0.014767105298282068,1.0
electricity,rf,treeshap,213,0.7749187971700036,0.0006251491628553874,1.0
electricity,rf,treeshap,214,0.635065213100565,0.01520923285078124,1.0
electricity,rf,treeshap,215,0.7548364433948639,0.0010915330880028051,0.9199999999999999
electricity,rf,treeshap,216,0.743698909712419,0.012368810044085854,0.8799999999999999
electricity,rf,treeshap,217,0.9923398744152582,0.003773808205458584,1.0
electricity,rf,treeshap,218,0.9670124958677206,0.006018452364147997,1.0
electricity,rf,treeshap,219,0.7266549170148997,0.011659066533614593,0.8799999999999999
electricity,rf,treeshap,220,0.8100245432826352,0.0006397129804216473,0.9199999999999999
electricity,rf,treeshap,221,0.9510394351455578,0.006577665489905904,1.0
electricity,rf,treeshap,222,0.7576828613524806,0.0012233086415364136,0.8800000000000001
electricity,rf,treeshap,223,0.7805343028021753,0.0005994820509072074,0.9200000000000002
electricity,rf,treeshap,224,0.7182777689077019,0.006271721245856399,0.9200000000000002
electricity,rf,treeshap,225,0.5775537522003058,0.03877318582524514,0.86
electricity,rf,treeshap,226,0.5095532057634008,0.0034805678147407093,1.0
electricity,rf,treeshap,227,0.6182663886875832,0.006671073022205931,1.0
electricity,rf,treeshap,228,0.6739614066724169,0.001415097327776449,1.0
electricity,rf,treeshap,229,0.8654626056772179,0.0005169175200421261,0.8800000000000001
electricity,rf,treeshap,230,0.7776178770104328,0.009665357292172772,0.8800000000000001
electricity,rf,treeshap,231,0.5337329811191047,0.013869915557320867,1.0
electricity,rf,treeshap,232,0.81338325079582,0.002579882492110719,1.0
electricity,rf,treeshap,233,0.7627982062903182,0.01178018866379238,1.0
electricity,rf,treeshap,234,0.854693807915968,0.003851486711522134,0.9199999999999999
electricity,rf,treeshap,235,0.7234034059997752,0.005749731209060527,1.0
electricity,rf,treeshap,236,0.8818504287674234,0.014057986790446009,0.9199999999999999
electricity,rf,treeshap,237,0.925390407957695,0.003608642683209373,0.8799999999999999
electricity,rf,treeshap,238,0.7204115921522876,0.014428458411689937,0.86
electricity,rf,treeshap,239,0.8910659485806001,0.0041004437950279415,1.0
electricity,rf,treeshap,240,0.9210720486064655,0.0027247691754626047,1.0
electricity,rf,treeshap,241,0.8696276926960351,0.0010627185430200914,0.8800000000000001
electricity,rf,treeshap,242,0.8377186712995623,0.006354050547393464,1.0
electricity,rf,treeshap,243,0.9940533874807093,0.004663360575965059,0.9199999999999999
electricity,rf,treeshap,244,0.8922200832050222,0.0005245162435747464,0.8799999999999999
electricity,rf,treeshap,245,0.8130999135749148,0.0007924892670269079,1.0
electricity,rf,treeshap,246,0.7053870198211583,0.00618431671913644,0.9200000000000002
electricity,rf,treeshap,247,0.6251353060328123,0.016945977742261364,0.9199999999999999
electricity,rf,treeshap,248,0.9875989075404714,0.005609978289487061,1.0
electricity,rf,treeshap,249,0.8120436665012131,0.0008970635674068195,1.0
electricity,rf,treeshap,250,0.8216109912143917,0.0003094574775026615,1.0
electricity,rf,treeshap,251,0.579499173411565,0.005120611285043375,1.0
electricity,rf,treeshap,252,0.8573676164166353,0.005331474182838414,1.0
electricity,rf,treeshap,253,0.7320708533275543,0.004398399207925174,1.0
electricity,rf,treeshap,254,0.9103233746920548,0.0038962080224521634,1.0
electricity,rf,treeshap,255,0.9198765826698025,0.005038857661051166,1.0
electricity,rf,treeshap,256,0.8146098669616195,0.007295298073395351,0.8800000000000001
electricity,rf,treeshap,257,0.9869297396242146,0.004585444073845202,1.0
electricity,rf,treeshap,258,0.8081220706885868,0.0007285045691588499,1.0
electricity,rf,treeshap,259,0.9203728850632288,0.004024764213815479,1.0
electricity,rf,treeshap,260,0.9164164844649045,0.007966555570829703,0.8799999999999999
electricity,rf,treeshap,261,0.9439816511549111,0.0036149928885762517,1.0
electricity,rf,treeshap,262,0.8225263621152212,0.007233903073982417,0.8799999999999999
electricity,rf,treeshap,263,0.6559262046510934,0.027077567766922828,1.0
electricity,rf,treeshap,264,0.6844328633769508,0.005414670723854487,1.0
electricity,rf,treeshap,265,0.8899651573101639,0.0005529001449749993,0.9199999999999999
electricity,rf,treeshap,266,0.539132785386357,0.0036414977907680557,1.0
electricity,rf,treeshap,267,0.8698359068030206,0.007331646243569301,0.9199999999999999
electricity,rf,treeshap,268,0.9153231963476902,0.003319547778117382,1.0
electricity,rf,treeshap,269,0.9246374422900656,0.006945298925656651,1.0
electricity,rf,treeshap,270,0.762299610508696,0.0020490933610656237,0.86
electricity,rf,treeshap,271,0.934908191776529,0.005605231044062742,1.0
electricity,rf,treeshap,272,0.6313251432386406,0.0020058418765962482,1.0
electricity,rf,treeshap,273,0.9027822211437135,0.005621683233318797,0.9199999999999999
electricity,rf,treeshap,274,0.6769021660967602,0.002997826101743706,1.0
electricity,rf,treeshap,275,0.8050390401768098,0.0032009322341817192,0.9199999999999999
electricity,rf,treeshap,276,0.8111691735763789,0.0012022082544790313,0.86
electricity,rf,treeshap,277,0.8192700226781646,0.0005149720912603906,0.8799999999999999
electricity,rf,treeshap,278,0.8232119278606277,0.0030669531244230663,0.8800000000000001
electricity,rf,treeshap,279,0.5405557732539512,0.010099242148714493,0.8800000000000001
electricity,rf,treeshap,280,0.9616838319814507,0.004696753780966567,1.0
electricity,rf,treeshap,281,0.7458524329558356,0.0009628710108918748,0.9200000000000002
electricity,rf,treeshap,282,0.7036499507743417,0.012671036819944526,1.0
electricity,rf,treeshap,283,0.5260998827009662,0.012941983152560232,1.0
electricity,rf,treeshap,284,0.5370717246243724,0.02123581687389675,1.0
electricity,rf,treeshap,285,0.6433426108549118,0.007157563928771538,1.0
electricity,rf,treeshap,286,0.9760994756606352,0.005769587147589461,0.8800000000000001
electricity,rf,treeshap,287,0.6234198777480786,0.017276225531805522,1.0
electricity,rf,treeshap,288,0.9061785910657882,0.004458291749368626,0.9199999999999999
electricity,rf,treeshap,289,0.5452473226533706,0.013845628570648527,0.8399999999999999
electricity,rf,treeshap,290,0.6937458136865536,0.0016770493469820957,1.0
electricity,rf,treeshap,291,0.8223420810301245,0.007146890967490327,0.8799999999999999
electricity,rf,treeshap,292,0.5161507369098791,0.004337984662278416,0.9199999999999999
electricity,rf,treeshap,293,0.7185908529597048,0.007588969640703214,0.8799999999999999
electricity,rf,treeshap,294,0.8080436759980018,0.0048824591935174855,0.9199999999999999
electricity,rf,treeshap,295,0.525748504940801,0.02648048442644979,1.0
electricity,rf,treeshap,296,0.8594956993324642,0.002664562025710304,0.8800000000000001
electricity,rf,treeshap,297,0.5987987359593768,0.00893049255170042,0.86
electricity,rf,treeshap,298,0.6837261427890878,0.0069443514775786586,1.0
electricity,rf,treeshap,299,0.6188259704554354,0.007912869578102999,0.9199999999999999
electricity,rf,treeshap,300,0.8268681351665357,0.0004842911245251935,1.0
electricity,rf,treeshap,301,0.9506595418071347,0.005313167503779637,1.0
electricity,rf,treeshap,302,0.78796112545488,0.0113573548702528,0.9200000000000002
electricity,rf,treeshap,303,0.6081535115396542,0.012038779407469336,1.0
electricity,rf,treeshap,304,0.5290568947999312,0.0208344813756407,0.8800000000000001
electricity,rf,treeshap,305,0.769390502407364,0.009243689858782544,0.9199999999999999
electricity,rf,treeshap,306,0.8214268634933785,0.007781282197741213,0.86
electricity,rf,treeshap,307,0.6026059837031983,0.002188859215820238,1.0
electricity,rf,treeshap,308,0.9191328125420725,0.006616831670140377,0.9200000000000002
electricity,rf,treeshap,309,0.5497506924869989,0.00613229663782866,0.8799999999999999
electricity,rf,treeshap,310,0.8265923916171856,0.008183409067506475,0.8400000000000001
electricity,rf,treeshap,311,0.6375664346055281,0.008792413680325462,1.0
electricity,rf,treeshap,312,0.5395518058648239,0.007758056526875223,1.0
electricity,rf,treeshap,313,0.8543335828854053,0.0006057818050940744,0.8800000000000001
electricity,rf,treeshap,314,0.8634783053580473,0.004123876152924311,0.7999999999999999
electricity,rf,treeshap,315,0.8160068732659143,0.0035203904640296324,0.8399999999999999
electricity,rf,treeshap,316,0.6491667013936345,0.00811731292930895,0.9199999999999999
electricity,rf,treeshap,317,0.8687669939498038,0.0060005441311083985,0.9200000000000002
electricity,rf,treeshap,318,0.7283151966587734,0.0026627767998634866,1.0
electricity,rf,treeshap,319,0.907335273636587,0.016243795656359916,1.0
electricity,rf,treeshap,320,0.8580636653800088,0.006155723658078038,1.0
electricity,rf,treeshap,321,0.6905251354368549,0.009657347997681143,0.8800000000000001
electricity,rf,treeshap,322,0.8695975565406678,0.000580096894047033,0.9199999999999999
electricity,rf,treeshap,323,0.9399032446291896,0.0054665735872626575,0.8799999999999999
electricity,rf,treeshap,324,0.8364464321618421,0.005833247544005382,1.0
electricity,rf,treeshap,325,0.8858268839716859,0.00499148240142433,1.0
electricity,rf,treeshap,326,0.6540101722109719,0.016306767909328057,0.8799999999999999
electricity,rf,treeshap,327,0.9506075348278168,0.006573585870893295,1.0
electricity,rf,treeshap,328,0.7537006977270213,0.003781936999883051,1.0
electricity,rf,treeshap,329,0.8251937471592943,0.010144920975710625,1.0
electricity,rf,treeshap,330,0.7108749067621823,0.002738642898171939,1.0
electricity,rf,treeshap,331,0.9917809862757011,0.00506618551573923,1.0
electricity,rf,treeshap,332,0.7085958592697125,0.007337072686448898,0.9200000000000002
electricity,rf,treeshap,333,0.7975760064086079,0.009674084564976537,1.0
electricity,rf,treeshap,334,0.7133339911725033,0.008194487359179825,1.0
electricity,rf,treeshap,335,0.6703739910829585,0.01685448421980129,0.86
electricity,rf,treeshap,336,0.8999698726705294,0.003625747783581268,1.0
electricity,rf,treeshap,337,0.5605432743750803,0.005818888024565871,0.9200000000000002
electricity,rf,treeshap,338,0.6609055172599234,0.0024220702618380496,1.0
electricity,rf,treeshap,339,0.8970123127347165,0.006984126718202921,0.9199999999999999
electricity,rf,treeshap,340,0.763168287842445,0.010057474215879103,1.0
electricity,rf,treeshap,341,0.8952962820001253,0.008263129177104922,0.9199999999999999
electricity,rf,treeshap,342,0.8089677207318642,0.006356298938712812,0.86
electricity,rf,treeshap,343,0.7323067390963118,0.013171696738668914,0.8400000000000001
electricity,rf,treeshap,344,0.9440227078143397,0.00297243738902897,1.0
electricity,rf,treeshap,345,0.9304366940320079,0.005996805313991493,0.7599999999999999
electricity,rf,treeshap,346,0.5900806293009645,0.004245137737911131,0.8399999999999999
electricity,rf,treeshap,347,0.929426972048768,0.004305662454790693,1.0
electricity,rf,treeshap,348,0.8197722166699943,0.0004662723519868184,1.0
electricity,rf,treeshap,349,0.6207661672835308,0.013500953745167577,0.9199999999999999
electricity,rf,treeshap,350,0.805653570661215,0.005768049242907969,0.9199999999999999
electricity,rf,treeshap,351,0.5281489354777618,0.0032544152769766743,0.9199999999999999
electricity,rf,treeshap,352,0.7863722048346722,0.008083298089473834,1.0
electricity,rf,treeshap,353,0.7746277043312149,0.014103708079779453,0.8800000000000001
electricity,rf,treeshap,354,0.5128765048151582,0.007354481568236038,0.8399999999999999
electricity,rf,treeshap,355,0.8568637913476248,0.004741607115184343,0.9199999999999999
electricity,rf,treeshap,356,0.8066227955983575,0.002509389472678314,1.0
electricity,rf,treeshap,357,0.8358068353198564,0.008641225772606731,0.8800000000000001
electricity,rf,treeshap,358,0.7045719427468115,0.007279607236762464,0.9199999999999999
electricity,rf,treeshap,359,0.9072526699312735,0.004215022713918826,0.8400000000000001
electricity,rf,treeshap,360,0.9465692596962116,0.006736619288061574,1.0
electricity,rf,treeshap,361,0.6876270017230313,0.004245854559007056,1.0
electricity,rf,treeshap,362,0.7357006742202291,0.006966682189049722,1.0
electricity,rf,treeshap,363,0.6078775105091971,0.011946140157982787,0.9199999999999999
electricity,rf,treeshap,364,0.5249136350409807,0.008228661731855547,0.9199999999999999
electricity,rf,treeshap,365,0.6341459593112131,0.0071238465502997395,0.9199999999999999
electricity,rf,treeshap,366,0.5186895496075422,0.007405566891976578,0.9200000000000002
electricity,rf,treeshap,367,0.892268550430203,0.003988657144612162,0.8800000000000001
electricity,rf,treeshap,368,0.8134756139053113,0.0006087514714308018,0.78
electricity,rf,treeshap,369,0.8846169122879413,0.007464425306780043,0.7999999999999999
electricity,rf,treeshap,370,0.870847642807915,0.0038853073096374313,0.8800000000000001
electricity,rf,treeshap,371,0.5710216563328424,0.011786586867993165,1.0
electricity,rf,treeshap,372,0.6008754626888401,0.005954193953109921,1.0
electricity,rf,treeshap,373,0.9287546430230746,0.003983847573476473,1.0
electricity,rf,treeshap,374,0.7785742257771952,0.004287568233567796,0.8400000000000001
electricity,rf,treeshap,375,0.5318464578918535,0.003855441942550941,0.8800000000000001
electricity,rf,treeshap,376,0.831855801416187,0.001038200937894529,1.0
electricity,rf,treeshap,377,0.8959491270692164,0.006476966886649782,1.0
electricity,rf,treeshap,378,0.5396049866903343,0.035496254353536316,1.0
electricity,rf,treeshap,379,0.5220085481079948,0.016943366520232872,1.0
electricity,rf,treeshap,380,0.840869886115251,0.0051136980775083885,1.0
electricity,rf,treeshap,381,0.6805987990735831,0.017203650580747576,0.8799999999999999
electricity,rf,treeshap,382,0.819696037126507,0.00462219790241214,0.8799999999999999
electricity,rf,treeshap,383,0.5420461919788364,0.004577391893151761,0.9199999999999999
electricity,rf,treeshap,384,0.6361995393303342,0.010016301820569007,0.8400000000000001
electricity,rf,treeshap,385,0.797202957224935,0.00922483513706196,0.86
electricity,rf,treeshap,386,0.9691420351448062,0.004289563865093826,1.0
electricity,rf,treeshap,387,0.7979876280899167,0.0014795901172328652,1.0
electricity,rf,treeshap,388,0.6632468521067099,0.003982685174811373,0.8800000000000001
electricity,rf,treeshap,389,0.7269505416484728,0.0035293022858127188,0.8800000000000001
electricity,rf,treeshap,390,0.6413457860462792,0.0030884617846129725,1.0
electricity,rf,treeshap,391,0.5521032423705599,0.010560738341006903,0.9199999999999999
electricity,rf,treeshap,392,0.8297116932458678,0.00951052733951907,0.8799999999999999
electricity,rf,treeshap,393,0.905694568812019,0.005071309773734378,1.0
electricity,rf,treeshap,394,0.682647531485237,0.0012839418157944982,0.86
electricity,rf,treeshap,395,0.609047645922956,0.00328373731000442,1.0
electricity,rf,treeshap,396,0.7424891114291863,0.02092882227836479,0.78
electricity,rf,treeshap,397,0.9053673146434447,0.004062573685965298,1.0
electricity,rf,treeshap,398,0.6998594208303575,0.004682329428213117,0.9199999999999999
electricity,rf,treeshap,399,0.5716546133055651,0.0030821375201049994,0.8799999999999999
electricity,rf,treeshap,400,0.8703906629439395,0.0006281679548880703,1.0
electricity,rf,treeshap,401,0.8217536084376544,0.00037860517098153856,0.8400000000000001
electricity,rf,treeshap,402,0.9212640409802404,0.005078710774637285,0.9199999999999999
electricity,rf,treeshap,403,0.6346496122583724,0.01598643036393277,1.0
electricity,rf,treeshap,404,0.8754862439344239,0.004046278621663291,1.0
electricity,rf,treeshap,405,0.6977254988232446,0.0025113072845794893,0.8799999999999999
electricity,rf,treeshap,406,0.8863890353029712,0.005605118605835235,1.0
electricity,rf,treeshap,407,0.7088316064206142,0.018616466909908036,0.86
electricity,rf,treeshap,408,0.8271569709683749,0.00826806291948401,1.0
electricity,rf,treeshap,409,0.8150832114828048,0.008806934965349678,1.0
electricity,rf,treeshap,410,0.9710808662407941,0.004352478904276702,1.0
electricity,rf,treeshap,411,0.8730016180417692,0.00042755335561606156,1.0
electricity,rf,treeshap,412,0.5957157900016157,0.012702838470046274,0.9199999999999999
electricity,rf,treeshap,413,0.8282361854230398,0.0030450681275923097,0.8800000000000001
electricity,rf,treeshap,414,0.6998204792939411,0.006276680023083792,1.0
electricity,rf,treeshap,415,0.8172894624725687,0.015375469720373958,1.0
electricity,rf,treeshap,416,0.8344764817583072,0.004682899419601982,1.0
electricity,rf,treeshap,417,0.9655832278672344,0.004738871225238306,0.8800000000000001
electricity,rf,treeshap,418,0.8753180256117286,0.004344191801841979,0.8400000000000001
electricity,rf,treeshap,419,0.7941635036241456,0.00571088112013185,1.0
electricity,rf,treeshap,420,0.8871638274355631,0.008347819791359123,0.8800000000000001
electricity,rf,treeshap,421,0.8114279965409225,0.006238576497339721,0.8800000000000001
electricity,rf,treeshap,422,0.6530124885814493,0.004948672465315829,1.0
electricity,rf,treeshap,423,0.8428734421006135,0.0065458757002107015,0.7999999999999999
electricity,rf,treeshap,424,0.6962500643452347,0.004069939958075919,0.9199999999999999
electricity,rf,treeshap,425,0.831298036635008,0.00032187527134808214,1.0
electricity,rf,treeshap,426,0.8705077229040639,0.003921124061647241,1.0
electricity,rf,treeshap,427,0.9522618717589093,0.0033292356876414297,1.0
electricity,rf,treeshap,428,0.9179903961276773,0.003914117978238041,1.0
electricity,rf,treeshap,429,0.9505014532879148,0.0073886588339145964,1.0
electricity,rf,treeshap,430,0.7941392990874145,0.01221271253272671,1.0
electricity,rf,treeshap,431,0.9425731780934894,0.004520291419136568,0.8800000000000001
electricity,rf,treeshap,432,0.6432480024887206,0.005341899248817783,0.8400000000000001
electricity,rf,treeshap,433,0.940977162646683,0.004699843420271854,0.9199999999999999
electricity,rf,treeshap,434,0.8692961336329901,0.009516665952731151,0.9200000000000002
electricity,rf,treeshap,435,0.946620392512924,0.005576978700604918,1.0
electricity,rf,treeshap,436,0.9870999465594694,0.004525657701705432,1.0
electricity,rf,treeshap,437,0.8371261767507849,0.005413484183214523,0.8399999999999999
electricity,rf,treeshap,438,0.8669273551930589,0.0015586006958626664,1.0
electricity,rf,treeshap,439,0.6457882269236103,0.012125805168470949,1.0
electricity,rf,treeshap,440,0.5257985608700932,0.007440963680277357,0.9199999999999999
electricity,rf,treeshap,441,0.5603492928908824,0.00797794115867112,0.86
electricity,rf,treeshap,442,0.8289966833208311,0.008492727361662622,0.86
electricity,rf,treeshap,443,0.6705774795545392,0.005126997584899096,1.0
electricity,rf,treeshap,444,0.7983840754117356,0.002357637495405407,0.8800000000000001
electricity,rf,treeshap,445,0.8289643448187229,0.007896308248172224,0.8799999999999999
electricity,rf,treeshap,446,0.6933175312198773,0.012041538383675943,0.9199999999999999
electricity,rf,treeshap,447,0.9672236080918161,0.0045247880003815855,1.0
electricity,rf,treeshap,448,0.8183715789248318,0.0010679138496586527,0.86
electricity,rf,treeshap,449,0.9638597061682456,0.004199713965854279,1.0
electricity,rf,treeshap,450,0.7447678005305598,0.0036124698197600447,1.0
electricity,rf,treeshap,451,0.7551694546320421,0.006754614427647909,1.0
electricity,rf,treeshap,452,0.9384247820252583,0.007011808815197695,1.0
electricity,rf,treeshap,453,0.7721082712699326,0.0017816398118654098,0.86
electricity,rf,treeshap,454,0.9961367169712286,0.00518804538287454,1.0
electricity,rf,treeshap,455,0.637355264751595,0.01048482623562974,0.8799999999999999
electricity,rf,treeshap,456,0.9278055628479998,0.005942152694909275,0.8799999999999999
electricity,rf,treeshap,457,0.6033597940216618,0.0028680410757155883,0.9200000000000002
electricity,rf,treeshap,458,0.8475561122935897,0.002095220459008118,1.0
electricity,rf,treeshap,459,0.6865579152260277,0.008587895456621197,1.0
electricity,rf,treeshap,460,0.8502255945013667,0.00298093663631549,1.0
electricity,rf,treeshap,461,0.8179121791211965,0.0008222132580042452,0.8800000000000001
electricity,rf,treeshap,462,0.7962521377209236,0.010352252265212747,0.7799999999999999
electricity,rf,treeshap,463,0.7970429056695129,0.006313209978739187,0.86
electricity,rf,treeshap,464,0.6044506811151527,0.007288723350895587,0.9199999999999999
electricity,rf,treeshap,465,0.897759367071276,0.005089970799197041,1.0
electricity,rf,treeshap,466,0.7913011504901453,0.009627792108382494,0.9199999999999999
electricity,rf,treeshap,467,0.5715060937964118,0.008559036024021749,0.8399999999999999
electricity,rf,treeshap,468,0.8901022718691696,0.011872671280423908,1.0
electricity,rf,treeshap,469,0.5283315137047109,0.007008162249716343,0.8800000000000001
electricity,rf,treeshap,470,0.9236723930122783,0.0064098721919594315,1.0
electricity,rf,treeshap,471,0.9415325978736003,0.004767019694749464,0.9199999999999999
electricity,rf,treeshap,472,0.5543860502718412,0.017430349022196645,0.8800000000000001
electricity,rf,treeshap,473,0.8574303694216339,0.0071280727072075,0.9199999999999999
electricity,rf,treeshap,474,0.69966687351784,0.009961281851331272,0.8799999999999999
electricity,rf,treeshap,475,0.5537479692052429,0.016445444565612588,0.8400000000000001
electricity,rf,treeshap,476,0.7166990930683301,0.004695221221615475,1.0
electricity,rf,treeshap,477,0.5107161743176165,0.010097551864976628,0.8399999999999999
electricity,rf,treeshap,478,0.7136635302000527,0.009311413232047316,1.0
electricity,rf,treeshap,479,0.8178125352505653,0.0002914527805352174,0.8800000000000001
electricity,rf,treeshap,480,0.6346897467354766,0.008409170832176072,0.8400000000000001
electricity,rf,treeshap,481,0.9157565831414596,0.004821973816776959,0.8800000000000001
electricity,rf,treeshap,482,0.5504611834189033,0.005237363196532341,1.0
electricity,rf,treeshap,483,0.9242775864521559,0.003093396145358751,1.0
electricity,rf,treeshap,484,0.8817484544868976,0.0026279301407499123,0.86
electricity,rf,treeshap,485,0.6615768227778063,0.016664568851635364,1.0
electricity,rf,treeshap,486,0.7610810744172146,0.0064956675717274814,1.0
electricity,rf,treeshap,487,0.8616519322107987,0.005719122266754306,0.9199999999999999
electricity,rf,treeshap,488,0.8146583944963662,0.0007856441261079317,1.0
electricity,rf,treeshap,489,0.7674064904561353,0.000752271277683958,0.86
electricity,rf,treeshap,490,0.581187024142418,0.0019063312086784467,0.9200000000000002
electricity,rf,treeshap,491,0.8666095514737522,0.0027429679173677224,1.0
electricity,rf,treeshap,492,0.8182058775703137,0.005633051409865031,1.0
electricity,rf,treeshap,493,0.7427006475981566,0.013469693449838394,0.8399999999999999
electricity,rf,treeshap,494,0.8729958487584163,0.0009185361844027407,0.8399999999999999
electricity,rf,treeshap,495,0.5829194395858781,0.006464281080636014,0.86
electricity,rf,treeshap,496,0.6796265277417917,0.038382692631920845,0.8400000000000001
electricity,rf,treeshap,497,0.9119939053369329,0.0007220776589814681,1.0
electricity,rf,treeshap,498,0.954590772193959,0.00047519711000632014,0.8800000000000001
electricity,rf,treeshap,499,0.78838576167477,0.003661594870074447,1.0
electricity,rf,lime,0,0.6309921095125173,0.0513066364043574,0.9199999999999999
electricity,rf,lime,1,0.6091961190099309,0.09893391824697217,0.7599999999999999
electricity,rf,lime,2,0.8483161754296233,0.04212484259311611,0.8
electricity,rf,lime,3,0.7836532938699591,0.0389313781196261,0.7999999999999999
electricity,rf,lime,4,0.7340579768472443,0.030660537039286617,0.9199999999999999
electricity,rf,lime,5,0.5838163300818092,0.049264446094113845,0.86
electricity,rf,lime,6,0.6819128061582167,0.058886272225680436,0.9199999999999999
electricity,rf,lime,7,0.5530204292597175,0.025358739578041023,0.86
electricity,rf,lime,8,0.9156246905225179,0.009828265073374531,0.8799999999999999
electricity,rf,lime,9,0.5369339332027594,0.06668892694956963,0.8400000000000001
electricity,rf,lime,10,0.8910788199593049,0.024789809513553807,1.0
electricity,rf,lime,11,0.6956175562421348,0.08963416908579269,0.7999999999999999
electricity,rf,lime,12,0.8824969472377813,0.28484170878656356,0.7
electricity,rf,lime,13,0.9023805567321617,0.12547242936862424,0.9199999999999999
electricity,rf,lime,14,0.866480266984589,0.011011924697987951,0.9199999999999999
electricity,rf,lime,15,0.642276610005376,0.04769923609989257,0.86
electricity,rf,lime,16,0.6469621076024348,0.05695561871560206,0.8400000000000001
electricity,rf,lime,17,0.925348380375578,0.04413298783935615,1.0
electricity,rf,lime,18,0.529479963849542,0.04836151214543061,1.0
electricity,rf,lime,19,0.6579746907039302,0.05136069363760165,1.0
electricity,rf,lime,20,0.830393265837888,0.06560677990033403,0.7599999999999999
electricity,rf,lime,21,0.883847126044626,0.007468280268909111,0.9199999999999999
electricity,rf,lime,22,0.5382074166677008,0.05206198906409032,0.74
electricity,rf,lime,23,0.924295910815552,0.08057001942306508,0.8400000000000001
electricity,rf,lime,24,0.8611747164815926,0.009959338472179446,0.72
electricity,rf,lime,25,0.6408157634503338,0.0633318906046556,0.74
electricity,rf,lime,26,0.9603628906274688,0.02532994662094512,0.9199999999999999
electricity,rf,lime,27,0.5388934739543666,0.061463677642925374,0.8400000000000001
electricity,rf,lime,28,0.7219649174075202,0.09387349575050741,0.86
electricity,rf,lime,29,0.6874903885195032,0.037535474133505886,0.7799999999999999
electricity,rf,lime,30,0.7556013478591859,0.023848608808725635,0.8400000000000001
electricity,rf,lime,31,0.5226720977695393,0.043648462430758705,0.8800000000000001
electricity,rf,lime,32,0.6667840581296712,0.05283861073283691,0.7599999999999999
electricity,rf,lime,33,0.71097401185018,0.1134974422537407,0.8399999999999999
electricity,rf,lime,34,0.9404868412896803,0.007606171287837471,0.8
electricity,rf,lime,35,0.7794596562898876,0.0683314403709796,0.9199999999999999
electricity,rf,lime,36,0.9867952005762131,0.03292053515812676,0.8400000000000001
electricity,rf,lime,37,0.6970560186009205,0.008267769427904748,0.86
electricity,rf,lime,38,0.7284399146338203,0.010421048764568064,0.8400000000000001
electricity,rf,lime,39,0.8963024571910692,0.05547416889113754,0.7799999999999999
electricity,rf,lime,40,0.7915817395672716,0.052553046409774984,0.9199999999999999
electricity,rf,lime,41,0.5124004666708892,0.0867440512179074,0.8
electricity,rf,lime,42,0.5552787204309257,0.08425754104555949,0.7999999999999999
electricity,rf,lime,43,0.8195899147831959,0.0473724313946835,0.86
electricity,rf,lime,44,0.6941165807650236,0.00798880017118253,1.0
electricity,rf,lime,45,0.5914988684925213,0.13906325888400528,0.7999999999999999
electricity,rf,lime,46,0.8118556951871085,0.08292668387486624,0.7999999999999999
electricity,rf,lime,47,0.9963155497118118,0.02035587087876145,0.9199999999999999
electricity,rf,lime,48,0.5147570464327768,0.04637743192199417,0.7799999999999999
electricity,rf,lime,49,0.8120408470233773,0.008089957779334744,0.82
electricity,rf,lime,50,0.7557879881011755,0.020402699404751923,0.86
electricity,rf,lime,51,0.7535314334184637,0.044033118843466945,0.8399999999999999
electricity,rf,lime,52,0.6185683138038156,0.07135004852222548,0.9199999999999999
electricity,rf,lime,53,0.5804039887491232,0.027570636244308333,0.9200000000000002
electricity,rf,lime,54,0.9403700350813857,0.1076483585142679,0.7999999999999999
electricity,rf,lime,55,0.5415514283431171,0.022203425460888937,0.7399999999999999
electricity,rf,lime,56,0.8285910964605405,0.07901973481632074,0.9199999999999999
electricity,rf,lime,57,0.8752934347706569,0.07432264521369769,0.86
electricity,rf,lime,58,0.7393028210680525,0.12012554242225537,0.7999999999999999
electricity,rf,lime,59,0.6764219225591749,0.06156609105534372,0.9199999999999999
electricity,rf,lime,60,0.6768506643786171,0.4874043975678156,0.74
electricity,rf,lime,61,0.936922224243057,0.011456852871801537,0.86
electricity,rf,lime,62,0.9527389524087052,0.03124187876611262,0.7799999999999999
electricity,rf,lime,63,0.6079354802966075,0.06051730634968744,0.7599999999999999
electricity,rf,lime,64,0.6962583557736627,0.009599312016537964,0.9199999999999999
electricity,rf,lime,65,0.7909059012178972,0.014161041136346975,0.7799999999999999
electricity,rf,lime,66,0.7959788584750138,0.006273094195054063,0.8399999999999999
electricity,rf,lime,67,0.5617773175273898,0.018996414236549186,0.9199999999999999
electricity,rf,lime,68,0.623850502970919,0.11642157553140042,0.7999999999999999
electricity,rf,lime,69,0.5269219988492745,0.06066930512623048,0.7199999999999999
electricity,rf,lime,70,0.6125357639429782,0.12885392841677112,0.7
electricity,rf,lime,71,0.9737127301165002,0.04636345152929544,0.86
electricity,rf,lime,72,0.9028497149468938,0.006488432066744432,0.9199999999999999
electricity,rf,lime,73,0.8132829185594014,0.010077122767365276,0.82
electricity,rf,lime,74,0.73374710112702,0.13051710533443583,0.74
electricity,rf,lime,75,0.5318406452410362,0.06592371529829033,0.9199999999999999
electricity,rf,lime,76,0.8651928087677954,0.028114319242416252,0.8800000000000001
electricity,rf,lime,77,0.7640807375016172,0.09966555019281953,0.9199999999999999
electricity,rf,lime,78,0.5206802813626519,0.05637569666489739,0.82
electricity,rf,lime,79,0.877530117390112,0.029000499839636262,0.9199999999999999
electricity,rf,lime,80,0.6489279814703983,0.0035712503108825677,0.86
electricity,rf,lime,81,0.5456067463283134,0.34121829756112665,0.74
electricity,rf,lime,82,0.5501205450624875,0.0852673006083039,0.7399999999999999
electricity,rf,lime,83,0.6428596299572111,0.21187603137678201,0.72
electricity,rf,lime,84,0.8267953891329766,0.05799666223818556,0.86
electricity,rf,lime,85,0.9336114683657166,0.012952473702892098,0.86
electricity,rf,lime,86,0.8730461930522603,0.07408852205596772,0.7999999999999999
electricity,rf,lime,87,0.6953604898982465,0.0076416273199569895,1.0
electricity,rf,lime,88,0.6485983289724363,0.09871178233445743,0.76
electricity,rf,lime,89,0.5991877439843913,0.1815983329629649,0.8399999999999999
electricity,rf,lime,90,0.8734979522106439,0.0062493766602376155,0.8799999999999999
electricity,rf,lime,91,0.7597714347057518,0.2016927154428192,0.82
electricity,rf,lime,92,0.6819681747323645,0.008202168559864775,0.8400000000000001
electricity,rf,lime,93,0.9639581609903656,0.0355724786635635,1.0
electricity,rf,lime,94,0.817136635830126,0.08899522098218748,0.72
electricity,rf,lime,95,0.7531402776402276,0.028084523274281792,0.86
electricity,rf,lime,96,0.923650794004337,0.060990252726339955,0.7999999999999999
electricity,rf,lime,97,0.7714877169661432,0.11548893682281669,0.8
electricity,rf,lime,98,0.5559510379055638,0.04619172300119678,0.8400000000000001
electricity,rf,lime,99,0.6628168559501589,0.10692486438868687,0.7999999999999999
electricity,hgb,treeshap,0,0.9626850587988235,0.006425530847605332,0.9199999999999999
electricity,hgb,treeshap,1,0.8321663867780519,0.018603460112702086,0.86
electricity,hgb,treeshap,2,0.9567569281761102,0.009305237829535407,0.9199999999999999
electricity,hgb,treeshap,3,0.9398348644569786,0.01667246124172661,0.7999999999999999
electricity,hgb,treeshap,4,0.7321243435417609,0.006791006070190897,0.7799999999999999
electricity,hgb,treeshap,5,0.9474320958264186,0.008268650730301141,0.8400000000000001
electricity,hgb,treeshap,6,0.7915484454339781,0.022829348240762215,0.9199999999999999
electricity,hgb,treeshap,7,0.7209122127559123,0.009410950660127426,1.0
electricity,hgb,treeshap,8,0.9883687770835635,0.004567053693888434,0.6999999999999998
electricity,hgb,treeshap,9,0.5609319048791057,0.018171381042597412,0.76
electricity,hgb,treeshap,10,0.9606278623005954,0.022060075119797906,0.9199999999999999
electricity,hgb,treeshap,11,0.9473798721429054,0.011467596189709939,0.8400000000000001
electricity,hgb,treeshap,12,0.9828640598295111,0.016119950962701024,0.8400000000000001
electricity,hgb,treeshap,13,0.9904953632259531,0.010919548068979879,0.9199999999999999
electricity,hgb,treeshap,14,0.9389801374352291,0.003256398338213118,0.9199999999999999
electricity,hgb,treeshap,15,0.8058493790791068,0.011688096301991635,0.9199999999999999
electricity,hgb,treeshap,16,0.754549795103787,0.049564788999927445,0.9199999999999999
electricity,hgb,treeshap,17,0.9263743886651212,0.016764719450789167,0.8399999999999999
electricity,hgb,treeshap,18,0.7141050621786904,0.011607444577138581,0.8799999999999999
electricity,hgb,treeshap,19,0.7008795270520489,0.0202065290093989,0.86
electricity,hgb,treeshap,20,0.9271717924105358,0.02135950040023893,0.7999999999999999
electricity,hgb,treeshap,21,0.997773438148602,0.001984394570786252,0.8
electricity,hgb,treeshap,22,0.9540357635050531,0.004658102725672131,0.9199999999999999
electricity,hgb,treeshap,23,0.9907356747485231,0.008751320487926373,0.8800000000000001
electricity,hgb,treeshap,24,0.9891089258125947,0.01498065045245145,0.8400000000000001
electricity,hgb,treeshap,25,0.8695167566465853,0.017075227220419542,0.8799999999999999
electricity,hgb,treeshap,26,0.9993693888833333,0.002684796352240726,0.86
electricity,hgb,treeshap,27,0.7061205137644585,0.027168743245305493,0.7599999999999999
electricity,hgb,treeshap,28,0.6864157009073837,0.01875970499597024,0.86
electricity,hgb,treeshap,29,0.9377856006296191,0.043319465239695765,0.7799999999999999
electricity,hgb,treeshap,30,0.9546491722438004,0.009405563826492935,0.7599999999999999
electricity,hgb,treeshap,31,0.7355033545685868,0.01714023841831569,1.0
electricity,hgb,treeshap,32,0.7109277293252305,0.06363161268879503,0.86
electricity,hgb,treeshap,33,0.8740157280991623,0.013896085496946542,0.8399999999999999
electricity,hgb,treeshap,34,0.9924378149339436,0.014218055780530703,0.9199999999999999
electricity,hgb,treeshap,35,0.8365352504308415,0.11153223258033829,0.72
electricity,hgb,treeshap,36,0.9992257468053036,0.00851318357932751,0.8400000000000001
electricity,hgb,treeshap,37,0.8108478813965153,0.05913063145118458,0.9199999999999999
electricity,hgb,treeshap,38,0.7709648455189989,0.019844099698797635,0.9199999999999999
electricity,hgb,treeshap,39,0.9927162410395647,0.0090618088961254,0.7999999999999999
electricity,hgb,treeshap,40,0.9254427591586551,0.011940364135342052,0.78
electricity,hgb,treeshap,41,0.7253448651184867,0.15363803447123592,0.86
electricity,hgb,treeshap,42,0.7339932096230275,0.31062425950882333,0.8799999999999999
electricity,hgb,treeshap,43,0.9506308327203522,0.00791346480208599,0.9200000000000002
electricity,hgb,treeshap,44,0.6329035001168627,0.010781873028584799,0.86
electricity,hgb,treeshap,45,0.8180687507340639,0.03114716936035189,0.86
electricity,hgb,treeshap,46,0.9554509385356873,0.016582276779152805,0.7999999999999999
electricity,hgb,treeshap,47,0.9997553631938629,0.0022696996756634835,0.9200000000000002
electricity,hgb,treeshap,48,0.6594950124632685,0.013169334964622137,0.8399999999999999
electricity,hgb,treeshap,49,0.98849809272976,0.0032812215667898936,0.76
electricity,hgb,treeshap,50,0.9406090211558723,0.08296370320880864,0.82
electricity,hgb,treeshap,51,0.9814706757031306,0.004006555152646363,0.8800000000000001
electricity,hgb,treeshap,52,0.5823597994851099,0.028550758318914404,0.86
electricity,hgb,treeshap,53,0.6224432267098443,0.012846065722071032,0.8400000000000001
electricity,hgb,treeshap,54,0.9779320956305246,0.01899556445023498,0.86
electricity,hgb,treeshap,55,0.7135662475899025,0.01124087026934184,0.7999999999999999
electricity,hgb,treeshap,56,0.9446182217768511,0.00807616383755505,0.78
electricity,hgb,treeshap,57,0.9926251631028913,0.004296248363375499,0.9199999999999999
electricity,hgb,treeshap,58,0.9169104356254095,0.04945235119491398,0.74
electricity,hgb,treeshap,59,0.6792400036745334,0.06563746337608212,1.0
electricity,hgb,treeshap,60,0.7513364987798958,0.0219001229525857,0.7999999999999999
electricity,hgb,treeshap,61,0.993237442202123,0.018042320313740978,0.7999999999999999
electricity,hgb,treeshap,62,0.9908718419547204,0.004752550119948018,0.7999999999999999
electricity,hgb,treeshap,63,0.7293496637923095,0.009248441717955247,1.0
electricity,hgb,treeshap,64,0.6467744031580624,0.014339012720332334,0.7599999999999999
electricity,hgb,treeshap,65,0.8985082192387163,0.002944292605044696,0.7599999999999999
electricity,hgb,treeshap,66,0.6691719165774105,0.00905430428505638,0.9199999999999999
electricity,hgb,treeshap,67,0.579838141432068,0.007624419710807073,1.0
electricity,hgb,treeshap,68,0.6143512289239247,0.031556168518092065,0.8400000000000001
electricity,hgb,treeshap,69,0.6032692553543479,0.0418009214648436,0.7799999999999999
electricity,hgb,treeshap,70,0.8873272040744256,0.040479519491192106,0.8
electricity,hgb,treeshap,71,0.9995691873829943,0.007489923304368817,0.6599999999999999
electricity,hgb,treeshap,72,0.9852176337866808,0.004800236525304369,0.8800000000000001
electricity,hgb,treeshap,73,0.765999185403066,0.02105010950235575,1.0
electricity,hgb,treeshap,74,0.9830674186750225,0.007838829059681807,0.86
electricity,hgb,treeshap,75,0.8664571801473617,0.015940680015484432,0.9200000000000002
electricity,hgb,treeshap,76,0.9871840543558239,0.0062614432414334065,0.7199999999999999
electricity,hgb,treeshap,77,0.9382585603389788,0.011293037476423073,0.9199999999999999
electricity,hgb,treeshap,78,0.778754969428768,0.010573377003642803,0.8800000000000001
electricity,hgb,treeshap,79,0.9985730251102604,0.003525084092863451,0.74
electricity,hgb,treeshap,80,0.8210590943533663,0.007999852854515432,0.8800000000000001
electricity,hgb,treeshap,81,0.5233668266218331,0.007451414952548752,0.9200000000000002
electricity,hgb,treeshap,82,0.7792452881354104,0.018357107762209113,0.7199999999999999
electricity,hgb,treeshap,83,0.6565027893349157,0.021005819515502067,0.8800000000000001
electricity,hgb,treeshap,84,0.9046499281406051,0.1860445133106856,0.7799999999999999
electricity,hgb,treeshap,85,0.9562493259070889,0.013229150204782436,0.7999999999999999
electricity,hgb,treeshap,86,0.9578399173650677,0.006362080589208063,0.86
electricity,hgb,treeshap,87,0.6280067027971656,0.01588510154282563,0.7999999999999999
electricity,hgb,treeshap,88,0.7228895816654053,0.01198080887896702,0.8400000000000001
electricity,hgb,treeshap,89,0.5763225647260755,0.014965531090106454,1.0
electricity,hgb,treeshap,90,0.90736602545494,0.011998313358401624,0.86
electricity,hgb,treeshap,91,0.9344103443383263,0.009056164259740762,0.9199999999999999
electricity,hgb,treeshap,92,0.7253003186501961,0.021852576509433286,0.86
electricity,hgb,treeshap,93,0.9734699492136487,0.0133039032128488,0.8400000000000001
electricity,hgb,treeshap,94,0.9761560772470425,0.016039621770808088,0.9199999999999999
electricity,hgb,treeshap,95,0.9422021017239306,0.004685086188215726,0.86
electricity,hgb,treeshap,96,0.9776263390745328,0.02156907339024894,0.7399999999999999
electricity,hgb,treeshap,97,0.9514312943835879,0.021725559431221897,0.86
electricity,hgb,treeshap,98,0.6361872351249822,0.019298856951407095,0.7999999999999999
electricity,hgb,treeshap,99,0.9532337146174038,0.018467325780736288,0.7999999999999999
electricity,hgb,treeshap,100,0.9961772354480498,0.005242360874642693,0.76
electricity,hgb,treeshap,101,0.6983514396822592,0.012545349424975094,0.9200000000000002
electricity,hgb,treeshap,102,0.9607822204913765,0.010901142888453785,0.8800000000000001
electricity,hgb,treeshap,103,0.8702743390593953,0.020528412789323602,0.82
electricity,hgb,treeshap,104,0.9905699948908364,0.005919061434957129,0.7999999999999999
electricity,hgb,treeshap,105,0.9856855009599539,0.01231816672637065,0.7999999999999999
electricity,hgb,treeshap,106,0.9860365985876566,0.028357028204620605,0.9199999999999999
electricity,hgb,treeshap,107,0.6449597913270884,0.05345709898028783,0.7
electricity,hgb,treeshap,108,0.680185128135401,0.03634067623982706,0.9200000000000002
electricity,hgb,treeshap,109,0.9431291970300583,0.002461535575919549,0.8400000000000001
electricity,hgb,treeshap,110,0.9815598834376204,0.01772306803011625,0.7999999999999999
electricity,hgb,treeshap,111,0.734081785676129,0.07657340879955932,0.7799999999999999
electricity,hgb,treeshap,112,0.743516147202253,0.1060636485993518,0.8400000000000001
electricity,hgb,treeshap,113,0.6786263058599894,0.030761975756915305,0.86
electricity,hgb,treeshap,114,0.900779843010253,0.028142423353819668,0.82
electricity,hgb,treeshap,115,0.800238123790567,0.0540145277117553,0.9199999999999999
electricity,hgb,treeshap,116,0.9865830482599195,0.009984887217853844,0.8400000000000001
electricity,hgb,treeshap,117,0.9908344415206534,0.022957338176841646,0.9199999999999999
electricity,hgb,treeshap,118,0.9768849999763954,0.013845954617974221,0.7799999999999999
electricity,hgb,treeshap,119,0.9477010231882739,0.02390303292731699,0.82
electricity,hgb,treeshap,120,0.7895018225690279,0.012913334329156534,1.0
electricity,hgb,treeshap,121,0.8408815416241673,0.03161616095156217,0.74
electricity,hgb,treeshap,122,0.962146871416422,0.04788208586978615,0.76
electricity,hgb,treeshap,123,0.9090271712956886,0.012226918793402985,0.9200000000000002
electricity,hgb,treeshap,124,0.9254129540840692,0.006504015478811964,0.8400000000000001
electricity,hgb,treeshap,125,0.9638813339848535,0.012147173838518599,0.82
electricity,hgb,treeshap,126,0.5579888247278009,0.009206476345017478,0.9199999999999999
electricity,hgb,treeshap,127,0.9826680306977138,0.009400435631603754,0.8399999999999999
electricity,hgb,treeshap,128,0.9353214848376246,0.006224510255257387,0.9199999999999999
electricity,hgb,treeshap,129,0.988146110937558,0.007161168483583502,0.7999999999999999
electricity,hgb,treeshap,130,0.9236804025666953,0.0007099895541008427,1.0
electricity,hgb,treeshap,131,0.7786752506852661,0.0555938702349541,0.9199999999999999
electricity,hgb,treeshap,132,0.7407788232307443,0.01606981535433083,0.9199999999999999
electricity,hgb,treeshap,133,0.709102135133263,0.02883392899469661,0.9200000000000002
electricity,hgb,treeshap,134,0.9800828881675263,0.01662356661725395,0.86
electricity,hgb,treeshap,135,0.779886520343379,0.008115684559152014,1.0
electricity,hgb,treeshap,136,0.9926602957774954,0.015213802541051757,0.8399999999999999
electricity,hgb,treeshap,137,0.851854202351728,0.011399341124990747,1.0
electricity,hgb,treeshap,138,0.9230949694506038,0.007581241096766389,0.86
electricity,hgb,treeshap,139,0.9130007377111795,0.013899079288796967,0.8400000000000001
electricity,hgb,treeshap,140,0.9933640861026433,0.023739216340387892,0.7999999999999999
electricity,hgb,treeshap,141,0.9982325885340899,0.005992208340442007,0.9199999999999999
electricity,hgb,treeshap,142,0.6771418242938501,0.015290300107380084,0.8800000000000001
electricity,hgb,treeshap,143,0.9916411835052348,0.062042457703490816,0.82
electricity,hgb,treeshap,144,0.8377154013407765,0.015582488815798046,0.8800000000000001
electricity,hgb,treeshap,145,0.9514779838308544,0.019368210964604393,0.82
electricity,hgb,treeshap,146,0.948704745653562,0.01536215907540961,0.82
electricity,hgb,treeshap,147,0.9903633214868071,0.001956407604964183,0.7799999999999999
electricity,hgb,treeshap,148,0.6263807628187393,0.045228600715046974,1.0
electricity,hgb,treeshap,149,0.9921657582861887,0.025920789335640904,0.9200000000000002
electricity,hgb,treeshap,150,0.6436922146737065,0.0046954507470930995,0.9199999999999999
electricity,hgb,treeshap,151,0.9394751190990027,0.012658460044886466,0.8400000000000001
electricity,hgb,treeshap,152,0.8455289283216884,0.03750656155805743,0.86
electricity,hgb,treeshap,153,0.9322190697679028,0.024308631784524692,0.7799999999999999
electricity,hgb,treeshap,154,0.9871530853791339,0.004069420789256206,0.8399999999999999
electricity,hgb,treeshap,155,0.7473643095731377,0.00749714492122866,0.7999999999999999
electricity,hgb,treeshap,156,0.6672198283166052,0.27962156087732415,0.8399999999999999
electricity,hgb,treeshap,157,0.9984306756558883,0.006728935160382754,0.9200000000000002
electricity,hgb,treeshap,158,0.9770194636612324,0.04248128740543289,0.8399999999999999
electricity,hgb,treeshap,159,0.9155959187599081,0.0045121194312012225,0.7
electricity,hgb,treeshap,160,0.8045750310825689,0.009899311078098605,0.8400000000000001
electricity,hgb,treeshap,161,0.9997700487449137,0.0026380515962266537,0.9199999999999999
electricity,hgb,treeshap,162,0.9978463946831875,0.002684063632482081,0.8800000000000001
electricity,hgb,treeshap,163,0.634858939255661,0.0077485988241454695,0.7999999999999999
electricity,hgb,treeshap,164,0.7361287727434378,0.008060209670843532,0.9199999999999999
electricity,hgb,treeshap,165,0.9454184978946844,0.006316590071403616,0.8400000000000001
electricity,hgb,treeshap,166,0.8816966904519413,0.020743446616648065,0.7999999999999999
electricity,hgb,treeshap,167,0.9747936841386396,0.04505182894961979,1.0
electricity,hgb,treeshap,168,0.9701798951638482,0.00864496374749657,0.8800000000000001
electricity,hgb,treeshap,169,0.7105380310747302,0.012458716563985894,0.8799999999999999
electricity,hgb,treeshap,170,0.5901810802907157,0.012746633000095486,0.9199999999999999
electricity,hgb,treeshap,171,0.9448266073804087,0.01590609291613776,0.8400000000000001
electricity,hgb,treeshap,172,0.7263630956101885,0.012655670774879946,0.7999999999999999
electricity,hgb,treeshap,173,0.999869628178043,0.004997018766307315,1.0
electricity,hgb,treeshap,174,0.9893352958191135,0.002204335233986554,0.7799999999999999
electricity,hgb,treeshap,175,0.9988599199993828,0.008766457572417563,0.9199999999999999
electricity,hgb,treeshap,176,0.9465358610154802,0.011380852990371282,0.8399999999999999
electricity,hgb,treeshap,177,0.8377960406632636,0.030976847286912856,1.0
electricity,hgb,treeshap,178,0.9860065998576241,0.011221279909289228,0.8800000000000001
electricity,hgb,treeshap,179,0.9539184706112248,0.023929623457007,0.7999999999999999
electricity,hgb,treeshap,180,0.9936176586441965,0.001653440886502544,0.8399999999999999
electricity,hgb,treeshap,181,0.991068196555512,0.00604518787336783,0.82
electricity,hgb,treeshap,182,0.9907500282665215,0.004609437613957823,0.8799999999999999
electricity,hgb,treeshap,183,0.5873934852705013,0.013969966068608897,0.74
electricity,hgb,treeshap,184,0.6885994473851754,0.05517381003070754,0.7999999999999999
electricity,hgb,treeshap,185,0.956878181969684,0.01105371428235491,1.0
electricity,hgb,treeshap,186,0.9646314446158619,0.0017610455926704294,0.9199999999999999
electricity,hgb,treeshap,187,0.9997190227211277,0.0034686271461058515,0.9200000000000002
electricity,hgb,treeshap,188,0.9473183114583478,0.010152209736301154,0.7599999999999999
electricity,hgb,treeshap,189,0.9724477078318918,0.018659931888354797,0.82
electricity,hgb,treeshap,190,0.8675327406353321,0.007486600808045529,1.0
electricity,hgb,treeshap,191,0.6676135937572022,0.020572004355328133,0.8800000000000001
electricity,hgb,treeshap,192,0.7962231868319667,0.03276957657068347,0.86
electricity,hgb,treeshap,193,0.9568020006735279,0.009567367598158683,0.82
electricity,hgb,treeshap,194,0.9062525871946303,0.022873107653415103,0.72
electricity,hgb,treeshap,195,0.9842655913582709,0.023010380077478354,0.9199999999999999
electricity,hgb,treeshap,196,0.9122540588578097,0.015327576238933105,0.72
electricity,hgb,treeshap,197,0.6548453652586282,0.03447043304533837,0.74
electricity,hgb,treeshap,198,0.6235038745879058,0.03969628835823025,0.8400000000000001
electricity,hgb,treeshap,199,0.6682215145950612,0.02326324738422747,0.86
electricity,hgb,treeshap,200,0.6525538714822879,0.026119353528207823,0.86
electricity,hgb,treeshap,201,0.9994578281639417,0.00224201245761968,1.0
electricity,hgb,treeshap,202,0.9528071270665842,0.0015196001636574863,0.9199999999999999
electricity,hgb,treeshap,203,0.9530918378363596,0.008883744354613143,0.8800000000000001
electricity,hgb,treeshap,204,0.6433764788477074,0.180509565513024,0.8399999999999999
electricity,hgb,treeshap,205,0.6160249600988149,0.02309910979675589,0.86
electricity,hgb,treeshap,206,0.9366344510554587,0.05821350310386819,0.9200000000000002
electricity,hgb,treeshap,207,0.6222727512868182,0.01131936287421309,0.8400000000000001
electricity,hgb,treeshap,208,0.5703105357601879,0.011225286037597315,0.8799999999999999
electricity,hgb,treeshap,209,0.6200599691696824,0.031459703017937435,0.9199999999999999
electricity,hgb,treeshap,210,0.8308257323800049,0.019305373663832226,0.8399999999999999
electricity,hgb,treeshap,211,0.9453381652474333,0.02301916388719627,0.82
electricity,hgb,treeshap,212,0.8953882429581803,0.03654433574069549,0.72
electricity,hgb,treeshap,213,0.6310767914053514,0.004861699194935176,0.9199999999999999
electricity,hgb,treeshap,214,0.6024234882473788,0.028261032251597706,0.86
electricity,hgb,treeshap,215,0.8342129041195104,0.00398309063745772,0.86
electricity,hgb,treeshap,216,0.8893428409459545,0.01658301211918345,0.7799999999999999
electricity,hgb,treeshap,217,0.9991705160219542,0.009129937236081909,0.8399999999999999
electricity,hgb,treeshap,218,0.9950934394595391,0.00873310511850145,0.9199999999999999
electricity,hgb,treeshap,219,0.9073838789712119,0.0918776426010558,0.7999999999999999
electricity,hgb,treeshap,220,0.8399804989666615,0.003890597748396951,0.9199999999999999
electricity,hgb,treeshap,221,0.9896280070756196,0.02279082459493098,0.8400000000000001
electricity,hgb,treeshap,222,0.7898860953487398,0.008329380992039503,0.7999999999999999
electricity,hgb,treeshap,223,0.9552555792070857,0.012118568395040774,0.8400000000000001
electricity,hgb,treeshap,224,0.6064747314007235,0.011168248080579368,1.0
electricity,hgb,treeshap,225,0.5612955389522226,0.019902573937765844,0.9200000000000002
electricity,hgb,treeshap,226,0.7719988648024632,0.025854613679365812,0.8400000000000001
electricity,hgb,treeshap,227,0.9428473601609934,0.004512499444024876,1.0
electricity,hgb,treeshap,228,0.5779659097346506,0.008442914385934586,0.86
electricity,hgb,treeshap,229,0.9558631563618423,0.004166592291547366,0.7999999999999999
electricity,hgb,treeshap,230,0.9175634352325774,0.02172500573116609,0.86
electricity,hgb,treeshap,231,0.7548553072210659,0.010550512082392105,0.8400000000000001
electricity,hgb,treeshap,232,0.820627465759641,0.00940714845580648,0.9199999999999999
electricity,hgb,treeshap,233,0.8651821489783564,0.007952815337789909,0.86
electricity,hgb,treeshap,234,0.9706945939277875,0.016002131832499322,0.8400000000000001
electricity,hgb,treeshap,235,0.5843677865754808,0.015285564862468348,0.8399999999999999
electricity,hgb,treeshap,236,0.9566083261392981,0.01517914238037077,0.8799999999999999
electricity,hgb,treeshap,237,0.9619733004335533,0.010325221532929474,0.8
electricity,hgb,treeshap,238,0.9771254967390052,0.01974411855572522,0.6599999999999999
electricity,hgb,treeshap,239,0.9794940825301512,0.03216727611624748,0.9200000000000002
electricity,hgb,treeshap,240,0.9219586005651672,0.06182398514276177,0.8400000000000001
electricity,hgb,treeshap,241,0.9750582080844913,0.010854631404714765,0.86
electricity,hgb,treeshap,242,0.9709053770363948,0.015118627573461607,0.86
electricity,hgb,treeshap,243,0.9993416638534887,0.004667989427198038,0.8
electricity,hgb,treeshap,244,0.9574136221058241,0.0017983515391726268,0.9199999999999999
electricity,hgb,treeshap,245,0.8069524673670442,0.010596993177649616,1.0
electricity,hgb,treeshap,246,0.7447563276526299,0.031513388335562054,1.0
electricity,hgb,treeshap,247,0.9346428399484704,0.02840554415142993,0.8399999999999999
electricity,hgb,treeshap,248,0.998484947108541,0.006483376760751058,0.9199999999999999
electricity,hgb,treeshap,249,0.737285999427494,0.018060305774071694,0.86
electricity,hgb,treeshap,250,0.7166553233024604,0.007154178018873636,1.0
electricity,hgb,treeshap,251,0.7015311253415483,0.013605552844578206,0.8400000000000001
electricity,hgb,treeshap,252,0.5852524920139974,0.09200785280927426,0.86
electricity,hgb,treeshap,253,0.8265301581649233,0.02479361446519468,0.8800000000000001
electricity,hgb,treeshap,254,0.92828519857398,0.013532570301976521,0.7999999999999999
electricity,hgb,treeshap,255,0.9774535218614302,0.014631187770565157,0.9199999999999999
electricity,hgb,treeshap,256,0.8693085646228133,0.01060771435750496,1.0
electricity,hgb,treeshap,257,0.9999527709999925,0.00971526136829648,0.7999999999999999
electricity,hgb,treeshap,258,0.9680328890106565,0.004861126058681053,0.8800000000000001
electricity,hgb,treeshap,259,0.9370606780231879,0.01594134402630676,0.82
electricity,hgb,treeshap,260,0.992939099039573,0.016955311960309638,0.9199999999999999
electricity,hgb,treeshap,261,0.9416020622462768,0.08773877012774167,0.8400000000000001
electricity,hgb,treeshap,262,0.8068558712187077,0.09769655354555162,0.76
electricity,hgb,treeshap,263,0.7212848397420555,0.05376217087219215,0.8400000000000001
electricity,hgb,treeshap,264,0.8711443139324395,0.027274970110942376,0.8
electricity,hgb,treeshap,265,0.948803163558015,0.005308770407278174,0.7999999999999999
electricity,hgb,treeshap,266,0.6395702969709157,0.007449127089708241,0.86
electricity,hgb,treeshap,267,0.9825592549610477,0.038002187319505665,0.76
electricity,hgb,treeshap,268,0.997425210331361,0.017560069673624668,0.8800000000000001
electricity,hgb,treeshap,269,0.9133225127121951,0.034374435542940396,1.0
electricity,hgb,treeshap,270,0.8438287450018753,0.00987209819060586,0.8399999999999999
electricity,hgb,treeshap,271,0.9961509943466487,0.016748777594362885,0.8400000000000001
electricity,hgb,treeshap,272,0.8364707789073502,0.005657552580658143,0.86
electricity,hgb,treeshap,273,0.942170901194134,0.02408942793672053,0.82
electricity,hgb,treeshap,274,0.8398294826286705,0.007210897071790123,0.8800000000000001
electricity,hgb,treeshap,275,0.9692331660427611,0.011797076549204144,0.7799999999999999
electricity,hgb,treeshap,276,0.8997054618914442,0.011974645746127166,0.86
electricity,hgb,treeshap,277,0.9751976537693754,0.0017505523487951757,0.7799999999999999
electricity,hgb,treeshap,278,0.9864788936518263,0.002505028482202798,0.7999999999999999
electricity,hgb,treeshap,279,0.785535239147069,0.014489735867501907,0.8399999999999999
electricity,hgb,treeshap,280,0.9971034609402982,0.020082202952081296,0.8400000000000001
electricity,hgb,treeshap,281,0.8607353022029225,0.005426636468910395,0.7999999999999999
electricity,hgb,treeshap,282,0.7434338583542277,0.24655382158644035,0.6799999999999999
electricity,hgb,treeshap,283,0.5717680173148948,0.020893669017693406,0.86
electricity,hgb,treeshap,284,0.6896442581298594,0.256818344983898,0.86
electricity,hgb,treeshap,285,0.7282138649425753,0.02099417613158039,0.8799999999999999
electricity,hgb,treeshap,286,0.9998023542903598,0.004430844013683655,0.9199999999999999
electricity,hgb,treeshap,287,0.960820411465148,0.01949983579899206,0.86
electricity,hgb,treeshap,288,0.9198584422600465,0.01063064575764705,0.8399999999999999
electricity,hgb,treeshap,289,0.7905062555256697,0.01227083265455331,0.8800000000000001
electricity,hgb,treeshap,290,0.6773720859791231,0.008198933958927457,0.8800000000000001
electricity,hgb,treeshap,291,0.9348799112292093,0.017615489323431155,0.76
electricity,hgb,treeshap,292,0.8270443764980607,0.007484361403995776,0.8800000000000001
electricity,hgb,treeshap,293,0.9183869970944201,0.013423365996202863,1.0
electricity,hgb,treeshap,294,0.9536581542304221,0.004637852609103432,0.8399999999999999
electricity,hgb,treeshap,295,0.6057520515239284,0.07466024384475445,0.8399999999999999
electricity,hgb,treeshap,296,0.8410075939121959,0.02081753201233083,0.86
electricity,hgb,treeshap,297,0.5673405985255585,0.008743414856144383,0.8800000000000001
electricity,hgb,treeshap,298,0.8543840683317727,0.01695623827554349,0.86
electricity,hgb,treeshap,299,0.6197088110532768,0.03425976427232802,0.9200000000000002
electricity,hgb,treeshap,300,0.9824383437634534,0.0021095501142790463,0.7199999999999999
electricity,hgb,treeshap,301,0.9907017105080513,0.011985343122889347,0.8800000000000001
electricity,hgb,treeshap,302,0.8680057139125011,0.033865835704843805,0.8399999999999999
electricity,hgb,treeshap,303,0.5807603143901848,0.028293515039546357,0.86
electricity,hgb,treeshap,304,0.9280894158452743,0.027884575448324234,0.82
electricity,hgb,treeshap,305,0.8371886592311133,0.012026208492911472,0.8800000000000001
electricity,hgb,treeshap,306,0.9502235032504103,0.12246935096189715,0.8400000000000001
electricity,hgb,treeshap,307,0.5955643338594074,0.02714213916733821,0.86
electricity,hgb,treeshap,308,0.9798107166721858,0.0296580394206144,1.0
electricity,hgb,treeshap,309,0.6504341808411145,0.07356754584459746,0.8400000000000001
electricity,hgb,treeshap,310,0.8530963320032203,0.12622994779890306,0.72
electricity,hgb,treeshap,311,0.8855040224428865,0.009602574838751154,0.86
electricity,hgb,treeshap,312,0.7265815550026844,0.012950851395873597,0.7999999999999999
electricity,hgb,treeshap,313,0.961047483344063,0.0032663674824334743,0.86
electricity,hgb,treeshap,314,0.9831216754442901,0.014802563487247289,0.8400000000000001
electricity,hgb,treeshap,315,0.8233248955239922,0.023252486710189535,0.7999999999999999
electricity,hgb,treeshap,316,0.736505623104119,0.015023795061040013,0.86
electricity,hgb,treeshap,317,0.8077475737338119,0.019608889119455575,0.8800000000000001
electricity,hgb,treeshap,318,0.9109445578636874,0.010581200546904257,0.86
electricity,hgb,treeshap,319,0.9649274372325671,0.012010353416811448,0.8800000000000001
electricity,hgb,treeshap,320,0.7462730703568868,0.06725401589924274,0.8800000000000001
electricity,hgb,treeshap,321,0.8702793125857484,0.03817068289106518,0.8399999999999999
electricity,hgb,treeshap,322,0.9738953536264452,0.006224519838059828,0.9199999999999999
electricity,hgb,treeshap,323,0.9839858285209448,0.04310517873434594,0.9199999999999999
electricity,hgb,treeshap,324,0.9713250788616827,0.008606888114081945,0.86
electricity,hgb,treeshap,325,0.9519297338731973,0.022070499736640548,0.72
electricity,hgb,treeshap,326,0.6131343206619142,0.017894734934590373,0.86
electricity,hgb,treeshap,327,0.9833195983672651,0.02130829661535716,0.9199999999999999
electricity,hgb,treeshap,328,0.8718837791308017,0.03656381529264208,0.8400000000000001
electricity,hgb,treeshap,329,0.9565961461065668,0.023693784237602933,0.7599999999999999
electricity,hgb,treeshap,330,0.8804257936522244,0.010834596156510279,0.72
electricity,hgb,treeshap,331,0.9979362776242583,0.011380790514698091,0.8800000000000001
electricity,hgb,treeshap,332,0.6758715802573273,0.07335424166724747,0.8399999999999999
electricity,hgb,treeshap,333,0.9795474619742752,0.04386309628620233,0.7999999999999999
electricity,hgb,treeshap,334,0.8708646917632354,0.017305216852623873,0.8399999999999999
electricity,hgb,treeshap,335,0.845244086373324,0.016501758145931023,0.86
electricity,hgb,treeshap,336,0.9493617145670294,0.033215843503737075,0.8400000000000001
electricity,hgb,treeshap,337,0.7357468605170949,0.040089851579075964,0.86
electricity,hgb,treeshap,338,0.8492613131633776,0.004032063041166767,0.9200000000000002
electricity,hgb,treeshap,339,0.9708559116165469,0.0619422473727278,0.74
electricity,hgb,treeshap,340,0.816703929700575,0.02748387384215989,0.8400000000000001
electricity,hgb,treeshap,341,0.9399192318323673,0.18602552544794493,0.7599999999999999
electricity,hgb,treeshap,342,0.9531209839415405,0.01602488938040114,0.7799999999999999
electricity,hgb,treeshap,343,0.7412455074247952,0.020493243358448487,0.8400000000000001
electricity,hgb,treeshap,344,0.9805105972692394,0.02810259455771713,0.8800000000000001
electricity,hgb,treeshap,345,0.9445760906503023,0.0077508124872155415,0.8400000000000001
electricity,hgb,treeshap,346,0.6994560922293575,0.010536758671381596,0.8400000000000001
electricity,hgb,treeshap,347,0.9484615264525871,0.035073519499173145,0.74
electricity,hgb,treeshap,348,0.9462788002591825,0.005037535550190264,0.9199999999999999
electricity,hgb,treeshap,349,0.8000950562193712,0.026651920829070752,0.8399999999999999
electricity,hgb,treeshap,350,0.9898488777390174,0.006757550120554789,0.7999999999999999
electricity,hgb,treeshap,351,0.6530283932189718,0.027356006158642976,0.9199999999999999
electricity,hgb,treeshap,352,0.9476184426720096,0.07561517773564697,0.8400000000000001
electricity,hgb,treeshap,353,0.8500887906328142,0.04823708759015788,0.7599999999999999
electricity,hgb,treeshap,354,0.6369211349451069,0.013899838370369233,1.0
electricity,hgb,treeshap,355,0.985251512627819,0.016866072280750766,0.7799999999999999
electricity,hgb,treeshap,356,0.8563146831814095,0.01228095549544772,0.8800000000000001
electricity,hgb,treeshap,357,0.9667835670610199,0.03569997306847017,0.9199999999999999
electricity,hgb,treeshap,358,0.8095168897214409,0.030229748141082702,0.8799999999999999
electricity,hgb,treeshap,359,0.9873118599853591,0.006079886753072139,0.7999999999999999
electricity,hgb,treeshap,360,0.9981523952389043,0.0057712023558084136,0.8799999999999999
electricity,hgb,treeshap,361,0.8264912324733468,0.035586394524691145,0.9199999999999999
electricity,hgb,treeshap,362,0.9606303126615023,0.015712680685141756,0.8400000000000001
electricity,hgb,treeshap,363,0.6523307302431469,0.07546025961023461,0.7599999999999999
electricity,hgb,treeshap,364,0.5769219169776448,0.016662052744841782,0.86
electricity,hgb,treeshap,365,0.6759766758480275,0.006590404645167469,0.7599999999999999
electricity,hgb,treeshap,366,0.6616335264029545,0.01313635678835856,1.0
electricity,hgb,treeshap,367,0.9462215130940305,0.009145190107634926,0.8800000000000001
electricity,hgb,treeshap,368,0.897160710089153,0.0038905885518275563,0.9199999999999999
electricity,hgb,treeshap,369,0.9630769050689001,0.010785709343443584,0.8399999999999999
electricity,hgb,treeshap,370,0.9964969672981685,0.008258543234113014,0.8400000000000001
electricity,hgb,treeshap,371,0.8219514390197024,0.013744021870829237,0.8
electricity,hgb,treeshap,372,0.8945860717032325,0.015886547604624823,0.8399999999999999
electricity,hgb,treeshap,373,0.98288740733535,0.011137089166651792,0.8399999999999999
electricity,hgb,treeshap,374,0.9921223605703438,0.00654531754517973,0.78
electricity,hgb,treeshap,375,0.7302422072395016,0.017723111758619625,1.0
electricity,hgb,treeshap,376,0.9375961812247793,0.003935481666359819,0.8399999999999999
electricity,hgb,treeshap,377,0.906229819498353,0.02725056870767273,0.9200000000000002
electricity,hgb,treeshap,378,0.8558751662540882,0.009591563247419721,0.8799999999999999
electricity,hgb,treeshap,379,0.6868963890332207,0.1765030159330815,0.9199999999999999
electricity,hgb,treeshap,380,0.8510261918902324,0.09132124922863982,0.9199999999999999
electricity,hgb,treeshap,381,0.9521193779319226,0.025730244333219132,0.76
electricity,hgb,treeshap,382,0.8672385584406811,0.0099589135883964,0.8399999999999999
electricity,hgb,treeshap,383,0.5951409066153341,0.014844509670318806,0.8399999999999999
electricity,hgb,treeshap,384,0.7774138361842402,0.011497369556475512,0.8799999999999999
electricity,hgb,treeshap,385,0.7060282567410475,0.06445466352236906,0.78
electricity,hgb,treeshap,386,0.9851147430634629,0.010251073643317454,0.9199999999999999
electricity,hgb,treeshap,387,0.9072310654465522,0.02106346375820556,0.86
electricity,hgb,treeshap,388,0.8546295530485217,0.006783231667563783,0.7999999999999999
electricity,hgb,treeshap,389,0.7100264449903125,0.007024419161936857,0.72
electricity,hgb,treeshap,390,0.617239250583887,0.05924786930581727,0.9199999999999999
electricity,hgb,treeshap,391,0.6536972045038095,0.06552288391005145,0.76
electricity,hgb,treeshap,392,0.9591960167570072,0.017573127945395783,0.8800000000000001
electricity,hgb,treeshap,393,0.95084990748022,0.008564668836178901,0.9199999999999999
electricity,hgb,treeshap,394,0.6281855901250811,0.004669740772855313,0.8399999999999999
electricity,hgb,treeshap,395,0.8905181293012214,0.014680764802754931,1.0
electricity,hgb,treeshap,396,0.6500777510037041,0.1319804082002929,0.8400000000000001
electricity,hgb,treeshap,397,0.9932361888711464,0.005284254077009498,0.8399999999999999
electricity,hgb,treeshap,398,0.8926455287446615,0.012135128099162396,0.82
electricity,hgb,treeshap,399,0.7868379545311192,0.004744747655349046,0.8800000000000001
electricity,hgb,treeshap,400,0.9351594175672273,0.004208225942379129,0.9199999999999999
electricity,hgb,treeshap,401,0.9670567414811714,0.0029101127309359986,0.9199999999999999
electricity,hgb,treeshap,402,0.9966614351503631,0.0016820659221588041,0.7599999999999999
electricity,hgb,treeshap,403,0.6961231336343429,0.07707817990197674,0.8400000000000001
electricity,hgb,treeshap,404,0.9715680179566035,0.033121160103618985,0.76
electricity,hgb,treeshap,405,0.7473955767228057,0.018581066645743993,0.8400000000000001
electricity,hgb,treeshap,406,0.9604363753404888,0.00773223797139555,0.86
electricity,hgb,treeshap,407,0.7610259651509419,0.07614194082015224,0.86
electricity,hgb,treeshap,408,0.8728066949782309,0.19211247324786884,0.86
electricity,hgb,treeshap,409,0.9501360729431504,0.01120372417387916,0.7399999999999999
electricity,hgb,treeshap,410,0.988336669832919,0.012705543443580103,0.8399999999999999
electricity,hgb,treeshap,411,0.9564962026491294,0.0020545576864556825,1.0
electricity,hgb,treeshap,412,0.6730200702835623,0.03044573932796779,0.7999999999999999
electricity,hgb,treeshap,413,0.7618320303542839,0.3229952941472376,0.8800000000000001
electricity,hgb,treeshap,414,0.9097657314569023,0.013045008108232503,0.74
electricity,hgb,treeshap,415,0.9010871845243045,0.017576779392772912,0.9200000000000002
electricity,hgb,treeshap,416,0.89244287526495,0.18843372832482164,0.86
electricity,hgb,treeshap,417,0.9959693816656484,0.01402549241038309,0.7999999999999999
electricity,hgb,treeshap,418,0.9842198618596949,0.008986799421042191,1.0
electricity,hgb,treeshap,419,0.7649303722626986,0.07227098686673017,0.8400000000000001
electricity,hgb,treeshap,420,0.9370481755269067,0.03859392047036925,0.7999999999999999
electricity,hgb,treeshap,421,0.962209073004955,0.025954433397849308,0.7999999999999999
electricity,hgb,treeshap,422,0.7954669287939482,0.006807572168579079,0.8800000000000001
electricity,hgb,treeshap,423,0.8551488994578513,0.13612888393006006,0.7199999999999999
electricity,hgb,treeshap,424,0.7711574712969049,0.004994780364195761,0.86
electricity,hgb,treeshap,425,0.93577593556815,0.0036968707030189396,0.8399999999999999
electricity,hgb,treeshap,426,0.6918276069309448,0.04882157212753424,0.7000000000000001
electricity,hgb,treeshap,427,0.9866883688095942,0.019409479212238567,0.8399999999999999
electricity,hgb,treeshap,428,0.9939882755197711,0.014247017056859823,0.7799999999999999
electricity,hgb,treeshap,429,0.9858974561267052,0.008457932063577145,0.8799999999999999
electricity,hgb,treeshap,430,0.9631451951179371,0.030622350223554307,0.7999999999999999
electricity,hgb,treeshap,431,0.9950258891731651,0.020170092910678727,0.7199999999999999
electricity,hgb,treeshap,432,0.8367250084472797,0.02510312718537122,0.86
electricity,hgb,treeshap,433,0.9805372020262849,0.03730267119149955,0.9199999999999999
electricity,hgb,treeshap,434,0.9832856493620122,0.007443766918312611,0.86
electricity,hgb,treeshap,435,0.9762115881976511,0.030492934727418985,0.8800000000000001
electricity,hgb,treeshap,436,0.9968379611169823,0.005741229477288501,0.8800000000000001
electricity,hgb,treeshap,437,0.9804085986887067,0.011438397455179605,0.8399999999999999
electricity,hgb,treeshap,438,0.977366419312928,0.005935256413122092,1.0
electricity,hgb,treeshap,439,0.8864578155427442,0.03354711567051005,0.7999999999999999
electricity,hgb,treeshap,440,0.9403931721323314,0.013222085343330692,0.8400000000000001
electricity,hgb,treeshap,441,0.6003347928012424,0.005990178763879639,1.0
electricity,hgb,treeshap,442,0.9779622925335835,0.015391221815094669,0.72
electricity,hgb,treeshap,443,0.7628738244294692,0.01190408583141378,0.86
electricity,hgb,treeshap,444,0.9645299502299061,0.013468827782938675,1.0
electricity,hgb,treeshap,445,0.6626713181150443,0.6423258579583709,0.8400000000000001
electricity,hgb,treeshap,446,0.6708407173413693,0.06656765969124623,0.8400000000000001
electricity,hgb,treeshap,447,0.9902049339157664,0.01269979311826075,0.82
electricity,hgb,treeshap,448,0.9153642133088559,0.002360265656021765,0.8399999999999999
electricity,hgb,treeshap,449,0.9888986684330459,0.013438384888793786,0.8800000000000001
electricity,hgb,treeshap,450,0.9453653229637734,0.013892723002985163,0.7199999999999999
electricity,hgb,treeshap,451,0.9229718867236759,0.019718901328674043,1.0
electricity,hgb,treeshap,452,0.9814295376437107,0.02054144018159776,0.8400000000000001
electricity,hgb,treeshap,453,0.8505452630215045,0.008278317122083267,0.9199999999999999
electricity,hgb,treeshap,454,0.9986564320809841,0.006427505516626852,1.0
electricity,hgb,treeshap,455,0.8266895124973208,0.14401991068290543,0.9199999999999999
electricity,hgb,treeshap,456,0.9972179878464754,0.011232572035829613,0.86
electricity,hgb,treeshap,457,0.6459942802196847,0.012460276641690249,1.0
electricity,hgb,treeshap,458,0.8829894705339015,0.011150545741950957,0.9199999999999999
electricity,hgb,treeshap,459,0.875381353803637,0.02732823987510269,0.8400000000000001
electricity,hgb,treeshap,460,0.9870003434414697,0.04943436308816462,0.86
electricity,hgb,treeshap,461,0.9651619170649577,0.004455025653670175,0.8400000000000001
electricity,hgb,treeshap,462,0.896811760682005,0.02099862449274459,0.8400000000000001
electricity,hgb,treeshap,463,0.8951464984057658,0.016052046334881553,0.86
electricity,hgb,treeshap,464,0.892501166257315,0.034470327629484876,0.8800000000000001
electricity,hgb,treeshap,465,0.9769343990775141,0.01279981688137899,0.8399999999999999
electricity,hgb,treeshap,466,0.6036995958666497,0.039392563911364364,0.9200000000000002
electricity,hgb,treeshap,467,0.7046113876840545,0.04265892665574178,0.8400000000000001
electricity,hgb,treeshap,468,0.9804163624273501,0.018016984638187794,0.8799999999999999
electricity,hgb,treeshap,469,0.7908735727628453,0.01702836663991203,1.0
electricity,hgb,treeshap,470,0.996537171830828,0.02164214932851427,0.8400000000000001
electricity,hgb,treeshap,471,0.9793031713325437,0.007767363675365013,0.86
electricity,hgb,treeshap,472,0.584329611263899,0.01471851900732768,0.9199999999999999
electricity,hgb,treeshap,473,0.665864693624078,0.015163851837926456,0.8400000000000001
electricity,hgb,treeshap,474,0.9478606211934395,0.025072588187883715,0.76
electricity,hgb,treeshap,475,0.5471535994450848,0.010166272249652275,0.82
electricity,hgb,treeshap,476,0.82652561360521,0.042532985957274505,0.8400000000000001
electricity,hgb,treeshap,477,0.6433384571454779,0.014528012435580884,0.9200000000000002
electricity,hgb,treeshap,478,0.7887707936541501,0.007369690666804152,0.8800000000000001
electricity,hgb,treeshap,479,0.9426253147902264,0.0047455422955906545,0.8399999999999999
electricity,hgb,treeshap,480,0.9544018436195335,0.02123987324206167,0.9199999999999999
electricity,hgb,treeshap,481,0.9923550118064188,0.013415638261344953,0.8400000000000001
electricity,hgb,treeshap,482,0.593179638698147,0.008449700296302654,0.7599999999999999
electricity,hgb,treeshap,483,0.9941187556484931,0.007737493566112308,0.86
electricity,hgb,treeshap,484,0.9935933358439684,0.011009184302441355,0.86
electricity,hgb,treeshap,485,0.7227274339273968,0.023760793446248152,0.9199999999999999
electricity,hgb,treeshap,486,0.9661908218058735,0.016030720684704014,0.8800000000000001
electricity,hgb,treeshap,487,0.9830267983714418,0.028603627199284554,0.86
electricity,hgb,treeshap,488,0.8285179270975076,0.01488361457157894,0.8
electricity,hgb,treeshap,489,0.940160323031729,0.002345700199673173,0.9200000000000002
electricity,hgb,treeshap,490,0.5838134896029827,0.012251467558104578,0.86
electricity,hgb,treeshap,491,0.9963835629524503,0.0050313595584249304,0.9199999999999999
electricity,hgb,treeshap,492,0.9371435563125956,0.008290774641066867,0.9199999999999999
electricity,hgb,treeshap,493,0.8928480996908623,0.0712690517095449,0.7999999999999999
electricity,hgb,treeshap,494,0.8795044911918858,0.007921883722571521,0.8400000000000001
electricity,hgb,treeshap,495,0.5941303510892842,0.01437454036788477,0.82
electricity,hgb,treeshap,496,0.6170790114119,0.012777172860780839,0.86
electricity,hgb,treeshap,497,0.9844933902738413,0.009116072417393872,0.7999999999999999
electricity,hgb,treeshap,498,0.9957464650350689,0.00426108658429869,0.86
electricity,hgb,treeshap,499,0.956740495875394,0.007848218754438863,0.8399999999999999
electricity,hgb,lime,0,0.9626850587988235,0.024671963873566405,0.7999999999999999
electricity,hgb,lime,1,0.8321663867780519,0.13914997137091412,0.7599999999999999
electricity,hgb,lime,2,0.9567569281761102,0.021718823746490257,0.72
electricity,hgb,lime,3,0.9398348644569786,0.09536186289606619,0.82
electricity,hgb,lime,4,0.7321243435417609,0.03191238506578564,0.8400000000000001
electricity,hgb,lime,5,0.9474320958264186,0.042815289226515674,0.7999999999999999
electricity,hgb,lime,6,0.7915484454339781,0.030336627416618134,0.8400000000000001
electricity,hgb,lime,7,0.7209122127559123,0.01830634686206023,0.7599999999999999
electricity,hgb,lime,8,0.9883687770835635,0.013238654226722879,0.9199999999999999
electricity,hgb,lime,9,0.5609319048791057,0.06522664347565554,0.7399999999999999
electricity,hgb,lime,10,0.9606278623005954,0.05760133304339621,0.76
electricity,hgb,lime,11,0.9473798721429054,0.08230901515142042,0.7599999999999999
electricity,hgb,lime,12,0.9828640598295111,0.21080480409010993,0.6599999999999999
electricity,hgb,lime,13,0.9904953632259531,0.08259119889951394,0.72
electricity,hgb,lime,14,0.9389801374352291,0.006992410451715392,0.9199999999999999
electricity,hgb,lime,15,0.8058493790791068,0.018011689096202987,0.7599999999999999
electricity,hgb,lime,16,0.754549795103787,0.2354755303988172,0.7599999999999999
electricity,hgb,lime,17,0.9263743886651212,0.025935725940956056,0.6599999999999999
electricity,hgb,lime,18,0.7141050621786904,0.0464587873415514,0.7599999999999999
electricity,hgb,lime,19,0.7008795270520489,0.05942341269862683,0.8399999999999999
electricity,hgb,lime,20,0.9271717924105358,0.15158423756962291,0.7599999999999999
electricity,hgb,lime,21,0.997773438148602,0.010729564132668679,0.8399999999999999
electricity,hgb,lime,22,0.9540357635050531,0.05577726465307453,0.76
electricity,hgb,lime,23,0.9907356747485231,0.09602159900383622,0.7999999999999999
electricity,hgb,lime,24,0.9891089258125947,0.01778677961184949,0.76
electricity,hgb,lime,25,0.8695167566465853,0.07233856807094963,0.8400000000000001
electricity,hgb,lime,26,0.9993693888833333,0.018769555626889867,0.86
electricity,hgb,lime,27,0.7061205137644585,0.04443231304298634,0.7999999999999999
electricity,hgb,lime,28,0.6864157009073837,0.2592708653114948,0.72
electricity,hgb,lime,29,0.9377856006296191,0.015634673218438366,0.7599999999999999
electricity,hgb,lime,30,0.9546491722438004,0.02345698421186493,0.7399999999999999
electricity,hgb,lime,31,0.7355033545685868,0.037050173572882095,0.82
electricity,hgb,lime,32,0.7109277293252305,0.41283215756223013,0.8
electricity,hgb,lime,33,0.8740157280991623,0.048828614697900674,0.7399999999999999
electricity,hgb,lime,34,0.9924378149339436,0.022592465129646855,0.8
electricity,hgb,lime,35,0.8365352504308415,0.08237723249156537,0.9199999999999999
electricity,hgb,lime,36,0.9992257468053036,0.03695625356089971,0.76
electricity,hgb,lime,37,0.8108478813965153,0.013038013331591158,0.8399999999999999
electricity,hgb,lime,38,0.7709648455189989,0.014022570462426387,0.7999999999999999
electricity,hgb,lime,39,0.9927162410395647,0.038139288258305926,0.6799999999999999
electricity,hgb,lime,40,0.9254427591586551,0.1434436885623821,0.72
electricity,hgb,lime,41,0.7253448651184867,0.2500226224420594,0.76
electricity,hgb,lime,42,0.7339932096230275,0.13970546097690273,0.78
electricity,hgb,lime,43,0.9506308327203522,0.04094890692788,0.6799999999999999
electricity,hgb,lime,44,0.6329035001168627,0.00646345833304629,1.0
electricity,hgb,lime,45,0.8180687507340639,0.13815579903335706,0.7399999999999999
electricity,hgb,lime,46,0.9554509385356873,0.07315396110973571,0.7599999999999999
electricity,hgb,lime,47,0.9997553631938629,0.01053548210927302,0.7399999999999999
electricity,hgb,lime,48,0.6594950124632685,0.04821868905229054,0.7799999999999999
electricity,hgb,lime,49,0.98849809272976,0.01622310493142476,0.78
electricity,hgb,lime,50,0.9406090211558723,0.2104318714251645,0.9199999999999999
electricity,hgb,lime,51,0.9814706757031306,0.03929689176809892,0.9200000000000002
electricity,hgb,lime,52,0.5823597994851099,0.044301245701790726,0.7799999999999999
electricity,hgb,lime,53,0.6224432267098443,0.018611772479424582,0.7199999999999999
electricity,hgb,lime,54,0.9779320956305246,0.3019231451054275,0.9200000000000002
electricity,hgb,lime,55,0.7135662475899025,0.019422427831299105,0.72
electricity,hgb,lime,56,0.9446182217768511,0.035946316815431145,0.7999999999999999
electricity,hgb,lime,57,0.9926251631028913,0.0729164765488447,0.9199999999999999
electricity,hgb,lime,58,0.9169104356254095,0.15816982633225662,0.7
electricity,hgb,lime,59,0.6792400036745334,0.06491723700778351,0.7599999999999999
electricity,hgb,lime,60,0.7513364987798958,0.4772965809352736,0.86
electricity,hgb,lime,61,0.993237442202123,0.020492233418399897,0.7799999999999999
electricity,hgb,lime,62,0.9908718419547204,0.020037451066994505,0.86
electricity,hgb,lime,63,0.7293496637923095,0.0391846228097521,0.7799999999999999
electricity,hgb,lime,64,0.6467744031580624,0.014281877793265174,0.7999999999999999
electricity,hgb,lime,65,0.8985082192387163,0.019844773535582005,0.8400000000000001
electricity,hgb,lime,66,0.6691719165774105,0.019850311296908174,0.72
electricity,hgb,lime,67,0.579838141432068,0.026805125496225934,0.7199999999999999
electricity,hgb,lime,68,0.6143512289239247,0.16998791329451657,0.6599999999999999
electricity,hgb,lime,69,0.6032692553543479,0.4682878768757126,0.7599999999999999
electricity,hgb,lime,70,0.8873272040744256,0.05660972293214872,0.72
electricity,hgb,lime,71,0.9995691873829943,0.034503995551186994,0.82
electricity,hgb,lime,72,0.9852176337866808,0.016482149251987877,0.86
electricity,hgb,lime,73,0.765999185403066,0.013583381935740824,0.86
electricity,hgb,lime,74,0.9830674186750225,0.12821668962666488,0.74
electricity,hgb,lime,75,0.8664571801473617,0.03672241665953302,0.6799999999999999
electricity,hgb,lime,76,0.9871840543558239,0.03839193142847164,0.7799999999999999
electricity,hgb,lime,77,0.9382585603389788,0.11909252363972311,0.8400000000000001
electricity,hgb,lime,78,0.778754969428768,0.04652124196305141,0.72
electricity,hgb,lime,79,0.9985730251102604,0.014854152100058249,0.72
electricity,hgb,lime,80,0.8210590943533663,0.00892903382302046,0.9199999999999999
electricity,hgb,lime,81,0.5233668266218331,0.463508603042478,0.7999999999999999
electricity,hgb,lime,82,0.7792452881354104,0.0854686372787391,0.6799999999999999
electricity,hgb,lime,83,0.6565027893349157,0.21909922309305074,0.7399999999999999
electricity,hgb,lime,84,0.9046499281406051,0.05659998767359453,0.7199999999999999
electricity,hgb,lime,85,0.9562493259070889,0.02204779696432857,0.86
electricity,hgb,lime,86,0.9578399173650677,0.03568012862955672,0.7999999999999999
electricity,hgb,lime,87,0.6280067027971656,0.013901352975134507,0.86
electricity,hgb,lime,88,0.7228895816654053,0.09751767320579052,0.7
electricity,hgb,lime,89,0.5763225647260755,0.16127787209587352,0.7
electricity,hgb,lime,90,0.90736602545494,0.015758677946964617,0.8800000000000001
electricity,hgb,lime,91,0.9344103443383263,0.20314880919612988,0.8400000000000001
electricity,hgb,lime,92,0.7253003186501961,0.01580893065660849,1.0
electricity,hgb,lime,93,0.9734699492136487,0.032851346870739206,0.7599999999999999
electricity,hgb,lime,94,0.9761560772470425,0.06295060539181263,0.78
electricity,hgb,lime,95,0.9422021017239306,0.01648235860554903,0.74
electricity,hgb,lime,96,0.9776263390745328,0.08813261930206662,0.9199999999999999
electricity,hgb,lime,97,0.9514312943835879,0.35153992396064404,0.7399999999999999
electricity,hgb,lime,98,0.6361872351249822,0.04671604028337395,0.76
electricity,hgb,lime,99,0.9532337146174038,0.10521199566168993,0.7599999999999999
electricity,mlp,ig,0,0.5822853271256703,0.06239611045940607,0.72
electricity,mlp,ig,1,0.5279123709323705,0.080806169131872,0.8800000000000001
electricity,mlp,ig,2,0.8752208528667291,0.06266559096303725,0.9199999999999999
electricity,mlp,ig,3,0.7540188989493936,0.09505205916198134,0.74
electricity,mlp,ig,4,0.8870985589508285,0.08902568482381312,0.86
electricity,mlp,ig,5,0.6123594382539196,0.15129881329428874,0.86
electricity,mlp,ig,6,0.8420404162506374,0.05606628935747082,0.8799999999999999
electricity,mlp,ig,7,0.6949039344438107,0.05728477197008586,0.9199999999999999
electricity,mlp,ig,8,0.9726388015637824,0.009741656232183926,0.8400000000000001
electricity,mlp,ig,9,0.5631114895995344,0.08471949258917211,0.8800000000000001
electricity,mlp,ig,10,0.8955159035926176,0.03457035932382835,1.0
electricity,mlp,ig,11,0.6986084126417937,0.13786705929326026,0.9199999999999999
electricity,mlp,ig,12,0.7735895960235342,0.024513576040029128,1.0
electricity,mlp,ig,13,0.9484118816962848,0.03052199719216142,0.9199999999999999
electricity,mlp,ig,14,0.7934881126648345,0.030009297720967276,0.8799999999999999
electricity,mlp,ig,15,0.8823275948482869,0.0260422818414886,0.9199999999999999
electricity,mlp,ig,16,0.6872356987132454,0.08673094509699442,0.9199999999999999
electricity,mlp,ig,17,0.9113339013942031,0.14953593581215385,0.7999999999999999
electricity,mlp,ig,18,0.582066984927865,0.11016144704297892,0.72
electricity,mlp,ig,19,0.5855223812264196,0.048519919573164594,1.0
electricity,mlp,ig,20,0.7871798909318384,0.11146603197445992,0.86
electricity,mlp,ig,21,0.9953592811964873,0.006969498734884838,0.8799999999999999
electricity,mlp,ig,22,0.5250795077994239,0.11213307423307017,0.86
electricity,mlp,ig,23,0.972149547827358,0.030206231255984428,0.86
electricity,mlp,ig,24,0.8777912384313897,0.15387899134242422,0.7999999999999999
electricity,mlp,ig,25,0.5276467727066321,0.09146916609777345,0.9200000000000002
electricity,mlp,ig,26,0.9766365607967433,0.059118742146829995,0.7599999999999999
electricity,mlp,ig,27,0.6384289426588696,0.20905506422073894,0.7999999999999999
electricity,mlp,ig,28,0.7615675938737866,0.02861975696274066,0.9199999999999999
electricity,mlp,ig,29,0.7933151768020787,0.024971292884585772,0.8800000000000001
electricity,mlp,ig,30,0.5421141674685496,0.1221964382077132,0.86
electricity,mlp,ig,31,0.5763008377779087,0.0718527062721449,0.8800000000000001
electricity,mlp,ig,32,0.5976702969346468,0.18418599985104278,0.72
electricity,mlp,ig,33,0.8628704066785552,0.04471956360896079,0.86
electricity,mlp,ig,34,0.9703428672108358,0.05867423098409841,0.7399999999999999
electricity,mlp,ig,35,0.653753509466436,0.06447577330772813,0.7599999999999999
electricity,mlp,ig,36,0.9942046172548205,0.02310902652060809,0.7799999999999999
electricity,mlp,ig,37,0.7629955846388344,0.017636685277720887,0.9199999999999999
electricity,mlp,ig,38,0.7349123039796623,0.07702699863485374,1.0
electricity,mlp,ig,39,0.904593836753854,0.05889708518590919,0.8399999999999999
electricity,mlp,ig,40,0.8209970136711601,0.10911235611695091,0.8400000000000001
electricity,mlp,ig,41,0.7172750699342898,0.12746459062679139,0.8799999999999999
electricity,mlp,ig,42,0.6231930111126147,0.1246112635847807,1.0
electricity,mlp,ig,43,0.8365555091527463,0.08638465832508224,0.7599999999999999
electricity,mlp,ig,44,0.6755570303029856,0.025061777959376252,0.8800000000000001
electricity,mlp,ig,45,0.6140202169885123,0.11259941847188437,0.8799999999999999
electricity,mlp,ig,46,0.7001908563381588,0.3070847651881977,0.8400000000000001
electricity,mlp,ig,47,0.9564139808116453,0.07126430385318583,0.86
electricity,mlp,ig,48,0.5706828208923465,0.20970309654280517,0.7799999999999999
electricity,mlp,ig,49,0.9987495975705981,0.00160733107885902,0.86
electricity,mlp,ig,50,0.715237262386926,0.05486838198100341,0.9199999999999999
electricity,mlp,ig,51,0.776222974315885,0.048330601901681924,0.8400000000000001
electricity,mlp,ig,52,0.8195974525046414,0.12100090087714366,1.0
electricity,mlp,ig,53,0.6478976689671017,0.11273026030743538,0.7799999999999999
electricity,mlp,ig,54,0.8566491628154088,0.03369038417004755,0.9199999999999999
electricity,mlp,ig,55,0.6249328822019724,0.11559002841640953,0.8800000000000001
electricity,mlp,ig,56,0.8203113797162711,0.10670418686018801,0.86
electricity,mlp,ig,57,0.8587605713090379,0.07371103264027412,0.86
electricity,mlp,ig,58,0.6038659291916637,0.14683166429436212,0.86
electricity,mlp,ig,59,0.6721598108703131,0.1087432180544623,0.86
electricity,mlp,ig,60,0.5248189162318615,0.023165549960493026,0.86
electricity,mlp,ig,61,0.9421631485750147,0.022873827121131507,0.7399999999999999
electricity,mlp,ig,62,0.9238293504155116,0.048393156808836935,0.7999999999999999
electricity,mlp,ig,63,0.7465257880250091,0.04341703072351244,0.7999999999999999
electricity,mlp,ig,64,0.7096031896315015,0.10393203815566032,0.8400000000000001
electricity,mlp,ig,65,0.7169344044299306,0.017735919708543157,0.86
electricity,mlp,ig,66,0.8849144275264468,0.0049326158251329355,0.8799999999999999
electricity,mlp,ig,67,0.6974468134549662,0.04348844656537998,0.9199999999999999
electricity,mlp,ig,68,0.5685869892013603,0.08567118528043649,0.86
electricity,mlp,ig,69,0.5400541510750365,0.04623103228562786,0.8399999999999999
electricity,mlp,ig,70,0.6336535501861056,0.19702168059709924,0.7599999999999999
electricity,mlp,ig,71,0.9881723492915094,0.01020299178677353,0.9200000000000002
electricity,mlp,ig,72,0.9276905896228793,0.02429991721810798,0.9199999999999999
electricity,mlp,ig,73,0.650318811254865,0.07343063917715875,0.7599999999999999
electricity,mlp,ig,74,0.7163729353425211,0.0484558051573567,0.7999999999999999
electricity,mlp,ig,75,0.6535367464624534,0.11576422953776822,0.8399999999999999
electricity,mlp,ig,76,0.8233629717935068,0.055629540028864666,0.7999999999999999
electricity,mlp,ig,77,0.8643432691222014,0.06388064781348746,0.8800000000000001
electricity,mlp,ig,78,0.571519109267889,0.11564104778934481,0.8400000000000001
electricity,mlp,ig,79,0.8987671413156206,0.020676830472576513,0.86
electricity,mlp,ig,80,0.5979760332950359,0.0795741593279784,0.82
electricity,mlp,ig,81,0.5576964097584163,0.03832633448824829,1.0
electricity,mlp,ig,82,0.5761400974192924,0.07352935339979594,0.86
electricity,mlp,ig,83,0.6164525790268306,0.04242073737498919,0.8400000000000001
electricity,mlp,ig,84,0.5645085455769643,0.1396905545882936,0.8400000000000001
electricity,mlp,ig,85,0.9158331495113472,0.0967159119177623,0.7999999999999999
electricity,mlp,ig,86,0.8194515196016265,0.0971680606383254,0.8400000000000001
electricity,mlp,ig,87,0.6665227517385637,0.020920956714617467,0.8399999999999999
electricity,mlp,ig,88,0.6869827376882851,0.26842831047899585,0.86
electricity,mlp,ig,89,0.5833767021603506,0.04187650576692514,0.8800000000000001
electricity,mlp,ig,90,0.879060118146689,0.0753841672679062,0.7599999999999999
electricity,mlp,ig,91,0.8609679030033505,0.011665161121070744,0.86
electricity,mlp,ig,92,0.7306413334813288,0.007607591437055694,0.8800000000000001
electricity,mlp,ig,93,0.9414988663849997,0.04735315191838885,0.7599999999999999
electricity,mlp,ig,94,0.7958401412605749,0.12724017097504137,0.7999999999999999
electricity,mlp,ig,95,0.7879122419353674,0.10454788623391609,0.7999999999999999
electricity,mlp,ig,96,0.948515451432022,0.026784747747101934,1.0
electricity,mlp,ig,97,0.802606673990716,0.08350168334559283,0.76
electricity,mlp,ig,98,0.6458341629910218,0.08056497418975661,1.0
electricity,mlp,ig,99,0.6050173255882322,0.049329213130927974,1.0
electricity,mlp,ig,100,0.7536947126970235,0.06841998078506839,0.9199999999999999
electricity,mlp,ig,101,0.8863973153056239,0.029897851895709593,1.0
electricity,mlp,ig,102,0.8297409096620265,0.07613210481803312,0.8400000000000001
electricity,mlp,ig,103,0.6706715607680926,0.012021440789439453,1.0
electricity,mlp,ig,104,0.8424055156844442,0.10103064963585895,0.7599999999999999
electricity,mlp,ig,105,0.9591488192519076,0.04195139579848006,0.9199999999999999
electricity,mlp,ig,106,0.92622358916748,0.04968416592300495,0.86
electricity,mlp,ig,107,0.7397527672936566,0.04129652641585524,0.8400000000000001
electricity,mlp,ig,108,0.7075281899885015,0.17711454361012746,0.86
electricity,mlp,ig,109,0.8864209467694684,0.05270717353014687,0.9199999999999999
electricity,mlp,ig,110,0.8656730861898971,0.3126293226971325,0.7599999999999999
electricity,mlp,ig,111,0.5424601984791316,0.01919066085027199,1.0
electricity,mlp,ig,112,0.8006891611347917,0.08085031976221713,0.8400000000000001
electricity,mlp,ig,113,0.5327432843422437,0.05110620836087931,0.86
electricity,mlp,ig,114,0.645718964624135,0.045357890730512884,1.0
electricity,mlp,ig,115,0.7597750238653245,0.03307840456161748,0.9199999999999999
electricity,mlp,ig,116,0.8912370033816321,0.009989748515937591,0.8399999999999999
electricity,mlp,ig,117,0.798611569406577,0.10748424234254694,0.74
electricity,mlp,ig,118,0.8749469272023926,0.0541197532430443,0.7799999999999999
electricity,mlp,ig,119,0.8624587159409571,0.08461026376909453,0.9199999999999999
electricity,mlp,ig,120,0.5818834343865404,0.03000907123047125,0.9200000000000002
electricity,mlp,ig,121,0.8249596047469513,0.04953243223512627,0.8400000000000001
electricity,mlp,ig,122,0.7796872400529048,0.17584625223544603,0.7399999999999999
electricity,mlp,ig,123,0.8343036032596824,0.02709443460310046,1.0
electricity,mlp,ig,124,0.799369769917402,0.03634860490795566,0.7
electricity,mlp,ig,125,0.8468591508480996,0.1499903083248697,0.7799999999999999
electricity,mlp,ig,126,0.712567778553907,0.11799210059448428,0.8399999999999999
electricity,mlp,ig,127,0.9425212910551639,0.06482833616328265,0.7999999999999999
electricity,mlp,ig,128,0.8266979966175297,0.007296881495746144,0.9199999999999999
electricity,mlp,ig,129,0.8431559405869548,0.010485262420693808,0.7599999999999999
electricity,mlp,ig,130,0.8279666759821944,0.02358898022304512,0.9199999999999999
electricity,mlp,ig,131,0.7178661032464551,0.05542065479082903,0.8800000000000001
electricity,mlp,ig,132,0.6938710805342135,0.1393556799295712,0.86
electricity,mlp,ig,133,0.8100342799549123,0.11265421562257516,0.8800000000000001
electricity,mlp,ig,134,0.7863632456298868,0.06363990376421746,0.86
electricity,mlp,ig,135,0.6782314842510268,0.09330186168413623,0.86
electricity,mlp,ig,136,0.9972401230376378,0.01754663231264786,0.72
electricity,mlp,ig,137,0.9344788185704725,0.04421057244706805,0.8400000000000001
electricity,mlp,ig,138,0.7224843603936932,0.07459044725876729,0.8400000000000001
electricity,mlp,ig,139,0.5571679258164469,0.014522437473023175,1.0
electricity,mlp,ig,140,0.9618238291971133,0.059995267932707486,0.7999999999999999
electricity,mlp,ig,141,0.986242739268088,0.03976085665448126,0.7999999999999999
electricity,mlp,ig,142,0.6965868766751512,0.021373287723550738,1.0
electricity,mlp,ig,143,0.8451544523868468,0.09771737174972017,0.7999999999999999
electricity,mlp,ig,144,0.6119554144054185,0.08112821210256327,1.0
electricity,mlp,ig,145,0.7868456167921494,0.28710199941929915,0.7999999999999999
electricity,mlp,ig,146,0.9607371863037988,0.05072159021191358,0.7999999999999999
electricity,mlp,ig,147,0.9638779969950031,0.013314680410299373,0.86
electricity,mlp,ig,148,0.6462410144289897,0.1195637581448944,0.8800000000000001
electricity,mlp,ig,149,0.9679946303287966,0.03781747987946249,0.8400000000000001
electricity,mlp,ig,150,0.8191732652290564,0.017041586691789568,0.8400000000000001
electricity,mlp,ig,151,0.6985615600178707,0.0496201870496602,0.8400000000000001
electricity,mlp,ig,152,0.7862896069998186,0.015403128390254373,1.0
electricity,mlp,ig,153,0.7310521409871871,0.0778375736070902,0.8399999999999999
electricity,mlp,ig,154,0.9801288711039673,0.009483801185404817,0.9199999999999999
electricity,mlp,ig,155,0.5336103410862221,0.057989574569698,0.82
electricity,mlp,ig,156,0.5292663741773833,0.09615473514687012,0.9199999999999999
electricity,mlp,ig,157,0.961331722536553,0.056558306906646094,0.8400000000000001
electricity,mlp,ig,158,0.8488485316433222,0.10372723176203702,0.82
electricity,mlp,ig,159,0.7927399387207745,0.05768250954442011,0.8400000000000001
electricity,mlp,ig,160,0.800831097509717,0.01932610658591416,1.0
electricity,mlp,ig,161,0.9825498635880413,0.0547639329055023,0.74
electricity,mlp,ig,162,0.9798153875829527,0.011908831949683063,0.8399999999999999
electricity,mlp,ig,163,0.6040321738630023,0.23078344138654305,0.86
electricity,mlp,ig,164,0.700226890495968,0.19248349614806304,0.7999999999999999
electricity,mlp,ig,165,0.9061365130334516,0.07424923046335175,0.86
electricity,mlp,ig,166,0.8779632052853703,0.012209118619028514,0.86
electricity,mlp,ig,167,0.8945874102943261,0.04067852905200231,0.9199999999999999
electricity,mlp,ig,168,0.9186421349699374,0.06597206011798828,0.7599999999999999
electricity,mlp,ig,169,0.5850880962448256,0.0642799053556532,0.9199999999999999
electricity,mlp,ig,170,0.539977040915009,0.06042205556765479,0.8400000000000001
electricity,mlp,ig,171,0.9237229906044059,0.04997001929140499,1.0
electricity,mlp,ig,172,0.7188271914554673,0.13258589715909408,0.7199999999999999
electricity,mlp,ig,173,0.9524345611236162,0.038927748395151895,0.8799999999999999
electricity,mlp,ig,174,0.962859609449589,0.013003800513596175,0.86
electricity,mlp,ig,175,0.9579226896127366,0.03373087630327176,0.9199999999999999
electricity,mlp,ig,176,0.5561527616728996,0.3115584482088156,0.86
electricity,mlp,ig,177,0.7762860713842837,0.06207873353428184,0.8799999999999999
electricity,mlp,ig,178,0.9313226328076443,0.1004043148463134,1.0
electricity,mlp,ig,179,0.8731945906426738,0.16088686452312717,0.8399999999999999
electricity,mlp,ig,180,0.9940114178882737,0.004719639481174154,1.0
electricity,mlp,ig,181,0.8957439883829679,0.00911289590800446,0.9199999999999999
electricity,mlp,ig,182,0.8085792712633968,0.14038700338201104,0.6799999999999999
electricity,mlp,ig,183,0.5953939130292294,0.13312325934300961,0.7
electricity,mlp,ig,184,0.7153064981272428,0.16845952095465577,0.9199999999999999
electricity,mlp,ig,185,0.8484488856713501,0.024393030750410327,1.0
electricity,mlp,ig,186,0.8892446614391918,0.03555344632519619,0.86
electricity,mlp,ig,187,0.9612574073988835,0.03499669165778685,0.7799999999999999
electricity,mlp,ig,188,0.817331427969771,0.04970203602997059,1.0
electricity,mlp,ig,189,0.8506776495744264,0.01982734898091576,0.7999999999999999
electricity,mlp,ig,190,0.8306697026736938,0.03191830346230273,0.86
electricity,mlp,ig,191,0.6808289657349998,0.1389724399838883,0.8799999999999999
electricity,mlp,ig,192,0.5784919037722622,0.039863434924709784,1.0
electricity,mlp,ig,193,0.8762837822867088,0.11679487911509001,0.86
electricity,mlp,ig,194,0.7703478718281535,0.11685027530431147,0.6399999999999999
electricity,mlp,ig,195,0.9188691777233995,0.0443019852741694,0.7599999999999999
electricity,mlp,ig,196,0.6745936001253223,0.22553771199075823,0.7999999999999999
electricity,mlp,ig,197,0.7172604539625403,0.20263154302797637,1.0
electricity,mlp,ig,198,0.6593247361375099,0.11675793279276525,0.7799999999999999
electricity,mlp,ig,199,0.6507428110390474,0.18164203882115026,0.72
electricity,mlp,ig,200,0.8365344859984336,0.09617371744434133,0.9200000000000002
electricity,mlp,ig,201,0.9711947283748795,0.03661040529742776,0.8800000000000001
electricity,mlp,ig,202,0.9034556242037979,0.05578784615603849,0.9199999999999999
electricity,mlp,ig,203,0.927201915273564,0.03472541465093926,0.82
electricity,mlp,ig,204,0.6281799222055728,0.24808044277746,0.6799999999999999
electricity,mlp,ig,205,0.5911503786419463,0.013918505905577527,0.9199999999999999
electricity,mlp,ig,206,0.6813353005025065,0.042496785648777013,0.9200000000000002
electricity,mlp,ig,207,0.7829677521020166,0.0568971513201465,0.7399999999999999
electricity,mlp,ig,208,0.6097254339738101,0.266217306353858,0.7799999999999999
electricity,mlp,ig,209,0.6140959409731784,0.045873772724555506,0.86
electricity,mlp,ig,210,0.7154797871865497,0.08178643580280753,0.9199999999999999
electricity,mlp,ig,211,0.8748572368042474,0.0794004140008282,1.0
electricity,mlp,ig,212,0.6622312760601934,0.102276845839395,0.8399999999999999
electricity,mlp,ig,213,0.5973829128788558,0.015629220408939992,1.0
electricity,mlp,ig,214,0.7152628405077107,0.20196668744186463,0.74
electricity,mlp,ig,215,0.6835176418133201,0.03713630169588211,0.8799999999999999
electricity,mlp,ig,216,0.6740464207969017,0.014499013012775785,0.9199999999999999
electricity,mlp,ig,217,0.9772486652823347,0.02870568346710234,0.78
electricity,mlp,ig,218,0.9368066464495914,0.04464578836206079,0.9199999999999999
electricity,mlp,ig,219,0.7413714105421623,0.055378742518822244,0.76
electricity,mlp,ig,220,0.786975145166017,0.010092494767800053,0.8400000000000001
electricity,mlp,ig,221,0.930609569517032,0.03307488431634753,0.76
electricity,mlp,ig,222,0.6512994040157415,0.04387648265808708,0.9199999999999999
electricity,mlp,ig,223,0.9158497147892415,0.01745453766862859,0.86
electricity,mlp,ig,224,0.8321768783709237,0.1978452979036487,0.7
electricity,mlp,ig,225,0.5886342615719379,0.02721422834693854,1.0
electricity,mlp,ig,226,0.5851430413126562,0.08139786965518492,0.9199999999999999
electricity,mlp,ig,227,0.619059169132803,0.03270532824838046,0.9200000000000002
electricity,mlp,ig,228,0.5969669288402036,0.007597660540228923,1.0
electricity,mlp,ig,229,0.9374688320659903,0.010879508491460244,0.8400000000000001
electricity,mlp,ig,230,0.7275776194858884,0.10913263304774556,1.0
electricity,mlp,ig,231,0.5847715871439132,0.05904414377614109,0.8400000000000001
electricity,mlp,ig,232,0.809077733677686,0.04070408059397368,1.0
electricity,mlp,ig,233,0.7547417220521446,0.007325520420929821,0.86
electricity,mlp,ig,234,0.9895977662236562,0.012414054728766999,0.86
electricity,mlp,ig,235,0.5389243553086405,0.03587955143130994,0.8800000000000001
electricity,mlp,ig,236,0.8154719784310688,0.07414809348878326,0.6799999999999999
electricity,mlp,ig,237,0.9226235582838272,0.1144077826325891,0.8400000000000001
electricity,mlp,ig,238,0.7927286984134634,0.04866957456463994,0.86
electricity,mlp,ig,239,0.9306108147728922,0.012886631886124156,1.0
electricity,mlp,ig,240,0.842407624728971,0.040893082873518005,0.86
electricity,mlp,ig,241,0.8887225415914888,0.019131927314468222,0.86
electricity,mlp,ig,242,0.8531526127814587,0.061751258619863414,0.86
electricity,mlp,ig,243,0.9859038125959104,0.03365162411977762,0.86
electricity,mlp,ig,244,0.9158284023577308,0.017356944600554813,1.0
electricity,mlp,ig,245,0.600593886495305,0.01122477732655247,0.9199999999999999
electricity,mlp,ig,246,0.782247884172282,0.051742483109884496,0.86
electricity,mlp,ig,247,0.5898548525005215,0.035051236153734955,0.8799999999999999
electricity,mlp,ig,248,0.9912917185707887,0.07085600733663144,0.86
electricity,mlp,ig,249,0.971198828582019,0.009838710343128554,0.9199999999999999
electricity,mlp,ig,250,0.7900372399706035,0.02147081038307075,0.9199999999999999
electricity,mlp,ig,251,0.5625850229217754,0.04848093956053656,1.0
electricity,mlp,ig,252,0.9196194470509829,0.013559268602950092,1.0
electricity,mlp,ig,253,0.6119308477544282,0.050452196800411686,0.9199999999999999
electricity,mlp,ig,254,0.9406563128523958,0.05460757771349345,0.7799999999999999
electricity,mlp,ig,255,0.8582947049063978,0.10337360008960506,0.7399999999999999
electricity,mlp,ig,256,0.664681301901113,0.04275193907516461,0.8400000000000001
electricity,mlp,ig,257,0.9733258428136354,0.033831370446942066,0.8399999999999999
electricity,mlp,ig,258,0.7732825620897371,0.02932391581486926,0.82
electricity,mlp,ig,259,0.9700646072129946,0.033165683610339,0.72
electricity,mlp,ig,260,0.9055598413950381,0.051740616832088415,0.8400000000000001
electricity,mlp,ig,261,0.8765673144075521,0.03657605322431823,0.9199999999999999
electricity,mlp,ig,262,0.8178211480014571,0.03756339989524626,0.86
electricity,mlp,ig,263,0.5101601679102201,0.5937767449090344,0.86
electricity,mlp,ig,264,0.5162755275899833,0.16155740094611182,0.8799999999999999
electricity,mlp,ig,265,0.9158809074366774,0.01366437709243462,1.0
electricity,mlp,ig,266,0.5313586487515481,0.02037253556281171,0.86
electricity,mlp,ig,267,0.7709036145345474,0.062361821037077325,0.7999999999999999
electricity,mlp,ig,268,0.9651574689343343,0.01656945270180077,1.0
electricity,mlp,ig,269,0.9211782543434586,0.04675487316700777,0.82
electricity,mlp,ig,270,0.7727873305995333,0.06707494997001162,0.9200000000000002
electricity,mlp,ig,271,0.9773626804256192,0.019000967781931832,0.8799999999999999
electricity,mlp,ig,272,0.817168343403812,0.012315086122340113,1.0
electricity,mlp,ig,273,0.9588770234432091,0.01896596534474715,0.9199999999999999
electricity,mlp,ig,274,0.7971580809346185,0.02680834059651116,0.76
electricity,mlp,ig,275,0.8551168938693504,0.056367961950300804,0.8800000000000001
electricity,mlp,ig,276,0.7805868465410647,0.03722298235001098,0.82
electricity,mlp,ig,277,0.841322121429189,0.029494874228738865,0.82
electricity,mlp,ig,278,0.5672755401019931,0.1282194832568443,0.76
electricity,mlp,ig,279,0.6695835913559638,0.05140996675809861,0.8800000000000001
electricity,mlp,ig,280,0.9468205312542421,0.043095851160479315,0.86
electricity,mlp,ig,281,0.7695782004989112,0.010897829767561484,0.8800000000000001
electricity,mlp,ig,282,0.7676170596815677,0.10272830953366052,1.0
electricity,mlp,ig,283,0.532309761485184,0.058515373859574615,0.86
electricity,mlp,ig,284,0.5992166778744885,0.37074153735437176,0.7999999999999999
electricity,mlp,ig,285,0.5544735242195783,0.12270487873331892,0.7799999999999999
electricity,mlp,ig,286,0.9750623937784126,0.04238013554656894,0.7999999999999999
electricity,mlp,ig,287,0.5200724453183858,0.2828421917289987,0.7999999999999999
electricity,mlp,ig,288,0.8575668706080769,0.04662724465779289,0.74
electricity,mlp,ig,289,0.7392799934206986,0.19100867974515234,0.9199999999999999
electricity,mlp,ig,290,0.7575343273528528,0.03886871933503233,0.8800000000000001
electricity,mlp,ig,291,0.8538731814175208,0.06165040617907691,0.6799999999999999
electricity,mlp,ig,292,0.6124811192033954,0.11842601882629222,0.9200000000000002
electricity,mlp,ig,293,0.9046229563562729,0.03156936865420601,0.8399999999999999
electricity,mlp,ig,294,0.6889236386688541,0.09287251621718973,0.76
electricity,mlp,ig,295,0.5442622204442674,0.1365078477854602,0.9200000000000002
electricity,mlp,ig,296,0.8015542888214057,0.12910920552819882,0.7
electricity,mlp,ig,297,0.7363611711770229,0.1999008364898638,0.8400000000000001
electricity,mlp,ig,298,0.5253182346951085,0.03943311618587375,0.86
electricity,mlp,ig,299,0.6906995250187385,0.08030251364401231,0.8399999999999999
electricity,mlp,ig,300,0.9263103166266049,0.014732736782044453,0.8400000000000001
electricity,mlp,ig,301,0.8674227263664896,0.07046594628303393,0.7999999999999999
electricity,mlp,ig,302,0.7775342197925543,0.1328815702717423,0.76
electricity,mlp,ig,303,0.6256736107945915,0.15265444840634823,0.8399999999999999
electricity,mlp,ig,304,0.5346964961343099,0.2802207290975336,0.82
electricity,mlp,ig,305,0.5308472271672763,0.012538338942427396,0.9199999999999999
electricity,mlp,ig,306,0.7786956907818434,0.06277460421295655,0.82
electricity,mlp,ig,307,0.5499099120753103,0.03672097497201321,0.9199999999999999
electricity,mlp,ig,308,0.8991493269631992,0.059219949733241295,0.8400000000000001
electricity,mlp,ig,309,0.5350742920347372,0.10212375464260348,0.8400000000000001
electricity,mlp,ig,310,0.6618881900953255,0.03934401129785792,0.86
electricity,mlp,ig,311,0.523506612374904,0.047954107482855335,0.8400000000000001
electricity,mlp,ig,312,0.539480801112966,0.08386673558112157,0.9200000000000002
electricity,mlp,ig,313,0.7917335466595562,0.026706956636464718,0.8800000000000001
electricity,mlp,ig,314,0.8930091916279903,0.0280585111926015,0.82
electricity,mlp,ig,315,0.7339801068148104,0.09716875120595692,0.8400000000000001
electricity,mlp,ig,316,0.7696642803845972,0.07537471572148602,0.8800000000000001
electricity,mlp,ig,317,0.8054542594477795,0.05063895543771335,0.86
electricity,mlp,ig,318,0.8525100264821207,0.021204617311816443,0.9199999999999999
electricity,mlp,ig,319,0.7578513222125262,0.07796376002013106,0.7999999999999999
electricity,mlp,ig,320,0.8994959566065563,0.04072083854367359,1.0
electricity,mlp,ig,321,0.7804271174145063,0.019689764790608022,1.0
electricity,mlp,ig,322,0.9262863255365996,0.02752994715996271,0.86
electricity,mlp,ig,323,0.912233391969074,0.06801542177619702,0.74
electricity,mlp,ig,324,0.8871373331280779,0.01336526283235917,0.8400000000000001
electricity,mlp,ig,325,0.8283821686285691,0.03641791139494477,0.72
electricity,mlp,ig,326,0.6300576938557825,0.16993979151134508,0.8
electricity,mlp,ig,327,0.9563313679181317,0.055629506322163236,0.86
electricity,mlp,ig,328,0.5646477877616847,0.08693922862572179,0.8800000000000001
electricity,mlp,ig,329,0.7596235836803498,0.05579489879023092,0.8800000000000001
electricity,mlp,ig,330,0.7820034626019776,0.04167412352398314,0.9199999999999999
electricity,mlp,ig,331,0.9794630315527446,0.026480406526862454,0.86
electricity,mlp,ig,332,0.5757611693387388,0.12357220222411647,0.7399999999999999
electricity,mlp,ig,333,0.839121349561202,0.14716088586291354,1.0
electricity,mlp,ig,334,0.8316058007420422,0.02569198039005871,1.0
electricity,mlp,ig,335,0.5460665747530359,0.08088209744345698,0.9199999999999999
electricity,mlp,ig,336,0.8479099203927977,0.07691054606475001,0.8800000000000001
electricity,mlp,ig,337,0.707354218883592,0.0337864308045106,0.86
electricity,mlp,ig,338,0.5455472368776044,0.014310991638329051,1.0
electricity,mlp,ig,339,0.8597474843301572,0.05358302136519666,0.8800000000000001
electricity,mlp,ig,340,0.7020730364605423,0.11477408920605114,0.86
electricity,mlp,ig,341,0.8040513059812051,0.06611305333814,0.7399999999999999
electricity,mlp,ig,342,0.8495013188185092,0.10376776564884849,0.9199999999999999
electricity,mlp,ig,343,0.7887832118200684,0.09139170543353115,0.8399999999999999
electricity,mlp,ig,344,0.9530884194903788,0.04069365192961105,0.8800000000000001
electricity,mlp,ig,345,0.8866837887122465,0.04696941958827039,0.72
electricity,mlp,ig,346,0.8145483187504172,0.024000233395706894,0.8800000000000001
electricity,mlp,ig,347,0.85965689083123,0.027461292145034788,0.8799999999999999
electricity,mlp,ig,348,0.9221052393428041,0.031875966396452404,0.86
electricity,mlp,ig,349,0.6508255460431911,0.01908554636326598,0.9200000000000002
electricity,mlp,ig,350,0.7406597372242072,0.12542693867515842,0.7799999999999999
electricity,mlp,ig,351,0.5358363581199831,0.014563935342332357,1.0
electricity,mlp,ig,352,0.6285985754567517,0.1460146035378107,0.7599999999999999
electricity,mlp,ig,353,0.7618680518182491,0.03231716355250036,0.7999999999999999
electricity,mlp,ig,354,0.5996227197220879,0.017490305210348445,0.8799999999999999
electricity,mlp,ig,355,0.9120040301650029,0.027505807095238977,1.0
electricity,mlp,ig,356,0.7819768824626105,0.053982693535126414,0.86
electricity,mlp,ig,357,0.7373081893941612,0.18961695568203074,0.8400000000000001
electricity,mlp,ig,358,0.7170107132274189,0.19978762719888665,0.8400000000000001
electricity,mlp,ig,359,0.8904492802658222,0.08607693365629498,0.7999999999999999
electricity,mlp,ig,360,0.9676967274066908,0.0451187048387055,0.9199999999999999
electricity,mlp,ig,361,0.6012123583323492,0.023816740848675466,1.0
electricity,mlp,ig,362,0.5873739119035394,0.19943740874866123,0.7599999999999999
electricity,mlp,ig,363,0.7785037447599789,0.023557035233532808,0.9199999999999999
electricity,mlp,ig,364,0.5537577174410037,0.06440599614169285,0.9199999999999999
electricity,mlp,ig,365,0.7191541957918088,0.13052660102970282,0.9199999999999999
electricity,mlp,ig,366,0.5858430502163507,0.09196816159519483,0.9199999999999999
electricity,mlp,ig,367,0.9595416082806467,0.03019238534921931,0.8400000000000001
electricity,mlp,ig,368,0.8400941165634123,0.011223970063821476,1.0
electricity,mlp,ig,369,0.9179435089156561,0.05428576683404329,0.7199999999999999
electricity,mlp,ig,370,0.6329925928403458,0.053256149540364284,0.8799999999999999
electricity,mlp,ig,371,0.5690758346534716,0.144371119111519,0.86
electricity,mlp,ig,372,0.5452917041921964,0.030744003887730242,0.9200000000000002
electricity,mlp,ig,373,0.7099170190980543,0.046064765218393644,0.86
electricity,mlp,ig,374,0.8525269304568297,0.03821479511817716,0.7799999999999999
electricity,mlp,ig,375,0.5349595167701853,0.03726496373989774,0.8800000000000001
electricity,mlp,ig,376,0.835097684549949,0.029503827725580356,0.86
electricity,mlp,ig,377,0.9432433933243665,0.043087961561582566,0.7999999999999999
electricity,mlp,ig,378,0.7662019360853873,0.09949575205633931,0.9199999999999999
electricity,mlp,ig,379,0.5491681473911921,0.19628356426587157,0.7999999999999999
electricity,mlp,ig,380,0.8423013611991896,0.016373303740377154,0.86
electricity,mlp,ig,381,0.5313562917453226,0.08701397322288096,0.8400000000000001
electricity,mlp,ig,382,0.8282234046203387,0.09423173649365335,0.9199999999999999
electricity,mlp,ig,383,0.5680833684262745,0.047501245457375774,1.0
electricity,mlp,ig,384,0.7622136474981963,0.05244474355607598,0.8400000000000001
electricity,mlp,ig,385,0.8050878801951871,0.02878688389856876,0.86
electricity,mlp,ig,386,0.9672059616957747,0.028316015608281675,0.8800000000000001
electricity,mlp,ig,387,0.8273660096394577,0.047441879817739285,0.8799999999999999
electricity,mlp,ig,388,0.7356512280045847,0.0852128421741346,0.86
electricity,mlp,ig,389,0.7950670501967052,0.09112231940288018,0.7599999999999999
electricity,mlp,ig,390,0.6980047326404648,0.10140520769206274,0.8800000000000001
electricity,mlp,ig,391,0.56720346159446,0.13960480195879188,0.7799999999999999
electricity,mlp,ig,392,0.8496227158552676,0.0502349289923234,0.8400000000000001
electricity,mlp,ig,393,0.6924767256512115,0.029208750992181565,0.86
electricity,mlp,ig,394,0.5403453765636087,0.015314385691277188,1.0
electricity,mlp,ig,395,0.539486959480103,0.06486332074126067,0.8400000000000001
electricity,mlp,ig,396,0.8804283579302711,0.06422883127694856,0.9200000000000002
electricity,mlp,ig,397,0.9583265485190404,0.03370870786591185,0.86
electricity,mlp,ig,398,0.8650913552489964,0.07488984151096734,0.8400000000000001
electricity,mlp,ig,399,0.5584221437357938,0.0619748484401359,0.82
electricity,mlp,ig,400,0.8818961917596069,0.03361895477797494,1.0
electricity,mlp,ig,401,0.9308886250596178,0.010866940636422684,1.0
electricity,mlp,ig,402,0.9926204000579373,0.01794199489507664,0.72
electricity,mlp,ig,403,0.6907890396037686,0.2881861675717948,0.76
electricity,mlp,ig,404,0.8977899144604473,0.03751421161949242,0.7999999999999999
electricity,mlp,ig,405,0.8201711080961742,0.06805014408841248,0.7599999999999999
electricity,mlp,ig,406,0.7352435348493364,0.10014593175375475,0.72
electricity,mlp,ig,407,0.6888847258225025,0.06951778046282375,0.8400000000000001
electricity,mlp,ig,408,0.7281661333410723,0.1831114870066648,0.7799999999999999
electricity,mlp,ig,409,0.5576047239675791,0.02954372661595772,0.9199999999999999
electricity,mlp,ig,410,0.9267031164128336,0.07958597165096448,0.78
electricity,mlp,ig,411,0.8829530457703889,0.04116379532786463,0.9199999999999999
electricity,mlp,ig,412,0.5875882709130137,0.12605103887942204,0.86
electricity,mlp,ig,413,0.9315298806202137,0.01449095762366992,0.9200000000000002
electricity,mlp,ig,414,0.5130400112528055,0.3891826615063231,0.9200000000000002
electricity,mlp,ig,415,0.8539473975767635,0.010772516410937905,0.9199999999999999
electricity,mlp,ig,416,0.7296294685904963,0.13120877501588912,0.7399999999999999
electricity,mlp,ig,417,0.939981143945053,0.04813370122617244,0.7599999999999999
electricity,mlp,ig,418,0.9173934448890003,0.04486757939156494,0.8400000000000001
electricity,mlp,ig,419,0.7141785497520732,0.10850408917400478,0.9199999999999999
electricity,mlp,ig,420,0.9672886271919088,0.03539725927897819,0.8799999999999999
electricity,mlp,ig,421,0.8014163749976959,0.08587270691315463,1.0
electricity,mlp,ig,422,0.6950998481381264,0.06934715921642831,0.9200000000000002
electricity,mlp,ig,423,0.8647959514116461,0.017901821130457463,0.8400000000000001
electricity,mlp,ig,424,0.6977962008626717,0.17181940568062293,0.72
electricity,mlp,ig,425,0.88764829087319,0.011811922256150131,1.0
electricity,mlp,ig,426,0.9867783266987438,0.0330254810343904,0.7999999999999999
electricity,mlp,ig,427,0.9550980845313845,0.026986918851408914,0.8800000000000001
electricity,mlp,ig,428,0.9901153026086336,0.01611160912547227,0.82
electricity,mlp,ig,429,0.9488754764722296,0.028643934479123834,0.8800000000000001
electricity,mlp,ig,430,0.742300295947147,0.1898670144054424,0.7999999999999999
electricity,mlp,ig,431,0.9999965577338183,0.0018345304167082244,0.9199999999999999
electricity,mlp,ig,432,0.7204368744375519,0.03211524747540884,0.9199999999999999
electricity,mlp,ig,433,0.9492814113592172,0.059367249400742006,1.0
electricity,mlp,ig,434,0.8205137942848623,0.072552612312488,0.7599999999999999
electricity,mlp,ig,435,0.8631154454173229,0.05626825285874271,0.8799999999999999
electricity,mlp,ig,436,0.9549604975076555,0.04513171261506854,0.7999999999999999
electricity,mlp,ig,437,0.8262734691330647,0.06334808970451411,0.9199999999999999
electricity,mlp,ig,438,0.9202268673574494,0.04713130586912917,0.8400000000000001
electricity,mlp,ig,439,0.5369113552832752,0.42934124013578323,0.8
electricity,mlp,ig,440,0.5642234992366639,0.12144870830571153,0.7399999999999999
electricity,mlp,ig,441,0.7527337725927339,0.02995487691849552,0.8400000000000001
electricity,mlp,ig,442,0.751535857738826,0.18057826067061988,0.8400000000000001
electricity,mlp,ig,443,0.7533727067487213,0.025617650875367715,1.0
electricity,mlp,ig,444,0.7786053944851224,0.07667944290727746,1.0
electricity,mlp,ig,445,0.9362470287883238,0.04026137470864788,0.9199999999999999
electricity,mlp,ig,446,0.8706396138927381,0.057619341172564176,0.78
electricity,mlp,ig,447,0.9479759185768577,0.03929763622204285,0.86
electricity,mlp,ig,448,0.5889261976189071,0.024516060857615818,0.8800000000000001
electricity,mlp,ig,449,0.9733000188221539,0.020719610075841444,0.8799999999999999
electricity,mlp,ig,450,0.8169906922506834,0.02636903390724077,0.9199999999999999
electricity,mlp,ig,451,0.5530559646186785,0.2900126696473051,0.8399999999999999
electricity,mlp,ig,452,0.9270567811353274,0.030497545419737704,0.7799999999999999
electricity,mlp,ig,453,0.7996027625234168,0.05917127070613615,0.8399999999999999
electricity,mlp,ig,454,0.9878040665180381,0.024851013770293973,0.7999999999999999
electricity,mlp,ig,455,0.6302822448471458,0.11570700907708598,0.86
electricity,mlp,ig,456,0.9624280553542255,0.0215712900357794,0.86
electricity,mlp,ig,457,0.6693517793196794,0.0215594551201429,0.9199999999999999
electricity,mlp,ig,458,0.9289587735474898,0.05404785566356041,0.86
electricity,mlp,ig,459,0.7692224851704295,0.04551962133789256,0.8400000000000001
electricity,mlp,ig,460,0.9365885593754552,0.016742537589651496,0.8800000000000001
electricity,mlp,ig,461,0.8705067559764063,0.014098371491904182,0.8799999999999999
electricity,mlp,ig,462,0.550210917726973,0.07938229720627787,0.9199999999999999
electricity,mlp,ig,463,0.8390449802071421,0.02870807239360773,0.9199999999999999
electricity,mlp,ig,464,0.6461613089194045,0.08017868994301602,0.86
electricity,mlp,ig,465,0.8947502516953906,0.06091749624042886,0.8800000000000001
electricity,mlp,ig,466,0.8617869392799833,0.05618584917327829,0.8400000000000001
electricity,mlp,ig,467,0.6190527002346128,0.23779982111620446,0.7
electricity,mlp,ig,468,0.8717954790531861,0.08694303009157878,0.8800000000000001
electricity,mlp,ig,469,0.5405591189409724,0.05243866580228718,0.86
electricity,mlp,ig,470,0.9012813924272723,0.04998830735425164,0.86
electricity,mlp,ig,471,0.9029271364193642,0.015552784184537538,0.82
electricity,mlp,ig,472,0.6288393849215954,0.22149483250908353,0.76
electricity,mlp,ig,473,0.8650736944633677,0.04150072271975491,0.7
electricity,mlp,ig,474,0.7386001846882142,0.08833107141629915,1.0
electricity,mlp,ig,475,0.6849377807380927,0.11868478717894448,0.9199999999999999
electricity,mlp,ig,476,0.7250276057963749,0.1066658195375425,0.8799999999999999
electricity,mlp,ig,477,0.5521674952019604,0.13326600453277115,0.8400000000000001
electricity,mlp,ig,478,0.6482549444441037,0.033591812271574484,0.86
electricity,mlp,ig,479,0.8296716414695776,0.04042740367648212,0.9199999999999999
electricity,mlp,ig,480,0.6906058977973355,0.17024752737642213,0.9200000000000002
electricity,mlp,ig,481,0.9415355925893527,0.042674009278110936,0.8400000000000001
electricity,mlp,ig,482,0.6776547698751647,0.13394117185360754,0.7799999999999999
electricity,mlp,ig,483,0.9463057640517938,0.014105971062108535,1.0
electricity,mlp,ig,484,0.9477535109801156,0.038558672901277014,0.86
electricity,mlp,ig,485,0.806649086581588,0.03530686087197066,0.9199999999999999
electricity,mlp,ig,486,0.701480868219122,0.13456266268681938,0.8400000000000001
electricity,mlp,ig,487,0.9338195090214947,0.02379469696683789,1.0
electricity,mlp,ig,488,0.8716643808986431,0.015226531717827063,0.8400000000000001
electricity,mlp,ig,489,0.8506367015764699,0.016279061320383037,1.0
electricity,mlp,ig,490,0.6638772860979592,0.022808626981180802,0.9199999999999999
electricity,mlp,ig,491,0.9111025211137795,0.03008148528147936,0.9199999999999999
electricity,mlp,ig,492,0.7547736397584115,0.2323914726879942,0.82
electricity,mlp,ig,493,0.7470554345284014,0.13342737265290983,0.74
electricity,mlp,ig,494,0.8691806797515632,0.03578369223045874,1.0
electricity,mlp,ig,495,0.5191203478524027,0.05447477129050393,1.0
electricity,mlp,ig,496,0.7661327139884854,0.06952814621700176,0.82
electricity,mlp,ig,497,0.9688571344120177,0.013081667104546724,0.82
electricity,mlp,ig,498,0.9944794147150313,0.004158848193672737,0.9200000000000002
electricity,mlp,ig,499,0.7985008962116619,0.009163221766501861,0.8800000000000001
electricity,mlp,lime,0,0.5822853271256703,0.0447169798234871,0.78
electricity,mlp,lime,1,0.5279123709323705,0.3204043120479412,0.74
electricity,mlp,lime,2,0.8752208528667291,0.024755339521971065,0.76
electricity,mlp,lime,3,0.7540188989493936,0.2731377853017999,0.7
electricity,mlp,lime,4,0.8870985589508285,0.0364213204179441,0.74
electricity,mlp,lime,5,0.6123594382539196,0.10408477012164641,0.7399999999999999
electricity,mlp,lime,6,0.8420404162506374,0.043812000479834246,0.8400000000000001
electricity,mlp,lime,7,0.6949039344438107,0.039665453984477295,0.86
electricity,mlp,lime,8,0.9726388015637824,0.017406208399748158,0.78
electricity,mlp,lime,9,0.5631114895995344,0.03656075455500274,0.86
electricity,mlp,lime,10,0.8955159035926176,0.0809896206148556,0.78
electricity,mlp,lime,11,0.6986084126417937,0.11458065996158384,0.7199999999999999
electricity,mlp,lime,12,0.7735895960235342,0.4842495011905994,0.6199999999999999
electricity,mlp,lime,13,0.9484118816962848,0.05661488979015117,0.8800000000000001
electricity,mlp,lime,14,0.7934881126648345,0.026575314925815663,0.76
electricity,mlp,lime,15,0.8823275948482869,0.03916358743443238,0.7999999999999999
electricity,mlp,lime,16,0.6872356987132454,0.6254750002260656,0.6399999999999999
electricity,mlp,lime,17,0.9113339013942031,0.0823265334740736,0.8800000000000001
electricity,mlp,lime,18,0.582066984927865,0.05001088224705852,0.6799999999999998
electricity,mlp,lime,19,0.5855223812264196,0.13494952898766976,0.6799999999999999
electricity,mlp,lime,20,0.7871798909318384,0.1885710534508359,0.72
electricity,mlp,lime,21,0.9953592811964873,0.008946266273694214,0.9199999999999999
electricity,mlp,lime,22,0.5250795077994239,0.03638543284147977,0.7399999999999999
electricity,mlp,lime,23,0.972149547827358,0.1047482316991537,0.7799999999999999
electricity,mlp,lime,24,0.8777912384313897,0.036392551547134055,0.7599999999999999
electricity,mlp,lime,25,0.5276467727066321,0.3230688116001281,0.7999999999999999
electricity,mlp,lime,26,0.9766365607967433,0.038685532877009265,0.8399999999999999
electricity,mlp,lime,27,0.6384289426588696,0.08779055516077894,0.8
electricity,mlp,lime,28,0.7615675938737866,0.19797545033417274,0.8399999999999999
electricity,mlp,lime,29,0.7933151768020787,0.04524353729897823,0.8400000000000001
electricity,mlp,lime,30,0.5421141674685496,0.039190924122063486,0.6999999999999998
electricity,mlp,lime,31,0.5763008377779087,0.046472033347678354,0.6799999999999999
electricity,mlp,lime,32,0.5976702969346468,0.5269054264937767,0.7
electricity,mlp,lime,33,0.8628704066785552,0.07191192379751787,0.72
electricity,mlp,lime,34,0.9703428672108358,0.036197141743324446,0.76
electricity,mlp,lime,35,0.653753509466436,0.08015059330625007,0.8400000000000001
electricity,mlp,lime,36,0.9942046172548205,0.06955784032627188,0.7
electricity,mlp,lime,37,0.7629955846388344,0.021597634930844656,0.8
electricity,mlp,lime,38,0.7349123039796623,0.017843738148908272,0.7399999999999999
electricity,mlp,lime,39,0.904593836753854,0.04689914581346666,0.6799999999999999
electricity,mlp,lime,40,0.8209970136711601,0.10670739289871545,0.76
electricity,mlp,lime,41,0.7172750699342898,0.5454265468314821,0.6799999999999999
electricity,mlp,lime,42,0.6231930111126147,0.122310045118595,0.8400000000000001
electricity,mlp,lime,43,0.8365555091527463,0.03937927395870788,0.8799999999999999
electricity,mlp,lime,44,0.6755570303029856,0.012794686765463914,0.8800000000000001
electricity,mlp,lime,45,0.6140202169885123,0.09769086299621565,0.72
electricity,mlp,lime,46,0.7001908563381588,0.06639641419610864,0.6199999999999999
electricity,mlp,lime,47,0.9564139808116453,0.026613993285855786,0.8800000000000001
electricity,mlp,lime,48,0.5706828208923465,0.0988461759760435,0.9199999999999999
electricity,mlp,lime,49,0.9987495975705981,0.013878448121156794,0.7399999999999999
electricity,mlp,lime,50,0.715237262386926,0.4351319824950506,0.72
electricity,mlp,lime,51,0.776222974315885,0.05203288492551439,0.7799999999999999
electricity,mlp,lime,52,0.8195974525046414,0.06573192726416754,0.7999999999999999
electricity,mlp,lime,53,0.6478976689671017,0.027048700947551962,0.8799999999999999
electricity,mlp,lime,54,0.8566491628154088,0.11450444486414679,0.76
electricity,mlp,lime,55,0.6249328822019724,0.040344178611270154,0.74
electricity,mlp,lime,56,0.8203113797162711,0.04755365495316399,0.7599999999999999
electricity,mlp,lime,57,0.8587605713090379,0.08262766891848938,0.74
electricity,mlp,lime,58,0.6038659291916637,0.16208910366100293,0.6799999999999999
electricity,mlp,lime,59,0.6721598108703131,0.08603983267586879,0.7199999999999999
electricity,mlp,lime,60,0.5248189162318615,0.23876810158454076,0.7399999999999999
electricity,mlp,lime,61,0.9421631485750147,0.017006042406614852,0.7999999999999999
electricity,mlp,lime,62,0.9238293504155116,0.019842391222468003,0.9199999999999999
electricity,mlp,lime,63,0.7465257880250091,0.07367980861789647,0.9199999999999999
electricity,mlp,lime,64,0.7096031896315015,0.028180484110634785,0.8400000000000001
electricity,mlp,lime,65,0.7169344044299306,0.00971175965970994,0.7599999999999999
electricity,mlp,lime,66,0.8849144275264468,0.006579079739389093,0.6599999999999999
electricity,mlp,lime,67,0.6974468134549662,0.061166353041312904,0.72
electricity,mlp,lime,68,0.5685869892013603,0.13947251042091668,0.6599999999999999
electricity,mlp,lime,69,0.5400541510750365,0.6597068551649864,0.6799999999999999
electricity,mlp,lime,70,0.6336535501861056,0.0599943416499491,0.7
electricity,mlp,lime,71,0.9881723492915094,0.0360674335101121,0.7999999999999999
electricity,mlp,lime,72,0.9276905896228793,0.015576257165058727,0.7199999999999999
electricity,mlp,lime,73,0.650318811254865,0.018420210644060298,0.86
electricity,mlp,lime,74,0.7163729353425211,0.2088219471541677,0.7
electricity,mlp,lime,75,0.6535367464624534,0.07969099467458596,0.72
electricity,mlp,lime,76,0.8233629717935068,0.042431905050241525,0.8
electricity,mlp,lime,77,0.8643432691222014,0.11899760514745716,0.8400000000000001
electricity,mlp,lime,78,0.571519109267889,0.05066800531191196,0.6799999999999999
electricity,mlp,lime,79,0.8987671413156206,0.03697137214600943,0.7999999999999999
electricity,mlp,lime,80,0.5979760332950359,0.02829101903152298,0.7999999999999999
electricity,mlp,lime,81,0.5576964097584163,0.5166538515927939,0.6599999999999999
electricity,mlp,lime,82,0.5761400974192924,0.14878600759477523,0.7799999999999999
electricity,mlp,lime,83,0.6164525790268306,0.23047959942619167,0.7
electricity,mlp,lime,84,0.5645085455769643,0.04345540720397256,0.76
electricity,mlp,lime,85,0.9158331495113472,0.029620508360580944,0.8799999999999999
electricity,mlp,lime,86,0.8194515196016265,0.04749714435755925,0.74
electricity,mlp,lime,87,0.6665227517385637,0.022074937747475487,0.78
electricity,mlp,lime,88,0.6869827376882851,0.11883064668706977,0.7599999999999999
electricity,mlp,lime,89,0.5833767021603506,0.5842450031221909,0.7
electricity,mlp,lime,90,0.879060118146689,0.025724031461125563,0.8800000000000001
electricity,mlp,lime,91,0.8609679030033505,0.16737195020271733,0.78
electricity,mlp,lime,92,0.7306413334813288,0.015657504308217107,0.78
electricity,mlp,lime,93,0.9414988663849997,0.03808043816626383,0.8400000000000001
electricity,mlp,lime,94,0.7958401412605749,0.1349004405025701,0.6599999999999999
electricity,mlp,lime,95,0.7879122419353674,0.04923024497149964,0.7199999999999999
electricity,mlp,lime,96,0.948515451432022,0.11685962598329103,0.6799999999999999
electricity,mlp,lime,97,0.802606673990716,0.5638032532189328,0.72
electricity,mlp,lime,98,0.6458341629910218,0.13025738959074595,0.7799999999999999
electricity,mlp,lime,99,0.6050173255882322,0.047642737157028714,0.72
electricity,mlp,kshap,0,0.5822853271256703,0.05266304609245154,0.9199999999999999
electricity,mlp,kshap,1,0.5279123709323705,0.04926562476097518,0.8799999999999999
electricity,mlp,kshap,2,0.8752208528667291,0.013486302411433782,0.8399999999999999
electricity,mlp,kshap,3,0.7540188989493936,0.03043223496402858,0.8800000000000001
electricity,mlp,kshap,4,0.8870985589508285,0.010247144237985117,0.8799999999999999
electricity,mlp,kshap,5,0.6123594382539196,0.05834401718765092,0.9199999999999999
electricity,mlp,kshap,6,0.8420404162506374,0.009871819625718148,1.0
electricity,mlp,kshap,7,0.6949039344438107,0.028693039380095597,0.9199999999999999
electricity,mlp,kshap,8,0.9726388015637824,0.0006187945674506201,0.9199999999999999
electricity,mlp,kshap,9,0.5631114895995344,0.0368341835317203,0.9200000000000002
electricity,mlp,kshap,10,0.8955159035926176,0.018392472880072175,1.0
electricity,mlp,kshap,11,0.6986084126417937,0.01854702587842172,0.8799999999999999
electricity,mlp,kshap,12,0.7735895960235342,0.021431008870145263,0.9199999999999999
electricity,mlp,kshap,13,0.9484118816962848,0.0051319694600822086,0.8799999999999999
electricity,mlp,kshap,14,0.7934881126648345,0.00365810496042962,1.0
electricity,mlp,kshap,15,0.8823275948482869,0.01318927601082609,0.86
electricity,mlp,kshap,16,0.6872356987132454,0.05186510856235016,0.8799999999999999
electricity,mlp,kshap,17,0.9113339013942031,0.03193878658852012,0.7399999999999999
electricity,mlp,kshap,18,0.582066984927865,0.009315305611379165,0.9199999999999999
electricity,mlp,kshap,19,0.5855223812264196,0.02706744784278814,0.9199999999999999
electricity,mlp,kshap,20,0.7871798909318384,0.02938919206081292,1.0
electricity,mlp,kshap,21,0.9953592811964873,0.00032048284711971853,0.7999999999999999
electricity,mlp,kshap,22,0.5250795077994239,0.014216803257126598,0.8800000000000001
electricity,mlp,kshap,23,0.972149547827358,0.004643760459005386,0.9199999999999999
electricity,mlp,kshap,24,0.8777912384313897,0.013229993643560478,0.86
electricity,mlp,kshap,25,0.5276467727066321,0.03407512819381309,1.0
electricity,mlp,kshap,26,0.9766365607967433,0.01640161459434586,0.9200000000000002
electricity,mlp,kshap,27,0.6384289426588696,0.04553073859225576,0.7399999999999999
electricity,mlp,kshap,28,0.7615675938737866,0.0165593425845334,1.0
electricity,mlp,kshap,29,0.7933151768020787,0.008319150699973021,0.8799999999999999
electricity,mlp,kshap,30,0.5421141674685496,0.0399758074394837,1.0
electricity,mlp,kshap,31,0.5763008377779087,0.007304942277651549,0.9199999999999999
electricity,mlp,kshap,32,0.5976702969346468,0.05313472938635044,0.9200000000000002
electricity,mlp,kshap,33,0.8628704066785552,0.010034850557337771,1.0
electricity,mlp,kshap,34,0.9703428672108358,0.0032434952498485714,1.0
electricity,mlp,kshap,35,0.653753509466436,0.02731327390486804,0.8400000000000001
electricity,mlp,kshap,36,0.9942046172548205,0.005347153243387304,0.9199999999999999
electricity,mlp,kshap,37,0.7629955846388344,0.0033040911366460923,0.9199999999999999
electricity,mlp,kshap,38,0.7349123039796623,0.00882984165703038,0.8399999999999999
electricity,mlp,kshap,39,0.904593836753854,0.008612770275111759,0.9199999999999999
electricity,mlp,kshap,40,0.8209970136711601,0.0519019188557891,0.7599999999999999
electricity,mlp,kshap,41,0.7172750699342898,0.0521641482973777,0.86
electricity,mlp,kshap,42,0.6231930111126147,0.03831331731892418,0.8800000000000001
electricity,mlp,kshap,43,0.8365555091527463,0.02123832499832423,0.8399999999999999
electricity,mlp,kshap,44,0.6755570303029856,0.003502648933573327,0.8399999999999999
electricity,mlp,kshap,45,0.6140202169885123,0.0354487157665202,0.8399999999999999
electricity,mlp,kshap,46,0.7001908563381588,0.11239843422977636,0.9199999999999999
electricity,mlp,kshap,47,0.9564139808116453,0.0257364685315421,0.74
electricity,mlp,kshap,48,0.5706828208923465,0.04894784656999085,1.0
electricity,mlp,kshap,49,0.9987495975705981,0.00017432302627207186,0.8800000000000001
electricity,mlp,kshap,50,0.715237262386926,0.030136675762342358,0.9200000000000002
electricity,mlp,kshap,51,0.776222974315885,0.012699516087373519,0.9199999999999999
electricity,mlp,kshap,52,0.8195974525046414,0.024122302411828,0.8400000000000001
electricity,mlp,kshap,53,0.6478976689671017,0.024489843851409177,0.9199999999999999
electricity,mlp,kshap,54,0.8566491628154088,0.0062811780470054535,1.0
electricity,mlp,kshap,55,0.6249328822019724,0.045330103294351276,0.7799999999999999
electricity,mlp,kshap,56,0.8203113797162711,0.02910980535487906,1.0
electricity,mlp,kshap,57,0.8587605713090379,0.012478287942078614,0.8400000000000001
electricity,mlp,kshap,58,0.6038659291916637,0.07765169484963708,0.8399999999999999
electricity,mlp,kshap,59,0.6721598108703131,0.029017062769585045,0.9200000000000002
electricity,mlp,kshap,60,0.5248189162318615,0.021023851352116707,0.9199999999999999
electricity,mlp,kshap,61,0.9421631485750147,0.003031806332507103,0.9199999999999999
electricity,mlp,kshap,62,0.9238293504155116,0.016013386300345878,0.7999999999999999
electricity,mlp,kshap,63,0.7465257880250091,0.015732133023506734,0.7999999999999999
electricity,mlp,kshap,64,0.7096031896315015,0.023427876469749087,0.8
electricity,mlp,kshap,65,0.7169344044299306,0.0034475507662360405,0.9199999999999999
electricity,mlp,kshap,66,0.8849144275264468,0.0004787138855089079,0.7999999999999999
electricity,mlp,kshap,67,0.6974468134549662,0.010906490904317279,0.7999999999999999
electricity,mlp,kshap,68,0.5685869892013603,0.028147293169502596,0.9199999999999999
electricity,mlp,kshap,69,0.5400541510750365,0.1259755316314901,0.8400000000000001
electricity,mlp,kshap,70,0.6336535501861056,0.0385975006964937,0.9199999999999999
electricity,mlp,kshap,71,0.9881723492915094,0.0030217464659834103,0.8800000000000001
electricity,mlp,kshap,72,0.9276905896228793,0.0012316984010795062,1.0
electricity,mlp,kshap,73,0.650318811254865,0.0222121352053668,0.7799999999999999
electricity,mlp,kshap,74,0.7163729353425211,0.02462830673672156,0.8400000000000001
electricity,mlp,kshap,75,0.6535367464624534,0.02968434171616907,0.8400000000000001
electricity,mlp,kshap,76,0.8233629717935068,0.012135783492301266,0.9200000000000002
electricity,mlp,kshap,77,0.8643432691222014,0.02465608040096734,0.8400000000000001
electricity,mlp,kshap,78,0.571519109267889,0.0381886869226058,0.9199999999999999
electricity,mlp,kshap,79,0.8987671413156206,0.007210568753794222,0.86
electricity,mlp,kshap,80,0.5979760332950359,0.01618522444173842,1.0
electricity,mlp,kshap,81,0.5576964097584163,0.030440585477903737,1.0
electricity,mlp,kshap,82,0.5761400974192924,0.03677606332532135,0.86
electricity,mlp,kshap,83,0.6164525790268306,0.04441396670865705,0.9199999999999999
electricity,mlp,kshap,84,0.5645085455769643,0.022312934709333376,0.9200000000000002
electricity,mlp,kshap,85,0.9158331495113472,0.022051580382642988,0.86
electricity,mlp,kshap,86,0.8194515196016265,0.013613544243158082,0.8800000000000001
electricity,mlp,kshap,87,0.6665227517385637,0.002830360022048617,0.8400000000000001
electricity,mlp,kshap,88,0.6869827376882851,0.037030811852141854,0.7199999999999999
electricity,mlp,kshap,89,0.5833767021603506,0.024585268779841796,1.0
electricity,mlp,kshap,90,0.879060118146689,0.00806436419113421,0.7799999999999999
electricity,mlp,kshap,91,0.8609679030033505,0.014329798012027384,0.9199999999999999
electricity,mlp,kshap,92,0.7306413334813288,0.0016768422196550281,0.8800000000000001
electricity,mlp,kshap,93,0.9414988663849997,0.019766881408741277,0.7399999999999999
electricity,mlp,kshap,94,0.7958401412605749,0.02574283474840655,0.8399999999999999
electricity,mlp,kshap,95,0.7879122419353674,0.01614380091939971,0.8399999999999999
electricity,mlp,kshap,96,0.948515451432022,0.0034500974235365245,1.0
electricity,mlp,kshap,97,0.802606673990716,0.017996709629465313,0.86
electricity,mlp,kshap,98,0.6458341629910218,0.041391548535846034,0.9199999999999999
electricity,mlp,kshap,99,0.6050173255882322,0.03120133932820013,0.9200000000000002
